ISO-10303-21;
HEADER;
FILE_DESCRIPTION (( 'STEP AP214' ),
    '1' );
FILE_NAME ('BackLid - NoBattery.STEP',
    '2026-09-29T06:43:09',
    ( '' ),
    ( '' ),
    'SwSTEP 2.0',
    'SolidWorks 2026',
    '' );
FILE_SCHEMA (( 'AUTOMOTIVE_DESIGN' ));
ENDSEC;

DATA;
#1 = EDGE_CURVE ( 'NONE', #5573, #1126, #3281, .T. ) ;
#2 = ORIENTED_EDGE ( 'NONE', *, *, #4201, .T. ) ;
#3 = CARTESIAN_POINT ( 'NONE',  ( -12.49999999999988809, -59.05500000000003524, 108.6099999999995731 ) ) ;
#4 = DIRECTION ( 'NONE',  ( -0.000000000000000000, -1.000000000000000000, -0.000000000000000000 ) ) ;
#5 = CARTESIAN_POINT ( 'NONE',  ( -13.37372469124638741, 10.99999999999999822, 43.05123309915101970 ) ) ;
#6 = DIRECTION ( 'NONE',  ( -1.000000000000000000, 0.000000000000000000, 0.000000000000000000 ) ) ;
#7 = VERTEX_POINT ( 'NONE', #230 ) ;
#8 = VECTOR ( 'NONE', #4607, 1000.000000000000000 ) ;
#9 = EDGE_CURVE ( 'NONE', #2675, #3655, #2704, .T. ) ;
#10 = VERTEX_POINT ( 'NONE', #341 ) ;
#11 = DIRECTION ( 'NONE',  ( -0.000000000000000000, 1.000000000000000000, -0.000000000000000000 ) ) ;
#12 = DIRECTION ( 'NONE',  ( 1.324974967330003438E-16, 0.000000000000000000, 1.000000000000000000 ) ) ;
#13 = FACE_OUTER_BOUND ( 'NONE', #5796, .T. ) ;
#14 = ORIENTED_EDGE ( 'NONE', *, *, #1854, .F. ) ;
#15 = EDGE_CURVE ( 'NONE', #5443, #1110, #5723, .T. ) ;
#16 = ORIENTED_EDGE ( 'NONE', *, *, #5003, .T. ) ;
#17 = ADVANCED_FACE ( 'NONE', ( #3406 ), #5185, .F. ) ;
#18 = DIRECTION ( 'NONE',  ( -0.000000000000000000, -1.000000000000000000, -0.000000000000000000 ) ) ;
#19 = CARTESIAN_POINT ( 'NONE',  ( 26.64049541977133728, 22.35000000000000142, 54.55499999999999972 ) ) ;
#20 = ORIENTED_EDGE ( 'NONE', *, *, #4223, .T. ) ;
#21 = ADVANCED_FACE ( 'NONE', ( #5218 ), #4515, .F. ) ;
#22 = CARTESIAN_POINT ( 'NONE',  ( -15.04050172409921515, 13.00000000000000000, 59.78393958836383604 ) ) ;
#23 = FACE_OUTER_BOUND ( 'NONE', #2567, .T. ) ;
#24 = CARTESIAN_POINT ( 'NONE',  ( -12.49999999999999289, -59.05500000000003524, 10.49999999999951683 ) ) ;
#25 = LINE ( 'NONE', #1827, #2447 ) ;
#26 = EDGE_CURVE ( 'NONE', #5073, #344, #1643, .T. ) ;
#27 = CARTESIAN_POINT ( 'NONE',  ( 31.44000000000000128, 19.99999999999999645, 37.05499999999999261 ) ) ;
#28 = EDGE_LOOP ( 'NONE', ( #5365, #1560, #2574, #484 ) ) ;
#29 = EDGE_CURVE ( 'NONE', #205, #4681, #3043, .T. ) ;
#30 = EDGE_LOOP ( 'NONE', ( #3364, #1200, #237, #5106 ) ) ;
#31 = LINE ( 'NONE', #1380, #2251 ) ;
#32 = CARTESIAN_POINT ( 'NONE',  ( 14.50000000000003020, 12.99999999999999645, -63.55500000000004235 ) ) ;
#33 = FACE_OUTER_BOUND ( 'NONE', #3700, .T. ) ;
#34 = CARTESIAN_POINT ( 'NONE',  ( 13.29958940190081051, 10.99999999999999467, 36.16963393480726552 ) ) ;
#35 = CARTESIAN_POINT ( 'NONE',  ( 13.29958940190085848, 10.99999999999999289, -51.94036606519275523 ) ) ;
#36 = VERTEX_POINT ( 'NONE', #4797 ) ;
#37 = ORIENTED_EDGE ( 'NONE', *, *, #2822, .F. ) ;
#38 = EDGE_CURVE ( 'NONE', #4193, #782, #2587, .T. ) ;
#39 = CARTESIAN_POINT ( 'NONE',  ( -12.49999999999988809, -59.05500000000003524, 110.6099999999995447 ) ) ;
#40 = FACE_OUTER_BOUND ( 'NONE', #3241, .T. ) ;
#41 = CARTESIAN_POINT ( 'NONE',  ( 33.38999999999999346, -118.5398205947315660, 103.5948205947321838 ) ) ;
#42 =( BOUNDED_SURFACE ( )  B_SPLINE_SURFACE ( 3, 1, ( 
 ( #829, #2731 ),
 ( #3619, #2603 ),
 ( #4424, #1304 ),
 ( #4517, #2260 ) ),
 .UNSPECIFIED., .F., .F., .T. ) 
 B_SPLINE_SURFACE_WITH_KNOTS ( ( 4, 4 ),
 ( 2, 2 ),
 ( 0.000000000000000000, 1.000000000000000000 ),
 ( 0.000000000000000000, 1.000000000000000000 ),
 .UNSPECIFIED. ) 
 GEOMETRIC_REPRESENTATION_ITEM ( )  RATIONAL_B_SPLINE_SURFACE ( (
 ( 1.000000000000000000, 1.000000000000000000),
 ( 0.3333333333333311499, 0.3333333333333311499),
 ( 0.3333333333333311499, 0.3333333333333311499),
 ( 1.000000000000000000, 1.000000000000000000) ) ) 
 REPRESENTATION_ITEM ( '' )  SURFACE ( )  );
#43 = ORIENTED_EDGE ( 'NONE', *, *, #4568, .F. ) ;
#44 = VERTEX_POINT ( 'NONE', #2955 ) ;
#45 = DIRECTION ( 'NONE',  ( 0.000000000000000000, 1.000000000000000000, 0.000000000000000000 ) ) ;
#46 = DIRECTION ( 'NONE',  ( 0.000000000000000000, 0.7071067811865499042, -0.7071067811865451302 ) ) ;
#47 = AXIS2_PLACEMENT_3D ( 'NONE', #1653, #267, #1177 ) ;
#48 = ORIENTED_EDGE ( 'NONE', *, *, #441, .T. ) ;
#49 = ADVANCED_FACE ( 'NONE', ( #4407 ), #4775, .T. ) ;
#50 = ORIENTED_EDGE ( 'NONE', *, *, #3137, .F. ) ;
#51 = CARTESIAN_POINT ( 'NONE',  ( -13.37372469124646912, 10.99999999999999645, 35.05123309915099128 ) ) ;
#52 = CARTESIAN_POINT ( 'NONE',  ( 35.44000000000000483, 15.00000000000000000, 104.2057839718470120 ) ) ;
#53 = FACE_OUTER_BOUND ( 'NONE', #4970, .T. ) ;
#54 = FACE_OUTER_BOUND ( 'NONE', #405, .T. ) ;
#55 = FACE_OUTER_BOUND ( 'NONE', #4002, .T. ) ;
#56 = EDGE_LOOP ( 'NONE', ( #5083, #2358, #1848, #2624 ) ) ;
#57 = EDGE_CURVE ( 'NONE', #5368, #3727, #699, .T. ) ;
#58 = VERTEX_POINT ( 'NONE', #1113 ) ;
#59 = DIRECTION ( 'NONE',  ( -0.000000000000000000, -1.000000000000000000, -0.000000000000000000 ) ) ;
#60 = LINE ( 'NONE', #996, #4220 ) ;
#61 = DIRECTION ( 'NONE',  ( 0.000000000000000000, 0.000000000000000000, -1.000000000000000000 ) ) ;
#62 = DIRECTION ( 'NONE',  ( 0.000000000000000000, 1.000000000000000000, 0.000000000000000000 ) ) ;
#63 = LINE ( 'NONE', #2723, #4158 ) ;
#64 = VERTEX_POINT ( 'NONE', #754 ) ;
#65 = ORIENTED_EDGE ( 'NONE', *, *, #3600, .F. ) ;
#66 = EDGE_CURVE ( 'NONE', #3054, #2325, #4828, .T. ) ;
#67 = CARTESIAN_POINT ( 'NONE',  ( -35.44000000000000483, 11.00000000000000000, -47.55500000000005656 ) ) ;
#68 = DIRECTION ( 'NONE',  ( 0.000000000000000000, 0.000000000000000000, -1.000000000000000000 ) ) ;
#69 = EDGE_LOOP ( 'NONE', ( #2333, #5457, #1234, #1368 ) ) ;
#70 = EDGE_CURVE ( 'NONE', #3936, #1038, #2482, .T. ) ;
#71 = VECTOR ( 'NONE', #771, 1000.000000000000000 ) ;
#72 = EDGE_LOOP ( 'NONE', ( #1024, #3766, #5055, #5499 ) ) ;
#73 = AXIS2_PLACEMENT_3D ( 'NONE', #2451, #3814, #1021 ) ;
#74 = EDGE_CURVE ( 'NONE', #2503, #5028, #1764, .T. ) ;
#75 = DIRECTION ( 'NONE',  ( -0.000000000000000000, 1.000000000000000000, -0.000000000000000000 ) ) ;
#76 = DIRECTION ( 'NONE',  ( -0.000000000000000000, 0.7071067811865499042, -0.7071067811865451302 ) ) ;
#77 = CARTESIAN_POINT ( 'NONE',  ( 12.76239797598407044, 10.99999999999998934, -49.55500000000002103 ) ) ;
#78 = ORIENTED_EDGE ( 'NONE', *, *, #1088, .F. ) ;
#79 = CONICAL_SURFACE ( 'NONE', #2443, 4.000000000000003553, 0.7853981633974552734 ) ;
#80 = AXIS2_PLACEMENT_3D ( 'NONE', #4443, #2147, #3102 ) ;
#81 = VERTEX_POINT ( 'NONE', #2562 ) ;
#82 = EDGE_CURVE ( 'NONE', #5539, #4208, #3014, .T. ) ;
#83 = CARTESIAN_POINT ( 'NONE',  ( 26.63995126535550284, 12.00000000000005862, -44.55490477169965402 ) ) ;
#84 = AXIS2_PLACEMENT_3D ( 'NONE', #4632, #2899, #4691 ) ;
#85 = AXIS2_PLACEMENT_3D ( 'NONE', #217, #4336, #2017 ) ;
#86 = PLANE ( 'NONE',  #4254 ) ;
#87 = LINE ( 'NONE', #24, #3210 ) ;
#88 = FACE_OUTER_BOUND ( 'NONE', #4908, .T. ) ;
#89 = DIRECTION ( 'NONE',  ( -0.000000000000000000, -1.000000000000000000, -0.000000000000000000 ) ) ;
#90 = EDGE_CURVE ( 'NONE', #3048, #2586, #3942, .T. ) ;
#91 = ORIENTED_EDGE ( 'NONE', *, *, #5811, .T. ) ;
#92 = VECTOR ( 'NONE', #649, 1000.000000000000000 ) ;
#93 = VECTOR ( 'NONE', #100, 1000.000000000000000 ) ;
#94 = VERTEX_POINT ( 'NONE', #2677 ) ;
#95 = CIRCLE ( 'NONE', #1598, 4.000000000000003553 ) ;
#96 = CARTESIAN_POINT ( 'NONE',  ( -12.49999999999987388, 10.99999999999999645, -47.55500000000004235 ) ) ;
#97 = CARTESIAN_POINT ( 'NONE',  ( -15.04050172409921515, 19.50000000000000000, 58.78393958836383604 ) ) ;
#98 = PLANE ( 'NONE',  #4817 ) ;
#99 = CARTESIAN_POINT ( 'NONE',  ( 12.50000000000004086, 10.99999999999999645, 34.55499999999999972 ) ) ;
#100 = DIRECTION ( 'NONE',  ( -0.000000000000000000, 1.000000000000000000, -0.000000000000000000 ) ) ;
#101 = ORIENTED_EDGE ( 'NONE', *, *, #428, .T. ) ;
#102 = VERTEX_POINT ( 'NONE', #2205 ) ;
#103 = PRODUCT_DEFINITION_SHAPE ( 'NONE', 'NONE',  #624 ) ;
#104 = CIRCLE ( 'NONE', #2364, 1.600000000000004086 ) ;
#105 = DIRECTION ( 'NONE',  ( -0.000000000000000000, 1.000000000000000000, -0.000000000000000000 ) ) ;
#106 = VECTOR ( 'NONE', #4963, 1000.000000000000000 ) ;
#107 = FACE_OUTER_BOUND ( 'NONE', #56, .T. ) ;
#108 = EDGE_LOOP ( 'NONE', ( #536, #1866, #4129, #4287 ) ) ;
#109 = ADVANCED_FACE ( 'NONE', ( #3991 ), #2744, .F. ) ;
#110 = VERTEX_POINT ( 'NONE', #5777 ) ;
#111 = CARTESIAN_POINT ( 'NONE',  ( 12.50000000000012434, -59.05500000000003524, 112.6099999999995731 ) ) ;
#112 = LINE ( 'NONE', #4133, #5845 ) ;
#113 = CARTESIAN_POINT ( 'NONE',  ( -21.64049541977133373, 18.00000000000000000, 59.55499999999999972 ) ) ;
#114 = ORIENTED_EDGE ( 'NONE', *, *, #496, .T. ) ;
#115 = EDGE_CURVE ( 'NONE', #2293, #907, #3541, .T. ) ;
#116 = VERTEX_POINT ( 'NONE', #1254 ) ;
#117 = CARTESIAN_POINT ( 'NONE',  ( -13.47403207297533534, 10.99999999999999467, 35.29339448151828407 ) ) ;
#118 = CARTESIAN_POINT ( 'NONE',  ( 22.50000000000001066, 11.49999999999999645, 8.555000000000006821 ) ) ;
#119 = DIRECTION ( 'NONE',  ( 0.000000000000000000, 0.000000000000000000, -1.000000000000000000 ) ) ;
#120 = CARTESIAN_POINT ( 'NONE',  ( 13.37372469124657748, 10.99999999999999822, -56.05123309915108365 ) ) ;
#121 = ORIENTED_EDGE ( 'NONE', *, *, #1473, .F. ) ;
#122 = ORIENTED_EDGE ( 'NONE', *, *, #4466, .T. ) ;
#123 = ADVANCED_FACE ( 'NONE', ( #2301, #1824 ), #1281, .F. ) ;
#124 = FACE_OUTER_BOUND ( 'NONE', #1341, .T. ) ;
#125 = CARTESIAN_POINT ( 'NONE',  ( 12.49999999999999467, 10.99999999999998224, -61.55500000000002814 ) ) ;
#126 = CARTESIAN_POINT ( 'NONE',  ( -26.93999999999999773, -152.0796411894638993, 76.50500000000000966 ) ) ;
#127 = CARTESIAN_POINT ( 'NONE',  ( -31.44000000000000838, 23.00000000000000000, -70.05500000000002103 ) ) ;
#128 = VERTEX_POINT ( 'NONE', #4047 ) ;
#129 = CARTESIAN_POINT ( 'NONE',  ( 21.64049541977133728, 22.35000000000000142, 74.55499999999999261 ) ) ;
#130 = ORIENTED_EDGE ( 'NONE', *, *, #4071, .F. ) ;
#131 = EDGE_CURVE ( 'NONE', #58, #3370, #2235, .T. ) ;
#132 = VERTEX_POINT ( 'NONE', #5359 ) ;
#133 = CARTESIAN_POINT ( 'NONE',  ( -12.49999999999992895, -59.05500000000003524, 106.6099999999995447 ) ) ;
#134 = CARTESIAN_POINT ( 'NONE',  ( -5.268721683069876427, 10.99998800000000010, 71.66791309392607445 ) ) ;
#135 = VERTEX_POINT ( 'NONE', #426 ) ;
#136 = EDGE_CURVE ( 'NONE', #1038, #295, #3155, .T. ) ;
#137 = VERTEX_POINT ( 'NONE', #842 ) ;
#138 = PLANE ( 'NONE',  #3564 ) ;
#139 = ADVANCED_FACE ( 'NONE', ( #2180, #4497, #3128, #4946, #5861, #2650, #462, #2271, #5804, #1765, #4017, #1315, #4473, #4084 ), #400, .F. ) ;
#140 = CARTESIAN_POINT ( 'NONE',  ( -14.49999999999986677, 12.99999999999999822, 42.55499999999999972 ) ) ;
#141 = ORIENTED_EDGE ( 'NONE', *, *, #4557, .F. ) ;
#142 = EDGE_LOOP ( 'NONE', ( #857, #435, #3393, #4888 ) ) ;
#143 = CARTESIAN_POINT ( 'NONE',  ( -13.50000354745524156, 10.99999999999999467, 35.68572377448470689 ) ) ;
#144 = DIRECTION ( 'NONE',  ( 0.000000000000000000, 0.000000000000000000, -1.000000000000000000 ) ) ;
#145 = CARTESIAN_POINT ( 'NONE',  ( -33.39000000000001478, 15.00000000000000000, 23.02499999999999858 ) ) ;
#146 = CARTESIAN_POINT ( 'NONE',  ( -12.49999999999984546, 13.00000000000000000, 42.55499999999999261 ) ) ;
#147 = EDGE_LOOP ( 'NONE', ( #2504, #3141 ) ) ;
#148 = ADVANCED_FACE ( 'NONE', ( #1342 ), #3627, .T. ) ;
#149 = ORIENTED_EDGE ( 'NONE', *, *, #5245, .F. ) ;
#150 = LINE ( 'NONE', #2844, #3007 ) ;
#151 = LINE ( 'NONE', #2371, #3830 ) ;
#152 = CARTESIAN_POINT ( 'NONE',  ( -33.44000000000001194, 11.00000000000000355, 102.7499030347822639 ) ) ;
#153 = CARTESIAN_POINT ( 'NONE',  ( 26.64049541977133728, 19.35000000000000142, 63.55499999999999972 ) ) ;
#154 = FACE_OUTER_BOUND ( 'NONE', #4984, .T. ) ;
#155 = DIRECTION ( 'NONE',  ( 0.000000000000000000, 1.000000000000000000, 0.000000000000000000 ) ) ;
#156 = EDGE_LOOP ( 'NONE', ( #1649, #3890 ) ) ;
#157 = ORIENTED_EDGE ( 'NONE', *, *, #4811, .F. ) ;
#158 = CARTESIAN_POINT ( 'NONE',  ( -14.49999999999992006, 12.99999999999999822, -53.55500000000002814 ) ) ;
#159 = CARTESIAN_POINT ( 'NONE',  ( -12.49999999999986677, 13.00000000000000000, -49.55500000000003524 ) ) ;
#160 = ORIENTED_EDGE ( 'NONE', *, *, #3165, .F. ) ;
#161 = EDGE_CURVE ( 'NONE', #1886, #2306, #894, .T. ) ;
#162 = AXIS2_PLACEMENT_3D ( 'NONE', #3903, #3964, #5666 ) ;
#163 = CARTESIAN_POINT ( 'NONE',  ( 22.50000000000001066, 11.49999999999999645, 8.555000000000006821 ) ) ;
#164 = FACE_OUTER_BOUND ( 'NONE', #2392, .T. ) ;
#165 = CARTESIAN_POINT ( 'NONE',  ( -12.49999999999986144, 10.99999999999999645, 44.55499999999998550 ) ) ;
#166 = ORIENTED_EDGE ( 'NONE', *, *, #2366, .F. ) ;
#167 = ORIENTED_EDGE ( 'NONE', *, *, #5437, .T. ) ;
#168 = CARTESIAN_POINT ( 'NONE',  ( -13.29970886751932646, 10.99999999999999822, -55.94049900087235727 ) ) ;
#169 = AXIS2_PLACEMENT_3D ( 'NONE', #4794, #5719, #3455 ) ;
#170 = CARTESIAN_POINT ( 'NONE',  ( 26.93999999999998352, 13.00000000000001421, -78.55500000000000682 ) ) ;
#171 = CIRCLE ( 'NONE', #5580, 4.500000000000003553 ) ;
#172 = DIRECTION ( 'NONE',  ( 0.000000000000000000, 0.000000000000000000, 1.000000000000000000 ) ) ;
#173 = CARTESIAN_POINT ( 'NONE',  ( 13.02194494116032786, 10.99999999999999822, -57.44727601182007248 ) ) ;
#174 = VERTEX_POINT ( 'NONE', #2708 ) ;
#175 = ADVANCED_FACE ( 'NONE', ( #3183 ), #5001, .F. ) ;
#176 = AXIS2_PLACEMENT_3D ( 'NONE', #3289, #5100, #5213 ) ;
#177 = VERTEX_POINT ( 'NONE', #4558 ) ;
#178 = EDGE_CURVE ( 'NONE', #5567, #102, #3068, .T. ) ;
#179 = CARTESIAN_POINT ( 'NONE',  ( 26.63995126535550284, 11.00000000000000000, -49.55490477169973218 ) ) ;
#180 = DIRECTION ( 'NONE',  ( -0.000000000000000000, -1.000000000000000000, -0.000000000000000000 ) ) ;
#181 = CYLINDRICAL_SURFACE ( 'NONE', #2467, 4.500000000000003553 ) ;
#182 = VECTOR ( 'NONE', #493, 1000.000000000000000 ) ;
#183 = DIRECTION ( 'NONE',  ( 0.000000000000000000, -1.000000000000000000, 0.000000000000000000 ) ) ;
#184 = ORIENTED_EDGE ( 'NONE', *, *, #4833, .F. ) ;
#185 = EDGE_CURVE ( 'NONE', #915, #994, #5749, .T. ) ;
#186 = EDGE_LOOP ( 'NONE', ( #2692, #1455, #2863, #1517 ) ) ;
#187 = VECTOR ( 'NONE', #501, 1000.000000000000000 ) ;
#188 = CARTESIAN_POINT ( 'NONE',  ( -21.64049541977133373, 22.35000000000000142, 59.55499999999999972 ) ) ;
#189 = EDGE_CURVE ( 'NONE', #2786, #3266, #5575, .T. ) ;
#190 = DIRECTION ( 'NONE',  ( 0.000000000000000000, 0.000000000000000000, 1.000000000000000000 ) ) ;
#191 = ORIENTED_EDGE ( 'NONE', *, *, #3921, .T. ) ;
#192 = AXIS2_PLACEMENT_3D ( 'NONE', #1701, #2234, #46 ) ;
#193 = CIRCLE ( 'NONE', #935, 0.9999999999999870104 ) ;
#194 = AXIS2_PLACEMENT_3D ( 'NONE', #4962, #446, #3056 ) ;
#195 = CARTESIAN_POINT ( 'NONE',  ( -22.49999999999998224, 18.00000000000000000, 8.555000000000006821 ) ) ;
#196 = EDGE_CURVE ( 'NONE', #5173, #1418, #1888, .T. ) ;
#197 = DIRECTION ( 'NONE',  ( -1.000000000000000000, 0.000000000000000000, -1.445588219516514461E-15 ) ) ;
#198 = VERTEX_POINT ( 'NONE', #2803 ) ;
#199 = VERTEX_POINT ( 'NONE', #5090 ) ;
#200 = EDGE_CURVE ( 'NONE', #1648, #4411, #4235, .T. ) ;
#201 = PRESENTATION_STYLE_ASSIGNMENT (( #667 ) ) ;
#202 = DIRECTION ( 'NONE',  ( 0.000000000000000000, 0.000000000000000000, 1.000000000000000000 ) ) ;
#203 = DIRECTION ( 'NONE',  ( 0.000000000000000000, 0.7071067811865499042, -0.7071067811865451302 ) ) ;
#204 = DIRECTION ( 'NONE',  ( -0.000000000000000000, -1.000000000000000000, -0.000000000000000000 ) ) ;
#205 = VERTEX_POINT ( 'NONE', #5481 ) ;
#206 = EDGE_CURVE ( 'NONE', #3162, #5808, #4709, .T. ) ;
#207 = ORIENTED_EDGE ( 'NONE', *, *, #3573, .T. ) ;
#208 = CARTESIAN_POINT ( 'NONE',  ( 41.50250000000001194, 15.00000000000000000, 41.50249999999987693 ) ) ;
#209 = CARTESIAN_POINT ( 'NONE',  ( 13.02202945409749013, 10.99999999999999822, 44.44716455368375563 ) ) ;
#210 = LINE ( 'NONE', #2485, #3485 ) ;
#211 = FACE_OUTER_BOUND ( 'NONE', #4795, .T. ) ;
#212 = ADVANCED_FACE ( 'NONE', ( #3314 ), #2514, .F. ) ;
#213 = DIRECTION ( 'NONE',  ( -7.434529182757739478E-16, 0.000000000000000000, 1.000000000000000000 ) ) ;
#214 = VERTEX_POINT ( 'NONE', #4657 ) ;
#215 = ORIENTED_EDGE ( 'NONE', *, *, #1068, .T. ) ;
#216 = FACE_OUTER_BOUND ( 'NONE', #2497, .T. ) ;
#217 = CARTESIAN_POINT ( 'NONE',  ( -22.49999999999998224, 17.00000000000000000, 8.555000000000006821 ) ) ;
#218 = ORIENTED_EDGE ( 'NONE', *, *, #3179, .F. ) ;
#219 = CARTESIAN_POINT ( 'NONE',  ( -22.49999999999999289, 17.00000000000000000, 66.43000000000000682 ) ) ;
#220 = AXIS2_PLACEMENT_3D ( 'NONE', #2634, #1687, #3052 ) ;
#221 = LINE ( 'NONE', #3744, #3408 ) ;
#222 = VERTEX_POINT ( 'NONE', #1915 ) ;
#223 = DIRECTION ( 'NONE',  ( 0.000000000000000000, 0.000000000000000000, -1.000000000000000000 ) ) ;
#224 = VECTOR ( 'NONE', #3612, 1000.000000000000000 ) ;
#225 = DIRECTION ( 'NONE',  ( 0.000000000000000000, 1.000000000000000000, 0.000000000000000000 ) ) ;
#226 = EDGE_CURVE ( 'NONE', #1183, #5073, #3511, .T. ) ;
#227 = DIRECTION ( 'NONE',  ( 0.000000000000000000, -0.7071067811865425767, -0.7071067811865525687 ) ) ;
#228 = LINE ( 'NONE', #1109, #2438 ) ;
#229 = VERTEX_POINT ( 'NONE', #3657 ) ;
#230 = CARTESIAN_POINT ( 'NONE',  ( -15.04050172409921515, 11.00000000000000000, 57.78393958836389288 ) ) ;
#231 = DIRECTION ( 'NONE',  ( 1.000000000000000000, 0.000000000000000000, 0.000000000000000000 ) ) ;
#232 = CARTESIAN_POINT ( 'NONE',  ( 13.37372469124666274, 10.99999999999999645, 44.05876690084897263 ) ) ;
#233 = DIRECTION ( 'NONE',  ( 0.000000000000000000, 0.000000000000000000, 1.000000000000000000 ) ) ;
#234 = CARTESIAN_POINT ( 'NONE',  ( -12.49999999999984546, 10.99999999999999645, 42.55500000000000682 ) ) ;
#235 = CARTESIAN_POINT ( 'NONE',  ( 31.43999999999999417, 22.35000000000000142, 54.55499999999999972 ) ) ;
#236 = VERTEX_POINT ( 'NONE', #3279 ) ;
#237 = ORIENTED_EDGE ( 'NONE', *, *, #3591, .F. ) ;
#238 = CARTESIAN_POINT ( 'NONE',  ( -26.64049541977133728, 33.66370849898476791, 59.55499999999999972 ) ) ;
#239 = LINE ( 'NONE', #4252, #4370 ) ;
#240 = LINE ( 'NONE', #2046, #3205 ) ;
#241 = EDGE_LOOP ( 'NONE', ( #5277, #4900, #3023, #1431 ) ) ;
#242 = VECTOR ( 'NONE', #4612, 1000.000000000000000 ) ;
#243 = CARTESIAN_POINT ( 'NONE',  ( -22.49999999999998224, 17.00000000000000000, 10.68000000000000504 ) ) ;
#244 = EDGE_CURVE ( 'NONE', #3656, #5870, #1531, .T. ) ;
#245 = DIRECTION ( 'NONE',  ( -1.000000000000000000, 0.000000000000000000, 0.000000000000000000 ) ) ;
#246 = ORIENTED_EDGE ( 'NONE', *, *, #424, .F. ) ;
#247 = AXIS2_PLACEMENT_3D ( 'NONE', #3949, #1303, #3503 ) ;
#248 = EDGE_CURVE ( 'NONE', #301, #1239, #1385, .T. ) ;
#249 = LINE ( 'NONE', #2498, #4804 ) ;
#250 = CARTESIAN_POINT ( 'NONE',  ( -26.93999999999999773, 14.99999999999998579, 76.50500000000000966 ) ) ;
#251 = CARTESIAN_POINT ( 'NONE',  ( -12.76239797598382353, 10.99999999999999467, -47.55500000000004235 ) ) ;
#252 = CARTESIAN_POINT ( 'NONE',  ( 2.749771129515610646, 23.00000000000000000, 70.45373526184702939 ) ) ;
#253 = EDGE_CURVE ( 'NONE', #3720, #4301, #1441, .T. ) ;
#254 = CARTESIAN_POINT ( 'NONE',  ( 26.93999999999998352, 13.00000000000000000, -70.05500000000000682 ) ) ;
#255 = ORIENTED_EDGE ( 'NONE', *, *, #496, .F. ) ;
#256 = AXIS2_PLACEMENT_3D ( 'NONE', #5601, #4195, #4132 ) ;
#257 = DIRECTION ( 'NONE',  ( 0.000000000000000000, 1.000000000000000000, 0.000000000000000000 ) ) ;
#258 = DIRECTION ( 'NONE',  ( 0.000000000000000000, 0.000000000000000000, -1.000000000000000000 ) ) ;
#259 = CARTESIAN_POINT ( 'NONE',  ( -31.44000000000000838, 19.99999999999999645, 23.02500000000000213 ) ) ;
#260 = LINE ( 'NONE', #293, #1204 ) ;
#261 = DIRECTION ( 'NONE',  ( -1.445588219516514461E-15, 0.000000000000000000, -1.000000000000000000 ) ) ;
#262 = ORIENTED_EDGE ( 'NONE', *, *, #3504, .T. ) ;
#263 = CIRCLE ( 'NONE', #549, 4.999999999999997335 ) ;
#264 = ORIENTED_EDGE ( 'NONE', *, *, #1179, .F. ) ;
#265 = AXIS2_PLACEMENT_3D ( 'NONE', #4274, #998, #2935 ) ;
#266 = DIRECTION ( 'NONE',  ( 0.000000000000000000, -1.000000000000000000, 0.000000000000000000 ) ) ;
#267 = DIRECTION ( 'NONE',  ( 0.000000000000000000, -1.000000000000000000, 0.000000000000000000 ) ) ;
#268 = DIRECTION ( 'NONE',  ( -0.000000000000000000, 0.7071067811865499042, -0.7071067811865451302 ) ) ;
#269 = VECTOR ( 'NONE', #4823, 1000.000000000000000 ) ;
#270 = PLANE ( 'NONE',  #1780 ) ;
#271 = PLANE ( 'NONE',  #1688 ) ;
#272 = ORIENTED_EDGE ( 'NONE', *, *, #4639, .F. ) ;
#273 = AXIS2_PLACEMENT_3D ( 'NONE', #1082, #2898, #2423 ) ;
#274 = CARTESIAN_POINT ( 'NONE',  ( 10.00000000000000355, 23.00000000000000000, 71.55499999999993577 ) ) ;
#275 = DIRECTION ( 'NONE',  ( -0.000000000000000000, 1.000000000000000000, -0.000000000000000000 ) ) ;
#276 = AXIS2_PLACEMENT_3D ( 'NONE', #5655, #3392, #4652 ) ;
#277 = CARTESIAN_POINT ( 'NONE',  ( 10.00000000000000355, 23.00000000000000000, 71.55499999999993577 ) ) ;
#278 = ORIENTED_EDGE ( 'NONE', *, *, #5257, .T. ) ;
#279 = EDGE_CURVE ( 'NONE', #2752, #2961, #986, .T. ) ;
#280 = MANIFOLD_SOLID_BREP ( 'Fase15', #1858 ) ;
#281 = AXIS2_PLACEMENT_3D ( 'NONE', #5848, #5793, #791 ) ;
#282 =( NAMED_UNIT ( * ) SI_UNIT ( $, .STERADIAN. ) SOLID_ANGLE_UNIT ( ) );
#283 = CARTESIAN_POINT ( 'NONE',  ( -22.49999999999999289, 11.49999999999999645, 66.43000000000000682 ) ) ;
#284 = CARTESIAN_POINT ( 'NONE',  ( -13.29970886751924652, 10.99999999999999467, -47.94049900087232885 ) ) ;
#285 = EDGE_CURVE ( 'NONE', #3054, #2580, #1484, .T. ) ;
#286 = CARTESIAN_POINT ( 'NONE',  ( -2.749771129515628409, 13.00000000000000000, 73.60373526184702087 ) ) ;
#287 = AXIS2_PLACEMENT_3D ( 'NONE', #2663, #3587, #3552 ) ;
#288 = CARTESIAN_POINT ( 'NONE',  ( 26.63995126535550284, 12.00000000000005862, -44.55490477169965402 ) ) ;
#289 = ORIENTED_EDGE ( 'NONE', *, *, #131, .F. ) ;
#290 = ORIENTED_EDGE ( 'NONE', *, *, #5148, .F. ) ;
#291 = LINE ( 'NONE', #1644, #734 ) ;
#292 = CARTESIAN_POINT ( 'NONE',  ( -22.49999999999998224, 11.49999999999999645, 8.555000000000006821 ) ) ;
#293 = CARTESIAN_POINT ( 'NONE',  ( -33.44000000000001194, 11.00000000000000000, -70.05500000000002103 ) ) ;
#294 = CARTESIAN_POINT ( 'NONE',  ( -22.49999999999998224, 13.00000000000000000, 8.555000000000006821 ) ) ;
#295 = VERTEX_POINT ( 'NONE', #2083 ) ;
#296 = ORIENTED_EDGE ( 'NONE', *, *, #5245, .T. ) ;
#297 = ADVANCED_FACE ( 'NONE', ( #5715 ), #3396, .F. ) ;
#298 = CYLINDRICAL_SURFACE ( 'NONE', #2146, 4.000000000000003553 ) ;
#299 = DIRECTION ( 'NONE',  ( 0.000000000000000000, 0.000000000000000000, -1.000000000000000000 ) ) ;
#300 = ADVANCED_FACE ( 'NONE', ( #1185 ), #2238, .F. ) ;
#301 = VERTEX_POINT ( 'NONE', #3005 ) ;
#302 = ORIENTED_EDGE ( 'NONE', *, *, #3407, .T. ) ;
#303 = FACE_OUTER_BOUND ( 'NONE', #3476, .T. ) ;
#304 = DIRECTION ( 'NONE',  ( 0.000000000000000000, 1.000000000000000000, -0.000000000000000000 ) ) ;
#305 = VECTOR ( 'NONE', #3497, 1000.000000000000000 ) ;
#306 = ORIENTED_EDGE ( 'NONE', *, *, #4855, .F. ) ;
#307 = EDGE_CURVE ( 'NONE', #5538, #3263, #1664, .T. ) ;
#308 = DIRECTION ( 'NONE',  ( 0.000000000000000000, 0.000000000000000000, -1.000000000000000000 ) ) ;
#309 = DIRECTION ( 'NONE',  ( 0.000000000000000000, -1.000000000000000000, 0.000000000000000000 ) ) ;
#310 = CARTESIAN_POINT ( 'NONE',  ( -31.44000000000000838, 23.00000000000000000, -70.05500000000002103 ) ) ;
#311 = DIRECTION ( 'NONE',  ( -0.000000000000000000, 0.000000000000000000, 1.000000000000000000 ) ) ;
#312 = DIRECTION ( 'NONE',  ( -8.833166448866688765E-17, 0.000000000000000000, -1.000000000000000000 ) ) ;
#313 = ORIENTED_EDGE ( 'NONE', *, *, #5568, .F. ) ;
#314 = ADVANCED_FACE ( 'NONE', ( #2025 ), #747, .T. ) ;
#315 = CARTESIAN_POINT ( 'NONE',  ( 15.04050172409921515, 11.00000000000000000, 59.78393958836383604 ) ) ;
#316 = FACE_OUTER_BOUND ( 'NONE', #753, .T. ) ;
#317 = CARTESIAN_POINT ( 'NONE',  ( -35.44000000000001194, 15.00000000000000000, 104.2057839718470120 ) ) ;
#318 = FACE_OUTER_BOUND ( 'NONE', #741, .T. ) ;
#319 = EDGE_CURVE ( 'NONE', #2407, #5183, #3924, .T. ) ;
#320 = FACE_OUTER_BOUND ( 'NONE', #1947, .T. ) ;
#321 = VERTEX_POINT ( 'NONE', #5295 ) ;
#322 = ORIENTED_EDGE ( 'NONE', *, *, #3889, .F. ) ;
#323 = CARTESIAN_POINT ( 'NONE',  ( 33.38999999999999346, -152.0796411894638993, 70.05500000000000682 ) ) ;
#324 = DIRECTION ( 'NONE',  ( -0.000000000000000000, -1.000000000000000000, -0.000000000000000000 ) ) ;
#325 = SHAPE_DEFINITION_REPRESENTATION ( #103, #4077 ) ;
#326 = CARTESIAN_POINT ( 'NONE',  ( 26.63995126535550284, 19.35000000000000142, -46.15490477169966255 ) ) ;
#327 = ORIENTED_EDGE ( 'NONE', *, *, #778, .F. ) ;
#328 = EDGE_LOOP ( 'NONE', ( #4270, #973 ) ) ;
#329 = FACE_OUTER_BOUND ( 'NONE', #5480, .T. ) ;
#330 = EDGE_CURVE ( 'NONE', #4301, #4595, #4849, .T. ) ;
#331 = VERTEX_POINT ( 'NONE', #3868 ) ;
#332 = EDGE_LOOP ( 'NONE', ( #5638, #5077, #824, #4636 ) ) ;
#333 = LINE ( 'NONE', #2136, #1772 ) ;
#334 = LINE ( 'NONE', #798, #2722 ) ;
#335 = LINE ( 'NONE', #4013, #5116 ) ;
#336 = CIRCLE ( 'NONE', #4610, 6.449999999999997513 ) ;
#337 = PLANE ( 'NONE',  #3110 ) ;
#338 = CARTESIAN_POINT ( 'NONE',  ( -26.64049541977133728, 22.35000000000000142, 54.55499999999999972 ) ) ;
#339 = ORIENTED_EDGE ( 'NONE', *, *, #4228, .F. ) ;
#340 = AXIS2_PLACEMENT_3D ( 'NONE', #4883, #375, #3604 ) ;
#341 = CARTESIAN_POINT ( 'NONE',  ( 22.50000000000001066, 17.00000000000000000, 6.430000000000007709 ) ) ;
#342 = FACE_OUTER_BOUND ( 'NONE', #4939, .T. ) ;
#343 = DIRECTION ( 'NONE',  ( -2.312964634635742957E-16, 0.000000000000000000, 1.000000000000000000 ) ) ;
#344 = VERTEX_POINT ( 'NONE', #2446 ) ;
#345 = DIRECTION ( 'NONE',  ( 0.000000000000000000, 1.000000000000000000, 0.000000000000000000 ) ) ;
#346 = ORIENTED_EDGE ( 'NONE', *, *, #2179, .T. ) ;
#347 = VECTOR ( 'NONE', #4876, 1000.000000000000000 ) ;
#348 = EDGE_CURVE ( 'NONE', #3034, #5808, #249, .T. ) ;
#349 = EDGE_LOOP ( 'NONE', ( #2895, #5150, #5501, #1849 ) ) ;
#350 = AXIS2_PLACEMENT_3D ( 'NONE', #4801, #1742, #2986 ) ;
#351 = ADVANCED_FACE ( 'NONE', ( #1615 ), #2000, .F. ) ;
#352 = DIRECTION ( 'NONE',  ( 0.000000000000000000, 1.000000000000000000, 0.000000000000000000 ) ) ;
#353 = LINE ( 'NONE', #3586, #305 ) ;
#354 = AXIS2_PLACEMENT_3D ( 'NONE', #3940, #266, #3977 ) ;
#355 = EDGE_CURVE ( 'NONE', #1994, #4031, #3366, .T. ) ;
#356 = CARTESIAN_POINT ( 'NONE',  ( -15.04050172409921515, 11.00000000000000000, 61.78393958836378630 ) ) ;
#357 = ORIENTED_EDGE ( 'NONE', *, *, #5797, .T. ) ;
#358 = ORIENTED_EDGE ( 'NONE', *, *, #2394, .T. ) ;
#359 = VECTOR ( 'NONE', #1478, 1000.000000000000000 ) ;
#360 = VECTOR ( 'NONE', #5074, 1000.000000000000000 ) ;
#361 = CARTESIAN_POINT ( 'NONE',  ( -26.63995126535550284, 0.000000000000000000, -44.55490477169965402 ) ) ;
#362 = CARTESIAN_POINT ( 'NONE',  ( 15.04050172409921515, 11.00000000000000000, 59.78393958836383604 ) ) ;
#363 = ORIENTED_EDGE ( 'NONE', *, *, #1725, .F. ) ;
#364 = VECTOR ( 'NONE', #970, 1000.000000000000000 ) ;
#365 = CIRCLE ( 'NONE', #3015, 2.125000000000001776 ) ;
#366 = ORIENTED_EDGE ( 'NONE', *, *, #1766, .F. ) ;
#367 = CARTESIAN_POINT ( 'NONE',  ( 21.64049541977133728, 18.00000000000000000, 64.13784572642452986 ) ) ;
#368 = VECTOR ( 'NONE', #3130, 1000.000000000000000 ) ;
#369 = LINE ( 'NONE', #2175, #841 ) ;
#370 = CARTESIAN_POINT ( 'NONE',  ( -26.63995126535550284, 19.35000000000000142, -46.15490477169966255 ) ) ;
#371 = LINE ( 'NONE', #4437, #1194 ) ;
#372 = EDGE_CURVE ( 'NONE', #3441, #1062, #2245, .T. ) ;
#373 = ORIENTED_EDGE ( 'NONE', *, *, #3315, .F. ) ;
#374 = AXIS2_PLACEMENT_3D ( 'NONE', #5232, #665, #4310 ) ;
#375 = DIRECTION ( 'NONE',  ( -0.000000000000000000, -1.000000000000000000, -0.000000000000000000 ) ) ;
#376 = CIRCLE ( 'NONE', #2644, 1.600000000000011191 ) ;
#377 = FACE_OUTER_BOUND ( 'NONE', #3109, .T. ) ;
#378 = CARTESIAN_POINT ( 'NONE',  ( 26.94000000000000483, 23.00000000000000000, 76.50500000000000966 ) ) ;
#379 = CARTESIAN_POINT ( 'NONE',  ( 12.50000000000007816, 12.99999999999999822, -55.55500000000002103 ) ) ;
#380 = EDGE_LOOP ( 'NONE', ( #1394, #296, #731, #366 ) ) ;
#381 = ADVANCED_FACE ( 'NONE', ( #4312 ), #3427, .F. ) ;
#382 = LINE ( 'NONE', #4448, #3004 ) ;
#383 = ORIENTED_EDGE ( 'NONE', *, *, #4648, .F. ) ;
#384 = VERTEX_POINT ( 'NONE', #3535 ) ;
#385 = VERTEX_POINT ( 'NONE', #2581 ) ;
#386 = EDGE_CURVE ( 'NONE', #4031, #877, #3060, .T. ) ;
#387 = DIRECTION ( 'NONE',  ( 0.000000000000000000, 0.000000000000000000, -1.000000000000000000 ) ) ;
#388 = DIRECTION ( 'NONE',  ( 0.000000000000000000, 0.000000000000000000, 1.000000000000000000 ) ) ;
#389 = ORIENTED_EDGE ( 'NONE', *, *, #3440, .T. ) ;
#390 = ORIENTED_EDGE ( 'NONE', *, *, #2533, .T. ) ;
#391 = DIRECTION ( 'NONE',  ( 0.000000000000000000, -0.7071067811865499042, 0.7071067811865451302 ) ) ;
#392 = CARTESIAN_POINT ( 'NONE',  ( 31.44000000000000128, -57.02640140948316372, 37.05499999999999261 ) ) ;
#393 = ORIENTED_EDGE ( 'NONE', *, *, #1961, .F. ) ;
#394 = VERTEX_POINT ( 'NONE', #2700 ) ;
#395 = B_SPLINE_CURVE_WITH_KNOTS ( 'NONE', 3,
 ( #430, #873, #4858, #3576, #2148, #5308, #4831, #4920, #5333, #5751, #2120, #2564, #5806, #5400 ),
 .UNSPECIFIED., .F., .F.,
 ( 4, 2, 2, 2, 2, 2, 4 ),
 ( 0.000000000000000000, 0.0007844752485840130471, 0.001176712872876021143, 0.001568950497168029564, 0.001961188121460037334, 0.002353425745752045755, 0.003137900994336081245 ),
 .UNSPECIFIED. ) ;
#396 = CARTESIAN_POINT ( 'NONE',  ( 12.49999999999999645, 10.99999999999999645, 32.55499999999995708 ) ) ;
#397 = LINE ( 'NONE', #4495, #5503 ) ;
#398 = CYLINDRICAL_SURFACE ( 'NONE', #4536, 3.149999999999972378 ) ;
#399 = VERTEX_POINT ( 'NONE', #1727 ) ;
#400 = PLANE ( 'NONE',  #434 ) ;
#401 = LINE ( 'NONE', #4019, #1203 ) ;
#402 = CARTESIAN_POINT ( 'NONE',  ( -13.50000354745528064, 10.99999999999999645, 31.68572377448468913 ) ) ;
#403 = CARTESIAN_POINT ( 'NONE',  ( 14.50000000000011191, 10.99999999999999645, -53.55500000000004945 ) ) ;
#404 = DIRECTION ( 'NONE',  ( -0.000000000000000000, -1.000000000000000000, -0.000000000000000000 ) ) ;
#405 = EDGE_LOOP ( 'NONE', ( #3990, #4180, #3817, #2834 ) ) ;
#406 = VERTEX_POINT ( 'NONE', #4400 ) ;
#407 = DIRECTION ( 'NONE',  ( -0.000000000000000000, 0.7071067811865499042, -0.7071067811865451302 ) ) ;
#408 = DIRECTION ( 'NONE',  ( 1.239088197126289831E-16, 0.000000000000000000, -1.000000000000000000 ) ) ;
#409 = APPLICATION_PROTOCOL_DEFINITION ( 'draft international standard', 'automotive_design', 1998, #1131 ) ;
#410 = PLANE ( 'NONE',  #2153 ) ;
#411 = DIRECTION ( 'NONE',  ( 8.659560562354994488E-17, -0.7071067811865425767, 0.7071067811865525687 ) ) ;
#412 = ORIENTED_EDGE ( 'NONE', *, *, #2134, .F. ) ;
#413 = ORIENTED_EDGE ( 'NONE', *, *, #4965, .T. ) ;
#414 =( BOUNDED_SURFACE ( )  B_SPLINE_SURFACE ( 3, 1, ( 
 ( #2985, #729 ),
 ( #2590, #3934 ),
 ( #4359, #5752 ),
 ( #1676, #3490 ) ),
 .UNSPECIFIED., .F., .F., .T. ) 
 B_SPLINE_SURFACE_WITH_KNOTS ( ( 4, 4 ),
 ( 2, 2 ),
 ( 0.000000000000000000, 1.000000000000000000 ),
 ( 0.000000000000000000, 1.000000000000000000 ),
 .UNSPECIFIED. ) 
 GEOMETRIC_REPRESENTATION_ITEM ( )  RATIONAL_B_SPLINE_SURFACE ( (
 ( 1.000000000000000000, 1.000000000000000000),
 ( 0.3333333333333281523, 0.3333333333333281523),
 ( 0.3333333333333281523, 0.3333333333333281523),
 ( 1.000000000000000000, 1.000000000000000000) ) ) 
 REPRESENTATION_ITEM ( '' )  SURFACE ( )  );
#415 = DIRECTION ( 'NONE',  ( -1.000000000000000000, 0.000000000000000000, 1.239088197126289831E-16 ) ) ;
#416 = DIRECTION ( 'NONE',  ( -1.000000000000000000, -0.000000000000000000, -0.000000000000000000 ) ) ;
#417 = DIRECTION ( 'NONE',  ( -0.7071067811865507924, 0.000000000000000000, 0.7071067811865441310 ) ) ;
#418 = ORIENTED_EDGE ( 'NONE', *, *, #3502, .T. ) ;
#419 = ADVANCED_FACE ( 'NONE', ( #796 ), #5324, .F. ) ;
#420 = ORIENTED_EDGE ( 'NONE', *, *, #3866, .T. ) ;
#421 = LINE ( 'NONE', #367, #71 ) ;
#422 = EDGE_CURVE ( 'NONE', #888, #3189, #421, .T. ) ;
#423 = DIRECTION ( 'NONE',  ( 0.000000000000000000, 0.000000000000000000, 1.000000000000000000 ) ) ;
#424 = EDGE_CURVE ( 'NONE', #81, #3328, #3658, .T. ) ;
#425 = ORIENTED_EDGE ( 'NONE', *, *, #1358, .T. ) ;
#426 = CARTESIAN_POINT ( 'NONE',  ( 22.50000000000000711, 11.00000000000000000, 71.17999999999999261 ) ) ;
#427 = VECTOR ( 'NONE', #2471, 1000.000000000000000 ) ;
#428 = EDGE_CURVE ( 'NONE', #2490, #5109, #333, .T. ) ;
#429 = CARTESIAN_POINT ( 'NONE',  ( -31.44000000000000838, 22.35000000000000142, -49.55490477169965402 ) ) ;
#430 = CARTESIAN_POINT ( 'NONE',  ( -12.49999999999990941, 10.99999999999999645, -53.55500000000004235 ) ) ;
#431 = DIRECTION ( 'NONE',  ( 1.000000000000000000, 0.000000000000000000, 0.000000000000000000 ) ) ;
#432 = CARTESIAN_POINT ( 'NONE',  ( 26.64049541977133728, 33.66370849898476791, 59.55499999999999972 ) ) ;
#433 = ORIENTED_EDGE ( 'NONE', *, *, #1960, .T. ) ;
#434 = AXIS2_PLACEMENT_3D ( 'NONE', #5827, #871, #1798 ) ;
#435 = ORIENTED_EDGE ( 'NONE', *, *, #1473, .T. ) ;
#436 = CARTESIAN_POINT ( 'NONE',  ( -12.49999999999984546, -59.05500000000003524, 114.6099999999995447 ) ) ;
#437 = CARTESIAN_POINT ( 'NONE',  ( 15.04050172409921515, 22.32842712474619518, 60.78393958836383604 ) ) ;
#438 = DIRECTION ( 'NONE',  ( 0.000000000000000000, 0.000000000000000000, 1.000000000000000000 ) ) ;
#439 = CARTESIAN_POINT ( 'NONE',  ( -15.04050172409921515, 22.32842712474619518, 59.78393958836383604 ) ) ;
#440 = ORIENTED_EDGE ( 'NONE', *, *, #2963, .T. ) ;
#441 = EDGE_CURVE ( 'NONE', #3434, #4924, #1757, .T. ) ;
#442 = VERTEX_POINT ( 'NONE', #4493 ) ;
#443 = AXIS2_PLACEMENT_3D ( 'NONE', #1549, #4762, #3423 ) ;
#444 = AXIS2_PLACEMENT_3D ( 'NONE', #323, #2991, #2569 ) ;
#445 = CARTESIAN_POINT ( 'NONE',  ( -26.63995126535550284, 22.35000000000000142, -46.15490477169966255 ) ) ;
#446 = DIRECTION ( 'NONE',  ( -0.000000000000000000, -1.000000000000000000, -0.000000000000000000 ) ) ;
#447 = AXIS2_PLACEMENT_3D ( 'NONE', #1199, #730, #3935 ) ;
#448 = LINE ( 'NONE', #2226, #4933 ) ;
#449 = ORIENTED_EDGE ( 'NONE', *, *, #2277, .F. ) ;
#450 = ADVANCED_FACE ( 'NONE', ( #4078 ), #5361, .F. ) ;
#451 = AXIS2_PLACEMENT_3D ( 'NONE', #4598, #4314, #5236 ) ;
#452 = AXIS2_PLACEMENT_3D ( 'NONE', #674, #5133, #5668 ) ;
#453 = ORIENTED_EDGE ( 'NONE', *, *, #4015, .T. ) ;
#454 = CARTESIAN_POINT ( 'NONE',  ( -26.64049541977133728, 19.35000000000000142, 59.55499999999999972 ) ) ;
#455 = ADVANCED_FACE ( 'NONE', ( #4967 ), #3089, .F. ) ;
#456 = AXIS2_PLACEMENT_3D ( 'NONE', #3907, #1646, #2565 ) ;
#457 = DIRECTION ( 'NONE',  ( 0.000000000000000000, 0.000000000000000000, -1.000000000000000000 ) ) ;
#458 = VECTOR ( 'NONE', #2028, 1000.000000000000000 ) ;
#459 = PLANE ( 'NONE',  #3094 ) ;
#460 = ORIENTED_EDGE ( 'NONE', *, *, #3625, .F. ) ;
#461 = AXIS2_PLACEMENT_3D ( 'NONE', #5134, #3196, #5015 ) ;
#462 = FACE_BOUND ( 'NONE', #5733, .T. ) ;
#463 = DIRECTION ( 'NONE',  ( -0.000000000000000000, 1.000000000000000000, -0.000000000000000000 ) ) ;
#464 = FACE_OUTER_BOUND ( 'NONE', #4484, .T. ) ;
#465 = DIRECTION ( 'NONE',  ( 0.000000000000000000, 0.000000000000000000, -1.000000000000000000 ) ) ;
#466 = AXIS2_PLACEMENT_3D ( 'NONE', #1618, #3429, #5237 ) ;
#467 = CARTESIAN_POINT ( 'NONE',  ( -26.94000000000001194, 15.00000000000000000, -70.05500000000002103 ) ) ;
#468 = ORIENTED_EDGE ( 'NONE', *, *, #3872, .T. ) ;
#469 = ORIENTED_EDGE ( 'NONE', *, *, #372, .F. ) ;
#470 = ORIENTED_EDGE ( 'NONE', *, *, #3137, .T. ) ;
#471 = VECTOR ( 'NONE', #416, 1000.000000000000000 ) ;
#472 = DIRECTION ( 'NONE',  ( 0.000000000000000000, -1.000000000000000000, 0.000000000000000000 ) ) ;
#473 = CARTESIAN_POINT ( 'NONE',  ( 14.50000000000002487, 12.99999999999999645, -61.55499999999999972 ) ) ;
#474 = DIRECTION ( 'NONE',  ( 0.000000000000000000, 0.000000000000000000, 1.000000000000000000 ) ) ;
#475 = DIRECTION ( 'NONE',  ( 0.000000000000000000, -0.000000000000000000, 1.000000000000000000 ) ) ;
#476 = LINE ( 'NONE', #3640, #3398 ) ;
#477 = ORIENTED_EDGE ( 'NONE', *, *, #859, .T. ) ;
#478 = ORIENTED_EDGE ( 'NONE', *, *, #3315, .T. ) ;
#479 = CARTESIAN_POINT ( 'NONE',  ( 31.43999999999999417, -57.02640140948316372, -34.94500000000000739 ) ) ;
#480 = DIRECTION ( 'NONE',  ( 0.000000000000000000, 1.000000000000000000, -0.000000000000000000 ) ) ;
#481 = EDGE_CURVE ( 'NONE', #3622, #560, #2040, .T. ) ;
#482 = CARTESIAN_POINT ( 'NONE',  ( 6.499999999999999112, -152.0796411894638993, 76.50500000000000966 ) ) ;
#483 = VERTEX_POINT ( 'NONE', #4467 ) ;
#484 = ORIENTED_EDGE ( 'NONE', *, *, #2839, .F. ) ;
#485 = DIRECTION ( 'NONE',  ( 0.000000000000000000, -1.000000000000000000, 0.000000000000000000 ) ) ;
#486 = ADVANCED_FACE ( 'NONE', ( #4010 ), #4506, .F. ) ;
#487 = CARTESIAN_POINT ( 'NONE',  ( 13.02194494116041135, 10.99999999999999822, -49.44727601182007959 ) ) ;
#488 = ORIENTED_EDGE ( 'NONE', *, *, #4779, .F. ) ;
#489 = ORIENTED_EDGE ( 'NONE', *, *, #2657, .F. ) ;
#490 = DIRECTION ( 'NONE',  ( -1.957927173788721102E-16, 0.000000000000000000, 1.000000000000000000 ) ) ;
#491 = LINE ( 'NONE', #2328, #5676 ) ;
#492 = DIRECTION ( 'NONE',  ( 1.000000000000000000, 0.000000000000000000, -9.904923137402368115E-17 ) ) ;
#493 = DIRECTION ( 'NONE',  ( -1.485738470610355032E-16, 0.000000000000000000, -1.000000000000000000 ) ) ;
#494 = LINE ( 'NONE', #1287, #3859 ) ;
#495 = ORIENTED_EDGE ( 'NONE', *, *, #3756, .F. ) ;
#496 = EDGE_CURVE ( 'NONE', #4464, #3522, #993, .T. ) ;
#497 = ORIENTED_EDGE ( 'NONE', *, *, #2402, .F. ) ;
#498 = EDGE_CURVE ( 'NONE', #331, #5742, #1337, .T. ) ;
#499 = CARTESIAN_POINT ( 'NONE',  ( -26.93999999999999773, 23.00000000000000000, 74.55499999999999261 ) ) ;
#500 = CARTESIAN_POINT ( 'NONE',  ( 12.49999999999999467, 12.99999999999999822, -63.55500000000002814 ) ) ;
#501 = DIRECTION ( 'NONE',  ( 9.904923137402366883E-17, 0.000000000000000000, 1.000000000000000000 ) ) ;
#502 = CARTESIAN_POINT ( 'NONE',  ( -22.49999999999999289, 17.00000000000000000, 68.55500000000000682 ) ) ;
#503 = ORIENTED_EDGE ( 'NONE', *, *, #1579, .F. ) ;
#504 = FACE_OUTER_BOUND ( 'NONE', #4136, .T. ) ;
#505 = ORIENTED_EDGE ( 'NONE', *, *, #5174, .F. ) ;
#506 = ADVANCED_FACE ( 'NONE', ( #1249 ), #4940, .T. ) ;
#507 = ORIENTED_EDGE ( 'NONE', *, *, #2228, .F. ) ;
#508 = DIRECTION ( 'NONE',  ( -2.312964634635742957E-16, 0.000000000000000000, 1.000000000000000000 ) ) ;
#509 = CARTESIAN_POINT ( 'NONE',  ( -22.49999999999998224, 11.49999999999999645, 10.68000000000000504 ) ) ;
#510 = CARTESIAN_POINT ( 'NONE',  ( 22.50000000000001066, 17.00000000000000000, 10.68000000000000504 ) ) ;
#511 = DIRECTION ( 'NONE',  ( -1.000000000000000000, 0.000000000000000000, 2.775557561562894802E-16 ) ) ;
#512 = ORIENTED_EDGE ( 'NONE', *, *, #2906, .T. ) ;
#513 = ORIENTED_EDGE ( 'NONE', *, *, #4819, .F. ) ;
#514 = DIRECTION ( 'NONE',  ( -0.000000000000000000, 0.7071067811865499042, -0.7071067811865451302 ) ) ;
#515 = FACE_BOUND ( 'NONE', #2039, .T. ) ;
#516 = ADVANCED_FACE ( 'NONE', ( #5445 ), #3178, .F. ) ;
#517 = CARTESIAN_POINT ( 'NONE',  ( -12.49999999999992895, 13.00000000000000000, 34.55499999999997840 ) ) ;
#518 = ORIENTED_EDGE ( 'NONE', *, *, #2134, .T. ) ;
#519 = ORIENTED_EDGE ( 'NONE', *, *, #4867, .F. ) ;
#520 = DIRECTION ( 'NONE',  ( 0.000000000000000000, 0.000000000000000000, -1.000000000000000000 ) ) ;
#521 = CARTESIAN_POINT ( 'NONE',  ( 33.38999999999999346, -152.0796411894638993, 70.05500000000000682 ) ) ;
#522 = CARTESIAN_POINT ( 'NONE',  ( -26.64049541977133728, 22.35000000000000142, 54.55499999999999972 ) ) ;
#523 = CARTESIAN_POINT ( 'NONE',  ( -33.38999999999999346, -24.37482059473155971, 57.64982059473177145 ) ) ;
#524 = DIRECTION ( 'NONE',  ( -1.000000000000000000, 0.000000000000000000, -0.000000000000000000 ) ) ;
#525 = ORIENTED_EDGE ( 'NONE', *, *, #4406, .T. ) ;
#526 = ORIENTED_EDGE ( 'NONE', *, *, #200, .F. ) ;
#527 = DIRECTION ( 'NONE',  ( 0.000000000000000000, -0.000000000000000000, 1.000000000000000000 ) ) ;
#528 = DIRECTION ( 'NONE',  ( -1.000000000000000000, 0.000000000000000000, -0.000000000000000000 ) ) ;
#529 = CARTESIAN_POINT ( 'NONE',  ( -31.44000000000000838, 23.00000000000000000, -70.05500000000002103 ) ) ;
#530 = DIRECTION ( 'NONE',  ( 0.000000000000000000, -1.000000000000000000, 0.000000000000000000 ) ) ;
#531 = EDGE_CURVE ( 'NONE', #3234, #36, #4993, .T. ) ;
#532 = EDGE_CURVE ( 'NONE', #2325, #442, #2737, .T. ) ;
#533 = CARTESIAN_POINT ( 'NONE',  ( -2.749771129515628854, 13.00000000000000000, 70.45373526184704360 ) ) ;
#534 = VECTOR ( 'NONE', #4285, 1000.000000000000000 ) ;
#535 = ORIENTED_EDGE ( 'NONE', *, *, #615, .F. ) ;
#536 = ORIENTED_EDGE ( 'NONE', *, *, #5791, .T. ) ;
#537 = CARTESIAN_POINT ( 'NONE',  ( 26.63995126535550284, 22.35000000000000142, -42.95490477169965260 ) ) ;
#538 = ADVANCED_FACE ( 'NONE', ( #951 ), #4554, .F. ) ;
#539 = DIRECTION ( 'NONE',  ( 0.000000000000000000, 0.000000000000000000, -1.000000000000000000 ) ) ;
#540 = CARTESIAN_POINT ( 'NONE',  ( -2.749771129515617307, 10.99999399999999916, 76.75373526184699813 ) ) ;
#541 = ORIENTED_EDGE ( 'NONE', *, *, #3715, .F. ) ;
#542 = ORIENTED_EDGE ( 'NONE', *, *, #3591, .T. ) ;
#543 = VECTOR ( 'NONE', #4825, 1000.000000000000000 ) ;
#544 = CARTESIAN_POINT ( 'NONE',  ( -26.93999999999999773, 23.00000000000000000, 76.50500000000000966 ) ) ;
#545 = AXIS2_PLACEMENT_3D ( 'NONE', #5869, #1346, #847 ) ;
#546 = FACE_BOUND ( 'NONE', #5285, .T. ) ;
#547 = CARTESIAN_POINT ( 'NONE',  ( 13.37382107369583473, 10.99999999999999645, -49.05856363904948836 ) ) ;
#548 = VERTEX_POINT ( 'NONE', #2767 ) ;
#549 = AXIS2_PLACEMENT_3D ( 'NONE', #4182, #1924, #3729 ) ;
#550 = AXIS2_PLACEMENT_3D ( 'NONE', #1800, #1852, #555 ) ;
#551 = EDGE_LOOP ( 'NONE', ( #1063, #585, #1286, #1400 ) ) ;
#552 = CARTESIAN_POINT ( 'NONE',  ( -13.47403207297536021, 10.99999999999999467, -56.81660551848172958 ) ) ;
#553 = VECTOR ( 'NONE', #2681, 1000.000000000000000 ) ;
#554 = VECTOR ( 'NONE', #4579, 1000.000000000000000 ) ;
#555 = DIRECTION ( 'NONE',  ( 0.7071067811865463515, 0.000000000000000000, 0.7071067811865487940 ) ) ;
#556 = DIRECTION ( 'NONE',  ( 0.000000000000000000, -1.000000000000000000, 0.000000000000000000 ) ) ;
#557 = ADVANCED_FACE ( 'NONE', ( #603 ), #1461, .F. ) ;
#558 = CARTESIAN_POINT ( 'NONE',  ( 12.76239797598403491, 10.99999999999999467, 40.55499999999997840 ) ) ;
#559 = DIRECTION ( 'NONE',  ( -1.000000000000000000, -0.000000000000000000, -0.000000000000000000 ) ) ;
#560 = VERTEX_POINT ( 'NONE', #3272 ) ;
#561 = AXIS2_PLACEMENT_3D ( 'NONE', #292, #5616, #4751 ) ;
#562 = ORIENTED_EDGE ( 'NONE', *, *, #3440, .F. ) ;
#563 = VECTOR ( 'NONE', #2770, 1000.000000000000000 ) ;
#564 = DIRECTION ( 'NONE',  ( -1.000000000000000000, 0.000000000000000000, 0.000000000000000000 ) ) ;
#565 = ADVANCED_FACE ( 'NONE', ( #3776 ), #4240, .F. ) ;
#566 = CARTESIAN_POINT ( 'NONE',  ( 33.39000000000000057, 19.99999999999999645, 37.05499999999999261 ) ) ;
#567 = LINE ( 'NONE', #3324, #4638 ) ;
#568 = DIRECTION ( 'NONE',  ( -0.000000000000000000, 1.000000000000000000, -0.000000000000000000 ) ) ;
#569 = EDGE_CURVE ( 'NONE', #214, #2503, #3742, .T. ) ;
#570 = CARTESIAN_POINT ( 'NONE',  ( 35.43999999999998352, 13.00000000000001421, -70.05500000000000682 ) ) ;
#571 = VERTEX_POINT ( 'NONE', #544 ) ;
#572 = ORIENTED_EDGE ( 'NONE', *, *, #3407, .F. ) ;
#573 = VECTOR ( 'NONE', #1182, 1000.000000000000000 ) ;
#574 = ADVANCED_FACE ( 'NONE', ( #1845, #5569 ), #2296, .T. ) ;
#575 = CARTESIAN_POINT ( 'NONE',  ( 31.44000000000000128, 19.99999999999999645, 37.05499999999999261 ) ) ;
#576 = DIRECTION ( 'NONE',  ( -1.000000000000000000, 0.000000000000000000, -2.775557561562894802E-16 ) ) ;
#577 = VECTOR ( 'NONE', #268, 1000.000000000000114 ) ;
#578 = CYLINDRICAL_SURFACE ( 'NONE', #2920, 6.449999999999997513 ) ;
#579 = ORIENTED_EDGE ( 'NONE', *, *, #859, .F. ) ;
#580 = EDGE_LOOP ( 'NONE', ( #655, #4137, #5117, #5735, #3709, #518, #3012, #5456, #4057, #2707, #507, #3728, #681, #3506, #1439, #5510, #967, #4277, #4247, #5766 ) ) ;
#581 = LINE ( 'NONE', #2383, #242 ) ;
#582 = EDGE_CURVE ( 'NONE', #1031, #1804, #581, .T. ) ;
#583 = LINE ( 'NONE', #1527, #1693 ) ;
#584 = ORIENTED_EDGE ( 'NONE', *, *, #279, .T. ) ;
#585 = ORIENTED_EDGE ( 'NONE', *, *, #3229, .F. ) ;
#586 = CARTESIAN_POINT ( 'NONE',  ( -13.47400153435557080, 10.99999999999999289, 35.81664980122346265 ) ) ;
#587 = PLANE ( 'NONE',  #1507 ) ;
#588 = FACE_OUTER_BOUND ( 'NONE', #1218, .T. ) ;
#589 = FACE_OUTER_BOUND ( 'NONE', #4537, .T. ) ;
#590 = ORIENTED_EDGE ( 'NONE', *, *, #2660, .T. ) ;
#591 = EDGE_LOOP ( 'NONE', ( #4115, #1267 ) ) ;
#592 = DIRECTION ( 'NONE',  ( 0.000000000000000000, -0.000000000000000000, -1.000000000000000000 ) ) ;
#593 = DIRECTION ( 'NONE',  ( -0.000000000000000000, -1.000000000000000000, -0.000000000000000000 ) ) ;
#594 = DIRECTION ( 'NONE',  ( 0.000000000000000000, -1.000000000000000000, 0.000000000000000000 ) ) ;
#595 = EDGE_CURVE ( 'NONE', #560, #5613, #1936, .T. ) ;
#596 = CARTESIAN_POINT ( 'NONE',  ( -35.44000000000000483, 11.00000000000000000, -61.55500000000004235 ) ) ;
#597 = ORIENTED_EDGE ( 'NONE', *, *, #3171, .T. ) ;
#598 = DIRECTION ( 'NONE',  ( 1.000000000000000000, 0.000000000000000000, 0.000000000000000000 ) ) ;
#599 = ORIENTED_EDGE ( 'NONE', *, *, #1728, .T. ) ;
#600 = EDGE_LOOP ( 'NONE', ( #3456, #2795, #2684, #14 ) ) ;
#601 = LINE ( 'NONE', #479, #4205 ) ;
#602 = EDGE_LOOP ( 'NONE', ( #5761, #1689, #4066, #597 ) ) ;
#603 = FACE_OUTER_BOUND ( 'NONE', #1153, .T. ) ;
#604 = CARTESIAN_POINT ( 'NONE',  ( -22.49999999999998224, 18.00000000000000000, 8.555000000000006821 ) ) ;
#605 = ORIENTED_EDGE ( 'NONE', *, *, #3839, .T. ) ;
#606 = ORIENTED_EDGE ( 'NONE', *, *, #4459, .T. ) ;
#607 = ADVANCED_FACE ( 'NONE', ( #3651 ), #2353, .T. ) ;
#608 = DIRECTION ( 'NONE',  ( -0.000000000000000000, 0.7071067811865499042, -0.7071067811865451302 ) ) ;
#609 = CARTESIAN_POINT ( 'NONE',  ( -12.49999999999986677, 10.99999999999999645, -47.55500000000004945 ) ) ;
#610 = EDGE_CURVE ( 'NONE', #1268, #3234, #4169, .T. ) ;
#611 = CARTESIAN_POINT ( 'NONE',  ( 13.47400153435572534, 10.99999999999999645, 39.29335019877650126 ) ) ;
#612 = CARTESIAN_POINT ( 'NONE',  ( 13.49999645180847274, 10.99999999999999645, -56.42422195708272881 ) ) ;
#613 = ORIENTED_EDGE ( 'NONE', *, *, #5068, .F. ) ;
#614 = EDGE_LOOP ( 'NONE', ( #3201, #4009, #5124, #3307 ) ) ;
#615 = EDGE_CURVE ( 'NONE', #883, #116, #5085, .T. ) ;
#616 = DIRECTION ( 'NONE',  ( 0.000000000000000000, 1.000000000000000000, 0.000000000000000000 ) ) ;
#617 = CARTESIAN_POINT ( 'NONE',  ( 15.04050172409921515, 11.99999999999994849, 59.78393958836383604 ) ) ;
#618 = DIRECTION ( 'NONE',  ( 0.000000000000000000, 0.000000000000000000, 1.000000000000000000 ) ) ;
#619 = CARTESIAN_POINT ( 'NONE',  ( -12.49999999999995026, 13.00000000000000000, -57.55500000000003524 ) ) ;
#620 = ORIENTED_EDGE ( 'NONE', *, *, #15, .F. ) ;
#621 = CARTESIAN_POINT ( 'NONE',  ( 13.49999645180842656, 10.99999999999999645, -60.42422195708272881 ) ) ;
#622 = EDGE_LOOP ( 'NONE', ( #5385, #1279, #5338, #5247 ) ) ;
#623 = ORIENTED_EDGE ( 'NONE', *, *, #1397, .T. ) ;
#624 = PRODUCT_DEFINITION ( 'UNKNOWN', '', #1036, #959 ) ;
#625 = LINE ( 'NONE', #1631, #4942 ) ;
#626 = AXIS2_PLACEMENT_3D ( 'NONE', #5817, #860, #3981 ) ;
#627 = ADVANCED_FACE ( 'NONE', ( #1401 ), #5511, .T. ) ;
#628 = CARTESIAN_POINT ( 'NONE',  ( -15.04050172409921515, 19.50000000000000000, 59.78393958836383604 ) ) ;
#629 = EDGE_LOOP ( 'NONE', ( #1133, #5502 ) ) ;
#630 = CARTESIAN_POINT ( 'NONE',  ( 33.38999999999999346, -57.02640140948316372, -34.94500000000000739 ) ) ;
#631 = ADVANCED_FACE ( 'NONE', ( #3243 ), #138, .T. ) ;
#632 = CARTESIAN_POINT ( 'NONE',  ( 26.93999999999998352, 23.00000000000000000, -76.50500000000000966 ) ) ;
#633 = VECTOR ( 'NONE', #2922, 1000.000000000000000 ) ;
#634 = ORIENTED_EDGE ( 'NONE', *, *, #2474, .F. ) ;
#635 = ORIENTED_EDGE ( 'NONE', *, *, #253, .T. ) ;
#636 = CARTESIAN_POINT ( 'NONE',  ( -13.02194494116021950, 10.99999999999999467, 36.44727601182001564 ) ) ;
#637 = EDGE_CURVE ( 'NONE', #3616, #3189, #5091, .T. ) ;
#638 = VECTOR ( 'NONE', #3928, 1000.000000000000000 ) ;
#639 = CARTESIAN_POINT ( 'NONE',  ( -26.94000000000000483, 22.35000000000000142, 70.05500000000000682 ) ) ;
#640 = AXIS2_PLACEMENT_3D ( 'NONE', #1567, #155, #4187 ) ;
#641 = DIRECTION ( 'NONE',  ( 0.000000000000000000, 1.000000000000000000, 0.000000000000000000 ) ) ;
#642 = CARTESIAN_POINT ( 'NONE',  ( 13.29970886751941528, 10.99999999999999467, -57.16950099912775585 ) ) ;
#643 = VERTEX_POINT ( 'NONE', #1995 ) ;
#644 = CIRCLE ( 'NONE', #1680, 3.149999999999986144 ) ;
#645 = ORIENTED_EDGE ( 'NONE', *, *, #4041, .F. ) ;
#646 = AXIS2_PLACEMENT_3D ( 'NONE', #5611, #641, #5154 ) ;
#647 = DIRECTION ( 'NONE',  ( 0.000000000000000000, -1.000000000000000000, 0.000000000000000000 ) ) ;
#648 = DIRECTION ( 'NONE',  ( 0.000000000000000000, 0.000000000000000000, 1.000000000000000000 ) ) ;
#649 = DIRECTION ( 'NONE',  ( -0.000000000000000000, -1.000000000000000000, -0.000000000000000000 ) ) ;
#650 = CARTESIAN_POINT ( 'NONE',  ( 26.63995126535550284, 22.35000000000000142, -46.15490477169966255 ) ) ;
#651 = EDGE_CURVE ( 'NONE', #3610, #3650, #2519, .T. ) ;
#652 = CIRCLE ( 'NONE', #5677, 4.500000000000003553 ) ;
#653 = DIRECTION ( 'NONE',  ( 7.434529182757739478E-16, 0.000000000000000000, -1.000000000000000000 ) ) ;
#654 = CIRCLE ( 'NONE', #4635, 2.624999999999988454 ) ;
#655 = ORIENTED_EDGE ( 'NONE', *, *, #4320, .T. ) ;
#656 = VERTEX_POINT ( 'NONE', #2945 ) ;
#657 = CIRCLE ( 'NONE', #2930, 1.000000000000000888 ) ;
#658 = CARTESIAN_POINT ( 'NONE',  ( -15.04050172409921515, 19.50000000000000000, 64.94780718755065152 ) ) ;
#659 = DIRECTION ( 'NONE',  ( 0.000000000000000000, -1.000000000000000000, 0.000000000000000000 ) ) ;
#660 = ORIENTED_EDGE ( 'NONE', *, *, #1147, .F. ) ;
#661 = AXIS2_PLACEMENT_3D ( 'NONE', #604, #3864, #1098 ) ;
#662 = EDGE_CURVE ( 'NONE', #3498, #5843, #1384, .T. ) ;
#663 = AXIS2_PLACEMENT_3D ( 'NONE', #5223, #3351, #1084 ) ;
#664 = DIRECTION ( 'NONE',  ( -0.000000000000000000, 0.7071067811865499042, -0.7071067811865451302 ) ) ;
#665 = DIRECTION ( 'NONE',  ( -0.000000000000000000, 0.7071067811865451302, 0.7071067811865499042 ) ) ;
#666 = ORIENTED_EDGE ( 'NONE', *, *, #29, .F. ) ;
#667 = SURFACE_STYLE_USAGE ( .BOTH. , #2557 ) ;
#668 = EDGE_CURVE ( 'NONE', #229, #137, #1154, .T. ) ;
#669 = DIRECTION ( 'NONE',  ( -0.000000000000000000, -1.000000000000000000, -0.000000000000000000 ) ) ;
#670 = CARTESIAN_POINT ( 'NONE',  ( 26.63995126535550284, 12.00000000000005862, -48.55490477169966113 ) ) ;
#671 = CARTESIAN_POINT ( 'NONE',  ( -12.49999999999988809, 13.00000000000000000, 36.55500000000002103 ) ) ;
#672 = ORIENTED_EDGE ( 'NONE', *, *, #4547, .F. ) ;
#673 = DIRECTION ( 'NONE',  ( 1.000000000000000000, 0.000000000000000000, -0.000000000000000000 ) ) ;
#674 = CARTESIAN_POINT ( 'NONE',  ( 22.50000000000000711, 17.00000000000000000, 68.55500000000000682 ) ) ;
#675 = CARTESIAN_POINT ( 'NONE',  ( -31.43999999999999417, 23.00000000000000000, 70.05499999999999261 ) ) ;
#676 = LINE ( 'NONE', #5103, #920 ) ;
#677 =( BOUNDED_SURFACE ( )  B_SPLINE_SURFACE ( 3, 1, ( 
 ( #4033, #1787 ),
 ( #4462, #2168 ),
 ( #3595, #2195 ),
 ( #4006, #1752 ) ),
 .UNSPECIFIED., .F., .F., .T. ) 
 B_SPLINE_SURFACE_WITH_KNOTS ( ( 4, 4 ),
 ( 2, 2 ),
 ( 0.000000000000000000, 1.000000000000000000 ),
 ( 0.000000000000000000, 1.000000000000000000 ),
 .UNSPECIFIED. ) 
 GEOMETRIC_REPRESENTATION_ITEM ( )  RATIONAL_B_SPLINE_SURFACE ( (
 ( 1.000000000000000000, 1.000000000000000000),
 ( 0.3333333333333311499, 0.3333333333333311499),
 ( 0.3333333333333311499, 0.3333333333333311499),
 ( 1.000000000000000000, 1.000000000000000000) ) ) 
 REPRESENTATION_ITEM ( '' )  SURFACE ( )  );
#678 = DIRECTION ( 'NONE',  ( -0.000000000000000000, 1.000000000000000000, -0.000000000000000000 ) ) ;
#679 = CARTESIAN_POINT ( 'NONE',  ( 13.02202945409737112, 10.99999999999999467, -59.66283544631627933 ) ) ;
#680 = ORIENTED_EDGE ( 'NONE', *, *, #428, .F. ) ;
#681 = ORIENTED_EDGE ( 'NONE', *, *, #5212, .F. ) ;
#682 = EDGE_CURVE ( 'NONE', #4595, #5539, #2523, .T. ) ;
#683 = DIRECTION ( 'NONE',  ( 0.000000000000000000, 0.000000000000000000, -1.000000000000000000 ) ) ;
#684 = EDGE_CURVE ( 'NONE', #3277, #5567, #2831, .T. ) ;
#685 = CARTESIAN_POINT ( 'NONE',  ( 26.63995126535550284, 13.00000000000000000, -39.55490477169965402 ) ) ;
#686 = ORIENTED_EDGE ( 'NONE', *, *, #90, .F. ) ;
#687 = ADVANCED_FACE ( 'NONE', ( #2440 ), #5542, .T. ) ;
#688 = CARTESIAN_POINT ( 'NONE',  ( 31.43999999999998352, 23.00000000000000000, -70.05500000000000682 ) ) ;
#689 = PLANE ( 'NONE',  #374 ) ;
#690 = EDGE_LOOP ( 'NONE', ( #2672, #1811 ) ) ;
#691 = CARTESIAN_POINT ( 'NONE',  ( -12.49999999999995026, 13.00000000000000000, -59.55500000000002814 ) ) ;
#692 = EDGE_CURVE ( 'NONE', #1239, #5539, #2797, .T. ) ;
#693 = AXIS2_PLACEMENT_3D ( 'NONE', #904, #2719, #4571 ) ;
#694 = DIRECTION ( 'NONE',  ( 0.000000000000000000, -0.7071067811865425767, -0.7071067811865525687 ) ) ;
#695 = LINE ( 'NONE', #4289, #5684 ) ;
#696 = DIRECTION ( 'NONE',  ( 0.000000000000000000, -1.000000000000000000, 0.000000000000000000 ) ) ;
#697 = LINE ( 'NONE', #5266, #5667 ) ;
#698 = ORIENTED_EDGE ( 'NONE', *, *, #884, .F. ) ;
#699 = LINE ( 'NONE', #3458, #2133 ) ;
#700 = CARTESIAN_POINT ( 'NONE',  ( -12.49999999999997158, 10.99999999999999645, 30.55499999999998550 ) ) ;
#701 = DIRECTION ( 'NONE',  ( 1.000000000000000000, 0.000000000000000000, 0.000000000000000000 ) ) ;
#702 = CARTESIAN_POINT ( 'NONE',  ( -22.49999999999999289, 17.00000000000000000, 68.55500000000000682 ) ) ;
#703 = LINE ( 'NONE', #5336, #1011 ) ;
#704 = ORIENTED_EDGE ( 'NONE', *, *, #776, .F. ) ;
#705 = ORIENTED_EDGE ( 'NONE', *, *, #1300, .F. ) ;
#706 = ADVANCED_FACE ( 'NONE', ( #5570 ), #4313, .F. ) ;
#707 = CARTESIAN_POINT ( 'NONE',  ( 12.50000000000012257, 12.99999999999999822, 42.55499999999999261 ) ) ;
#708 = DIRECTION ( 'NONE',  ( 0.000000000000000000, -1.000000000000000000, 0.000000000000000000 ) ) ;
#709 = CARTESIAN_POINT ( 'NONE',  ( -12.49999999999990941, 13.00000000000000000, -53.55500000000003524 ) ) ;
#710 = DIRECTION ( 'NONE',  ( 0.000000000000000000, 0.7071067811865500152, -0.7071067811865451302 ) ) ;
#711 = ORIENTED_EDGE ( 'NONE', *, *, #5868, .T. ) ;
#712 = ADVANCED_FACE ( 'NONE', ( #5512, #515, #164, #1044, #5603, #3652, #2321, #3689, #1526, #1937, #546, #3743, #3309, #5147, #1436, #2354, #3336, #4171, #3244, #5120 ), #2858, .F. ) ;
#713 = VECTOR ( 'NONE', #4673, 1000.000000000000000 ) ;
#714 = CARTESIAN_POINT ( 'NONE',  ( -26.93999999999999773, 13.00000000000000000, 70.45373526184710045 ) ) ;
#715 = DIRECTION ( 'NONE',  ( 0.000000000000000000, -1.000000000000000000, 0.000000000000000000 ) ) ;
#716 = ORIENTED_EDGE ( 'NONE', *, *, #5180, .F. ) ;
#717 = SURFACE_STYLE_FILL_AREA ( #4790 ) ;
#718 = CARTESIAN_POINT ( 'NONE',  ( -15.04050172409921515, 11.99999999999994849, 58.78393958836383604 ) ) ;
#719 = CARTESIAN_POINT ( 'NONE',  ( -12.76239797598382530, 10.99999999999999467, -49.55500000000002814 ) ) ;
#720 = DIRECTION ( 'NONE',  ( 0.000000000000000000, 0.000000000000000000, 1.000000000000000000 ) ) ;
#721 = CARTESIAN_POINT ( 'NONE',  ( -26.64049541977133728, 11.00000000000000000, 54.55499999999992156 ) ) ;
#722 = ORIENTED_EDGE ( 'NONE', *, *, #1684, .T. ) ;
#723 = EDGE_CURVE ( 'NONE', #5572, #1006, #112, .T. ) ;
#724 = DIRECTION ( 'NONE',  ( 0.000000000000000000, 1.000000000000000000, 0.000000000000000000 ) ) ;
#725 = EDGE_CURVE ( 'NONE', #915, #5443, #4704, .T. ) ;
#726 = AXIS2_PLACEMENT_3D ( 'NONE', #27, #4054, #524 ) ;
#727 = FACE_OUTER_BOUND ( 'NONE', #2128, .T. ) ;
#728 = CARTESIAN_POINT ( 'NONE',  ( 13.50000354745543163, 10.99999999999999645, 43.42427622551526412 ) ) ;
#729 = CARTESIAN_POINT ( 'NONE',  ( -12.49999999999988809, 12.99999999999999822, 36.55500000000000682 ) ) ;
#730 = DIRECTION ( 'NONE',  ( 0.000000000000000000, -1.000000000000000000, 0.000000000000000000 ) ) ;
#731 = ORIENTED_EDGE ( 'NONE', *, *, #5340, .F. ) ;
#732 = CIRCLE ( 'NONE', #4048, 6.500000000000005329 ) ;
#733 = EDGE_LOOP ( 'NONE', ( #1324, #784 ) ) ;
#734 = VECTOR ( 'NONE', #3488, 1000.000000000000000 ) ;
#735 = EDGE_CURVE ( 'NONE', #128, #3528, #2050, .T. ) ;
#736 = AXIS2_PLACEMENT_3D ( 'NONE', #5364, #1284, #3104 ) ;
#737 = LINE ( 'NONE', #3912, #3474 ) ;
#738 = DIRECTION ( 'NONE',  ( 1.000000000000000000, 0.000000000000000000, 0.000000000000000000 ) ) ;
#739 = AXIS2_PLACEMENT_3D ( 'NONE', #5825, #3682, #3538 ) ;
#740 = ORIENTED_EDGE ( 'NONE', *, *, #2164, .T. ) ;
#741 = EDGE_LOOP ( 'NONE', ( #167, #4030, #5435, #5240 ) ) ;
#742 = VECTOR ( 'NONE', #4499, 1000.000000000000227 ) ;
#743 = LINE ( 'NONE', #5630, #3276 ) ;
#744 = CARTESIAN_POINT ( 'NONE',  ( 35.43999999999998352, 15.00000000000000000, -78.55500000000000682 ) ) ;
#745 = ORIENTED_EDGE ( 'NONE', *, *, #1213, .F. ) ;
#746 = CIRCLE ( 'NONE', #3694, 4.000000000000003553 ) ;
#747 = CYLINDRICAL_SURFACE ( 'NONE', #4619, 5.163867599186813706 ) ;
#748 = EDGE_CURVE ( 'NONE', #5490, #2109, #2576, .T. ) ;
#749 = LINE ( 'NONE', #2112, #5686 ) ;
#750 = FACE_OUTER_BOUND ( 'NONE', #1613, .T. ) ;
#751 = VECTOR ( 'NONE', #946, 1000.000000000000000 ) ;
#752 = CARTESIAN_POINT ( 'NONE',  ( 12.50000000000012434, 13.00000000000000000, 40.55500000000002103 ) ) ;
#753 = EDGE_LOOP ( 'NONE', ( #2881, #383, #850, #2855 ) ) ;
#754 = CARTESIAN_POINT ( 'NONE',  ( -26.63995126535550284, 13.00000000000000000, -39.55490477169965402 ) ) ;
#755 = CARTESIAN_POINT ( 'NONE',  ( -35.44000000000000483, 11.00000000000000000, -55.55500000000003524 ) ) ;
#756 = CARTESIAN_POINT ( 'NONE',  ( -12.76239797598392478, 10.99999999999999289, 30.55499999999997840 ) ) ;
#757 = CARTESIAN_POINT ( 'NONE',  ( -26.64049541977133728, 12.00000000000005862, 63.55499999999999972 ) ) ;
#758 = PLANE ( 'NONE',  #3661 ) ;
#759 = ORIENTED_EDGE ( 'NONE', *, *, #498, .T. ) ;
#760 = VERTEX_POINT ( 'NONE', #243 ) ;
#761 = EDGE_CURVE ( 'NONE', #4816, #782, #4983, .T. ) ;
#762 = FACE_OUTER_BOUND ( 'NONE', #72, .T. ) ;
#763 = LINE ( 'NONE', #5372, #4767 ) ;
#764 = CARTESIAN_POINT ( 'NONE',  ( -12.49999999999992895, 12.99999999999999822, 32.55499999999999972 ) ) ;
#765 = ORIENTED_EDGE ( 'NONE', *, *, #3016, .F. ) ;
#766 = ORIENTED_EDGE ( 'NONE', *, *, #4282, .F. ) ;
#767 = DIRECTION ( 'NONE',  ( 0.000000000000000000, -0.000000000000000000, -1.000000000000000000 ) ) ;
#768 = LINE ( 'NONE', #4426, #3029 ) ;
#769 = EDGE_LOOP ( 'NONE', ( #5166, #2970, #1022, #893, #4420 ) ) ;
#770 = VERTEX_POINT ( 'NONE', #3863 ) ;
#771 = DIRECTION ( 'NONE',  ( -0.000000000000000000, 1.000000000000000000, -0.000000000000000000 ) ) ;
#772 = DIRECTION ( 'NONE',  ( 0.000000000000000000, 1.000000000000000000, 0.000000000000000000 ) ) ;
#773 = CARTESIAN_POINT ( 'NONE',  ( 33.39000000000000057, -57.02640140948316372, 37.05499999999999261 ) ) ;
#774 = LINE ( 'NONE', #3402, #1774 ) ;
#775 = ORIENTED_EDGE ( 'NONE', *, *, #5504, .T. ) ;
#776 = EDGE_CURVE ( 'NONE', #782, #4816, #2989, .T. ) ;
#777 = DIRECTION ( 'NONE',  ( -1.000000000000000000, 0.000000000000000000, -2.575684448369424473E-16 ) ) ;
#778 = EDGE_CURVE ( 'NONE', #5428, #3650, #4371, .T. ) ;
#779 = CARTESIAN_POINT ( 'NONE',  ( -26.63995126535550284, 13.00000000000000000, -49.55490477169965402 ) ) ;
#780 = CARTESIAN_POINT ( 'NONE',  ( -12.49999999999997158, 10.99999999999999645, 30.55499999999998550 ) ) ;
#781 = CARTESIAN_POINT ( 'NONE',  ( -33.39000000000001478, 19.99999999999999645, 13.27499999999999503 ) ) ;
#782 = VERTEX_POINT ( 'NONE', #2022 ) ;
#783 = CARTESIAN_POINT ( 'NONE',  ( -31.43999999999999417, 22.35000000000000142, -39.55490477169965402 ) ) ;
#784 = ORIENTED_EDGE ( 'NONE', *, *, #424, .T. ) ;
#785 = ORIENTED_EDGE ( 'NONE', *, *, #4814, .F. ) ;
#786 = CARTESIAN_POINT ( 'NONE',  ( 12.50000000000012257, 10.99999999999999645, 44.55499999999998550 ) ) ;
#787 = LINE ( 'NONE', #2158, #3445 ) ;
#788 = VERTEX_POINT ( 'NONE', #5289 ) ;
#789 = ORIENTED_EDGE ( 'NONE', *, *, #2762, .T. ) ;
#790 = FACE_OUTER_BOUND ( 'NONE', #2380, .T. ) ;
#791 = DIRECTION ( 'NONE',  ( 0.000000000000000000, 0.000000000000000000, -1.000000000000000000 ) ) ;
#792 = EDGE_CURVE ( 'NONE', #399, #4427, #2420, .T. ) ;
#793 = CARTESIAN_POINT ( 'NONE',  ( -12.49999999999999289, 13.00000000000000000, -61.55500000000003524 ) ) ;
#794 = EDGE_LOOP ( 'NONE', ( #5814, #2445, #4059, #999 ) ) ;
#795 = ORIENTED_EDGE ( 'NONE', *, *, #248, .F. ) ;
#796 = FACE_OUTER_BOUND ( 'NONE', #812, .T. ) ;
#797 = EDGE_CURVE ( 'NONE', #1306, #1126, #3032, .T. ) ;
#798 = CARTESIAN_POINT ( 'NONE',  ( -9.999999999999998224, 23.00000000000000000, 67.55499999999999261 ) ) ;
#799 = CARTESIAN_POINT ( 'NONE',  ( -35.43999999999999062, 11.00000000000000000, 30.55499999999998550 ) ) ;
#800 = AXIS2_PLACEMENT_3D ( 'NONE', #2853, #3643, #3206 ) ;
#801 = CARTESIAN_POINT ( 'NONE',  ( -13.29958940190066485, 10.99999999999999289, 38.94036606519269128 ) ) ;
#802 = CARTESIAN_POINT ( 'NONE',  ( 21.64049541977133728, 18.00000000000000000, 64.13784572642452986 ) ) ;
#803 = EDGE_LOOP ( 'NONE', ( #5532, #2105, #114, #2190 ) ) ;
#804 = EDGE_CURVE ( 'NONE', #4846, #2752, #4309, .T. ) ;
#805 = AXIS2_PLACEMENT_3D ( 'NONE', #1705, #5331, #927 ) ;
#806 = CARTESIAN_POINT ( 'NONE',  ( 31.44000000000000128, 23.00000000000000000, 40.05500000000000682 ) ) ;
#807 = DIRECTION ( 'NONE',  ( 0.000000000000000000, 0.000000000000000000, -1.000000000000000000 ) ) ;
#808 = DIRECTION ( 'NONE',  ( -0.000000000000000000, -1.000000000000000000, -0.000000000000000000 ) ) ;
#809 = DIRECTION ( 'NONE',  ( 0.000000000000000000, 1.000000000000000000, 0.000000000000000000 ) ) ;
#810 = ORIENTED_EDGE ( 'NONE', *, *, #4569, .F. ) ;
#811 = CARTESIAN_POINT ( 'NONE',  ( -31.43999999999999417, 22.35000000000000142, -39.55490477169965402 ) ) ;
#812 = EDGE_LOOP ( 'NONE', ( #1568, #2199, #3002, #3608, #572, #5376, #4271, #2802 ) ) ;
#813 = VECTOR ( 'NONE', #75, 1000.000000000000000 ) ;
#814 = ORIENTED_EDGE ( 'NONE', *, *, #1669, .F. ) ;
#815 = VERTEX_POINT ( 'NONE', #4787 ) ;
#816 = VECTOR ( 'NONE', #213, 1000.000000000000000 ) ;
#817 = EDGE_CURVE ( 'NONE', #2544, #2489, #4342, .T. ) ;
#818 = FACE_OUTER_BOUND ( 'NONE', #3763, .T. ) ;
#819 = LINE ( 'NONE', #5315, #5622 ) ;
#820 = DIRECTION ( 'NONE',  ( -1.000000000000000000, 0.000000000000000000, 1.485738470610355279E-16 ) ) ;
#821 = CIRCLE ( 'NONE', #4810, 4.999999999999997335 ) ;
#822 = CIRCLE ( 'NONE', #2347, 4.999999999999997335 ) ;
#823 = ORIENTED_EDGE ( 'NONE', *, *, #5304, .T. ) ;
#824 = ORIENTED_EDGE ( 'NONE', *, *, #2896, .T. ) ;
#825 = APPLICATION_CONTEXT ( 'automotive_design' ) ;
#826 = CIRCLE ( 'NONE', #1591, 6.500000000000005329 ) ;
#827 = VECTOR ( 'NONE', #3513, 1000.000000000000114 ) ;
#828 = CARTESIAN_POINT ( 'NONE',  ( 31.43999999999998707, 15.00000000000000000, -34.94500000000000739 ) ) ;
#829 = CARTESIAN_POINT ( 'NONE',  ( -12.49999999999999289, 10.99999999999998224, -61.55500000000002814 ) ) ;
#830 = CARTESIAN_POINT ( 'NONE',  ( -31.44000000000000128, 15.00000000000000000, 23.02500000000000213 ) ) ;
#831 = ORIENTED_EDGE ( 'NONE', *, *, #5325, .T. ) ;
#832 = AXIS2_PLACEMENT_3D ( 'NONE', #439, #5500, #5047 ) ;
#833 = ORIENTED_EDGE ( 'NONE', *, *, #226, .F. ) ;
#834 = CARTESIAN_POINT ( 'NONE',  ( 35.43999999999998352, 15.00000000000000000, -78.55500000000000682 ) ) ;
#835 = CIRCLE ( 'NONE', #3869, 2.125000000000001776 ) ;
#836 = DIRECTION ( 'NONE',  ( -1.000000000000000000, -0.000000000000000000, -0.000000000000000000 ) ) ;
#837 = CARTESIAN_POINT ( 'NONE',  ( 5.502198252831507652, 10.99998799999999832, 72.01733547367871324 ) ) ;
#838 = DIRECTION ( 'NONE',  ( -0.000000000000000000, 1.000000000000000000, -0.000000000000000000 ) ) ;
#839 = DIRECTION ( 'NONE',  ( 8.833166448866688765E-17, 0.000000000000000000, 1.000000000000000000 ) ) ;
#840 = ORIENTED_EDGE ( 'NONE', *, *, #244, .F. ) ;
#841 = VECTOR ( 'NONE', #2085, 1000.000000000000000 ) ;
#842 = CARTESIAN_POINT ( 'NONE',  ( 10.00000000000000355, 13.00000000000000000, 71.55499999999993577 ) ) ;
#843 = AXIS2_PLACEMENT_3D ( 'NONE', #1332, #2291, #2669 ) ;
#844 = CARTESIAN_POINT ( 'NONE',  ( -26.94000000000001194, 23.00000000000000000, -70.05500000000002103 ) ) ;
#845 = CARTESIAN_POINT ( 'NONE',  ( 12.50000000000012079, 10.99999999999999645, -49.55500000000004235 ) ) ;
#846 = DIRECTION ( 'NONE',  ( -0.000000000000000000, -1.000000000000000000, -0.000000000000000000 ) ) ;
#847 = DIRECTION ( 'NONE',  ( 0.000000000000000000, 0.000000000000000000, 1.000000000000000000 ) ) ;
#848 = VERTEX_POINT ( 'NONE', #3471 ) ;
#849 = ORIENTED_EDGE ( 'NONE', *, *, #5866, .T. ) ;
#850 = ORIENTED_EDGE ( 'NONE', *, *, #4394, .F. ) ;
#851 = LINE ( 'NONE', #4061, #1584 ) ;
#852 = CARTESIAN_POINT ( 'NONE',  ( -26.64049541977133728, 11.00000000000000000, 59.55499999999999972 ) ) ;
#853 =( NAMED_UNIT ( * ) PLANE_ANGLE_UNIT ( ) SI_UNIT ( $, .RADIAN. ) );
#854 = EDGE_CURVE ( 'NONE', #331, #4693, #1276, .T. ) ;
#855 = CARTESIAN_POINT ( 'NONE',  ( -22.49999999999998224, 17.00000000000000000, 6.430000000000007709 ) ) ;
#856 = ORIENTED_EDGE ( 'NONE', *, *, #3214, .T. ) ;
#857 = ORIENTED_EDGE ( 'NONE', *, *, #2228, .T. ) ;
#858 = EDGE_CURVE ( 'NONE', #5789, #3209, #1180, .T. ) ;
#859 = EDGE_CURVE ( 'NONE', #4160, #3066, #4844, .T. ) ;
#860 = DIRECTION ( 'NONE',  ( -0.000000000000000000, -1.000000000000000000, -0.000000000000000000 ) ) ;
#861 = ADVANCED_FACE ( 'NONE', ( #303 ), #3447, .F. ) ;
#862 = DIRECTION ( 'NONE',  ( 0.000000000000000000, 0.000000000000000000, -1.000000000000000000 ) ) ;
#863 = CARTESIAN_POINT ( 'NONE',  ( -22.49999999999998224, 18.00000000000000000, 4.055000000000005933 ) ) ;
#864 = EDGE_LOOP ( 'NONE', ( #5035, #4075, #1885, #2212 ) ) ;
#865 = ORIENTED_EDGE ( 'NONE', *, *, #4589, .T. ) ;
#866 = EDGE_CURVE ( 'NONE', #1336, #4046, #5258, .T. ) ;
#867 = CARTESIAN_POINT ( 'NONE',  ( 22.50000000000001066, 17.00000000000000000, 8.555000000000006821 ) ) ;
#868 = CARTESIAN_POINT ( 'NONE',  ( 5.899771129515589685, 10.99998799999999832, 73.19140122606337684 ) ) ;
#869 = CARTESIAN_POINT ( 'NONE',  ( 22.50000000000000711, 11.00000000000000000, 68.55500000000000682 ) ) ;
#870 = ORIENTED_EDGE ( 'NONE', *, *, #1611, .T. ) ;
#871 = DIRECTION ( 'NONE',  ( 0.000000000000000000, -1.000000000000000000, 0.000000000000000000 ) ) ;
#872 = DIRECTION ( 'NONE',  ( 0.000000000000000000, 0.000000000000000000, 1.000000000000000000 ) ) ;
#873 = CARTESIAN_POINT ( 'NONE',  ( -12.76239797598386083, 10.99999999999999289, -53.55500000000002103 ) ) ;
#874 = CARTESIAN_POINT ( 'NONE',  ( -9.999999999999998224, 13.00000000000000000, 67.55499999999999261 ) ) ;
#875 = DIRECTION ( 'NONE',  ( 0.000000000000000000, 0.000000000000000000, 1.000000000000000000 ) ) ;
#876 = EDGE_LOOP ( 'NONE', ( #20, #3294, #765, #4898 ) ) ;
#877 = VERTEX_POINT ( 'NONE', #3000 ) ;
#878 = CYLINDRICAL_SURFACE ( 'NONE', #4340, 4.999999999999997335 ) ;
#879 = CARTESIAN_POINT ( 'NONE',  ( -33.38999999999999346, -152.0796411894638993, 70.05499999999999261 ) ) ;
#880 = DIRECTION ( 'NONE',  ( -0.000000000000000000, -1.000000000000000000, -0.000000000000000000 ) ) ;
#881 = LINE ( 'NONE', #1425, #360 ) ;
#882 = VERTEX_POINT ( 'NONE', #3919 ) ;
#883 = VERTEX_POINT ( 'NONE', #2495 ) ;
#884 = EDGE_CURVE ( 'NONE', #1886, #5490, #2894, .T. ) ;
#885 = DIRECTION ( 'NONE',  ( 0.000000000000000000, 0.000000000000000000, -1.000000000000000000 ) ) ;
#886 = DIRECTION ( 'NONE',  ( -0.7071067811865512365, 0.7071067811865439090, 9.368987843014745605E-17 ) ) ;
#887 = DIRECTION ( 'NONE',  ( -0.000000000000000000, 1.000000000000000000, -0.000000000000000000 ) ) ;
#888 = VERTEX_POINT ( 'NONE', #5205 ) ;
#889 = EDGE_CURVE ( 'NONE', #1745, #2727, #1130, .T. ) ;
#890 = EDGE_LOOP ( 'NONE', ( #460, #2771, #3984, #584 ) ) ;
#891 = DIRECTION ( 'NONE',  ( 0.000000000000000000, -1.000000000000000000, 0.000000000000000000 ) ) ;
#892 = PLANE ( 'NONE',  #3117 ) ;
#893 = ORIENTED_EDGE ( 'NONE', *, *, #1943, .F. ) ;
#894 = LINE ( 'NONE', #3516, #1955 ) ;
#895 = VECTOR ( 'NONE', #1659, 1000.000000000000000 ) ;
#896 = PLANE ( 'NONE',  #550 ) ;
#897 = FACE_OUTER_BOUND ( 'NONE', #4605, .T. ) ;
#898 = LINE ( 'NONE', #874, #553 ) ;
#899 = DIRECTION ( 'NONE',  ( -0.000000000000000000, -1.000000000000000000, -0.000000000000000000 ) ) ;
#900 = ORIENTED_EDGE ( 'NONE', *, *, #2521, .T. ) ;
#901 = VECTOR ( 'NONE', #2537, 1000.000000000000114 ) ;
#902 = EDGE_CURVE ( 'NONE', #1710, #2494, #743, .T. ) ;
#903 = CARTESIAN_POINT ( 'NONE',  ( 26.63995126535550284, 12.00000000000005862, -44.55490477169965402 ) ) ;
#904 = CARTESIAN_POINT ( 'NONE',  ( 26.63995126535550284, 22.35000000000000142, -44.55490477169965402 ) ) ;
#905 = CARTESIAN_POINT ( 'NONE',  ( 13.02194494116033319, 10.99999999999999645, 34.66272398817996248 ) ) ;
#906 = AXIS2_PLACEMENT_3D ( 'NONE', #2231, #1274, #3563 ) ;
#907 = VERTEX_POINT ( 'NONE', #445 ) ;
#908 = VERTEX_POINT ( 'NONE', #5346 ) ;
#909 = ADVANCED_FACE ( 'NONE', ( #4423 ), #2194, .F. ) ;
#910 = AXIS2_PLACEMENT_3D ( 'NONE', #1262, #1686, #3496 ) ;
#911 = LINE ( 'NONE', #2639, #1092 ) ;
#912 = CYLINDRICAL_SURFACE ( 'NONE', #281, 4.500000000000001776 ) ;
#913 = AXIS2_PLACEMENT_3D ( 'NONE', #3762, #2427, #2488 ) ;
#914 = LINE ( 'NONE', #1060, #1797 ) ;
#915 = VERTEX_POINT ( 'NONE', #2602 ) ;
#916 = AXIS2_PLACEMENT_3D ( 'NONE', #1160, #2976, #4791 ) ;
#917 = CONICAL_SURFACE ( 'NONE', #3009, 6.500000000000005329, 0.7853981633974447263 ) ;
#918 = ORIENTED_EDGE ( 'NONE', *, *, #5019, .T. ) ;
#919 = DIRECTION ( 'NONE',  ( -1.000000000000000000, -0.000000000000000000, -0.000000000000000000 ) ) ;
#920 = VECTOR ( 'NONE', #1083, 1000.000000000000000 ) ;
#921 = CARTESIAN_POINT ( 'NONE',  ( -12.49999999999992895, 13.00000000000000000, 32.55499999999999972 ) ) ;
#922 = VECTOR ( 'NONE', #2598, 1000.000000000000000 ) ;
#923 = EDGE_LOOP ( 'NONE', ( #613, #3780, #78, #1426, #4098, #1627, #3215, #1993 ) ) ;
#924 = ORIENTED_EDGE ( 'NONE', *, *, #1607, .T. ) ;
#925 = EDGE_CURVE ( 'NONE', #1190, #3667, #3649, .T. ) ;
#926 = VECTOR ( 'NONE', #1708, 1000.000000000000000 ) ;
#927 = DIRECTION ( 'NONE',  ( 0.000000000000000000, 0.000000000000000000, -1.000000000000000000 ) ) ;
#928 = FACE_OUTER_BOUND ( 'NONE', #1741, .T. ) ;
#929 = CARTESIAN_POINT ( 'NONE',  ( -31.44000000000000838, 23.00000000000000000, -70.05500000000002103 ) ) ;
#930 = CARTESIAN_POINT ( 'NONE',  ( 14.50000000000011191, 12.99999999999999645, -55.55500000000002814 ) ) ;
#931 = AXIS2_PLACEMENT_3D ( 'NONE', #1462, #4134, #2267 ) ;
#932 = LINE ( 'NONE', #3699, #1870 ) ;
#933 = ORIENTED_EDGE ( 'NONE', *, *, #1917, .F. ) ;
#934 = EDGE_LOOP ( 'NONE', ( #5230, #5009, #1957, #1041 ) ) ;
#935 = AXIS2_PLACEMENT_3D ( 'NONE', #4093, #2483, #4357 ) ;
#936 = CIRCLE ( 'NONE', #5125, 2.125000000000001776 ) ;
#937 = DIRECTION ( 'NONE',  ( -2.312964634635742957E-16, 0.000000000000000000, -1.000000000000000000 ) ) ;
#938 = DIRECTION ( 'NONE',  ( -0.000000000000000000, 1.000000000000000000, -0.000000000000000000 ) ) ;
#939 = DIRECTION ( 'NONE',  ( -0.000000000000000000, 1.000000000000000000, -0.000000000000000000 ) ) ;
#940 = FACE_BOUND ( 'NONE', #690, .T. ) ;
#941 = DIRECTION ( 'NONE',  ( 0.000000000000000000, 0.000000000000000000, 1.000000000000000000 ) ) ;
#942 = ORIENTED_EDGE ( 'NONE', *, *, #3422, .T. ) ;
#943 = ORIENTED_EDGE ( 'NONE', *, *, #5207, .F. ) ;
#944 = ADVANCED_FACE ( 'NONE', ( #329 ), #4032, .F. ) ;
#945 = LINE ( 'NONE', #67, #1572 ) ;
#946 = DIRECTION ( 'NONE',  ( 9.904923137402366883E-17, 0.000000000000000000, 1.000000000000000000 ) ) ;
#947 = CYLINDRICAL_SURFACE ( 'NONE', #5602, 1.600000000000011191 ) ;
#948 = CARTESIAN_POINT ( 'NONE',  ( -26.63995126535550284, 12.00000000000005862, -44.55490477169965402 ) ) ;
#949 = ORIENTED_EDGE ( 'NONE', *, *, #3976, .F. ) ;
#950 = EDGE_LOOP ( 'NONE', ( #2578, #513 ) ) ;
#951 = FACE_OUTER_BOUND ( 'NONE', #3583, .T. ) ;
#952 = CARTESIAN_POINT ( 'NONE',  ( 33.38999999999999346, 23.00000000000000000, 70.05500000000000682 ) ) ;
#953 = CARTESIAN_POINT ( 'NONE',  ( 13.02202945409748835, 10.99999999999999112, -47.66283544631628644 ) ) ;
#954 = ORIENTED_EDGE ( 'NONE', *, *, #1684, .F. ) ;
#955 = ORIENTED_EDGE ( 'NONE', *, *, #4394, .T. ) ;
#956 = CARTESIAN_POINT ( 'NONE',  ( -12.76239797598390346, 10.99999999999999467, -55.55500000000004945 ) ) ;
#957 = EDGE_CURVE ( 'NONE', #2780, #3555, #911, .T. ) ;
#958 = EDGE_CURVE ( 'NONE', #5493, #4193, #5847, .T. ) ;
#960 = CARTESIAN_POINT ( 'NONE',  ( -26.63995126535550284, 22.35000000000000142, -44.55490477169965402 ) ) ;
#959 = PRODUCT_DEFINITION_CONTEXT ( 'detailed design', #825, 'design' ) ;
#961 = LINE ( 'NONE', #3186, #1977 ) ;
#962 = CARTESIAN_POINT ( 'NONE',  ( 31.44000000000000128, 23.00000000000000000, 70.05500000000000682 ) ) ;
#963 = ADVANCED_FACE ( 'NONE', ( #5792 ), #1786, .F. ) ;
#964 = DIRECTION ( 'NONE',  ( 1.000000000000000000, 0.000000000000000000, -0.000000000000000000 ) ) ;
#965 = ORIENTED_EDGE ( 'NONE', *, *, #2414, .F. ) ;
#966 = EDGE_CURVE ( 'NONE', #4951, #2568, #336, .T. ) ;
#967 = ORIENTED_EDGE ( 'NONE', *, *, #189, .F. ) ;
#968 = PLANE ( 'NONE',  #1201 ) ;
#969 = CARTESIAN_POINT ( 'NONE',  ( 31.43999999999999417, -57.02640140948316372, -34.94500000000000739 ) ) ;
#970 = DIRECTION ( 'NONE',  ( -0.000000000000000000, -1.000000000000000000, -0.000000000000000000 ) ) ;
#971 = CARTESIAN_POINT ( 'NONE',  ( 26.93999999999998352, 11.00000000000000000, -70.05500000000000682 ) ) ;
#972 = DIRECTION ( 'NONE',  ( 0.000000000000000000, 0.000000000000000000, 1.000000000000000000 ) ) ;
#973 = ORIENTED_EDGE ( 'NONE', *, *, #2277, .T. ) ;
#974 = ORIENTED_EDGE ( 'NONE', *, *, #2909, .T. ) ;
#975 = DIRECTION ( 'NONE',  ( 0.000000000000000000, 0.7071067811865499042, -0.7071067811865451302 ) ) ;
#976 = CARTESIAN_POINT ( 'NONE',  ( -26.93999999999999773, -152.0796411894638993, 70.05500000000000682 ) ) ;
#977 = ORIENTED_EDGE ( 'NONE', *, *, #532, .F. ) ;
#978 = EDGE_LOOP ( 'NONE', ( #3426, #3149, #4458, #3169 ) ) ;
#979 = ADVANCED_FACE ( 'NONE', ( #1721 ), #4029, .F. ) ;
#980 = DIRECTION ( 'NONE',  ( -1.000000000000000000, 0.000000000000000000, -3.558407130208821635E-15 ) ) ;
#981 = DIRECTION ( 'NONE',  ( -0.000000000000000000, 1.000000000000000000, 0.000000000000000000 ) ) ;
#982 = LINE ( 'NONE', #113, #563 ) ;
#983 = ORIENTED_EDGE ( 'NONE', *, *, #2474, .T. ) ;
#984 = ORIENTED_EDGE ( 'NONE', *, *, #3145, .T. ) ;
#985 = EDGE_CURVE ( 'NONE', #1496, #81, #4069, .T. ) ;
#986 = LINE ( 'NONE', #2773, #4897 ) ;
#987 = CARTESIAN_POINT ( 'NONE',  ( -15.04050172409921515, 19.50000000000000000, 59.78393958836383604 ) ) ;
#988 = CARTESIAN_POINT ( 'NONE',  ( 31.44000000000000128, 14.99999999999999289, 37.05499999999999261 ) ) ;
#989 = CARTESIAN_POINT ( 'NONE',  ( 13.29958940190084959, 10.99999999999999467, 40.16963393480727262 ) ) ;
#990 = LINE ( 'NONE', #2365, #2247 ) ;
#991 = ORIENTED_EDGE ( 'NONE', *, *, #866, .F. ) ;
#992 = EDGE_CURVE ( 'NONE', #4960, #1481, #5175, .T. ) ;
#993 = CIRCLE ( 'NONE', #4331, 4.499999999999990230 ) ;
#994 = VERTEX_POINT ( 'NONE', #828 ) ;
#995 = CARTESIAN_POINT ( 'NONE',  ( -14.49999999999987566, 12.99999999999999822, -51.55500000000004945 ) ) ;
#996 = CARTESIAN_POINT ( 'NONE',  ( 26.64049541977133728, 33.66370849898476791, 63.55499999999999972 ) ) ;
#997 = CARTESIAN_POINT ( 'NONE',  ( 14.50000000000012079, 12.99999999999999645, 38.55500000000001393 ) ) ;
#998 = DIRECTION ( 'NONE',  ( 0.000000000000000000, -0.000000000000000000, 1.000000000000000000 ) ) ;
#999 = ORIENTED_EDGE ( 'NONE', *, *, #2605, .F. ) ;
#1000 = CARTESIAN_POINT ( 'NONE',  ( -21.64049541977133728, 18.00000000000000000, 64.13784572642452986 ) ) ;
#1001 = ORIENTED_EDGE ( 'NONE', *, *, #804, .T. ) ;
#1002 = ORIENTED_EDGE ( 'NONE', *, *, #4514, .T. ) ;
#1003 = CARTESIAN_POINT ( 'NONE',  ( -15.04050172409921515, 19.50000000000000000, 64.94780718755065152 ) ) ;
#1004 = CARTESIAN_POINT ( 'NONE',  ( 13.00000000000000533, 13.00000000000000000, 74.55499999999999261 ) ) ;
#1005 = CARTESIAN_POINT ( 'NONE',  ( -5.899771129515601231, 10.99998799999999832, 74.01606929763069331 ) ) ;
#1006 = VERTEX_POINT ( 'NONE', #3144 ) ;
#1007 = VECTOR ( 'NONE', #76, 1000.000000000000114 ) ;
#1008 = ORIENTED_EDGE ( 'NONE', *, *, #1064, .T. ) ;
#1009 = VECTOR ( 'NONE', #4269, 1000.000000000000000 ) ;
#1010 = CARTESIAN_POINT ( 'NONE',  ( -5.000000000000002665, -0.4499999999999990119, 78.00500000000000966 ) ) ;
#1011 = VECTOR ( 'NONE', #2185, 1000.000000000000000 ) ;
#1012 = DIRECTION ( 'NONE',  ( 0.7071067811865500152, 0.7071067811865451302, -6.245991895343152232E-17 ) ) ;
#1013 = ORIENTED_EDGE ( 'NONE', *, *, #662, .F. ) ;
#1014 = AXIS2_PLACEMENT_3D ( 'NONE', #2233, #309, #1729 ) ;
#1015 = CONICAL_SURFACE ( 'NONE', #80, 2.124999999999999112, 0.7853981633974405074 ) ;
#1016 = ORIENTED_EDGE ( 'NONE', *, *, #2436, .T. ) ;
#1017 = CARTESIAN_POINT ( 'NONE',  ( 31.43999999999999417, 14.99999999999999289, -34.94500000000000739 ) ) ;
#1018 = CONICAL_SURFACE ( 'NONE', #456, 2.125000000000001776, 0.7853981633974400633 ) ;
#1019 = CARTESIAN_POINT ( 'NONE',  ( -26.94000000000001194, 23.00000000000000000, -74.55500000000002103 ) ) ;
#1020 = DIRECTION ( 'NONE',  ( -0.000000000000000000, -1.000000000000000000, -0.000000000000000000 ) ) ;
#1021 = DIRECTION ( 'NONE',  ( 0.000000000000000000, 0.000000000000000000, -1.000000000000000000 ) ) ;
#1022 = ORIENTED_EDGE ( 'NONE', *, *, #684, .F. ) ;
#1023 = VECTOR ( 'NONE', #939, 1000.000000000000000 ) ;
#1024 = ORIENTED_EDGE ( 'NONE', *, *, #206, .T. ) ;
#1025 = AXIS2_PLACEMENT_3D ( 'NONE', #3565, #3008, #3453 ) ;
#1026 = CARTESIAN_POINT ( 'NONE',  ( -6.500000000000002665, 13.00000000000000000, 67.55499999999999261 ) ) ;
#1027 = CARTESIAN_POINT ( 'NONE',  ( 14.50000000000002487, 10.99999999999998046, -59.55500000000000682 ) ) ;
#1028 = CARTESIAN_POINT ( 'NONE',  ( 12.50000000000007994, 12.99999999999999822, 38.55499999999997840 ) ) ;
#1029 = LINE ( 'NONE', #1982, #3867 ) ;
#1030 = DIRECTION ( 'NONE',  ( -1.239088197126289831E-16, -0.000000000000000000, -1.000000000000000000 ) ) ;
#1031 = VERTEX_POINT ( 'NONE', #1812 ) ;
#1032 = ORIENTED_EDGE ( 'NONE', *, *, #74, .T. ) ;
#1033 = AXIS2_PLACEMENT_3D ( 'NONE', #5290, #2670, #5416 ) ;
#1034 = LINE ( 'NONE', #1456, #1471 ) ;
#1035 = ADVANCED_FACE ( 'NONE', ( #4460 ), #4961, .F. ) ;
#1036 = PRODUCT_DEFINITION_FORMATION_WITH_SPECIFIED_SOURCE ( 'ANY', '', #3361, .NOT_KNOWN. ) ;
#1037 = DIRECTION ( 'NONE',  ( 0.000000000000000000, 1.000000000000000000, 0.000000000000000000 ) ) ;
#1038 = VERTEX_POINT ( 'NONE', #2693 ) ;
#1039 = EDGE_CURVE ( 'NONE', #116, #44, #3618, .T. ) ;
#1040 = EDGE_CURVE ( 'NONE', #321, #2943, #3172, .T. ) ;
#1041 = ORIENTED_EDGE ( 'NONE', *, *, #1056, .F. ) ;
#1042 = ADVANCED_FACE ( 'NONE', ( #2130 ), #5380, .F. ) ;
#1043 = CARTESIAN_POINT ( 'NONE',  ( -26.63995126535550284, 12.00000000000005862, -40.55490477169965402 ) ) ;
#1044 = FACE_BOUND ( 'NONE', #156, .T. ) ;
#1045 = FACE_OUTER_BOUND ( 'NONE', #934, .T. ) ;
#1046 = ORIENTED_EDGE ( 'NONE', *, *, #854, .F. ) ;
#1047 = ORIENTED_EDGE ( 'NONE', *, *, #5862, .T. ) ;
#1048 = EDGE_CURVE ( 'NONE', #1506, #132, #3118, .T. ) ;
#1049 = DIRECTION ( 'NONE',  ( -1.000000000000000000, 0.000000000000000000, 0.000000000000000000 ) ) ;
#1050 = DIRECTION ( 'NONE',  ( 0.000000000000000000, 0.000000000000000000, -1.000000000000000000 ) ) ;
#1051 = CYLINDRICAL_SURFACE ( 'NONE', #4730, 4.499999999999990230 ) ;
#1052 = DIRECTION ( 'NONE',  ( 0.000000000000000000, 1.000000000000000000, 0.000000000000000000 ) ) ;
#1053 = ORIENTED_EDGE ( 'NONE', *, *, #925, .F. ) ;
#1054 = ADVANCED_FACE ( 'NONE', ( #790 ), #3257, .F. ) ;
#1055 = VERTEX_POINT ( 'NONE', #575 ) ;
#1056 = EDGE_CURVE ( 'NONE', #4637, #4413, #945, .T. ) ;
#1057 = LINE ( 'NONE', #3793, #1698 ) ;
#1058 = DIRECTION ( 'NONE',  ( -1.000000000000000000, 0.000000000000000000, 0.000000000000000000 ) ) ;
#1059 = FACE_OUTER_BOUND ( 'NONE', #1122, .T. ) ;
#1060 = CARTESIAN_POINT ( 'NONE',  ( 31.43999999999999417, 13.00000000000000000, -49.55490477169965402 ) ) ;
#1061 = DIRECTION ( 'NONE',  ( 0.000000000000000000, 0.000000000000000000, -1.000000000000000000 ) ) ;
#1062 = VERTEX_POINT ( 'NONE', #1003 ) ;
#1063 = ORIENTED_EDGE ( 'NONE', *, *, #1395, .F. ) ;
#1064 = EDGE_CURVE ( 'NONE', #3246, #132, #2229, .T. ) ;
#1065 = CARTESIAN_POINT ( 'NONE',  ( 26.93999999999998352, 23.00000000000000000, -74.55500000000000682 ) ) ;
#1066 = DIRECTION ( 'NONE',  ( -0.000000000000000000, 0.000000000000000000, -1.000000000000000000 ) ) ;
#1067 = ORIENTED_EDGE ( 'NONE', *, *, #1706, .T. ) ;
#1068 = EDGE_CURVE ( 'NONE', #2289, #4671, #2316, .T. ) ;
#1069 = DIRECTION ( 'NONE',  ( 0.000000000000000000, 1.000000000000000000, 0.000000000000000000 ) ) ;
#1070 = DIRECTION ( 'NONE',  ( 1.000000000000000000, 0.000000000000000000, -0.000000000000000000 ) ) ;
#1071 = CARTESIAN_POINT ( 'NONE',  ( -12.49999999999997158, 13.00000000000000000, 30.55499999999997485 ) ) ;
#1072 = ORIENTED_EDGE ( 'NONE', *, *, #1499, .T. ) ;
#1073 = ORIENTED_EDGE ( 'NONE', *, *, #2300, .T. ) ;
#1074 = CARTESIAN_POINT ( 'NONE',  ( -12.49999999999995026, 10.99999999999998224, -57.55500000000002814 ) ) ;
#1075 = EDGE_CURVE ( 'NONE', #1940, #214, #5598, .T. ) ;
#1076 = DIRECTION ( 'NONE',  ( 0.000000000000000000, -1.000000000000000000, 0.000000000000000000 ) ) ;
#1077 = PLANE ( 'NONE',  #2828 ) ;
#1078 = CARTESIAN_POINT ( 'NONE',  ( -31.43999999999999417, 22.35000000000000142, 70.05499999999999261 ) ) ;
#1079 = EDGE_LOOP ( 'NONE', ( #4966, #5788 ) ) ;
#1080 = ORIENTED_EDGE ( 'NONE', *, *, #2579, .F. ) ;
#1081 = CARTESIAN_POINT ( 'NONE',  ( 12.50000000000004086, 13.00000000000000000, 34.55499999999997129 ) ) ;
#1082 = CARTESIAN_POINT ( 'NONE',  ( 15.04050172409921515, 11.99999999999994849, 59.78393958836383604 ) ) ;
#1083 = DIRECTION ( 'NONE',  ( -0.000000000000000000, 1.000000000000000000, -0.000000000000000000 ) ) ;
#1084 = DIRECTION ( 'NONE',  ( 1.000000000000000000, 0.000000000000000000, -0.000000000000000000 ) ) ;
#1085 = ORIENTED_EDGE ( 'NONE', *, *, #2896, .F. ) ;
#1086 = CARTESIAN_POINT ( 'NONE',  ( 15.04050172409921515, 11.00000000000000000, 57.78393958836389288 ) ) ;
#1087 = ORIENTED_EDGE ( 'NONE', *, *, #1075, .F. ) ;
#1088 = EDGE_CURVE ( 'NONE', #5815, #788, #4126, .T. ) ;
#1089 = ORIENTED_EDGE ( 'NONE', *, *, #662, .T. ) ;
#1090 = DIRECTION ( 'NONE',  ( -0.000000000000000000, -1.000000000000000000, -0.000000000000000000 ) ) ;
#1091 = DIRECTION ( 'NONE',  ( -0.000000000000000000, 1.000000000000000000, -0.000000000000000000 ) ) ;
#1092 = VECTOR ( 'NONE', #2668, 1000.000000000000000 ) ;
#1093 = CARTESIAN_POINT ( 'NONE',  ( -21.64049541977133728, 22.35000000000000142, 74.55499999999999261 ) ) ;
#1094 = EDGE_LOOP ( 'NONE', ( #4848, #5509, #672, #4932 ) ) ;
#1095 = EDGE_CURVE ( 'NONE', #5595, #5836, #4221, .T. ) ;
#1096 = VECTOR ( 'NONE', #5036, 1000.000000000000114 ) ;
#1097 = DIRECTION ( 'NONE',  ( 0.000000000000000000, -1.000000000000000000, 0.000000000000000000 ) ) ;
#1098 = DIRECTION ( 'NONE',  ( 0.000000000000000000, 0.000000000000000000, -1.000000000000000000 ) ) ;
#1099 = AXIS2_PLACEMENT_3D ( 'NONE', #4679, #981, #1403 ) ;
#1100 = ORIENTED_EDGE ( 'NONE', *, *, #2237, .T. ) ;
#1101 = VERTEX_POINT ( 'NONE', #2378 ) ;
#1102 = VECTOR ( 'NONE', #1828, 1000.000000000000000 ) ;
#1103 = CARTESIAN_POINT ( 'NONE',  ( 21.64049541977133728, 22.35000000000000142, 74.55499999999999261 ) ) ;
#1104 = ADVANCED_FACE ( 'NONE', ( #3239 ), #1390, .F. ) ;
#1105 = CONICAL_SURFACE ( 'NONE', #4428, 6.500000000000005329, 0.7853981633974431720 ) ;
#1106 = DIRECTION ( 'NONE',  ( 0.000000000000000000, 0.000000000000000000, 1.000000000000000000 ) ) ;
#1107 = AXIS2_PLACEMENT_3D ( 'NONE', #2840, #2390, #172 ) ;
#1108 = CARTESIAN_POINT ( 'NONE',  ( -22.49999999999998224, 17.00000000000000000, 10.68000000000000504 ) ) ;
#1109 = CARTESIAN_POINT ( 'NONE',  ( -31.44000000000000838, 23.00000000000000000, 10.27499999999997904 ) ) ;
#1110 = VERTEX_POINT ( 'NONE', #5505 ) ;
#1111 = ADVANCED_FACE ( 'NONE', ( #4099 ), #1429, .F. ) ;
#1112 = AXIS2_PLACEMENT_3D ( 'NONE', #1540, #5135, #5617 ) ;
#1113 = CARTESIAN_POINT ( 'NONE',  ( -15.04050172409921515, 13.00000000000000000, 64.94780718755065152 ) ) ;
#1114 = AXIS2_PLACEMENT_3D ( 'NONE', #1974, #1504, #3786 ) ;
#1115 = EDGE_CURVE ( 'NONE', #3656, #2490, #3301, .T. ) ;
#1116 = CARTESIAN_POINT ( 'NONE',  ( 12.50000000000012079, 13.00000000000000000, -49.55500000000002814 ) ) ;
#1117 = CARTESIAN_POINT ( 'NONE',  ( 12.50000000000011546, 11.00000000000000000, -47.55500000000005656 ) ) ;
#1118 = DIRECTION ( 'NONE',  ( 0.000000000000000000, 0.000000000000000000, 1.000000000000000000 ) ) ;
#1119 = CARTESIAN_POINT ( 'NONE',  ( 33.38999999999998636, 23.00000000000000000, -70.05500000000000682 ) ) ;
#1120 = AXIS2_PLACEMENT_3D ( 'NONE', #4921, #5497, #5557 ) ;
#1121 = CARTESIAN_POINT ( 'NONE',  ( -26.63995126535550284, 19.35000000000000142, -48.55490477169966113 ) ) ;
#1122 = EDGE_LOOP ( 'NONE', ( #4502, #4761, #4868, #2561 ) ) ;
#1123 = ORIENTED_EDGE ( 'NONE', *, *, #4067, .F. ) ;
#1124 = EDGE_CURVE ( 'NONE', #5073, #5067, #4606, .T. ) ;
#1125 = CARTESIAN_POINT ( 'NONE',  ( 12.49999999999999467, 13.00000000000000000, -63.55500000000002814 ) ) ;
#1126 = VERTEX_POINT ( 'NONE', #537 ) ;
#1127 = CIRCLE ( 'NONE', #3024, 5.163867599186813706 ) ;
#1128 = EDGE_CURVE ( 'NONE', #3450, #4726, #2345, .T. ) ;
#1129 = VECTOR ( 'NONE', #3796, 1000.000000000000000 ) ;
#1130 = LINE ( 'NONE', #1996, #5264 ) ;
#1131 = APPLICATION_CONTEXT ( 'automotive_design' ) ;
#1132 = CARTESIAN_POINT ( 'NONE',  ( 33.38999999999999346, 14.99999999999998579, 70.05500000000000682 ) ) ;
#1133 = ORIENTED_EDGE ( 'NONE', *, *, #637, .F. ) ;
#1134 = CARTESIAN_POINT ( 'NONE',  ( -15.04050172409921515, 19.50000000000000000, 59.78393958836383604 ) ) ;
#1135 = LINE ( 'NONE', #2026, #3478 ) ;
#1136 = DIRECTION ( 'NONE',  ( -0.000000000000000000, 1.000000000000000000, 0.000000000000000000 ) ) ;
#1137 = LINE ( 'NONE', #4770, #1878 ) ;
#1138 = LINE ( 'NONE', #338, #2613 ) ;
#1139 = EDGE_LOOP ( 'NONE', ( #5447, #1998, #525, #3841, #1080, #5311 ) ) ;
#1140 = EDGE_CURVE ( 'NONE', #5349, #3359, #1034, .T. ) ;
#1141 = CARTESIAN_POINT ( 'NONE',  ( -35.44000000000000483, 11.00000000000000000, 36.55499999999999261 ) ) ;
#1142 = DIRECTION ( 'NONE',  ( 0.000000000000000000, 0.000000000000000000, 1.000000000000000000 ) ) ;
#1143 = CARTESIAN_POINT ( 'NONE',  ( 22.50000000000001066, 18.00000000000000000, 8.555000000000006821 ) ) ;
#1144 = FACE_OUTER_BOUND ( 'NONE', #2524, .T. ) ;
#1145 = CARTESIAN_POINT ( 'NONE',  ( 2.749771129515610646, 11.00000000000000000, 70.45373526184702939 ) ) ;
#1146 = ORIENTED_EDGE ( 'NONE', *, *, #2086, .F. ) ;
#1147 = EDGE_CURVE ( 'NONE', #994, #1110, #601, .T. ) ;
#1148 = ORIENTED_EDGE ( 'NONE', *, *, #2394, .F. ) ;
#1149 = CARTESIAN_POINT ( 'NONE',  ( -12.49999999999999289, 10.99999999999999645, -61.55500000000004235 ) ) ;
#1150 = DIRECTION ( 'NONE',  ( -0.000000000000000000, 1.000000000000000000, -0.000000000000000000 ) ) ;
#1151 = CARTESIAN_POINT ( 'NONE',  ( -12.49999999999988809, 13.00000000000000000, 36.55500000000002103 ) ) ;
#1152 = LINE ( 'NONE', #2493, #2160 ) ;
#1153 = EDGE_LOOP ( 'NONE', ( #4647, #823, #272, #5131 ) ) ;
#1154 = LINE ( 'NONE', #274, #3293 ) ;
#1155 = CARTESIAN_POINT ( 'NONE',  ( 26.63995126535550284, 0.000000000000000000, -42.95490477169965260 ) ) ;
#1156 = DIRECTION ( 'NONE',  ( 8.659560562354914369E-17, -0.7071067811865490160, 0.7071067811865460184 ) ) ;
#1157 = EDGE_LOOP ( 'NONE', ( #4544, #2751, #5268, #2018 ) ) ;
#1158 = ADVANCED_FACE ( 'NONE', ( #2404 ), #1485, .F. ) ;
#1159 = DIRECTION ( 'NONE',  ( -1.000000000000000000, 0.000000000000000000, -1.957927173788721102E-16 ) ) ;
#1160 = CARTESIAN_POINT ( 'NONE',  ( 22.50000000000001066, 17.00000000000000000, 8.555000000000006821 ) ) ;
#1161 = CARTESIAN_POINT ( 'NONE',  ( 15.04050172409921515, 13.00000000000000000, 54.62007198917702766 ) ) ;
#1162 = DIRECTION ( 'NONE',  ( 0.000000000000000000, -1.000000000000000000, 0.000000000000000000 ) ) ;
#1163 = CARTESIAN_POINT ( 'NONE',  ( -12.49999999999992895, 13.00000000000000000, 32.55499999999999972 ) ) ;
#1164 = ORIENTED_EDGE ( 'NONE', *, *, #957, .F. ) ;
#1165 = ADVANCED_FACE ( 'NONE', ( #4548 ), #2290, .F. ) ;
#1166 = EDGE_CURVE ( 'NONE', #1062, #58, #5167, .T. ) ;
#1167 = ORIENTED_EDGE ( 'NONE', *, *, #3714, .F. ) ;
#1168 = CARTESIAN_POINT ( 'NONE',  ( -12.49999999999997158, 12.99999999999999822, 28.55499999999999616 ) ) ;
#1169 = CARTESIAN_POINT ( 'NONE',  ( 12.50000000000012257, 11.00000000000000000, 44.55499999999997129 ) ) ;
#1170 = AXIS2_PLACEMENT_3D ( 'NONE', #1206, #3027, #4026 ) ;
#1171 = PLANE ( 'NONE',  #2257 ) ;
#1172 = EDGE_CURVE ( 'NONE', #5785, #2606, #1990, .T. ) ;
#1173 = FACE_OUTER_BOUND ( 'NONE', #2543, .T. ) ;
#1174 = EDGE_LOOP ( 'NONE', ( #2162, #1743 ) ) ;
#1175 = EDGE_LOOP ( 'NONE', ( #1377, #2184 ) ) ;
#1176 = CARTESIAN_POINT ( 'NONE',  ( 14.50000000000016342, 10.99999999999999645, 42.55499999999997840 ) ) ;
#1177 = DIRECTION ( 'NONE',  ( 0.000000000000000000, 0.000000000000000000, -1.000000000000000000 ) ) ;
#1178 = ORIENTED_EDGE ( 'NONE', *, *, #2222, .F. ) ;
#1179 = EDGE_CURVE ( 'NONE', #4097, #1931, #2992, .T. ) ;
#1180 = CIRCLE ( 'NONE', #3842, 2.124999999999998224 ) ;
#1181 = DIRECTION ( 'NONE',  ( -0.000000000000000000, -1.000000000000000000, -0.000000000000000000 ) ) ;
#1182 = DIRECTION ( 'NONE',  ( 1.324974967330003438E-16, 0.000000000000000000, 1.000000000000000000 ) ) ;
#1183 = VERTEX_POINT ( 'NONE', #2548 ) ;
#1184 = VECTOR ( 'NONE', #4202, 1000.000000000000000 ) ;
#1185 = FACE_OUTER_BOUND ( 'NONE', #2861, .T. ) ;
#1186 =( GEOMETRIC_REPRESENTATION_CONTEXT ( 3 ) GLOBAL_UNCERTAINTY_ASSIGNED_CONTEXT ( ( #3629 ) ) GLOBAL_UNIT_ASSIGNED_CONTEXT ( ( #5690, #2527, #282 ) ) REPRESENTATION_CONTEXT ( 'NONE', 'WORKASPACE' ) );
#1187 = CARTESIAN_POINT ( 'NONE',  ( -15.04050172409921515, 11.99999999999994849, 58.78393958836383604 ) ) ;
#1188 = CARTESIAN_POINT ( 'NONE',  ( -26.93999999999999773, -152.0796411894638993, 76.50500000000000966 ) ) ;
#1189 = DIRECTION ( 'NONE',  ( 1.000000000000000000, 0.000000000000000000, -8.833166448866688765E-17 ) ) ;
#1190 = VERTEX_POINT ( 'NONE', #2941 ) ;
#1191 = ADVANCED_FACE ( 'NONE', ( #216 ), #2113, .F. ) ;
#1192 = AXIS2_PLACEMENT_3D ( 'NONE', #1525, #4584, #4226 ) ;
#1193 = CARTESIAN_POINT ( 'NONE',  ( -31.43999999999999417, 22.35000000000000142, -49.55490477169965402 ) ) ;
#1194 = VECTOR ( 'NONE', #2141, 1000.000000000000000 ) ;
#1195 = CIRCLE ( 'NONE', #640, 6.449999999999997513 ) ;
#1196 = CARTESIAN_POINT ( 'NONE',  ( -9.999999999999998224, 23.00000000000000000, 67.55499999999999261 ) ) ;
#1197 = CARTESIAN_POINT ( 'NONE',  ( -12.49999999999995026, 13.00000000000000000, -59.55500000000002814 ) ) ;
#1198 = DIRECTION ( 'NONE',  ( 0.000000000000000000, 0.000000000000000000, 1.000000000000000000 ) ) ;
#1199 = CARTESIAN_POINT ( 'NONE',  ( 22.50000000000000711, 11.49999999999999645, 68.55500000000000682 ) ) ;
#1200 = ORIENTED_EDGE ( 'NONE', *, *, #5180, .T. ) ;
#1201 = AXIS2_PLACEMENT_3D ( 'NONE', #5043, #2499, #592 ) ;
#1202 = ORIENTED_EDGE ( 'NONE', *, *, #82, .F. ) ;
#1203 = VECTOR ( 'NONE', #3459, 1000.000000000000000 ) ;
#1204 = VECTOR ( 'NONE', #4384, 1000.000000000000114 ) ;
#1205 = CARTESIAN_POINT ( 'NONE',  ( -13.29970886751937087, 10.99999999999999467, -59.94049900087232885 ) ) ;
#1206 = CARTESIAN_POINT ( 'NONE',  ( -12.49999999999999822, 13.00000000000000000, -62.55500000000002814 ) ) ;
#1207 = LINE ( 'NONE', #2076, #3031 ) ;
#1208 = CONICAL_SURFACE ( 'NONE', #1785, 4.000000000000003553, 0.7853981633974552734 ) ;
#1209 = ORIENTED_EDGE ( 'NONE', *, *, #1651, .F. ) ;
#1210 = EDGE_LOOP ( 'NONE', ( #191, #1553, #4781, #1253 ) ) ;
#1211 = VECTOR ( 'NONE', #1230, 1000.000000000000000 ) ;
#1212 = EDGE_CURVE ( 'NONE', #4782, #5815, #4758, .T. ) ;
#1213 = EDGE_CURVE ( 'NONE', #205, #848, #2103, .T. ) ;
#1214 = CARTESIAN_POINT ( 'NONE',  ( -22.49999999999998224, 11.49999999999999645, 8.555000000000006821 ) ) ;
#1215 = ADVANCED_FACE ( 'NONE', ( #4729 ), #5679, .T. ) ;
#1216 = CIRCLE ( 'NONE', #2932, 5.000000000000073719 ) ;
#1217 = CARTESIAN_POINT ( 'NONE',  ( -15.04050172409921515, 22.32842712474619518, 60.78393958836383604 ) ) ;
#1218 = EDGE_LOOP ( 'NONE', ( #3154, #590, #2667, #2376, #3216, #5165, #255, #2772, #1356, #3701, #3803 ) ) ;
#1219 = EDGE_CURVE ( 'NONE', #882, #3683, #5163, .T. ) ;
#1220 = VERTEX_POINT ( 'NONE', #2492 ) ;
#1221 = CIRCLE ( 'NONE', #2940, 4.000000000000003553 ) ;
#1222 = DIRECTION ( 'NONE',  ( -1.000000000000000000, 0.000000000000000000, 0.000000000000000000 ) ) ;
#1223 = FACE_OUTER_BOUND ( 'NONE', #2851, .T. ) ;
#1224 = DIRECTION ( 'NONE',  ( 0.000000000000000000, 0.000000000000000000, -1.000000000000000000 ) ) ;
#1225 = ADVANCED_FACE ( 'NONE', ( #4784, #2016 ), #1570, .T. ) ;
#1226 = CARTESIAN_POINT ( 'NONE',  ( -33.39000000000001478, 23.00000000000000000, -70.05500000000002103 ) ) ;
#1227 = ORIENTED_EDGE ( 'NONE', *, *, #3889, .T. ) ;
#1228 = CARTESIAN_POINT ( 'NONE',  ( 31.43999999999999417, 19.99999999999999645, -34.94500000000000739 ) ) ;
#1229 = CARTESIAN_POINT ( 'NONE',  ( 15.04050172409921515, 11.99999999999994849, 58.78393958836383604 ) ) ;
#1230 = DIRECTION ( 'NONE',  ( -1.324974967330003438E-16, 0.000000000000000000, -1.000000000000000000 ) ) ;
#1231 = DIRECTION ( 'NONE',  ( 0.000000000000000000, 0.000000000000000000, -1.000000000000000000 ) ) ;
#1232 = DIRECTION ( 'NONE',  ( 1.485738470610355032E-16, 0.000000000000000000, 1.000000000000000000 ) ) ;
#1233 = B_SPLINE_CURVE_WITH_KNOTS ( 'NONE', 3,
 ( #5637, #3319, #2867, #5182, #120, #5130, #612, #2417, #4238, #3253, #642, #173, #3344, #2479 ),
 .UNSPECIFIED., .F., .F.,
 ( 4, 2, 2, 2, 2, 2, 4 ),
 ( 6.938893903907228378E-18, 0.0007844752485840194439, 0.001176712872876025696, 0.001568950497168031949, 0.001961188121460038201, 0.002353425745752044454, 0.003137900994336071704 ),
 .UNSPECIFIED. ) ;
#1234 = ORIENTED_EDGE ( 'NONE', *, *, #74, .F. ) ;
#1235 = VERTEX_POINT ( 'NONE', #4334 ) ;
#1236 = ADVANCED_FACE ( 'NONE', ( #3419 ), #5623, .F. ) ;
#1237 = CARTESIAN_POINT ( 'NONE',  ( -13.02202945409736223, 10.99999999999999645, -61.44716455368378405 ) ) ;
#1238 = DIRECTION ( 'NONE',  ( 0.000000000000000000, 0.000000000000000000, 1.000000000000000000 ) ) ;
#1239 = VERTEX_POINT ( 'NONE', #5709 ) ;
#1240 = VERTEX_POINT ( 'NONE', #1125 ) ;
#1241 = EDGE_CURVE ( 'NONE', #3686, #2905, #2088, .T. ) ;
#1242 = DIRECTION ( 'NONE',  ( -0.000000000000000000, 1.000000000000000000, -0.000000000000000000 ) ) ;
#1243 = FACE_OUTER_BOUND ( 'NONE', #1210, .T. ) ;
#1244 = PLANE ( 'NONE',  #1699 ) ;
#1245 = VECTOR ( 'NONE', #2127, 1000.000000000000000 ) ;
#1246 = ORIENTED_EDGE ( 'NONE', *, *, #4747, .T. ) ;
#1247 = EDGE_CURVE ( 'NONE', #2568, #3170, #239, .T. ) ;
#1248 = ORIENTED_EDGE ( 'NONE', *, *, #2518, .T. ) ;
#1249 = FACE_OUTER_BOUND ( 'NONE', #4089, .T. ) ;
#1250 = LINE ( 'NONE', #1187, #2836 ) ;
#1251 = CARTESIAN_POINT ( 'NONE',  ( 26.64049541977133728, 19.35000000000000142, 59.55499999999999972 ) ) ;
#1252 = CARTESIAN_POINT ( 'NONE',  ( -31.44000000000000128, 63.16499999999999915, -29.89000000000019952 ) ) ;
#1253 = ORIENTED_EDGE ( 'NONE', *, *, #3360, .F. ) ;
#1254 = CARTESIAN_POINT ( 'NONE',  ( -5.000000000000002665, 15.00000000000000000, 78.00500000000000966 ) ) ;
#1255 = FACE_OUTER_BOUND ( 'NONE', #3540, .T. ) ;
#1256 = LINE ( 'NONE', #5780, #926 ) ;
#1257 = CARTESIAN_POINT ( 'NONE',  ( 22.50000000000001066, 11.49999999999999645, 6.430000000000007709 ) ) ;
#1258 = ORIENTED_EDGE ( 'NONE', *, *, #2702, .T. ) ;
#1259 = CARTESIAN_POINT ( 'NONE',  ( 0.000000000000000000, 15.00000000000000000, 0.000000000000000000 ) ) ;
#1260 = ORIENTED_EDGE ( 'NONE', *, *, #1714, .F. ) ;
#1261 = ORIENTED_EDGE ( 'NONE', *, *, #4106, .F. ) ;
#1262 = CARTESIAN_POINT ( 'NONE',  ( -13.00000000000000533, 23.00000000000000000, 74.55499999999999261 ) ) ;
#1263 = FACE_OUTER_BOUND ( 'NONE', #629, .T. ) ;
#1264 = DIRECTION ( 'NONE',  ( 0.000000000000000000, 0.000000000000000000, -1.000000000000000000 ) ) ;
#1265 = EDGE_CURVE ( 'NONE', #3755, #3799, #625, .T. ) ;
#1266 = CARTESIAN_POINT ( 'NONE',  ( -35.44000000000000483, 11.00000000000000000, -53.55500000000003524 ) ) ;
#1267 = ORIENTED_EDGE ( 'NONE', *, *, #4814, .T. ) ;
#1268 = VERTEX_POINT ( 'NONE', #3855 ) ;
#1269 = DIRECTION ( 'NONE',  ( 0.000000000000000000, -1.000000000000000000, 0.000000000000000000 ) ) ;
#1270 = FACE_OUTER_BOUND ( 'NONE', #5606, .T. ) ;
#1271 = CARTESIAN_POINT ( 'NONE',  ( 12.50000000000003908, 12.99999999999999822, 34.55499999999997129 ) ) ;
#1272 = ORIENTED_EDGE ( 'NONE', *, *, #1941, .T. ) ;
#1273 = ORIENTED_EDGE ( 'NONE', *, *, #5207, .T. ) ;
#1274 = DIRECTION ( 'NONE',  ( 0.000000000000000000, -1.000000000000000000, 0.000000000000000000 ) ) ;
#1275 = CARTESIAN_POINT ( 'NONE',  ( -26.94000000000001194, 14.99999999999998579, -76.50500000000002387 ) ) ;
#1276 = CIRCLE ( 'NONE', #2601, 4.000000000000003553 ) ;
#1277 = CARTESIAN_POINT ( 'NONE',  ( 26.93999999999998352, 14.99999999999998579, -76.50500000000000966 ) ) ;
#1278 = DIRECTION ( 'NONE',  ( 1.485738470610355032E-16, 0.000000000000000000, 1.000000000000000000 ) ) ;
#1279 = ORIENTED_EDGE ( 'NONE', *, *, #248, .T. ) ;
#1280 = EDGE_CURVE ( 'NONE', #3434, #3464, #2476, .T. ) ;
#1281 = PLANE ( 'NONE',  #5178 ) ;
#1282 = DIRECTION ( 'NONE',  ( -0.000000000000000000, -1.000000000000000000, -0.000000000000000000 ) ) ;
#1283 = DIRECTION ( 'NONE',  ( 0.000000000000000000, -1.000000000000000000, 0.000000000000000000 ) ) ;
#1284 = DIRECTION ( 'NONE',  ( 0.000000000000000000, 1.000000000000000000, 0.000000000000000000 ) ) ;
#1285 = EDGE_CURVE ( 'NONE', #4891, #4353, #2664, .T. ) ;
#1286 = ORIENTED_EDGE ( 'NONE', *, *, #1327, .T. ) ;
#1287 = CARTESIAN_POINT ( 'NONE',  ( -26.63995126535550284, 22.35000000000000142, -39.55490477169965402 ) ) ;
#1288 = ORIENTED_EDGE ( 'NONE', *, *, #2402, .T. ) ;
#1289 = VECTOR ( 'NONE', #2796, 999.9999999999998863 ) ;
#1290 = VECTOR ( 'NONE', #1668, 1000.000000000000000 ) ;
#1291 = EDGE_CURVE ( 'NONE', #1524, #4687, #1629, .T. ) ;
#1292 = ORIENTED_EDGE ( 'NONE', *, *, #422, .F. ) ;
#1293 = CIRCLE ( 'NONE', #5187, 1.000000000000000888 ) ;
#1294 = CARTESIAN_POINT ( 'NONE',  ( 26.64049541977133728, 19.35000000000000142, 55.55499999999999261 ) ) ;
#1295 = DIRECTION ( 'NONE',  ( 0.000000000000000000, -0.000000000000000000, -1.000000000000000000 ) ) ;
#1296 = DIRECTION ( 'NONE',  ( 0.000000000000000000, -0.7071067811865533459, -0.7071067811865416886 ) ) ;
#1297 = AXIS2_PLACEMENT_3D ( 'NONE', #2753, #1420, #4570 ) ;
#1298 = AXIS2_PLACEMENT_3D ( 'NONE', #5332, #3931, #872 ) ;
#1299 = VERTEX_POINT ( 'NONE', #2596 ) ;
#1300 = EDGE_CURVE ( 'NONE', #1481, #3667, #819, .T. ) ;
#1301 = ORIENTED_EDGE ( 'NONE', *, *, #5420, .T. ) ;
#1302 = AXIS2_PLACEMENT_3D ( 'NONE', #5006, #2304, #465 ) ;
#1303 = DIRECTION ( 'NONE',  ( -0.000000000000000000, -1.000000000000000000, -0.000000000000000000 ) ) ;
#1304 = CARTESIAN_POINT ( 'NONE',  ( -14.50000000000000355, 12.99999999999999822, -61.55500000000002103 ) ) ;
#1305 = LINE ( 'NONE', #5850, #3878 ) ;
#1306 = VERTEX_POINT ( 'NONE', #5838 ) ;
#1307 = CIRCLE ( 'NONE', #4737, 2.124999999999998224 ) ;
#1308 = ORIENTED_EDGE ( 'NONE', *, *, #15, .T. ) ;
#1309 = CARTESIAN_POINT ( 'NONE',  ( 26.63995126535550284, 33.66370849898476791, -48.55490477169966113 ) ) ;
#1310 = VECTOR ( 'NONE', #5392, 1000.000000000000000 ) ;
#1311 = CARTESIAN_POINT ( 'NONE',  ( 2.749771129515608870, 10.99999399999999916, 70.45373526184702939 ) ) ;
#1312 = CARTESIAN_POINT ( 'NONE',  ( -26.94000000000001194, -152.0796411894638993, -70.05500000000002103 ) ) ;
#1313 = EDGE_LOOP ( 'NONE', ( #3432, #2100, #4765, #5323 ) ) ;
#1314 = VECTOR ( 'NONE', #4245, 1000.000000000000000 ) ;
#1315 = FACE_BOUND ( 'NONE', #1690, .T. ) ;
#1316 = VECTOR ( 'NONE', #5079, 1000.000000000000000 ) ;
#1317 = DIRECTION ( 'NONE',  ( 0.000000000000000000, -1.000000000000000000, 0.000000000000000000 ) ) ;
#1318 = CARTESIAN_POINT ( 'NONE',  ( -13.02194494116025503, 10.99999999999999645, 32.44727601182000853 ) ) ;
#1319 = CARTESIAN_POINT ( 'NONE',  ( 13.29958940190077143, 10.99999999999999467, 32.16963393480726552 ) ) ;
#1320 = LINE ( 'NONE', #5427, #2819 ) ;
#1321 = ORIENTED_EDGE ( 'NONE', *, *, #992, .F. ) ;
#1322 = EDGE_CURVE ( 'NONE', #3105, #1931, #5235, .T. ) ;
#1323 = VERTEX_POINT ( 'NONE', #1807 ) ;
#1324 = ORIENTED_EDGE ( 'NONE', *, *, #2295, .T. ) ;
#1325 = CARTESIAN_POINT ( 'NONE',  ( -15.04050172409921515, 19.50000000000000000, 54.62007198917702766 ) ) ;
#1326 = DIRECTION ( 'NONE',  ( 0.000000000000000000, 0.000000000000000000, -1.000000000000000000 ) ) ;
#1327 = EDGE_CURVE ( 'NONE', #2725, #3655, #353, .T. ) ;
#1328 = CARTESIAN_POINT ( 'NONE',  ( -21.64049541977133373, 22.35000000000000142, 59.55499999999999972 ) ) ;
#1329 = ORIENTED_EDGE ( 'NONE', *, *, #4339, .F. ) ;
#1330 = EDGE_LOOP ( 'NONE', ( #4319, #4189, #3824, #1949 ) ) ;
#1331 = CARTESIAN_POINT ( 'NONE',  ( -15.04050172409921515, 19.50000000000000000, 59.78393958836383604 ) ) ;
#1332 = CARTESIAN_POINT ( 'NONE',  ( 26.93999999999998352, 23.00000000000000000, -74.55500000000000682 ) ) ;
#1333 = CARTESIAN_POINT ( 'NONE',  ( 26.93999999999998352, 13.00000000000000000, -74.55500000000000682 ) ) ;
#1334 = ORIENTED_EDGE ( 'NONE', *, *, #1989, .F. ) ;
#1335 = VECTOR ( 'NONE', #231, 1000.000000000000000 ) ;
#1336 = VERTEX_POINT ( 'NONE', #5813 ) ;
#1337 = LINE ( 'NONE', #1309, #3091 ) ;
#1338 = CARTESIAN_POINT ( 'NONE',  ( 13.37372469124665919, 10.99999999999999822, -48.05123309915107654 ) ) ;
#1339 = CYLINDRICAL_SURFACE ( 'NONE', #2525, 6.449999999999997513 ) ;
#1340 = EDGE_CURVE ( 'NONE', #3441, #3370, #4418, .T. ) ;
#1341 = EDGE_LOOP ( 'NONE', ( #5834, #2368 ) ) ;
#1342 = FACE_OUTER_BOUND ( 'NONE', #1763, .T. ) ;
#1343 = DIRECTION ( 'NONE',  ( 0.000000000000000000, 0.000000000000000000, -1.000000000000000000 ) ) ;
#1344 = DIRECTION ( 'NONE',  ( 0.000000000000000000, 0.000000000000000000, -1.000000000000000000 ) ) ;
#1345 = CARTESIAN_POINT ( 'NONE',  ( 22.50000000000001066, 11.49999999999999645, 10.68000000000000504 ) ) ;
#1346 = DIRECTION ( 'NONE',  ( 0.000000000000000000, 1.000000000000000000, 0.000000000000000000 ) ) ;
#1347 = ORIENTED_EDGE ( 'NONE', *, *, #4406, .F. ) ;
#1348 = ADVANCED_FACE ( 'NONE', ( #4896 ), #3079, .F. ) ;
#1349 = EDGE_LOOP ( 'NONE', ( #1100, #3329, #4755, #4362 ) ) ;
#1350 = VERTEX_POINT ( 'NONE', #3136 ) ;
#1351 = FACE_OUTER_BOUND ( 'NONE', #3970, .T. ) ;
#1352 = FACE_OUTER_BOUND ( 'NONE', #2473, .T. ) ;
#1353 =( NAMED_UNIT ( * ) SI_UNIT ( $, .STERADIAN. ) SOLID_ANGLE_UNIT ( ) );
#1354 = CARTESIAN_POINT ( 'NONE',  ( -13.49999645180828090, 10.99999999999999645, 43.42422195708268617 ) ) ;
#1355 = FACE_OUTER_BOUND ( 'NONE', #4802, .T. ) ;
#1356 = ORIENTED_EDGE ( 'NONE', *, *, #1725, .T. ) ;
#1357 = ORIENTED_EDGE ( 'NONE', *, *, #1635, .F. ) ;
#1358 = EDGE_CURVE ( 'NONE', #5561, #1608, #4292, .T. ) ;
#1359 = CARTESIAN_POINT ( 'NONE',  ( -41.50250000000001194, 15.00000000000000000, 41.50249999999986983 ) ) ;
#1360 = CARTESIAN_POINT ( 'NONE',  ( 31.44000000000000128, 38.00000000000000000, 55.05500000000007788 ) ) ;
#1361 = LINE ( 'NONE', #4551, #5025 ) ;
#1362 = EDGE_LOOP ( 'NONE', ( #3202, #3269 ) ) ;
#1363 = EDGE_CURVE ( 'NONE', #5561, #110, #4865, .T. ) ;
#1364 = AXIS2_PLACEMENT_3D ( 'NONE', #3383, #2075, #3887 ) ;
#1365 = EDGE_LOOP ( 'NONE', ( #924, #2298, #562, #1956 ) ) ;
#1366 = CARTESIAN_POINT ( 'NONE',  ( 14.50000000000004086, 10.99999999999999645, 30.55499999999994998 ) ) ;
#1367 = FACE_OUTER_BOUND ( 'NONE', #3177, .T. ) ;
#1368 = ORIENTED_EDGE ( 'NONE', *, *, #5444, .F. ) ;
#1369 = DIRECTION ( 'NONE',  ( 0.000000000000000000, -0.7071067811865533459, -0.7071067811865416886 ) ) ;
#1370 = AXIS2_PLACEMENT_3D ( 'NONE', #1751, #415, #4516 ) ;
#1372 = DIRECTION ( 'NONE',  ( 0.000000000000000000, 0.000000000000000000, 1.000000000000000000 ) ) ;
#1371 = UNCERTAINTY_MEASURE_WITH_UNIT (LENGTH_MEASURE( 1.000000000000000082E-05 ), #2597, 'distance_accuracy_value', 'NONE');
#1373 = CARTESIAN_POINT ( 'NONE',  ( 26.64049541977133728, 12.00000000000005862, 55.55499999999999261 ) ) ;
#1374 = DIRECTION ( 'NONE',  ( 0.000000000000000000, 1.000000000000000000, 0.000000000000000000 ) ) ;
#1375 = DIRECTION ( 'NONE',  ( -1.239088197126289831E-16, 0.000000000000000000, 1.000000000000000000 ) ) ;
#1376 = EDGE_CURVE ( 'NONE', #1965, #4575, #787, .T. ) ;
#1377 = ORIENTED_EDGE ( 'NONE', *, *, #1917, .T. ) ;
#1378 = ORIENTED_EDGE ( 'NONE', *, *, #2464, .T. ) ;
#1379 = ORIENTED_EDGE ( 'NONE', *, *, #1219, .F. ) ;
#1380 = CARTESIAN_POINT ( 'NONE',  ( 31.43999999999999417, 22.35000000000000142, 54.55499999999999972 ) ) ;
#1381 = LINE ( 'NONE', #5527, #5259 ) ;
#1382 = LINE ( 'NONE', #3758, #1410 ) ;
#1383 = CARTESIAN_POINT ( 'NONE',  ( -13.37382107369555051, 10.99999999999999645, 44.05856363904943862 ) ) ;
#1384 = CIRCLE ( 'NONE', #443, 5.000000000000073719 ) ;
#1385 = B_SPLINE_CURVE_WITH_KNOTS ( 'NONE', 3,
 ( #1074, #2888, #3748, #2864, #5517, #552, #2413, #5608, #4233, #1850, #168, #3783, #956, #3220 ),
 .UNSPECIFIED., .F., .F.,
 ( 4, 2, 2, 2, 2, 2, 4 ),
 ( 0.000000000000000000, 0.0007844752485840255155, 0.001176712872876036322, 0.001568950497168047128, 0.001961188121460058151, 0.002353425745752068740, 0.003137900994336079077 ),
 .UNSPECIFIED. ) ;
#1386 = ORIENTED_EDGE ( 'NONE', *, *, #2726, .F. ) ;
#1387 = ORIENTED_EDGE ( 'NONE', *, *, #4907, .T. ) ;
#1388 = CONICAL_SURFACE ( 'NONE', #913, 1.000000000000000888, 0.7853981633974460586 ) ;
#1389 = VECTOR ( 'NONE', #4895, 1000.000000000000000 ) ;
#1390 = PLANE ( 'NONE',  #4316 ) ;
#1391 = VECTOR ( 'NONE', #2778, 1000.000000000000114 ) ;
#1392 = LINE ( 'NONE', #2425, #1314 ) ;
#1393 = DIRECTION ( 'NONE',  ( 0.000000000000000000, 1.000000000000000000, -0.000000000000000000 ) ) ;
#1394 = ORIENTED_EDGE ( 'NONE', *, *, #4504, .F. ) ;
#1395 = EDGE_CURVE ( 'NONE', #5515, #2675, #4508, .T. ) ;
#1396 = EDGE_CURVE ( 'NONE', #1306, #2421, #3915, .T. ) ;
#1397 = EDGE_CURVE ( 'NONE', #4232, #5028, #763, .T. ) ;
#1398 = AXIS2_PLACEMENT_3D ( 'NONE', #4928, #2661, #1747 ) ;
#1399 = CIRCLE ( 'NONE', #1107, 0.9999999999999870104 ) ;
#1400 = ORIENTED_EDGE ( 'NONE', *, *, #1541, .T. ) ;
#1401 = FACE_OUTER_BOUND ( 'NONE', #1139, .T. ) ;
#1402 = EDGE_CURVE ( 'NONE', #385, #3979, #3526, .T. ) ;
#1403 = DIRECTION ( 'NONE',  ( 0.000000000000000000, -0.000000000000000000, 1.000000000000000000 ) ) ;
#1404 = AXIS2_PLACEMENT_3D ( 'NONE', #2009, #1565, #3375 ) ;
#1405 = DIRECTION ( 'NONE',  ( -8.833166448866688765E-17, 0.000000000000000000, -1.000000000000000000 ) ) ;
#1406 = VECTOR ( 'NONE', #227, 999.9999999999998863 ) ;
#1407 = EDGE_LOOP ( 'NONE', ( #2685, #3549, #1073, #5675 ) ) ;
#1408 = ADVANCED_FACE ( 'NONE', ( #1748 ), #3941, .F. ) ;
#1409 = ORIENTED_EDGE ( 'NONE', *, *, #3685, .F. ) ;
#1410 = VECTOR ( 'NONE', #5588, 1000.000000000000114 ) ;
#1411 = CARTESIAN_POINT ( 'NONE',  ( -35.43999999999996930, 11.00000000000000000, 40.55500000000002103 ) ) ;
#1412 = CARTESIAN_POINT ( 'NONE',  ( -26.93999999999999773, 23.00000000000000000, 74.55499999999999261 ) ) ;
#1413 = DIRECTION ( 'NONE',  ( 1.000000000000000000, 0.000000000000000000, 0.000000000000000000 ) ) ;
#1414 = DIRECTION ( 'NONE',  ( -1.000000000000000000, -0.000000000000000000, -0.000000000000000000 ) ) ;
#1415 = VECTOR ( 'NONE', #1612, 1000.000000000000000 ) ;
#1416 = DIRECTION ( 'NONE',  ( 0.000000000000000000, 1.000000000000000000, 0.000000000000000000 ) ) ;
#1417 = EDGE_LOOP ( 'NONE', ( #740, #3741 ) ) ;
#1418 = VERTEX_POINT ( 'NONE', #2188 ) ;
#1419 = AXIS2_PLACEMENT_3D ( 'NONE', #4487, #886, #12 ) ;
#1420 = DIRECTION ( 'NONE',  ( 0.000000000000000000, -1.000000000000000000, 0.000000000000000000 ) ) ;
#1421 = CARTESIAN_POINT ( 'NONE',  ( 22.50000000000001066, 17.00000000000000000, 6.430000000000007709 ) ) ;
#1422 = CARTESIAN_POINT ( 'NONE',  ( -2.625797662096334172E-15, -25.30855062391379207, 89.53467135833075474 ) ) ;
#1423 = CARTESIAN_POINT ( 'NONE',  ( 12.50000000000003908, 11.00000000000000000, 36.55499999999999261 ) ) ;
#1424 = EDGE_LOOP ( 'NONE', ( #2800, #4519, #3665, #4004 ) ) ;
#1425 = CARTESIAN_POINT ( 'NONE',  ( -35.44000000000000483, 11.00000000000000000, 42.55499999999997840 ) ) ;
#1426 = ORIENTED_EDGE ( 'NONE', *, *, #1212, .F. ) ;
#1427 = EDGE_CURVE ( 'NONE', #4378, #1903, #1823, .T. ) ;
#1428 = ORIENTED_EDGE ( 'NONE', *, *, #2464, .F. ) ;
#1429 = PLANE ( 'NONE',  #2511 ) ;
#1430 = LINE ( 'NONE', #5327, #5681 ) ;
#1431 = ORIENTED_EDGE ( 'NONE', *, *, #5791, .F. ) ;
#1432 = ADVANCED_FACE ( 'NONE', ( #1263 ), #4062, .F. ) ;
#1433 = AXIS2_PLACEMENT_3D ( 'NONE', #2879, #4806, #4305 ) ;
#1434 = ORIENTED_EDGE ( 'NONE', *, *, #5448, .F. ) ;
#1435 = DIRECTION ( 'NONE',  ( -1.000000000000000000, 0.000000000000000000, -0.000000000000000000 ) ) ;
#1436 = FACE_BOUND ( 'NONE', #1548, .T. ) ;
#1437 = EDGE_CURVE ( 'NONE', #5030, #656, #5736, .T. ) ;
#1438 = CARTESIAN_POINT ( 'NONE',  ( 26.63995126535550284, 12.00000000000005862, -44.55490477169965402 ) ) ;
#1439 = ORIENTED_EDGE ( 'NONE', *, *, #2735, .T. ) ;
#1440 = ORIENTED_EDGE ( 'NONE', *, *, #3664, .F. ) ;
#1441 = LINE ( 'NONE', #3248, #1096 ) ;
#1442 = CYLINDRICAL_SURFACE ( 'NONE', #4150, 1.600000000000004086 ) ;
#1443 = DIRECTION ( 'NONE',  ( -0.000000000000000000, -1.000000000000000000, -0.000000000000000000 ) ) ;
#1444 = CARTESIAN_POINT ( 'NONE',  ( 13.49999645180851360, 10.99999999999999645, 39.68577804291728484 ) ) ;
#1445 = CARTESIAN_POINT ( 'NONE',  ( -21.64049541977133728, 18.00000000000000000, 64.13784572642452986 ) ) ;
#1446 = ORIENTED_EDGE ( 'NONE', *, *, #4258, .T. ) ;
#1447 = VERTEX_POINT ( 'NONE', #4840 ) ;
#1448 = DIRECTION ( 'NONE',  ( 0.000000000000000000, -1.000000000000000000, 0.000000000000000000 ) ) ;
#1449 = CARTESIAN_POINT ( 'NONE',  ( -22.49999999999999289, 11.49999999999999645, 70.68000000000000682 ) ) ;
#1450 = CARTESIAN_POINT ( 'NONE',  ( -35.44000000000001194, 15.00000000000000000, -70.05500000000002103 ) ) ;
#1451 = B_SPLINE_CURVE_WITH_KNOTS ( 'NONE', 3,
 ( #3264, #5411, #2787, #35, #1809, #4064, #3615, #5434, #3235, #4603, #4510, #5017, #1453, #4122 ),
 .UNSPECIFIED., .F., .F.,
 ( 4, 2, 2, 2, 2, 2, 4 ),
 ( 5.204170427930420513E-18, 0.0007844752485840157576, 0.001176712872876022878, 0.001568950497168029781, 0.001961188121460036900, 0.002353425745752044020, 0.003137900994336072572 ),
 .UNSPECIFIED. ) ;
#1452 = DIRECTION ( 'NONE',  ( 0.7071067811865408004, 0.000000000000000000, 0.7071067811865543451 ) ) ;
#1453 = CARTESIAN_POINT ( 'NONE',  ( 12.76239797598403669, 10.99999999999999645, -53.55500000000005656 ) ) ;
#1454 = EDGE_LOOP ( 'NONE', ( #1928, #5728, #5089, #4055 ) ) ;
#1455 = ORIENTED_EDGE ( 'NONE', *, *, #1515, .T. ) ;
#1456 = CARTESIAN_POINT ( 'NONE',  ( -31.44000000000000838, 15.00000000000000000, 13.27499999999999503 ) ) ;
#1457 = B_SPLINE_CURVE_WITH_KNOTS ( 'NONE', 3,
 ( #1169, #2934, #209, #5273, #232, #3819, #3845, #728, #5669, #2871, #5642, #2957, #1595, #4358 ),
 .UNSPECIFIED., .F., .F.,
 ( 4, 2, 2, 2, 2, 2, 4 ),
 ( 0.000000000000000000, 0.0007844752485840012293, 0.001176712872876009217, 0.001568950497168017204, 0.001961188121460025191, 0.002353425745752033178, 0.003137900994336063464 ),
 .UNSPECIFIED. ) ;
#1458 = DIRECTION ( 'NONE',  ( 0.000000000000000000, 0.000000000000000000, -1.000000000000000000 ) ) ;
#1459 = ORIENTED_EDGE ( 'NONE', *, *, #1402, .F. ) ;
#1460 = EDGE_LOOP ( 'NONE', ( #2418, #2244, #1292, #954 ) ) ;
#1461 = PLANE ( 'NONE',  #1192 ) ;
#1462 = CARTESIAN_POINT ( 'NONE',  ( -22.49999999999999289, 17.00000000000000000, 68.55500000000000682 ) ) ;
#1463 = ORIENTED_EDGE ( 'NONE', *, *, #2591, .T. ) ;
#1464 = VERTEX_POINT ( 'NONE', #2570 ) ;
#1465 = CARTESIAN_POINT ( 'NONE',  ( 12.50000000000005684, 13.00000000000000000, 33.55499999999998550 ) ) ;
#1466 = LINE ( 'NONE', #5451, #4060 ) ;
#1467 = CARTESIAN_POINT ( 'NONE',  ( 13.47403207297548988, 10.99999999999999467, 39.81660551848164431 ) ) ;
#1468 = LINE ( 'NONE', #4713, #5759 ) ;
#1469 = ORIENTED_EDGE ( 'NONE', *, *, #985, .F. ) ;
#1470 = ADVANCED_FACE ( 'NONE', ( #3231 ), #5460, .F. ) ;
#1471 = VECTOR ( 'NONE', #1932, 1000.000000000000000 ) ;
#1472 = ORIENTED_EDGE ( 'NONE', *, *, #1758, .F. ) ;
#1473 = EDGE_CURVE ( 'NONE', #4951, #1418, #1381, .T. ) ;
#1474 = ADVANCED_FACE ( 'NONE', ( #3703 ), #4183, .F. ) ;
#1475 = DIRECTION ( 'NONE',  ( -0.000000000000000000, 0.7071067811865499042, -0.7071067811865451302 ) ) ;
#1476 = DIRECTION ( 'NONE',  ( 0.000000000000000000, 0.000000000000000000, 1.000000000000000000 ) ) ;
#1477 = CARTESIAN_POINT ( 'NONE',  ( 0.000000000000000000, 15.00000000000000000, 78.00500000000000966 ) ) ;
#1478 = DIRECTION ( 'NONE',  ( -1.000000000000000000, 0.000000000000000000, 0.000000000000000000 ) ) ;
#1479 = CARTESIAN_POINT ( 'NONE',  ( 13.47403207297540817, 10.99999999999999467, -60.29339448151836223 ) ) ;
#1480 = VECTOR ( 'NONE', #4748, 1000.000000000000000 ) ;
#1481 = VERTEX_POINT ( 'NONE', #97 ) ;
#1482 = ADVANCED_FACE ( 'NONE', ( #5101 ), #5121, .F. ) ;
#1483 = ORIENTED_EDGE ( 'NONE', *, *, #958, .T. ) ;
#1484 = CIRCLE ( 'NONE', #2997, 4.000000000000003553 ) ;
#1485 = CYLINDRICAL_SURFACE ( 'NONE', #2776, 4.000000000000003553 ) ;
#1486 = LINE ( 'NONE', #2433, #1316 ) ;
#1487 = EDGE_CURVE ( 'NONE', #2568, #406, #3730, .T. ) ;
#1488 = CARTESIAN_POINT ( 'NONE',  ( -26.94000000000001194, 11.00000000000000000, -76.55500000000002103 ) ) ;
#1489 = ORIENTED_EDGE ( 'NONE', *, *, #1376, .T. ) ;
#1490 = ORIENTED_EDGE ( 'NONE', *, *, #3502, .F. ) ;
#1491 = AXIS2_PLACEMENT_3D ( 'NONE', #869, #3153, #4969 ) ;
#1492 = DIRECTION ( 'NONE',  ( 2.516173811993214973E-15, 0.7071067811865489050, -0.7071067811865461294 ) ) ;
#1493 = VECTOR ( 'NONE', #89, 1000.000000000000000 ) ;
#1494 = CARTESIAN_POINT ( 'NONE',  ( 14.50000000000006928, 12.99999999999999645, -59.55500000000004945 ) ) ;
#1495 = CARTESIAN_POINT ( 'NONE',  ( 35.44000000000000483, 15.00000000000000000, 104.2057839718470120 ) ) ;
#1496 = VERTEX_POINT ( 'NONE', #1449 ) ;
#1497 = CIRCLE ( 'NONE', #1112, 2.124999999999999112 ) ;
#1498 = ORIENTED_EDGE ( 'NONE', *, *, #307, .T. ) ;
#1499 = EDGE_CURVE ( 'NONE', #10, #4447, #2783, .T. ) ;
#1500 = CARTESIAN_POINT ( 'NONE',  ( 33.38999999999999346, 14.99999999999998579, 70.05500000000000682 ) ) ;
#1501 = AXIS2_PLACEMENT_3D ( 'NONE', #126, #4631, #5071 ) ;
#1502 = CIRCLE ( 'NONE', #2925, 6.450000000000011724 ) ;
#1503 = CARTESIAN_POINT ( 'NONE',  ( 26.64049541977133728, 22.35000000000000142, 54.55499999999999972 ) ) ;
#1504 = DIRECTION ( 'NONE',  ( 0.000000000000000000, -1.000000000000000000, 0.000000000000000000 ) ) ;
#1505 = CARTESIAN_POINT ( 'NONE',  ( -26.63995126535550284, 12.00000000000005862, -48.55490477169966113 ) ) ;
#1506 = VERTEX_POINT ( 'NONE', #2310 ) ;
#1507 = AXIS2_PLACEMENT_3D ( 'NONE', #2711, #4562, #5063 ) ;
#1508 = EDGE_CURVE ( 'NONE', #3610, #44, #4118, .T. ) ;
#1509 = ORIENTED_EDGE ( 'NONE', *, *, #4564, .F. ) ;
#1510 = VECTOR ( 'NONE', #4172, 1000.000000000000000 ) ;
#1511 = DIRECTION ( 'NONE',  ( -0.000000000000000000, -1.000000000000000000, -0.000000000000000000 ) ) ;
#1512 = CARTESIAN_POINT ( 'NONE',  ( 12.50000000000008171, 10.99999999999996803, 38.55500000000002103 ) ) ;
#1513 = CARTESIAN_POINT ( 'NONE',  ( 15.04050172409921515, 11.99999999999994849, 60.78393958836383604 ) ) ;
#1514 = CARTESIAN_POINT ( 'NONE',  ( -26.94000000000001194, 23.00000000000000000, -70.05500000000002103 ) ) ;
#1515 = EDGE_CURVE ( 'NONE', #3916, #3791, #60, .T. ) ;
#1516 = CARTESIAN_POINT ( 'NONE',  ( -9.999999999999998224, 23.00000000000000000, 67.55499999999999261 ) ) ;
#1517 = ORIENTED_EDGE ( 'NONE', *, *, #1128, .F. ) ;
#1518 = VERTEX_POINT ( 'NONE', #2812 ) ;
#1519 = VECTOR ( 'NONE', #3848, 1000.000000000000000 ) ;
#1520 = DIRECTION ( 'NONE',  ( -0.000000000000000000, 0.7071067811865499042, -0.7071067811865451302 ) ) ;
#1521 = LINE ( 'NONE', #4641, #3322 ) ;
#1522 = VECTOR ( 'NONE', #5650, 1000.000000000000114 ) ;
#1523 = CARTESIAN_POINT ( 'NONE',  ( -2.749771129515629742, 10.99999399999999916, 70.45373526184702939 ) ) ;
#1524 = VERTEX_POINT ( 'NONE', #4630 ) ;
#1525 = CARTESIAN_POINT ( 'NONE',  ( -12.49999999999999289, -59.05500000000003524, 10.49999999999951683 ) ) ;
#1526 = FACE_BOUND ( 'NONE', #1771, .T. ) ;
#1527 = CARTESIAN_POINT ( 'NONE',  ( 31.43999999999999417, 13.00000000000000000, -39.55490477169965402 ) ) ;
#1528 = ORIENTED_EDGE ( 'NONE', *, *, #2971, .T. ) ;
#1529 = VERTEX_POINT ( 'NONE', #2396 ) ;
#1530 = B_SPLINE_CURVE_WITH_KNOTS ( 'NONE', 3,
 ( #540, #2764, #2348, #5802, #4165, #3712, #3268, #5082, #1005, #2825, #4643, #4192, #134, #1573, #2969, #3772, #2942, #1523 ),
 .UNSPECIFIED., .F., .F.,
 ( 4, 2, 2, 2, 2, 2, 2, 2, 4 ),
 ( 0.000000000000000000, 0.1250000000000000833, 0.2500000000000000555, 0.3750000000000000000, 0.5000000000000000000, 0.6250000000000000000, 0.7499999999999998890, 0.8749999999999998890, 1.000000000000000000 ),
 .UNSPECIFIED. ) ;
#1531 = LINE ( 'NONE', #1411, #2428 ) ;
#1532 = CARTESIAN_POINT ( 'NONE',  ( 33.43999999999999062, 11.00000000000000000, -70.05500000000000682 ) ) ;
#1533 = EDGE_CURVE ( 'NONE', #3791, #5843, #151, .T. ) ;
#1534 = CARTESIAN_POINT ( 'NONE',  ( -12.49999999999990941, 10.99999999999999645, -51.55500000000004235 ) ) ;
#1535 = CARTESIAN_POINT ( 'NONE',  ( 22.50000000000001066, 17.00000000000000000, 8.555000000000006821 ) ) ;
#1536 = ORIENTED_EDGE ( 'NONE', *, *, #3834, .T. ) ;
#1537 = VERTEX_POINT ( 'NONE', #3637 ) ;
#1538 = CARTESIAN_POINT ( 'NONE',  ( -26.93999999999999773, 13.00000000000000000, 74.55499999999999261 ) ) ;
#1539 = DIRECTION ( 'NONE',  ( -0.000000000000000000, 1.000000000000000000, -0.000000000000000000 ) ) ;
#1540 = CARTESIAN_POINT ( 'NONE',  ( -22.49999999999998224, 17.00000000000000000, 8.555000000000006821 ) ) ;
#1541 = EDGE_CURVE ( 'NONE', #3655, #2675, #3544, .T. ) ;
#1542 = CARTESIAN_POINT ( 'NONE',  ( -26.63995126535550284, 12.00000000000005862, -44.55490477169965402 ) ) ;
#1543 = DIRECTION ( 'NONE',  ( 1.000000000000000000, -0.000000000000000000, 7.434529182757739478E-16 ) ) ;
#1544 = ORIENTED_EDGE ( 'NONE', *, *, #2324, .F. ) ;
#1545 = ORIENTED_EDGE ( 'NONE', *, *, #4323, .T. ) ;
#1546 = CARTESIAN_POINT ( 'NONE',  ( -26.64049541977133728, 19.35000000000000142, 59.55499999999999972 ) ) ;
#1547 = LINE ( 'NONE', #3420, #5767 ) ;
#1548 = EDGE_LOOP ( 'NONE', ( #1016, #2281, #5350, #3598 ) ) ;
#1549 = CARTESIAN_POINT ( 'NONE',  ( 26.64049541977133728, 11.00000000000000000, 59.55499999999999972 ) ) ;
#1550 = DIRECTION ( 'NONE',  ( 0.000000000000000000, 0.000000000000000000, 1.000000000000000000 ) ) ;
#1551 = EDGE_CURVE ( 'NONE', #5652, #4862, #3166, .T. ) ;
#1552 = FACE_OUTER_BOUND ( 'NONE', #4008, .T. ) ;
#1553 = ORIENTED_EDGE ( 'NONE', *, *, #1437, .T. ) ;
#1554 = ORIENTED_EDGE ( 'NONE', *, *, #3069, .T. ) ;
#1555 = EDGE_CURVE ( 'NONE', #1055, #5683, #4980, .T. ) ;
#1556 = DIRECTION ( 'NONE',  ( -0.000000000000000000, 0.7071067811865499042, -0.7071067811865451302 ) ) ;
#1557 = CARTESIAN_POINT ( 'NONE',  ( -22.49999999999999289, 17.00000000000000000, 70.68000000000000682 ) ) ;
#1558 = DIRECTION ( 'NONE',  ( 0.000000000000000000, 0.7071067811865499042, -0.7071067811865451302 ) ) ;
#1559 = DIRECTION ( 'NONE',  ( -0.000000000000000000, -1.000000000000000000, -0.000000000000000000 ) ) ;
#1560 = ORIENTED_EDGE ( 'NONE', *, *, #5698, .T. ) ;
#1561 = DIRECTION ( 'NONE',  ( 0.000000000000000000, 0.000000000000000000, -1.000000000000000000 ) ) ;
#1562 = DIRECTION ( 'NONE',  ( 0.000000000000000000, -1.000000000000000000, 0.000000000000000000 ) ) ;
#1563 = CARTESIAN_POINT ( 'NONE',  ( 22.50000000000001066, 11.49999999999999645, 6.430000000000007709 ) ) ;
#1564 = ADVANCED_FACE ( 'NONE', ( #5431, #1352 ), #4153, .F. ) ;
#1565 = DIRECTION ( 'NONE',  ( -0.000000000000000000, 1.000000000000000000, 0.000000000000000000 ) ) ;
#1566 = CYLINDRICAL_SURFACE ( 'NONE', #4829, 1.600000000000004086 ) ;
#1567 = CARTESIAN_POINT ( 'NONE',  ( -26.93999999999999773, 23.00000000000000000, 70.05500000000000682 ) ) ;
#1568 = ORIENTED_EDGE ( 'NONE', *, *, #2887, .F. ) ;
#1569 = ORIENTED_EDGE ( 'NONE', *, *, #5113, .F. ) ;
#1570 = PLANE ( 'NONE',  #5558 ) ;
#1571 = LINE ( 'NONE', #4281, #1522 ) ;
#1572 = VECTOR ( 'NONE', #3267, 1000.000000000000000 ) ;
#1573 = CARTESIAN_POINT ( 'NONE',  ( -4.685593297436597027, 10.99998800000000010, 71.08478470829277285 ) ) ;
#1574 = ORIENTED_EDGE ( 'NONE', *, *, #4071, .T. ) ;
#1575 = DIRECTION ( 'NONE',  ( -0.000000000000000000, -1.000000000000000000, -0.000000000000000000 ) ) ;
#1576 = DIRECTION ( 'NONE',  ( 0.000000000000000000, 0.000000000000000000, 1.000000000000000000 ) ) ;
#1577 = AXIS2_PLACEMENT_3D ( 'NONE', #1134, #1582, #2949 ) ;
#1578 = ORIENTED_EDGE ( 'NONE', *, *, #330, .F. ) ;
#1579 = EDGE_CURVE ( 'NONE', #5870, #5109, #4540, .T. ) ;
#1580 = CONICAL_SURFACE ( 'NONE', #4902, 4.000000000000003553, 0.7853981633974552734 ) ;
#1581 = AXIS2_PLACEMENT_3D ( 'NONE', #1259, #2625, #4923 ) ;
#1582 = DIRECTION ( 'NONE',  ( 0.000000000000000000, 1.000000000000000000, 0.000000000000000000 ) ) ;
#1583 = FACE_OUTER_BOUND ( 'NONE', #4149, .T. ) ;
#1584 = VECTOR ( 'NONE', #407, 1000.000000000000114 ) ;
#1585 = DIRECTION ( 'NONE',  ( 0.000000000000000000, 0.000000000000000000, 1.000000000000000000 ) ) ;
#1586 = EDGE_CURVE ( 'NONE', #36, #3034, #193, .T. ) ;
#1587 = VECTOR ( 'NONE', #4382, 1000.000000000000114 ) ;
#1588 = FACE_OUTER_BOUND ( 'NONE', #2954, .T. ) ;
#1589 = LINE ( 'NONE', #1252, #638 ) ;
#1590 = VERTEX_POINT ( 'NONE', #1116 ) ;
#1591 = AXIS2_PLACEMENT_3D ( 'NONE', #4778, #2540, #5726 ) ;
#1592 = DIRECTION ( 'NONE',  ( -1.000000000000000000, 0.000000000000000000, 0.000000000000000000 ) ) ;
#1593 = VECTOR ( 'NONE', #3959, 1000.000000000000000 ) ;
#1594 = FACE_OUTER_BOUND ( 'NONE', #1843, .T. ) ;
#1595 = CARTESIAN_POINT ( 'NONE',  ( 12.76239797598407932, 10.99999999999999289, 42.55500000000000682 ) ) ;
#1596 = CARTESIAN_POINT ( 'NONE',  ( 26.93999999999998352, 23.00000000000000000, -70.05500000000000682 ) ) ;
#1597 = CARTESIAN_POINT ( 'NONE',  ( 10.00000000000000178, 23.00000000000000000, 67.55499999999999261 ) ) ;
#1598 = AXIS2_PLACEMENT_3D ( 'NONE', #4666, #594, #474 ) ;
#1599 = CARTESIAN_POINT ( 'NONE',  ( 13.37382107369571216, 10.99999999999999467, -61.05856363904948125 ) ) ;
#1600 = VECTOR ( 'NONE', #411, 999.9999999999998863 ) ;
#1601 = ORIENTED_EDGE ( 'NONE', *, *, #725, .T. ) ;
#1602 = EDGE_LOOP ( 'NONE', ( #1053, #512, #5145, #3059 ) ) ;
#1603 = ADVANCED_FACE ( 'NONE', ( #2033 ), #4927, .F. ) ;
#1604 = VECTOR ( 'NONE', #3602, 1000.000000000000000 ) ;
#1605 = CARTESIAN_POINT ( 'NONE',  ( 14.50000000000015987, 10.99999999999999645, 44.55500000000002103 ) ) ;
#1606 = CARTESIAN_POINT ( 'NONE',  ( -9.999999999999998224, 23.00000000000000000, 67.55499999999999261 ) ) ;
#1607 = EDGE_CURVE ( 'NONE', #2197, #3799, #1057, .T. ) ;
#1608 = VERTEX_POINT ( 'NONE', #3818 ) ;
#1609 = CIRCLE ( 'NONE', #276, 4.000000000000003553 ) ;
#1610 = CARTESIAN_POINT ( 'NONE',  ( 31.43999999999999417, 22.35000000000000142, -49.55490477169965402 ) ) ;
#1611 = EDGE_CURVE ( 'NONE', #3865, #3936, #1987, .T. ) ;
#1612 = DIRECTION ( 'NONE',  ( 0.000000000000000000, 0.000000000000000000, -1.000000000000000000 ) ) ;
#1613 = EDGE_LOOP ( 'NONE', ( #5225, #856, #991, #1574 ) ) ;
#1614 = EDGE_CURVE ( 'NONE', #1529, #4483, #4295, .T. ) ;
#1615 = FACE_OUTER_BOUND ( 'NONE', #1628, .T. ) ;
#1616 = ADVANCED_FACE ( 'NONE', ( #5641 ), #2007, .T. ) ;
#1617 = DIRECTION ( 'NONE',  ( -0.000000000000000000, 0.7071067811865499042, -0.7071067811865451302 ) ) ;
#1618 = CARTESIAN_POINT ( 'NONE',  ( -26.63995126535550284, 11.00000000000000000, -44.55490477169965402 ) ) ;
#1619 = CARTESIAN_POINT ( 'NONE',  ( 22.50000000000001066, 11.49999999999999645, 8.555000000000006821 ) ) ;
#1620 = FACE_OUTER_BOUND ( 'NONE', #1330, .T. ) ;
#1621 = ORIENTED_EDGE ( 'NONE', *, *, #5267, .F. ) ;
#1622 = DIRECTION ( 'NONE',  ( 0.000000000000000000, 0.000000000000000000, 1.000000000000000000 ) ) ;
#1623 = LINE ( 'NONE', #4272, #1335 ) ;
#1624 = DIRECTION ( 'NONE',  ( -0.000000000000000000, 0.000000000000000000, 1.000000000000000000 ) ) ;
#1625 = CYLINDRICAL_SURFACE ( 'NONE', #3394, 1.600000000000011191 ) ;
#1626 = CARTESIAN_POINT ( 'NONE',  ( 6.499999999999999112, 14.99999999999998579, 76.50500000000000966 ) ) ;
#1627 = ORIENTED_EDGE ( 'NONE', *, *, #2324, .T. ) ;
#1628 = EDGE_LOOP ( 'NONE', ( #4513, #495, #5488, #413 ) ) ;
#1629 = CIRCLE ( 'NONE', #5141, 5.163867599186813706 ) ;
#1630 = DIRECTION ( 'NONE',  ( 0.000000000000000000, 0.000000000000000000, 1.000000000000000000 ) ) ;
#1631 = CARTESIAN_POINT ( 'NONE',  ( -12.49999999999990941, 13.00000000000000000, -53.55500000000003524 ) ) ;
#1632 = ORIENTED_EDGE ( 'NONE', *, *, #2605, .T. ) ;
#1633 = DIRECTION ( 'NONE',  ( 0.000000000000000000, 0.000000000000000000, 1.000000000000000000 ) ) ;
#1634 = CARTESIAN_POINT ( 'NONE',  ( 14.50000000000007816, 12.99999999999999645, 34.55500000000000682 ) ) ;
#1635 = EDGE_CURVE ( 'NONE', #4681, #1101, #4689, .T. ) ;
#1636 = ORIENTED_EDGE ( 'NONE', *, *, #4396, .F. ) ;
#1637 = CARTESIAN_POINT ( 'NONE',  ( -12.49999999999997158, -59.05500000000003524, 100.6099999999995447 ) ) ;
#1638 = CARTESIAN_POINT ( 'NONE',  ( -22.49999999999998224, 11.49999999999999645, 10.68000000000000504 ) ) ;
#1639 = CARTESIAN_POINT ( 'NONE',  ( 5.502198252831504988, 10.99998800000000188, 75.19013505001535691 ) ) ;
#1640 = LINE ( 'NONE', #773, #5108 ) ;
#1641 = CARTESIAN_POINT ( 'NONE',  ( -35.44000000000001194, 15.00000000000000000, -78.55500000000002103 ) ) ;
#1642 = ORIENTED_EDGE ( 'NONE', *, *, #2701, .F. ) ;
#1643 = LINE ( 'NONE', #1141, #3378 ) ;
#1644 = CARTESIAN_POINT ( 'NONE',  ( 31.43999999999999417, 22.35000000000000142, -39.55490477169965402 ) ) ;
#1645 = LINE ( 'NONE', #5221, #4916 ) ;
#1646 = DIRECTION ( 'NONE',  ( 0.000000000000000000, -1.000000000000000000, 0.000000000000000000 ) ) ;
#1647 = DIRECTION ( 'NONE',  ( 0.000000000000000000, -0.000000000000000000, 1.000000000000000000 ) ) ;
#1648 = VERTEX_POINT ( 'NONE', #1081 ) ;
#1649 = ORIENTED_EDGE ( 'NONE', *, *, #761, .T. ) ;
#1650 = ADVANCED_FACE ( 'NONE', ( #4242 ), #2099, .F. ) ;
#1651 = EDGE_CURVE ( 'NONE', #883, #2780, #1623, .T. ) ;
#1652 = FACE_OUTER_BOUND ( 'NONE', #769, .T. ) ;
#1653 = CARTESIAN_POINT ( 'NONE',  ( -22.49999999999999289, 18.00000000000000000, 68.55500000000000682 ) ) ;
#1654 = EDGE_CURVE ( 'NONE', #2691, #3555, #3373, .T. ) ;
#1655 = EDGE_LOOP ( 'NONE', ( #2901, #1227, #65, #2666, #722, #262, #433, #5730, #50, #4124, #3494, #1869, #5418, #4675, #4431, #489, #3305, #2643, #5812, #278, #2842, #831, #4255, #4959, #4739, #1002, #3647, #983, #943, #5583, #4746, #4386, #5605, #3313, #4117, #5193 ) ) ;
#1656 = EDGE_LOOP ( 'NONE', ( #4074, #814, #4588, #620 ) ) ;
#1657 = AXIS2_PLACEMENT_3D ( 'NONE', #5231, #5654, #1550 ) ;
#1658 = EDGE_CURVE ( 'NONE', #4842, #128, #3139, .T. ) ;
#1659 = DIRECTION ( 'NONE',  ( 1.000000000000000000, 0.000000000000000000, -2.523444162107242208E-15 ) ) ;
#1660 = CARTESIAN_POINT ( 'NONE',  ( 10.00000000000000178, 23.00000000000000000, 67.55499999999999261 ) ) ;
#1661 = EDGE_LOOP ( 'NONE', ( #2214, #5754, #4809, #5851 ) ) ;
#1662 = AXIS2_PLACEMENT_3D ( 'NONE', #83, #3341, #520 ) ;
#1663 = VERTEX_POINT ( 'NONE', #4750 ) ;
#1664 = LINE ( 'NONE', #1637, #3287 ) ;
#1665 = VECTOR ( 'NONE', #2320, 1000.000000000000000 ) ;
#1666 = DIRECTION ( 'NONE',  ( 0.000000000000000000, 0.000000000000000000, -1.000000000000000000 ) ) ;
#1667 = DIRECTION ( 'NONE',  ( -0.000000000000000000, -1.000000000000000000, -0.000000000000000000 ) ) ;
#1668 = DIRECTION ( 'NONE',  ( -0.000000000000000000, -1.000000000000000000, -0.000000000000000000 ) ) ;
#1669 = EDGE_CURVE ( 'NONE', #2387, #199, #3844, .T. ) ;
#1670 = ORIENTED_EDGE ( 'NONE', *, *, #5407, .T. ) ;
#1671 = DIRECTION ( 'NONE',  ( -0.000000000000000000, -1.000000000000000000, -0.000000000000000000 ) ) ;
#1672 = VECTOR ( 'NONE', #559, 1000.000000000000000 ) ;
#1673 = CIRCLE ( 'NONE', #350, 5.000000000000073719 ) ;
#1674 = CARTESIAN_POINT ( 'NONE',  ( -22.49999999999998224, 18.00000000000000000, 8.555000000000006821 ) ) ;
#1675 = DIRECTION ( 'NONE',  ( 0.000000000000000000, 0.000000000000000000, 1.000000000000000000 ) ) ;
#1676 = CARTESIAN_POINT ( 'NONE',  ( -12.49999999999990408, 10.99999999999996803, 40.55499999999999261 ) ) ;
#1677 = EDGE_CURVE ( 'NONE', #3936, #3865, #4528, .T. ) ;
#1678 = CARTESIAN_POINT ( 'NONE',  ( 31.43999999999999417, 19.99999999999999645, -34.94500000000000739 ) ) ;
#1679 = ORIENTED_EDGE ( 'NONE', *, *, #884, .T. ) ;
#1680 = AXIS2_PLACEMENT_3D ( 'NONE', #4419, #1717, #1264 ) ;
#1681 = EDGE_LOOP ( 'NONE', ( #4300, #4654, #4894, #704 ) ) ;
#1682 = AXIS2_PLACEMENT_3D ( 'NONE', #5750, #5779, #4884 ) ;
#1683 = ADVANCED_FACE ( 'NONE', ( #1594 ), #3409, .T. ) ;
#1684 = EDGE_CURVE ( 'NONE', #877, #888, #3480, .T. ) ;
#1685 = AXIS2_PLACEMENT_3D ( 'NONE', #702, #3072, #1231 ) ;
#1686 = DIRECTION ( 'NONE',  ( 0.7071067811865442421, 0.000000000000000000, 0.7071067811865509034 ) ) ;
#1687 = DIRECTION ( 'NONE',  ( 0.000000000000000000, -0.7071067811865451302, -0.7071067811865499042 ) ) ;
#1688 = AXIS2_PLACEMENT_3D ( 'NONE', #628, #1037, #2469 ) ;
#1689 = ORIENTED_EDGE ( 'NONE', *, *, #4330, .F. ) ;
#1690 = EDGE_LOOP ( 'NONE', ( #1836, #1578, #37, #1202 ) ) ;
#1691 = VECTOR ( 'NONE', #3349, 1000.000000000000000 ) ;
#1692 = DIRECTION ( 'NONE',  ( 9.813077866773638857E-17, 0.7071067811865451302, 0.7071067811865499042 ) ) ;
#1693 = VECTOR ( 'NONE', #197, 1000.000000000000000 ) ;
#1694 = CARTESIAN_POINT ( 'NONE',  ( 14.50000000000007816, 10.99999999999998224, 36.55500000000001393 ) ) ;
#1695 = EDGE_LOOP ( 'NONE', ( #623, #2912, #5321, #2211 ) ) ;
#1696 = ADVANCED_FACE ( 'NONE', ( #727 ), #917, .T. ) ;
#1697 = VERTEX_POINT ( 'NONE', #3993 ) ;
#1698 = VECTOR ( 'NONE', #2933, 1000.000000000000114 ) ;
#1699 = AXIS2_PLACEMENT_3D ( 'NONE', #2554, #2973, #4845 ) ;
#1700 = CARTESIAN_POINT ( 'NONE',  ( 12.49999999999999822, 10.99999999999999645, 30.55499999999998550 ) ) ;
#1701 = CARTESIAN_POINT ( 'NONE',  ( -12.49999999999984546, -59.05500000000003524, 112.6099999999995731 ) ) ;
#1702 = CARTESIAN_POINT ( 'NONE',  ( 26.93999999999998352, 13.00000000000001421, -78.55500000000000682 ) ) ;
#1703 = FACE_OUTER_BOUND ( 'NONE', #1460, .T. ) ;
#1704 = ORIENTED_EDGE ( 'NONE', *, *, #3271, .F. ) ;
#1705 = CARTESIAN_POINT ( 'NONE',  ( 22.50000000000001066, 17.00000000000000000, 8.555000000000006821 ) ) ;
#1706 = EDGE_CURVE ( 'NONE', #1418, #3170, #5764, .T. ) ;
#1707 = DIRECTION ( 'NONE',  ( 0.000000000000000000, 1.000000000000000000, 0.000000000000000000 ) ) ;
#1708 = DIRECTION ( 'NONE',  ( 1.485738470610355032E-16, 0.000000000000000000, 1.000000000000000000 ) ) ;
#1709 = CARTESIAN_POINT ( 'NONE',  ( 12.50000000000007283, 12.99999999999999822, -53.55500000000003524 ) ) ;
#1710 = VERTEX_POINT ( 'NONE', #5805 ) ;
#1711 = PLANE ( 'NONE',  #1581 ) ;
#1712 = VERTEX_POINT ( 'NONE', #4857 ) ;
#1713 = ORIENTED_EDGE ( 'NONE', *, *, #5076, .T. ) ;
#1714 = EDGE_CURVE ( 'NONE', #3142, #3237, #291, .T. ) ;
#1715 = LINE ( 'NONE', #3230, #5186 ) ;
#1716 = DIRECTION ( 'NONE',  ( -0.000000000000000000, 1.000000000000000000, -0.000000000000000000 ) ) ;
#1717 = DIRECTION ( 'NONE',  ( 0.000000000000000000, -1.000000000000000000, 0.000000000000000000 ) ) ;
#1718 = CARTESIAN_POINT ( 'NONE',  ( -12.49999999999990941, 10.99999999999999645, -53.55500000000004235 ) ) ;
#1719 = ORIENTED_EDGE ( 'NONE', *, *, #4702, .F. ) ;
#1720 = ORIENTED_EDGE ( 'NONE', *, *, #4642, .T. ) ;
#1721 = FACE_OUTER_BOUND ( 'NONE', #1754, .T. ) ;
#1722 = PLANE ( 'NONE',  #4175 ) ;
#1723 = DIRECTION ( 'NONE',  ( 1.000000000000000000, 0.000000000000000000, 0.000000000000000000 ) ) ;
#1724 = EDGE_LOOP ( 'NONE', ( #1379, #3713 ) ) ;
#1725 = EDGE_CURVE ( 'NONE', #3621, #2092, #2563, .T. ) ;
#1726 = ORIENTED_EDGE ( 'NONE', *, *, #5452, .F. ) ;
#1727 = CARTESIAN_POINT ( 'NONE',  ( 26.63995126535550284, 11.00000000000000000, -39.55490477169958297 ) ) ;
#1728 = EDGE_CURVE ( 'NONE', #2171, #1240, #3044, .T. ) ;
#1729 = DIRECTION ( 'NONE',  ( 0.000000000000000000, 0.000000000000000000, -1.000000000000000000 ) ) ;
#1730 = CARTESIAN_POINT ( 'NONE',  ( 3.162105165299268439, 10.99998799999999832, 70.45373526184704360 ) ) ;
#1731 = DIRECTION ( 'NONE',  ( -2.478176394252579662E-16, -0.000000000000000000, -1.000000000000000000 ) ) ;
#1732 = ADVANCED_FACE ( 'NONE', ( #3542 ), #2119, .F. ) ;
#1733 = FACE_OUTER_BOUND ( 'NONE', #4533, .T. ) ;
#1734 = VERTEX_POINT ( 'NONE', #1196 ) ;
#1735 = CARTESIAN_POINT ( 'NONE',  ( 35.43999999999998352, 15.00000000000000000, -78.55500000000000682 ) ) ;
#1736 = EDGE_CURVE ( 'NONE', #2580, #3076, #2620, .T. ) ;
#1737 = CARTESIAN_POINT ( 'NONE',  ( -33.39000000000002899, 23.00000000000000000, 26.02500000000000924 ) ) ;
#1738 = DIRECTION ( 'NONE',  ( 0.000000000000000000, 1.000000000000000000, -0.000000000000000000 ) ) ;
#1739 = B_SPLINE_CURVE_WITH_KNOTS ( 'NONE', 3,
 ( #780, #756, #5830, #4052, #3103, #2589, #4475, #402, #2207, #1768, #4885, #1318, #3489, #2680 ),
 .UNSPECIFIED., .F., .F.,
 ( 4, 2, 2, 2, 2, 2, 4 ),
 ( 0.000000000000000000, 0.0007844752485840087103, 0.001176712872876014638, 0.001568950497168020890, 0.001961188121460026492, 0.002353425745752032745, 0.003137900994336063898 ),
 .UNSPECIFIED. ) ;
#1740 = CARTESIAN_POINT ( 'NONE',  ( 31.43999999999999417, 13.00000000000000000, -39.55490477169965402 ) ) ;
#1741 = EDGE_LOOP ( 'NONE', ( #468, #1816, #5810, #4173 ) ) ;
#1742 = DIRECTION ( 'NONE',  ( -0.000000000000000000, 1.000000000000000000, 0.000000000000000000 ) ) ;
#1743 = ORIENTED_EDGE ( 'NONE', *, *, #992, .T. ) ;
#1744 = ORIENTED_EDGE ( 'NONE', *, *, #5029, .T. ) ;
#1745 = VERTEX_POINT ( 'NONE', #4919 ) ;
#1746 = EDGE_CURVE ( 'NONE', #1481, #4960, #5483, .T. ) ;
#1747 = DIRECTION ( 'NONE',  ( 0.000000000000000000, 0.000000000000000000, 1.000000000000000000 ) ) ;
#1748 = FACE_OUTER_BOUND ( 'NONE', #3789, .T. ) ;
#1749 = ORIENTED_EDGE ( 'NONE', *, *, #1, .F. ) ;
#1750 = ORIENTED_EDGE ( 'NONE', *, *, #651, .T. ) ;
#1751 = CARTESIAN_POINT ( 'NONE',  ( -6.500000000000000000, 23.00000000000000000, 67.55499999999999261 ) ) ;
#1752 = CARTESIAN_POINT ( 'NONE',  ( -12.49999999999995737, 12.99999999999999822, -57.55500000000003524 ) ) ;
#1753 = CARTESIAN_POINT ( 'NONE',  ( 26.64049541977133728, 12.00000000000005862, 59.55499999999999972 ) ) ;
#1754 = EDGE_LOOP ( 'NONE', ( #264, #290, #1301, #785 ) ) ;
#1755 = VECTOR ( 'NONE', #1520, 1000.000000000000114 ) ;
#1756 = ORIENTED_EDGE ( 'NONE', *, *, #1363, .F. ) ;
#1757 = LINE ( 'NONE', #5799, #3554 ) ;
#1758 = EDGE_CURVE ( 'NONE', #3414, #5652, #3574, .T. ) ;
#1759 = DIRECTION ( 'NONE',  ( 0.6847910787717321757, 0.6847910787717417236, 0.2492435693639483418 ) ) ;
#1760 = VECTOR ( 'NONE', #3711, 1000.000000000000114 ) ;
#1761 = DIRECTION ( 'NONE',  ( -0.000000000000000000, -1.000000000000000000, -0.000000000000000000 ) ) ;
#1762 = CARTESIAN_POINT ( 'NONE',  ( 26.94000000000000483, 22.35000000000000142, 74.55499999999999261 ) ) ;
#1763 = EDGE_LOOP ( 'NONE', ( #5140, #469, #4344, #3894 ) ) ;
#1764 = CIRCLE ( 'NONE', #3654, 0.9999999999999870104 ) ;
#1765 = FACE_BOUND ( 'NONE', #5176, .T. ) ;
#1766 = EDGE_CURVE ( 'NONE', #3727, #2586, #5362, .T. ) ;
#1767 = DIRECTION ( 'NONE',  ( 0.000000000000000000, -0.000000000000000000, -1.000000000000000000 ) ) ;
#1768 = CARTESIAN_POINT ( 'NONE',  ( -13.37382107369567485, 10.99999999999999467, 32.05856363904941020 ) ) ;
#1769 = DIRECTION ( 'NONE',  ( 0.000000000000000000, 0.000000000000000000, 1.000000000000000000 ) ) ;
#1770 = DIRECTION ( 'NONE',  ( 0.000000000000000000, 0.000000000000000000, -1.000000000000000000 ) ) ;
#1771 = EDGE_LOOP ( 'NONE', ( #5833, #789 ) ) ;
#1772 = VECTOR ( 'NONE', #4909, 1000.000000000000000 ) ;
#1773 = ORIENTED_EDGE ( 'NONE', *, *, #2890, .F. ) ;
#1774 = VECTOR ( 'NONE', #5216, 1000.000000000000000 ) ;
#1775 = ORIENTED_EDGE ( 'NONE', *, *, #4526, .F. ) ;
#1776 = VECTOR ( 'NONE', #5403, 1000.000000000000000 ) ;
#1777 = CARTESIAN_POINT ( 'NONE',  ( -26.63995126535550284, 13.00000000000000000, -44.55490477169965402 ) ) ;
#1778 = DIRECTION ( 'NONE',  ( -0.000000000000000000, 1.000000000000000000, 0.000000000000000000 ) ) ;
#1779 = CARTESIAN_POINT ( 'NONE',  ( 12.50000000000011546, 12.99999999999999822, -49.55500000000002814 ) ) ;
#1780 = AXIS2_PLACEMENT_3D ( 'NONE', #3888, #820, #4455 ) ;
#1781 = DIRECTION ( 'NONE',  ( -0.000000000000000000, 1.000000000000000000, -0.000000000000000000 ) ) ;
#1782 = CIRCLE ( 'NONE', #5288, 4.000000000000003553 ) ;
#1783 = ORIENTED_EDGE ( 'NONE', *, *, #2167, .F. ) ;
#1784 = ORIENTED_EDGE ( 'NONE', *, *, #5104, .T. ) ;
#1785 = AXIS2_PLACEMENT_3D ( 'NONE', #948, #3240, #1458 ) ;
#1786 = CYLINDRICAL_SURFACE ( 'NONE', #5464, 1.600000000000004086 ) ;
#1787 = CARTESIAN_POINT ( 'NONE',  ( -12.49999999999995026, 12.99999999999999822, -59.55500000000002103 ) ) ;
#1788 = ADVANCED_FACE ( 'NONE', ( #316 ), #3517, .T. ) ;
#1789 = LINE ( 'NONE', #482, #106 ) ;
#1790 = EDGE_LOOP ( 'NONE', ( #3415, #5088, #1959, #2480 ) ) ;
#1791 = VECTOR ( 'NONE', #1981, 1000.000000000000000 ) ;
#1792 = ORIENTED_EDGE ( 'NONE', *, *, #5640, .T. ) ;
#1793 = AXIS2_PLACEMENT_3D ( 'NONE', #2889, #5127, #5214 ) ;
#1794 = ADVANCED_FACE ( 'NONE', ( #1255 ), #2094, .F. ) ;
#1795 = LINE ( 'NONE', #19, #1604 ) ;
#1796 = EDGE_LOOP ( 'NONE', ( #4278, #302, #3875, #1008, #5465, #1744 ) ) ;
#1797 = VECTOR ( 'NONE', #4034, 1000.000000000000000 ) ;
#1798 = DIRECTION ( 'NONE',  ( 0.000000000000000000, -0.000000000000000000, -1.000000000000000000 ) ) ;
#1799 = VECTOR ( 'NONE', #5143, 1000.000000000000000 ) ;
#1800 = CARTESIAN_POINT ( 'NONE',  ( -6.499999999999999112, -0.4499999999999990119, 76.50500000000000966 ) ) ;
#1801 = CARTESIAN_POINT ( 'NONE',  ( 2.749771129515611534, 11.00000000000000000, 76.75373526184699813 ) ) ;
#1802 = CARTESIAN_POINT ( 'NONE',  ( -31.43999999999999417, 22.35000000000000142, 54.55499999999999972 ) ) ;
#1803 = CARTESIAN_POINT ( 'NONE',  ( 26.63995126535550284, 33.66370849898476791, -40.55490477169965402 ) ) ;
#1804 = VERTEX_POINT ( 'NONE', #779 ) ;
#1805 = ADVANCED_FACE ( 'NONE', ( #377 ), #4474, .F. ) ;
#1806 = DIRECTION ( 'NONE',  ( 0.000000000000000000, 0.000000000000000000, 1.000000000000000000 ) ) ;
#1807 = CARTESIAN_POINT ( 'NONE',  ( -33.39000000000001478, 19.99999999999999645, 23.02499999999999858 ) ) ;
#1808 = CARTESIAN_POINT ( 'NONE',  ( 13.02202945409740664, 10.99999999999999112, 36.44716455368372010 ) ) ;
#1809 = CARTESIAN_POINT ( 'NONE',  ( 13.37372469124662011, 10.99999999999999822, -52.05123309915106944 ) ) ;
#1810 = EDGE_LOOP ( 'NONE', ( #3123, #2262, #4863, #207 ) ) ;
#1811 = ORIENTED_EDGE ( 'NONE', *, *, #5640, .F. ) ;
#1812 = CARTESIAN_POINT ( 'NONE',  ( -31.43999999999999417, 13.00000000000000000, -49.55490477169965402 ) ) ;
#1813 = CARTESIAN_POINT ( 'NONE',  ( -15.04050172409921515, 13.00000000000000000, 59.78393958836383604 ) ) ;
#1814 = FACE_OUTER_BOUND ( 'NONE', #2749, .T. ) ;
#1815 = ORIENTED_EDGE ( 'NONE', *, *, #957, .T. ) ;
#1816 = ORIENTED_EDGE ( 'NONE', *, *, #115, .T. ) ;
#1817 = DIRECTION ( 'NONE',  ( 0.000000000000000000, -0.000000000000000000, -1.000000000000000000 ) ) ;
#1818 =( BOUNDED_SURFACE ( )  B_SPLINE_SURFACE ( 3, 1, ( 
 ( #3893, #1271 ),
 ( #1694, #1634 ),
 ( #3505, #3085 ),
 ( #3472, #5320 ) ),
 .UNSPECIFIED., .F., .F., .T. ) 
 B_SPLINE_SURFACE_WITH_KNOTS ( ( 4, 4 ),
 ( 2, 2 ),
 ( 0.000000000000000000, 1.000000000000000000 ),
 ( 0.000000000000000000, 1.000000000000000000 ),
 .UNSPECIFIED. ) 
 GEOMETRIC_REPRESENTATION_ITEM ( )  RATIONAL_B_SPLINE_SURFACE ( (
 ( 1.000000000000000000, 1.000000000000000000),
 ( 0.3333333333333222681, 0.3333333333333222681),
 ( 0.3333333333333222681, 0.3333333333333222681),
 ( 1.000000000000000000, 1.000000000000000000) ) ) 
 REPRESENTATION_ITEM ( '' )  SURFACE ( )  );
#1819 = ADVANCED_FACE ( 'NONE', ( #342 ), #1015, .F. ) ;
#1820 = CARTESIAN_POINT ( 'NONE',  ( 12.50000000000012079, 10.99999999999999645, -49.55500000000004235 ) ) ;
#1821 = LINE ( 'NONE', #4914, #4043 ) ;
#1822 = ORIENTED_EDGE ( 'NONE', *, *, #4882, .F. ) ;
#1823 = CIRCLE ( 'NONE', #4102, 8.500000000000000000 ) ;
#1824 = FACE_OUTER_BOUND ( 'NONE', #1796, .T. ) ;
#1825 = CARTESIAN_POINT ( 'NONE',  ( -12.49999999999998757, 13.00000000000000000, 29.55499999999998550 ) ) ;
#1826 = DIRECTION ( 'NONE',  ( -0.000000000000000000, 0.7071067811865499042, -0.7071067811865451302 ) ) ;
#1827 = CARTESIAN_POINT ( 'NONE',  ( 31.43999999999999417, 22.35000000000000142, -49.55490477169965402 ) ) ;
#1828 = DIRECTION ( 'NONE',  ( -0.000000000000000000, -1.000000000000000000, -0.000000000000000000 ) ) ;
#1829 = ORIENTED_EDGE ( 'NONE', *, *, #2359, .F. ) ;
#1830 = ORIENTED_EDGE ( 'NONE', *, *, #668, .F. ) ;
#1831 = DIRECTION ( 'NONE',  ( 0.000000000000000000, 0.000000000000000000, -1.000000000000000000 ) ) ;
#1832 = CARTESIAN_POINT ( 'NONE',  ( -33.39000000000001478, 14.99999999999998579, -70.05500000000002103 ) ) ;
#1833 = CARTESIAN_POINT ( 'NONE',  ( 26.64049541977133728, 11.00000000000000000, 59.55499999999999972 ) ) ;
#1834 = CARTESIAN_POINT ( 'NONE',  ( -13.47403207297525363, 10.99999999999999112, 43.29339448151830538 ) ) ;
#1835 = CARTESIAN_POINT ( 'NONE',  ( -26.64049541977133728, 22.35000000000000142, 54.55499999999999972 ) ) ;
#1836 = ORIENTED_EDGE ( 'NONE', *, *, #682, .F. ) ;
#1837 = ORIENTED_EDGE ( 'NONE', *, *, #3790, .T. ) ;
#1838 = EDGE_CURVE ( 'NONE', #1506, #102, #401, .T. ) ;
#1839 = CARTESIAN_POINT ( 'NONE',  ( -12.49999999999991651, 10.99999999999999645, -51.55500000000004235 ) ) ;
#1840 = ADVANCED_FACE ( 'NONE', ( #5829 ), #3575, .F. ) ;
#1841 = LINE ( 'NONE', #392, #4356 ) ;
#1842 = DIRECTION ( 'NONE',  ( 0.000000000000000000, -0.7071067811865459074, 0.7071067811865491270 ) ) ;
#1843 = EDGE_LOOP ( 'NONE', ( #4188, #1999, #5316, #965 ) ) ;
#1844 = ORIENTED_EDGE ( 'NONE', *, *, #1376, .F. ) ;
#1845 = FACE_BOUND ( 'NONE', #5405, .T. ) ;
#1846 = CARTESIAN_POINT ( 'NONE',  ( 12.50000000000003730, 12.99999999999999822, -59.55500000000002103 ) ) ;
#1847 = PLANE ( 'NONE',  #5867 ) ;
#1848 = ORIENTED_EDGE ( 'NONE', *, *, #595, .T. ) ;
#1849 = ORIENTED_EDGE ( 'NONE', *, *, #4308, .F. ) ;
#1850 = CARTESIAN_POINT ( 'NONE',  ( -13.37382107369565887, 10.99999999999999467, -56.05143636095060344 ) ) ;
#1851 = VECTOR ( 'NONE', #2972, 1000.000000000000000 ) ;
#1852 = DIRECTION ( 'NONE',  ( -0.7071067811865487940, 0.000000000000000000, 0.7071067811865463515 ) ) ;
#1853 = DIRECTION ( 'NONE',  ( -0.000000000000000000, -1.000000000000000000, -0.000000000000000000 ) ) ;
#1854 = EDGE_CURVE ( 'NONE', #1239, #2393, #4830, .T. ) ;
#1855 = CYLINDRICAL_SURFACE ( 'NONE', #3306, 2.124999999999999112 ) ;
#1856 = CARTESIAN_POINT ( 'NONE',  ( -35.44000000000000483, 11.00000000000000000, -49.55500000000004235 ) ) ;
#1857 = ORIENTED_EDGE ( 'NONE', *, *, #5174, .T. ) ;
#1858 = CLOSED_SHELL ( 'NONE', ( #2990, #2648, #2968, #2526, #2019, #314, #4018, #3634, #1819, #565, #4265, #3037, #4715, #5032, #5653, #4401, #3417, #300, #1650, #3501, #909, #3781, #1922, #5609, #2916, #3335, #4011, #5433, #1970, #139, #712, #4454, #2032, #2091, #455, #2792, #4676, #3765, #627, #2110, #5648, #5467, #3609, #516, #1788, #3448, #419, #5596, #2789, #607, #17, #3895, #4210, #5700, #4302, #5052, #3299, #1470, #4439, #3192, #109, #2923, #687, #2280, #2705, #3255, #2343, #2487, #4663, #1683, #2041, #4824, #2781, #4843, #123, #3708, #2272, #3582, #3944, #1225, #1564, #3404, #963, #2769, #1158, #3797, #1794, #4596, #1474, #2944, #2709, #4645, #4121, #631, #4049, #5691, #4998, #1696, #3380, #297, #5707, #2015, #1482, #557, #4125, #3457, #4288, #3278, #5821, #1111, #5360, #5160, #5128, #4994, #3340, #3470, #1054, #1348, #4143, #1840, #5721, #381, #706, #1104, #3524, #1236, #3771, #5250, #1603, #2093, #486, #1035, #212, #2256, #979, #21, #1432, #3219, #861, #1215, #2144, #2556, #5251, #1805, #1042, #3792, #5534, #5520, #175, #506, #2350, #1616, #3692, #1191, #450, #2739, #5322, #2213, #2288, #351, #1408, #5729, #2848, #2623, #944, #1165, #4079, #3355, #1871, #2107, #538, #4303, #49, #574, #148, #2352, #2654, #1732, #2815, #4234 ) ) ;
#1859 = EDGE_LOOP ( 'NONE', ( #2716, #5711, #3028, #2116 ) ) ;
#1860 = DIRECTION ( 'NONE',  ( 0.000000000000000000, -1.000000000000000000, 0.000000000000000000 ) ) ;
#1861 = EDGE_CURVE ( 'NONE', #2549, #1447, #822, .T. ) ;
#1862 = CARTESIAN_POINT ( 'NONE',  ( 26.64049541977133728, 22.35000000000000142, 59.55499999999999972 ) ) ;
#1863 = LINE ( 'NONE', #1951, #364 ) ;
#1864 = CARTESIAN_POINT ( 'NONE',  ( 12.50000000000011546, 10.99999999999999645, -47.55500000000004235 ) ) ;
#1865 = VECTOR ( 'NONE', #4703, 1000.000000000000000 ) ;
#1866 = ORIENTED_EDGE ( 'NONE', *, *, #226, .T. ) ;
#1867 = DIRECTION ( 'NONE',  ( -0.000000000000000000, 1.000000000000000000, -0.000000000000000000 ) ) ;
#1868 = ORIENTED_EDGE ( 'NONE', *, *, #3286, .T. ) ;
#1869 = ORIENTED_EDGE ( 'NONE', *, *, #5439, .T. ) ;
#1870 = VECTOR ( 'NONE', #1375, 1000.000000000000000 ) ;
#1871 = ADVANCED_FACE ( 'NONE', ( #23 ), #896, .F. ) ;
#1872 = VECTOR ( 'NONE', #3788, 1000.000000000000000 ) ;
#1873 = CARTESIAN_POINT ( 'NONE',  ( -12.49999999999995026, -59.05500000000003524, 14.49999999999951328 ) ) ;
#1874 = AXIS2_PLACEMENT_3D ( 'NONE', #5724, #1282, #2588 ) ;
#1875 = CARTESIAN_POINT ( 'NONE',  ( -13.47400153435552639, 10.99999999999999467, 39.81664980122347686 ) ) ;
#1876 = ORIENTED_EDGE ( 'NONE', *, *, #2635, .F. ) ;
#1877 = CIRCLE ( 'NONE', #5197, 1.600000000000004086 ) ;
#1878 = VECTOR ( 'NONE', #4376, 1000.000000000000114 ) ;
#1879 = ORIENTED_EDGE ( 'NONE', *, *, #2697, .T. ) ;
#1880 = CARTESIAN_POINT ( 'NONE',  ( 15.04050172409921515, 19.50000000000000000, 59.78393958836383604 ) ) ;
#1881 = CARTESIAN_POINT ( 'NONE',  ( 14.50000000000006750, 10.99999999999998046, -55.55500000000000682 ) ) ;
#1882 = VECTOR ( 'NONE', #2507, 999.9999999999998863 ) ;
#1883 = CARTESIAN_POINT ( 'NONE',  ( 13.47400153435576620, 10.99999999999999645, -48.81664980122351949 ) ) ;
#1884 = CIRCLE ( 'NONE', #5204, 6.450000000000011724 ) ;
#1885 = ORIENTED_EDGE ( 'NONE', *, *, #3179, .T. ) ;
#1886 = VERTEX_POINT ( 'NONE', #4498 ) ;
#1887 = CIRCLE ( 'NONE', #3969, 4.000000000000003553 ) ;
#1888 = LINE ( 'NONE', #2326, #5270 ) ;
#1889 = DIRECTION ( 'NONE',  ( 0.000000000000000000, 0.000000000000000000, -1.000000000000000000 ) ) ;
#1890 = CARTESIAN_POINT ( 'NONE',  ( 15.04050172409921515, 19.50000000000000000, 64.94780718755065152 ) ) ;
#1891 = FACE_OUTER_BOUND ( 'NONE', #1695, .T. ) ;
#1892 = VECTOR ( 'NONE', #2917, 1000.000000000000000 ) ;
#1893 = DIRECTION ( 'NONE',  ( 0.000000000000000000, 1.000000000000000000, 0.000000000000000000 ) ) ;
#1894 = ORIENTED_EDGE ( 'NONE', *, *, #4472, .T. ) ;
#1895 = EDGE_LOOP ( 'NONE', ( #3996, #1032, #2551, #5042 ) ) ;
#1896 = VECTOR ( 'NONE', #5739, 1000.000000000000114 ) ;
#1897 = CARTESIAN_POINT ( 'NONE',  ( -26.64049541977133728, 19.35000000000000142, 63.55499999999999972 ) ) ;
#1898 = CARTESIAN_POINT ( 'NONE',  ( 12.50000000000008171, -59.05500000000003524, 110.6099999999995447 ) ) ;
#1899 = DIRECTION ( 'NONE',  ( -0.000000000000000000, 1.000000000000000000, -0.000000000000000000 ) ) ;
#1900 = DIRECTION ( 'NONE',  ( -0.000000000000000000, 1.000000000000000000, -0.000000000000000000 ) ) ;
#1901 = ORIENTED_EDGE ( 'NONE', *, *, #4656, .F. ) ;
#1902 = CARTESIAN_POINT ( 'NONE',  ( -26.63995126535550284, 22.35000000000000142, -39.55490477169965402 ) ) ;
#1903 = VERTEX_POINT ( 'NONE', #5518 ) ;
#1904 = ORIENTED_EDGE ( 'NONE', *, *, #1541, .F. ) ;
#1905 = CARTESIAN_POINT ( 'NONE',  ( -35.43999999999999062, 11.00000000000000000, 32.55499999999992866 ) ) ;
#1906 = CARTESIAN_POINT ( 'NONE',  ( -13.47403207297530336, 10.99999999999999645, 39.29339448151830538 ) ) ;
#1907 = ORIENTED_EDGE ( 'NONE', *, *, #1396, .T. ) ;
#1908 = EDGE_LOOP ( 'NONE', ( #1148, #2876, #4708, #4616 ) ) ;
#1909 = DIRECTION ( 'NONE',  ( 0.000000000000000000, 0.000000000000000000, -1.000000000000000000 ) ) ;
#1910 = CARTESIAN_POINT ( 'NONE',  ( 33.38999999999998636, 14.99999999999998579, -70.05500000000000682 ) ) ;
#1911 = VERTEX_POINT ( 'NONE', #52 ) ;
#1912 = ORIENTED_EDGE ( 'NONE', *, *, #5396, .F. ) ;
#1913 = EDGE_CURVE ( 'NONE', #2393, #4208, #3221, .T. ) ;
#1914 = EDGE_CURVE ( 'NONE', #5368, #385, #2444, .T. ) ;
#1915 = CARTESIAN_POINT ( 'NONE',  ( -26.64049541977133728, 13.00000000000000000, 54.55499999999999972 ) ) ;
#1916 = DIRECTION ( 'NONE',  ( 0.000000000000000000, -1.000000000000000000, 0.000000000000000000 ) ) ;
#1917 = EDGE_CURVE ( 'NONE', #2580, #3054, #1782, .T. ) ;
#1918 = DIRECTION ( 'NONE',  ( -1.000000000000000000, 0.000000000000000000, -1.957927173788721102E-16 ) ) ;
#1919 = DIRECTION ( 'NONE',  ( 1.000000000000000000, 0.000000000000000000, 0.000000000000000000 ) ) ;
#1920 = ORIENTED_EDGE ( 'NONE', *, *, #778, .T. ) ;
#1921 = VERTEX_POINT ( 'NONE', #429 ) ;
#1922 = ADVANCED_FACE ( 'NONE', ( #928 ), #1442, .F. ) ;
#1923 = AXIS2_PLACEMENT_3D ( 'NONE', #2662, #4453, #4956 ) ;
#1924 = DIRECTION ( 'NONE',  ( 0.000000000000000000, -1.000000000000000000, 0.000000000000000000 ) ) ;
#1925 = DIRECTION ( 'NONE',  ( -0.000000000000000000, -1.000000000000000000, -0.000000000000000000 ) ) ;
#1926 = DIRECTION ( 'NONE',  ( 0.000000000000000000, -0.9396926207859138680, -0.3420201433256539469 ) ) ;
#1927 = LINE ( 'NONE', #3820, #92 ) ;
#1928 = ORIENTED_EDGE ( 'NONE', *, *, #5628, .F. ) ;
#1929 = CARTESIAN_POINT ( 'NONE',  ( -15.04050172409921515, 22.32842712474619518, 59.78393958836383604 ) ) ;
#1930 = ORIENTED_EDGE ( 'NONE', *, *, #196, .T. ) ;
#1931 = VERTEX_POINT ( 'NONE', #2274 ) ;
#1932 = DIRECTION ( 'NONE',  ( 0.000000000000000000, 0.000000000000000000, -1.000000000000000000 ) ) ;
#1933 = CARTESIAN_POINT ( 'NONE',  ( -12.76239797598384307, 10.99999999999999645, 38.55499999999999261 ) ) ;
#1934 = ORIENTED_EDGE ( 'NONE', *, *, #1746, .F. ) ;
#1935 = EDGE_LOOP ( 'NONE', ( #5656, #5011, #5523, #1178 ) ) ;
#1936 = LINE ( 'NONE', #5540, #1665 ) ;
#1937 = FACE_BOUND ( 'NONE', #591, .T. ) ;
#1938 = DIRECTION ( 'NONE',  ( 0.000000000000000000, 1.000000000000000000, 0.000000000000000000 ) ) ;
#1939 = ORIENTED_EDGE ( 'NONE', *, *, #1241, .F. ) ;
#1940 = VERTEX_POINT ( 'NONE', #4085 ) ;
#1941 = EDGE_CURVE ( 'NONE', #3263, #5217, #4812, .T. ) ;
#1942 = DIRECTION ( 'NONE',  ( 1.000000000000000000, 0.000000000000000000, -2.775557561562894802E-16 ) ) ;
#1943 = EDGE_CURVE ( 'NONE', #2786, #3277, #2745, .T. ) ;
#1944 = CARTESIAN_POINT ( 'NONE',  ( 26.63995126535550284, 19.35000000000000142, -40.55490477169965402 ) ) ;
#1945 = CARTESIAN_POINT ( 'NONE',  ( 12.50000000000007994, 11.00000000000000000, 40.55500000000000682 ) ) ;
#1946 = CARTESIAN_POINT ( 'NONE',  ( 15.04050172409921515, 11.00000000000000000, 61.78393958836378630 ) ) ;
#1947 = EDGE_LOOP ( 'NONE', ( #43, #4328, #5099, #3807, #5226 ) ) ;
#1948 = EDGE_CURVE ( 'NONE', #4953, #1299, #3185, .T. ) ;
#1949 = ORIENTED_EDGE ( 'NONE', *, *, #5254, .T. ) ;
#1950 = CARTESIAN_POINT ( 'NONE',  ( -14.49999999999999289, 10.99999999999999645, 32.55499999999995708 ) ) ;
#1951 = CARTESIAN_POINT ( 'NONE',  ( -31.43999999999999417, 22.35000000000000142, -49.55490477169965402 ) ) ;
#1952 = CYLINDRICAL_SURFACE ( 'NONE', #84, 4.000000000000003553 ) ;
#1953 = CARTESIAN_POINT ( 'NONE',  ( 26.64049541977133728, 0.000000000000000000, 59.55499999999999972 ) ) ;
#1954 = DIRECTION ( 'NONE',  ( 1.000000000000000000, 0.000000000000000000, 0.000000000000000000 ) ) ;
#1955 = VECTOR ( 'NONE', #4441, 1000.000000000000000 ) ;
#1956 = ORIENTED_EDGE ( 'NONE', *, *, #2481, .F. ) ;
#1957 = ORIENTED_EDGE ( 'NONE', *, *, #3529, .F. ) ;
#1958 = CARTESIAN_POINT ( 'NONE',  ( -12.49999999999991651, 12.99999999999999822, -53.55500000000003524 ) ) ;
#1959 = ORIENTED_EDGE ( 'NONE', *, *, #2101, .F. ) ;
#1960 = EDGE_CURVE ( 'NONE', #4670, #5572, #2724, .T. ) ;
#1961 = EDGE_CURVE ( 'NONE', #1350, #2072, #491, .T. ) ;
#1962 = CARTESIAN_POINT ( 'NONE',  ( -21.64049541977133373, 22.35000000000000142, 59.55499999999999972 ) ) ;
#1963 = VECTOR ( 'NONE', #2400, 1000.000000000000000 ) ;
#1964 = LINE ( 'NONE', #2884, #1892 ) ;
#1965 = VERTEX_POINT ( 'NONE', #2302 ) ;
#1966 = CIRCLE ( 'NONE', #1398, 0.9999999999999870104 ) ;
#1967 = AXIS2_PLACEMENT_3D ( 'NONE', #2710, #4141, #3605 ) ;
#1968 = ORIENTED_EDGE ( 'NONE', *, *, #2545, .F. ) ;
#1969 = CARTESIAN_POINT ( 'NONE',  ( -13.02202945409730184, 10.99999999999999645, 34.66283544631623670 ) ) ;
#1970 = ADVANCED_FACE ( 'NONE', ( #4111 ), #86, .T. ) ;
#1971 = CIRCLE ( 'NONE', #1404, 2.624999999999988454 ) ;
#1972 = AXIS2_PLACEMENT_3D ( 'NONE', #4403, #696, #3927 ) ;
#1973 = DIRECTION ( 'NONE',  ( 8.833166448866688765E-17, 0.000000000000000000, 1.000000000000000000 ) ) ;
#1974 = CARTESIAN_POINT ( 'NONE',  ( -22.49999999999998224, 18.00000000000000000, 8.555000000000006821 ) ) ;
#1975 = CARTESIAN_POINT ( 'NONE',  ( 15.04050172409921515, 22.32842712474619518, 59.78393958836383604 ) ) ;
#1976 = ORIENTED_EDGE ( 'NONE', *, *, #1948, .T. ) ;
#1977 = VECTOR ( 'NONE', #5549, 1000.000000000000114 ) ;
#1978 = ORIENTED_EDGE ( 'NONE', *, *, #4874, .F. ) ;
#1979 = AXIS2_PLACEMENT_3D ( 'NONE', #639, #2477, #2058 ) ;
#1980 = CARTESIAN_POINT ( 'NONE',  ( -14.49999999999997691, 12.99999999999999822, 28.55499999999996774 ) ) ;
#1981 = DIRECTION ( 'NONE',  ( 0.000000000000000000, -1.000000000000000000, 0.000000000000000000 ) ) ;
#1982 = CARTESIAN_POINT ( 'NONE',  ( 10.00000000000000355, 13.00000000000000000, 71.55499999999993577 ) ) ;
#1983 = DIRECTION ( 'NONE',  ( -0.000000000000000000, -1.000000000000000000, -0.000000000000000000 ) ) ;
#1984 = CARTESIAN_POINT ( 'NONE',  ( -33.39000000000001478, 14.99999999999998579, -70.05500000000002103 ) ) ;
#1985 = ORIENTED_EDGE ( 'NONE', *, *, #797, .F. ) ;
#1986 = EDGE_LOOP ( 'NONE', ( #5514, #3736, #4682, #1087 ) ) ;
#1987 = CIRCLE ( 'NONE', #5024, 2.125000000000001776 ) ;
#1988 = AXIS2_PLACEMENT_3D ( 'NONE', #1813, #3173, #4549 ) ;
#1989 = EDGE_CURVE ( 'NONE', #1062, #3441, #2531, .T. ) ;
#1990 = LINE ( 'NONE', #4280, #4866 ) ;
#1991 = CARTESIAN_POINT ( 'NONE',  ( -21.64049541977133373, 13.00000000000000000, 59.55499999999999972 ) ) ;
#1992 = CARTESIAN_POINT ( 'NONE',  ( 26.63995126535550284, 22.35000000000000142, -44.55490477169965402 ) ) ;
#1993 = ORIENTED_EDGE ( 'NONE', *, *, #2545, .T. ) ;
#1994 = VERTEX_POINT ( 'NONE', #4621 ) ;
#1995 = CARTESIAN_POINT ( 'NONE',  ( -21.64049541977133728, 13.00000000000000000, 72.97215427357548378 ) ) ;
#1996 = CARTESIAN_POINT ( 'NONE',  ( 6.500000000000000000, 13.00000000000000000, 67.55499999999999261 ) ) ;
#1997 = LINE ( 'NONE', #1495, #5600 ) ;
#1998 = ORIENTED_EDGE ( 'NONE', *, *, #1172, .T. ) ;
#1999 = ORIENTED_EDGE ( 'NONE', *, *, #1943, .T. ) ;
#2000 = CYLINDRICAL_SURFACE ( 'NONE', #4139, 3.149999999999986144 ) ;
#2001 = EDGE_CURVE ( 'NONE', #5870, #321, #5345, .T. ) ;
#2002 = PLANE ( 'NONE',  #1979 ) ;
#2003 = CARTESIAN_POINT ( 'NONE',  ( -12.49999999999997158, -59.05500000000003524, 100.6099999999995447 ) ) ;
#2004 = CARTESIAN_POINT ( 'NONE',  ( 26.63995126535550284, 13.00000000000000000, -49.55490477169965402 ) ) ;
#2005 = ORIENTED_EDGE ( 'NONE', *, *, #2221, .T. ) ;
#2006 = ORIENTED_EDGE ( 'NONE', *, *, #4774, .T. ) ;
#2007 = PLANE ( 'NONE',  #5305 ) ;
#2008 = DIRECTION ( 'NONE',  ( 0.000000000000000000, 0.000000000000000000, -1.000000000000000000 ) ) ;
#2009 = CARTESIAN_POINT ( 'NONE',  ( 22.50000000000000711, 11.00000000000000000, 68.55500000000000682 ) ) ;
#2010 = FACE_OUTER_BOUND ( 'NONE', #2595, .T. ) ;
#2011 = CARTESIAN_POINT ( 'NONE',  ( 13.29970886751937442, 10.99999999999999645, -61.16950099912776295 ) ) ;
#2012 = ORIENTED_EDGE ( 'NONE', *, *, #5525, .T. ) ;
#2013 = ORIENTED_EDGE ( 'NONE', *, *, #2750, .T. ) ;
#2014 = EDGE_CURVE ( 'NONE', #2090, #3755, #2807, .T. ) ;
#2015 = ADVANCED_FACE ( 'NONE', ( #88 ), #3725, .F. ) ;
#2016 = FACE_OUTER_BOUND ( 'NONE', #4653, .T. ) ;
#2017 = DIRECTION ( 'NONE',  ( 0.000000000000000000, 0.000000000000000000, -1.000000000000000000 ) ) ;
#2018 = ORIENTED_EDGE ( 'NONE', *, *, #3084, .F. ) ;
#2019 = ADVANCED_FACE ( 'NONE', ( #3252 ), #4659, .T. ) ;
#2020 = EDGE_CURVE ( 'NONE', #4862, #4378, #5129, .T. ) ;
#2021 = CARTESIAN_POINT ( 'NONE',  ( -6.500000000000000000, 13.00000000000000000, 67.55499999999999261 ) ) ;
#2022 = CARTESIAN_POINT ( 'NONE',  ( 22.50000000000001066, 11.00000000000000000, 11.17999999999999616 ) ) ;
#2023 = LINE ( 'NONE', #4260, #3688 ) ;
#2024 = ORIENTED_EDGE ( 'NONE', *, *, #2964, .T. ) ;
#2025 = FACE_OUTER_BOUND ( 'NONE', #3379, .T. ) ;
#2026 = CARTESIAN_POINT ( 'NONE',  ( 12.50000000000012079, -59.05500000000003524, 20.49999999999951683 ) ) ;
#2027 = CARTESIAN_POINT ( 'NONE',  ( -26.64049541977133728, 11.00000000000000000, 59.55499999999999972 ) ) ;
#2028 = DIRECTION ( 'NONE',  ( -1.000000000000000000, -0.000000000000000000, -0.000000000000000000 ) ) ;
#2029 = CYLINDRICAL_SURFACE ( 'NONE', #2715, 2.124999999999999112 ) ;
#2030 = ORIENTED_EDGE ( 'NONE', *, *, #5279, .T. ) ;
#2031 = DIRECTION ( 'NONE',  ( -0.000000000000000000, -1.000000000000000000, -0.000000000000000000 ) ) ;
#2032 = ADVANCED_FACE ( 'NONE', ( #588 ), #4685, .T. ) ;
#2033 = FACE_OUTER_BOUND ( 'NONE', #5139, .T. ) ;
#2034 = CARTESIAN_POINT ( 'NONE',  ( -26.93999999999999773, 23.00000000000000000, 74.55499999999999261 ) ) ;
#2035 = DIRECTION ( 'NONE',  ( -0.000000000000000000, 1.000000000000000000, -0.000000000000000000 ) ) ;
#2036 = CARTESIAN_POINT ( 'NONE',  ( 10.00000000000000178, 23.00000000000000000, 67.55499999999999261 ) ) ;
#2037 = CARTESIAN_POINT ( 'NONE',  ( 13.37372469124653840, 10.99999999999999822, -60.05123309915108365 ) ) ;
#2038 = ORIENTED_EDGE ( 'NONE', *, *, #3203, .T. ) ;
#2039 = EDGE_LOOP ( 'NONE', ( #2996, #1857 ) ) ;
#2040 = CIRCLE ( 'NONE', #5665, 4.000000000000003553 ) ;
#2041 = ADVANCED_FACE ( 'NONE', ( #5095 ), #1051, .F. ) ;
#2042 = CARTESIAN_POINT ( 'NONE',  ( -12.49999999999999289, 10.99999999999998224, -59.55500000000002814 ) ) ;
#2043 = CARTESIAN_POINT ( 'NONE',  ( -26.94000000000001194, 15.00000000000000000, -70.05500000000002103 ) ) ;
#2044 = DIRECTION ( 'NONE',  ( 0.000000000000000000, 0.000000000000000000, -1.000000000000000000 ) ) ;
#2045 = AXIS2_PLACEMENT_3D ( 'NONE', #5438, #1692, #391 ) ;
#2046 = CARTESIAN_POINT ( 'NONE',  ( 33.38999999999999346, -49.53982059473155175, -32.48482059473187178 ) ) ;
#2047 = ORIENTED_EDGE ( 'NONE', *, *, #2702, .F. ) ;
#2048 = EDGE_CURVE ( 'NONE', #5808, #3234, #1399, .T. ) ;
#2049 = AXIS2_PLACEMENT_3D ( 'NONE', #1193, #2981, #673 ) ;
#2050 = LINE ( 'NONE', #219, #427 ) ;
#2051 = CYLINDRICAL_SURFACE ( 'NONE', #661, 4.500000000000001776 ) ;
#2052 = AXIS2_PLACEMENT_3D ( 'NONE', #5031, #3308, #2830 ) ;
#2053 = VERTEX_POINT ( 'NONE', #145 ) ;
#2054 = VECTOR ( 'NONE', #839, 1000.000000000000000 ) ;
#2055 = VECTOR ( 'NONE', #2713, 1000.000000000000000 ) ;
#2056 = LINE ( 'NONE', #5660, #2629 ) ;
#2057 = CIRCLE ( 'NONE', #176, 4.999999999999997335 ) ;
#2058 = DIRECTION ( 'NONE',  ( 0.000000000000000000, -0.000000000000000000, 1.000000000000000000 ) ) ;
#2059 = AXIS2_PLACEMENT_3D ( 'NONE', #1825, #5484, #2240 ) ;
#2060 = CARTESIAN_POINT ( 'NONE',  ( -22.49999999999998224, 13.00000000000000000, 4.055000000000005933 ) ) ;
#2061 = CARTESIAN_POINT ( 'NONE',  ( 12.50000000000012257, 11.00000000000000000, 44.55499999999997129 ) ) ;
#2062 = ORIENTED_EDGE ( 'NONE', *, *, #1, .T. ) ;
#2063 = AXIS2_PLACEMENT_3D ( 'NONE', #5643, #568, #2460 ) ;
#2064 = DIRECTION ( 'NONE',  ( 1.000000000000000000, 0.000000000000000000, 0.000000000000000000 ) ) ;
#2065 = AXIS2_PLACEMENT_3D ( 'NONE', #1251, #1393, #2647 ) ;
#2066 = DIRECTION ( 'NONE',  ( -0.7071067811865463515, 0.000000000000000000, 0.7071067811865487940 ) ) ;
#2067 = LINE ( 'NONE', #4273, #1791 ) ;
#2068 = CARTESIAN_POINT ( 'NONE',  ( 21.64049541977133728, 13.00000000000000000, 74.55499999999999261 ) ) ;
#2069 = VECTOR ( 'NONE', #4094, 1000.000000000000000 ) ;
#2070 = DIRECTION ( 'NONE',  ( 0.000000000000000000, -1.000000000000000000, 0.000000000000000000 ) ) ;
#2071 = EDGE_LOOP ( 'NONE', ( #1459, #5784, #2269, #4996 ) ) ;
#2072 = VERTEX_POINT ( 'NONE', #5581 ) ;
#2073 = AXIS2_PLACEMENT_3D ( 'NONE', #4738, #1938, #1576 ) ;
#2074 = CARTESIAN_POINT ( 'NONE',  ( -12.76239797598394432, 10.99999999999999467, -61.55500000000005656 ) ) ;
#2075 = DIRECTION ( 'NONE',  ( 0.000000000000000000, -0.7071067811865451302, -0.7071067811865499042 ) ) ;
#2076 = CARTESIAN_POINT ( 'NONE',  ( 26.93999999999998352, -152.0796411894638993, -76.50500000000000966 ) ) ;
#2077 = EDGE_LOOP ( 'NONE', ( #5475, #2637 ) ) ;
#2078 = VECTOR ( 'NONE', #4275, 1000.000000000000000 ) ;
#2079 = CARTESIAN_POINT ( 'NONE',  ( -12.49999999999995737, 13.00000000000000000, -58.55500000000002814 ) ) ;
#2080 = CARTESIAN_POINT ( 'NONE',  ( 26.63995126535550284, 19.35000000000000142, -44.55490477169965402 ) ) ;
#2081 = LINE ( 'NONE', #5713, #573 ) ;
#2082 = ORIENTED_EDGE ( 'NONE', *, *, #1838, .T. ) ;
#2083 = CARTESIAN_POINT ( 'NONE',  ( 22.50000000000000711, 11.00000000000000000, 65.93000000000002103 ) ) ;
#2084 = LINE ( 'NONE', #1638, #3389 ) ;
#2085 = DIRECTION ( 'NONE',  ( 1.000000000000000000, 0.000000000000000000, 0.000000000000000000 ) ) ;
#2086 = EDGE_CURVE ( 'NONE', #5490, #1886, #5199, .T. ) ;
#2087 = FACE_OUTER_BOUND ( 'NONE', #3580, .T. ) ;
#2088 = CIRCLE ( 'NONE', #1433, 2.624999999999988454 ) ;
#2089 = LINE ( 'NONE', #3482, #5092 ) ;
#2090 = VERTEX_POINT ( 'NONE', #1534 ) ;
#2091 = ADVANCED_FACE ( 'NONE', ( #3343 ), #1077, .T. ) ;
#2092 = VERTEX_POINT ( 'NONE', #3698 ) ;
#2093 = ADVANCED_FACE ( 'NONE', ( #1891 ), #2450, .F. ) ;
#2094 = CYLINDRICAL_SURFACE ( 'NONE', #1682, 4.000000000000003553 ) ;
#2095 = LINE ( 'NONE', #5702, #5597 ) ;
#2096 = DIRECTION ( 'NONE',  ( 0.000000000000000000, 0.7071067811865491270, 0.7071067811865459074 ) ) ;
#2097 = CARTESIAN_POINT ( 'NONE',  ( 31.43999999999999417, 14.99999999999999289, -34.94500000000000739 ) ) ;
#2098 = ORIENTED_EDGE ( 'NONE', *, *, #4461, .F. ) ;
#2099 = CONICAL_SURFACE ( 'NONE', #3899, 4.000000000000003553, 0.7853981633974552734 ) ;
#2100 = ORIENTED_EDGE ( 'NONE', *, *, #5504, .F. ) ;
#2101 = EDGE_CURVE ( 'NONE', #2886, #1220, #4593, .T. ) ;
#2102 = CARTESIAN_POINT ( 'NONE',  ( -13.47403207297539929, 10.99999999999999645, -60.81660551848171536 ) ) ;
#2103 = LINE ( 'NONE', #1065, #5737 ) ;
#2104 = ORIENTED_EDGE ( 'NONE', *, *, #1487, .T. ) ;
#2105 = ORIENTED_EDGE ( 'NONE', *, *, #2697, .F. ) ;
#2106 = CARTESIAN_POINT ( 'NONE',  ( -22.49999999999999289, 18.00000000000000000, 68.55500000000000682 ) ) ;
#2107 = ADVANCED_FACE ( 'NONE', ( #5521 ), #337, .F. ) ;
#2108 = DIRECTION ( 'NONE',  ( 0.000000000000000000, 0.000000000000000000, -1.000000000000000000 ) ) ;
#2109 = VERTEX_POINT ( 'NONE', #2060 ) ;
#2110 = ADVANCED_FACE ( 'NONE', ( #750 ), #2559, .F. ) ;
#2111 = CARTESIAN_POINT ( 'NONE',  ( 26.64049541977133728, 19.35000000000000142, 59.55499999999999972 ) ) ;
#2112 = CARTESIAN_POINT ( 'NONE',  ( 22.50000000000001066, 18.00000000000000000, 4.055000000000005933 ) ) ;
#2113 = CONICAL_SURFACE ( 'NONE', #3063, 2.124999999999999112, 0.7853981633974405074 ) ;
#2114 = CYLINDRICAL_SURFACE ( 'NONE', #1972, 4.500000000000001776 ) ;
#2115 = DIRECTION ( 'NONE',  ( 0.000000000000000000, -1.000000000000000000, 0.000000000000000000 ) ) ;
#2116 = ORIENTED_EDGE ( 'NONE', *, *, #1048, .T. ) ;
#2117 = EDGE_CURVE ( 'NONE', #4953, #2544, #2448, .T. ) ;
#2118 = CARTESIAN_POINT ( 'NONE',  ( 22.50000000000000711, 17.00000000000000000, 66.43000000000000682 ) ) ;
#2119 = CYLINDRICAL_SURFACE ( 'NONE', #5196, 1.000000000000000888 ) ;
#2120 = CARTESIAN_POINT ( 'NONE',  ( -13.29970886751927850, 10.99999999999999645, -51.94049900087232174 ) ) ;
#2121 = FACE_OUTER_BOUND ( 'NONE', #1935, .T. ) ;
#2122 = LINE ( 'NONE', #2097, #3194 ) ;
#2123 = EDGE_LOOP ( 'NONE', ( #2816, #1976, #4338, #5673 ) ) ;
#2124 = ORIENTED_EDGE ( 'NONE', *, *, #4756, .T. ) ;
#2125 = EDGE_CURVE ( 'NONE', #1183, #5123, #1137, .T. ) ;
#2126 = CARTESIAN_POINT ( 'NONE',  ( 12.50000000000012434, 10.99999999999999645, 42.55500000000000682 ) ) ;
#2127 = DIRECTION ( 'NONE',  ( -0.000000000000000000, -1.000000000000000000, -0.000000000000000000 ) ) ;
#2128 = EDGE_LOOP ( 'NONE', ( #1463, #5020, #4597, #3635 ) ) ;
#2129 = ORIENTED_EDGE ( 'NONE', *, *, #1861, .T. ) ;
#2130 = FACE_OUTER_BOUND ( 'NONE', #4103, .T. ) ;
#2131 = LINE ( 'NONE', #2577, #5689 ) ;
#2132 = ORIENTED_EDGE ( 'NONE', *, *, #4161, .F. ) ;
#2133 = VECTOR ( 'NONE', #1671, 1000.000000000000000 ) ;
#2134 = EDGE_CURVE ( 'NONE', #2053, #5349, #5745, .T. ) ;
#2135 = ORIENTED_EDGE ( 'NONE', *, *, #1095, .F. ) ;
#2136 = CARTESIAN_POINT ( 'NONE',  ( -12.49999999999988809, 13.00000000000000000, 38.55499999999999261 ) ) ;
#2137 = VECTOR ( 'NONE', #3477, 1000.000000000000000 ) ;
#2138 = CARTESIAN_POINT ( 'NONE',  ( 15.04050172409921515, 11.99999999999994849, 58.78393958836383604 ) ) ;
#2139 = CARTESIAN_POINT ( 'NONE',  ( 3.574276965247337401, 10.99998799999999832, 70.53572133034184333 ) ) ;
#2140 = DIRECTION ( 'NONE',  ( -0.000000000000000000, 1.000000000000000000, -0.000000000000000000 ) ) ;
#2141 = DIRECTION ( 'NONE',  ( -9.904923137402368115E-17, 0.000000000000000000, -1.000000000000000000 ) ) ;
#2142 = VECTOR ( 'NONE', #4889, 1000.000000000000000 ) ;
#2143 = ORIENTED_EDGE ( 'NONE', *, *, #3334, .F. ) ;
#2144 = ADVANCED_FACE ( 'NONE', ( #2087 ), #2114, .T. ) ;
#2145 = CARTESIAN_POINT ( 'NONE',  ( 26.93999999999998352, 23.00000000000000000, -74.55500000000000682 ) ) ;
#2146 = AXIS2_PLACEMENT_3D ( 'NONE', #238, #4333, #5252 ) ;
#2147 = DIRECTION ( 'NONE',  ( 0.000000000000000000, -1.000000000000000000, 0.000000000000000000 ) ) ;
#2148 = CARTESIAN_POINT ( 'NONE',  ( -13.37372469124645669, 10.99999999999999822, -53.05876690084902236 ) ) ;
#2149 = FACE_OUTER_BOUND ( 'NONE', #1365, .T. ) ;
#2150 = ORIENTED_EDGE ( 'NONE', *, *, #610, .T. ) ;
#2151 = DIRECTION ( 'NONE',  ( 1.000000000000000000, -0.000000000000000000, 0.000000000000000000 ) ) ;
#2152 = EDGE_LOOP ( 'NONE', ( #3779, #5151, #2939, #505 ) ) ;
#2153 = AXIS2_PLACEMENT_3D ( 'NONE', #502, #530, #4095 ) ;
#2154 = ORIENTED_EDGE ( 'NONE', *, *, #4067, .T. ) ;
#2155 = VECTOR ( 'NONE', #2983, 1000.000000000000000 ) ;
#2156 = AXIS2_PLACEMENT_3D ( 'NONE', #1833, #2846, #3638 ) ;
#2157 = FACE_OUTER_BOUND ( 'NONE', #2189, .T. ) ;
#2158 = CARTESIAN_POINT ( 'NONE',  ( -26.93999999999999773, 23.00000000000000000, 76.50500000000000966 ) ) ;
#2159 = EDGE_CURVE ( 'NONE', #2323, #4670, #4351, .T. ) ;
#2160 = VECTOR ( 'NONE', #2854, 1000.000000000000000 ) ;
#2161 = LINE ( 'NONE', #1266, #5491 ) ;
#2162 = ORIENTED_EDGE ( 'NONE', *, *, #1746, .T. ) ;
#2163 = ORIENTED_EDGE ( 'NONE', *, *, #1728, .F. ) ;
#2164 = EDGE_CURVE ( 'NONE', #2905, #3686, #654, .T. ) ;
#2165 = CIRCLE ( 'NONE', #3684, 0.9999999999999940048 ) ;
#2166 = DIRECTION ( 'NONE',  ( 0.000000000000000000, 0.000000000000000000, -1.000000000000000000 ) ) ;
#2167 = EDGE_CURVE ( 'NONE', #3266, #5683, #1640, .T. ) ;
#2168 = CARTESIAN_POINT ( 'NONE',  ( -14.49999999999995737, 12.99999999999999822, -59.55500000000003524 ) ) ;
#2169 = CIRCLE ( 'NONE', #2266, 2.124999999999999112 ) ;
#2170 = ORIENTED_EDGE ( 'NONE', *, *, #902, .T. ) ;
#2171 = VERTEX_POINT ( 'NONE', #4793 ) ;
#2172 = VECTOR ( 'NONE', #2900, 1000.000000000000000 ) ;
#2173 = EDGE_CURVE ( 'NONE', #1608, #571, #2584, .T. ) ;
#2174 = DIRECTION ( 'NONE',  ( -0.000000000000000000, 1.000000000000000000, 0.000000000000000000 ) ) ;
#2175 = CARTESIAN_POINT ( 'NONE',  ( -26.93999999999999773, 23.00000000000000000, 74.55499999999999261 ) ) ;
#2176 = CARTESIAN_POINT ( 'NONE',  ( -22.49999999999999289, 11.00000000000000000, 68.55500000000000682 ) ) ;
#2177 = DIRECTION ( 'NONE',  ( 0.000000000000000000, -0.7071067811865499042, 0.7071067811865451302 ) ) ;
#2178 = ORIENTED_EDGE ( 'NONE', *, *, #2454, .T. ) ;
#2179 = EDGE_CURVE ( 'NONE', #4862, #5183, #5772, .T. ) ;
#2180 = FACE_BOUND ( 'NONE', #2766, .T. ) ;
#2181 = DIRECTION ( 'NONE',  ( -1.000000000000000000, 0.000000000000000000, -3.558407130208821635E-15 ) ) ;
#2182 = CARTESIAN_POINT ( 'NONE',  ( 35.43999999999998352, 13.00000000000001421, -78.55500000000000682 ) ) ;
#2183 = DIRECTION ( 'NONE',  ( 0.000000000000000000, 0.000000000000000000, -1.000000000000000000 ) ) ;
#2184 = ORIENTED_EDGE ( 'NONE', *, *, #285, .T. ) ;
#2185 = DIRECTION ( 'NONE',  ( 1.000000000000000000, 0.000000000000000000, 0.000000000000000000 ) ) ;
#2186 = ORIENTED_EDGE ( 'NONE', *, *, #5420, .F. ) ;
#2187 = PLANE ( 'NONE',  #2344 ) ;
#2188 = CARTESIAN_POINT ( 'NONE',  ( -26.94000000000001194, 23.00000000000000000, -76.50500000000002387 ) ) ;
#2189 = EDGE_LOOP ( 'NONE', ( #5714, #1792, #3740, #2382 ) ) ;
#2190 = ORIENTED_EDGE ( 'NONE', *, *, #4702, .T. ) ;
#2191 = EDGE_CURVE ( 'NONE', #760, #5789, #2501, .T. ) ;
#2192 = AXIS2_PLACEMENT_3D ( 'NONE', #2043, #1150, #3913 ) ;
#2193 = EDGE_CURVE ( 'NONE', #5742, #4427, #4743, .T. ) ;
#2194 = CYLINDRICAL_SURFACE ( 'NONE', #626, 4.000000000000003553 ) ;
#2195 = CARTESIAN_POINT ( 'NONE',  ( -14.49999999999996270, 12.99999999999999822, -57.55500000000003524 ) ) ;
#2196 = DIRECTION ( 'NONE',  ( 1.000000000000000000, 0.000000000000000000, 0.000000000000000000 ) ) ;
#2197 = VERTEX_POINT ( 'NONE', #3454 ) ;
#2198 = EDGE_CURVE ( 'NONE', #1447, #1921, #2478, .T. ) ;
#2199 = ORIENTED_EDGE ( 'NONE', *, *, #5353, .T. ) ;
#2200 = CARTESIAN_POINT ( 'NONE',  ( 12.49999999999999645, 12.99999999999999822, 30.55499999999997129 ) ) ;
#2201 = CARTESIAN_POINT ( 'NONE',  ( 12.50000000000003730, 10.99999999999999645, -57.55500000000004235 ) ) ;
#2202 = CARTESIAN_POINT ( 'NONE',  ( -26.94000000000001194, 15.00000000000000000, -78.55500000000002103 ) ) ;
#2203 = CARTESIAN_POINT ( 'NONE',  ( -13.02202945409726098, 10.99999999999999467, 38.66283544631624380 ) ) ;
#2204 = EDGE_LOOP ( 'NONE', ( #4724, #1749 ) ) ;
#2205 = CARTESIAN_POINT ( 'NONE',  ( 31.43999999999999417, 23.00000000000000000, 40.05500000000000682 ) ) ;
#2206 = DIRECTION ( 'NONE',  ( 0.000000000000000000, 0.000000000000000000, 1.000000000000000000 ) ) ;
#2207 = CARTESIAN_POINT ( 'NONE',  ( -13.47400153435561165, 10.99999999999999467, 31.81664980122347330 ) ) ;
#2208 = DIRECTION ( 'NONE',  ( -0.000000000000000000, 1.000000000000000000, 0.000000000000000000 ) ) ;
#2209 = EDGE_CURVE ( 'NONE', #5836, #2490, #3775, .T. ) ;
#2210 = CARTESIAN_POINT ( 'NONE',  ( -33.39000000000001478, 19.99999999999999645, 13.27499999999999503 ) ) ;
#2211 = ORIENTED_EDGE ( 'NONE', *, *, #4893, .F. ) ;
#2212 = ORIENTED_EDGE ( 'NONE', *, *, #498, .F. ) ;
#2213 = ADVANCED_FACE ( 'NONE', ( #1588 ), #4317, .F. ) ;
#2214 = ORIENTED_EDGE ( 'NONE', *, *, #3451, .F. ) ;
#2215 = CARTESIAN_POINT ( 'NONE',  ( -15.04050172409921515, 19.50000000000000000, 54.62007198917702766 ) ) ;
#2216 = DIRECTION ( 'NONE',  ( 0.000000000000000000, 1.000000000000000000, 0.000000000000000000 ) ) ;
#2217 = CARTESIAN_POINT ( 'NONE',  ( 12.50000000000007816, 13.00000000000000000, -53.55500000000003524 ) ) ;
#2218 = CARTESIAN_POINT ( 'NONE',  ( 26.93999999999998352, -152.0796411894638993, -70.05500000000000682 ) ) ;
#2219 = VERTEX_POINT ( 'NONE', #2978 ) ;
#2220 = VERTEX_POINT ( 'NONE', #5238 ) ;
#2221 = EDGE_CURVE ( 'NONE', #4447, #4193, #3965, .T. ) ;
#2222 = EDGE_CURVE ( 'NONE', #5595, #3656, #5574, .T. ) ;
#2223 = CARTESIAN_POINT ( 'NONE',  ( -15.04050172409921515, 11.99999999999994849, 59.78393958836383604 ) ) ;
#2224 = FACE_OUTER_BOUND ( 'NONE', #4553, .T. ) ;
#2225 = AXIS2_PLACEMENT_3D ( 'NONE', #969, #3670, #528 ) ;
#2226 = CARTESIAN_POINT ( 'NONE',  ( -12.49999999999999289, 13.00000000000000000, -63.55500000000002814 ) ) ;
#2227 = ORIENTED_EDGE ( 'NONE', *, *, #4747, .F. ) ;
#2228 = EDGE_CURVE ( 'NONE', #2314, #4951, #4436, .T. ) ;
#2229 = CIRCLE ( 'NONE', #800, 4.499999999999990230 ) ;
#2230 = ORIENTED_EDGE ( 'NONE', *, *, #1340, .F. ) ;
#2231 = CARTESIAN_POINT ( 'NONE',  ( -22.49999999999999289, 11.49999999999999645, 68.55500000000000682 ) ) ;
#2232 =( BOUNDED_SURFACE ( )  B_SPLINE_SURFACE ( 3, 1, ( 
 ( #5781, #1709 ),
 ( #3519, #3662 ),
 ( #403, #930 ),
 ( #2653, #379 ) ),
 .UNSPECIFIED., .F., .F., .T. ) 
 B_SPLINE_SURFACE_WITH_KNOTS ( ( 4, 4 ),
 ( 2, 2 ),
 ( 0.000000000000000000, 1.000000000000000000 ),
 ( 0.000000000000000000, 1.000000000000000000 ),
 .UNSPECIFIED. ) 
 GEOMETRIC_REPRESENTATION_ITEM ( )  RATIONAL_B_SPLINE_SURFACE ( (
 ( 1.000000000000000000, 1.000000000000000000),
 ( 0.3333333333333269866, 0.3333333333333269866),
 ( 0.3333333333333269866, 0.3333333333333269866),
 ( 1.000000000000000000, 1.000000000000000000) ) ) 
 REPRESENTATION_ITEM ( '' )  SURFACE ( )  );
#2233 = CARTESIAN_POINT ( 'NONE',  ( 22.50000000000001066, 11.49999999999999645, 8.555000000000006821 ) ) ;
#2234 = DIRECTION ( 'NONE',  ( 0.000000000000000000, -0.7071067811865451302, -0.7071067811865499042 ) ) ;
#2235 = CIRCLE ( 'NONE', #5468, 5.163867599186813706 ) ;
#2236 = ORIENTED_EDGE ( 'NONE', *, *, #5459, .T. ) ;
#2237 = EDGE_CURVE ( 'NONE', #321, #5595, #1430, .T. ) ;
#2238 = CONICAL_SURFACE ( 'NONE', #3754, 4.000000000000003553, 0.7853981633974552734 ) ;
#2239 = DIRECTION ( 'NONE',  ( 0.000000000000000000, -0.000000000000000000, -1.000000000000000000 ) ) ;
#2240 = DIRECTION ( 'NONE',  ( 0.000000000000000000, 0.000000000000000000, 1.000000000000000000 ) ) ;
#2241 = CARTESIAN_POINT ( 'NONE',  ( 22.50000000000000711, 17.00000000000000000, 70.68000000000000682 ) ) ;
#2242 = CARTESIAN_POINT ( 'NONE',  ( 12.50000000000003730, 13.00000000000000000, -57.55500000000003524 ) ) ;
#2243 = LINE ( 'NONE', #1856, #1776 ) ;
#2244 = ORIENTED_EDGE ( 'NONE', *, *, #637, .T. ) ;
#2245 = CIRCLE ( 'NONE', #1577, 5.163867599186813706 ) ;
#2246 = CIRCLE ( 'NONE', #1491, 2.624999999999988454 ) ;
#2247 = VECTOR ( 'NONE', #3284, 1000.000000000000000 ) ;
#2248 = DIRECTION ( 'NONE',  ( 0.000000000000000000, 0.000000000000000000, 1.000000000000000000 ) ) ;
#2249 = DIRECTION ( 'NONE',  ( 0.000000000000000000, 0.000000000000000000, 1.000000000000000000 ) ) ;
#2250 = CARTESIAN_POINT ( 'NONE',  ( 14.50000000000015454, 10.99999999999999645, -49.55500000000006366 ) ) ;
#2251 = VECTOR ( 'NONE', #59, 1000.000000000000000 ) ;
#2252 = DIRECTION ( 'NONE',  ( -0.000000000000000000, 1.000000000000000000, -0.000000000000000000 ) ) ;
#2253 = VECTOR ( 'NONE', #3659, 1000.000000000000114 ) ;
#2254 = EDGE_LOOP ( 'NONE', ( #3951, #933, #4869, #3562 ) ) ;
#2255 = ORIENTED_EDGE ( 'NONE', *, *, #4106, .T. ) ;
#2256 = ADVANCED_FACE ( 'NONE', ( #2379 ), #1208, .F. ) ;
#2257 = AXIS2_PLACEMENT_3D ( 'NONE', #5334, #3437, #5309 ) ;
#2258 = AXIS2_PLACEMENT_3D ( 'NONE', #1992, #5229, #3358 ) ;
#2259 = DIRECTION ( 'NONE',  ( -0.000000000000000000, -1.000000000000000000, -0.000000000000000000 ) ) ;
#2260 = CARTESIAN_POINT ( 'NONE',  ( -12.49999999999999822, 12.99999999999999822, -61.55500000000002814 ) ) ;
#2261 = LINE ( 'NONE', #4073, #4650 ) ;
#2262 = ORIENTED_EDGE ( 'NONE', *, *, #3908, .F. ) ;
#2263 = AXIS2_PLACEMENT_3D ( 'NONE', #3157, #4177, #1344 ) ;
#2264 = ORIENTED_EDGE ( 'NONE', *, *, #1140, .F. ) ;
#2265 = DIRECTION ( 'NONE',  ( -0.000000000000000000, 1.000000000000000000, -0.000000000000000000 ) ) ;
#2266 = AXIS2_PLACEMENT_3D ( 'NONE', #4402, #4878, #1666 ) ;
#2267 = DIRECTION ( 'NONE',  ( 0.000000000000000000, 0.000000000000000000, -1.000000000000000000 ) ) ;
#2268 = CARTESIAN_POINT ( 'NONE',  ( 33.39000000000000057, 14.99999999999999289, 37.05499999999999261 ) ) ;
#2269 = ORIENTED_EDGE ( 'NONE', *, *, #57, .T. ) ;
#2270 = CIRCLE ( 'NONE', #194, 1.600000000000004086 ) ;
#2271 = FACE_BOUND ( 'NONE', #5620, .T. ) ;
#2272 = ADVANCED_FACE ( 'NONE', ( #107 ), #5508, .F. ) ;
#2273 = AXIS2_PLACEMENT_3D ( 'NONE', #3357, #5168, #3444 ) ;
#2274 = CARTESIAN_POINT ( 'NONE',  ( -26.64049541977133728, 11.00000000000000000, 64.55500000000006366 ) ) ;
#2275 = LINE ( 'NONE', #2389, #4820 ) ;
#2276 = CARTESIAN_POINT ( 'NONE',  ( 13.29970886751937797, 10.99999999999999467, 30.94049900087227911 ) ) ;
#2277 = EDGE_CURVE ( 'NONE', #5515, #2725, #4257, .T. ) ;
#2278 = LINE ( 'NONE', #4950, #1391 ) ;
#2279 = ORIENTED_EDGE ( 'NONE', *, *, #4308, .T. ) ;
#2280 = ADVANCED_FACE ( 'NONE', ( #4469 ), #578, .T. ) ;
#2281 = ORIENTED_EDGE ( 'NONE', *, *, #4560, .T. ) ;
#2282 = DIRECTION ( 'NONE',  ( 0.000000000000000000, -0.7071067811865499042, 0.7071067811865451302 ) ) ;
#2283 = DIRECTION ( 'NONE',  ( -0.000000000000000000, 0.7071067811865499042, -0.7071067811865451302 ) ) ;
#2284 = CARTESIAN_POINT ( 'NONE',  ( 14.50000000000012257, 10.99999999999996803, 38.55499999999999261 ) ) ;
#2285 = CARTESIAN_POINT ( 'NONE',  ( -12.76239797598379866, 10.99999999999999467, 42.55499999999999972 ) ) ;
#2286 = CYLINDRICAL_SURFACE ( 'NONE', #3679, 6.450000000000011724 ) ;
#2287 = ORIENTED_EDGE ( 'NONE', *, *, #1280, .T. ) ;
#2288 = ADVANCED_FACE ( 'NONE', ( #4879 ), #398, .F. ) ;
#2289 = VERTEX_POINT ( 'NONE', #2612 ) ;
#2290 = PLANE ( 'NONE',  #5339 ) ;
#2291 = DIRECTION ( 'NONE',  ( -2.575684448369424473E-16, 0.000000000000000000, 1.000000000000000000 ) ) ;
#2292 = DIRECTION ( 'NONE',  ( 0.000000000000000000, -0.000000000000000000, -1.000000000000000000 ) ) ;
#2293 = VERTEX_POINT ( 'NONE', #370 ) ;
#2294 = ORIENTED_EDGE ( 'NONE', *, *, #4204, .T. ) ;
#2295 = EDGE_CURVE ( 'NONE', #3328, #81, #5293, .T. ) ;
#2296 = PLANE ( 'NONE',  #5576 ) ;
#2297 = LINE ( 'NONE', #5513, #3495 ) ;
#2298 = ORIENTED_EDGE ( 'NONE', *, *, #5136, .T. ) ;
#2299 = EDGE_LOOP ( 'NONE', ( #5357, #2012, #5760, #3122, #4456 ) ) ;
#2300 = EDGE_CURVE ( 'NONE', #137, #4398, #5472, .T. ) ;
#2301 = FACE_BOUND ( 'NONE', #3296, .T. ) ;
#2302 = CARTESIAN_POINT ( 'NONE',  ( 6.499999999999999112, 23.00000000000000000, 76.50500000000000966 ) ) ;
#2303 = DIRECTION ( 'NONE',  ( -9.904923137402368115E-17, 0.000000000000000000, -1.000000000000000000 ) ) ;
#2304 = DIRECTION ( 'NONE',  ( 0.000000000000000000, -1.000000000000000000, 0.000000000000000000 ) ) ;
#2305 = DIRECTION ( 'NONE',  ( 0.000000000000000000, 0.000000000000000000, 1.000000000000000000 ) ) ;
#2306 = VERTEX_POINT ( 'NONE', #3988 ) ;
#2307 = EDGE_CURVE ( 'NONE', #1299, #177, #1530, .T. ) ;
#2308 = B_SPLINE_CURVE_WITH_KNOTS ( 'NONE', 3,
 ( #1311, #1730, #2139, #3537, #4941, #5717, #837, #3900, #868, #5354, #2674, #1639, #5263, #5771, #5744, #4822, #2558, #4375 ),
 .UNSPECIFIED., .F., .F.,
 ( 4, 2, 2, 2, 2, 2, 2, 2, 4 ),
 ( 0.000000000000000000, 0.1249999999999999167, 0.2499999999999999445, 0.3749999999999999445, 0.5000000000000000000, 0.6250000000000000000, 0.7500000000000000000, 0.8750000000000001110, 1.000000000000000000 ),
 .UNSPECIFIED. ) ;
#2309 = FACE_OUTER_BOUND ( 'NONE', #4449, .T. ) ;
#2310 = CARTESIAN_POINT ( 'NONE',  ( 31.43999999999999417, 23.00000000000000000, 70.05500000000000682 ) ) ;
#2311 = DIRECTION ( 'NONE',  ( 0.000000000000000000, 1.000000000000000000, -0.000000000000000000 ) ) ;
#2312 = CARTESIAN_POINT ( 'NONE',  ( 12.76239797598399228, 10.99999999999999467, 36.55499999999996419 ) ) ;
#2313 = ORIENTED_EDGE ( 'NONE', *, *, #2456, .F. ) ;
#2314 = VERTEX_POINT ( 'NONE', #3332 ) ;
#2315 = ORIENTED_EDGE ( 'NONE', *, *, #1048, .F. ) ;
#2316 = LINE ( 'NONE', #5469, #4130 ) ;
#2317 = DIRECTION ( 'NONE',  ( 0.000000000000000000, 0.000000000000000000, 1.000000000000000000 ) ) ;
#2318 = ORIENTED_EDGE ( 'NONE', *, *, #4388, .T. ) ;
#2319 = ORIENTED_EDGE ( 'NONE', *, *, #1179, .T. ) ;
#2320 = DIRECTION ( 'NONE',  ( -0.000000000000000000, -1.000000000000000000, -0.000000000000000000 ) ) ;
#2321 = FACE_BOUND ( 'NONE', #3998, .T. ) ;
#2322 = DIRECTION ( 'NONE',  ( 8.833166448866688765E-17, 0.000000000000000000, 1.000000000000000000 ) ) ;
#2323 = VERTEX_POINT ( 'NONE', #4674 ) ;
#2324 = EDGE_CURVE ( 'NONE', #2341, #4483, #5114, .T. ) ;
#2325 = VERTEX_POINT ( 'NONE', #5625 ) ;
#2326 = CARTESIAN_POINT ( 'NONE',  ( 26.93999999999998352, 23.00000000000000000, -76.50500000000000966 ) ) ;
#2327 = AXIS2_PLACEMENT_3D ( 'NONE', #3805, #2553, #2946 ) ;
#2328 = CARTESIAN_POINT ( 'NONE',  ( -31.43999999999999417, 22.35000000000000142, -39.55490477169965402 ) ) ;
#2329 = CARTESIAN_POINT ( 'NONE',  ( -26.63995126535550284, 22.35000000000000142, -42.95490477169965260 ) ) ;
#2330 = DIRECTION ( 'NONE',  ( -1.050575747638314439E-16, 0.7071067811865459074, -0.7071067811865491270 ) ) ;
#2331 = LINE ( 'NONE', #4146, #1493 ) ;
#2332 = ORIENTED_EDGE ( 'NONE', *, *, #4882, .T. ) ;
#2333 = ORIENTED_EDGE ( 'NONE', *, *, #1941, .F. ) ;
#2334 = DIRECTION ( 'NONE',  ( 1.000000000000000000, 0.000000000000000000, -0.000000000000000000 ) ) ;
#2335 = DIRECTION ( 'NONE',  ( 1.000000000000000000, 0.000000000000000000, 0.000000000000000000 ) ) ;
#2336 = LINE ( 'NONE', #4154, #1023 ) ;
#2337 = PLANE ( 'NONE',  #3300 ) ;
#2338 = LINE ( 'NONE', #4157, #93 ) ;
#2339 = ORIENTED_EDGE ( 'NONE', *, *, #5390, .F. ) ;
#2340 = CIRCLE ( 'NONE', #4248, 4.500000000000003553 ) ;
#2341 = VERTEX_POINT ( 'NONE', #1093 ) ;
#2342 = AXIS2_PLACEMENT_3D ( 'NONE', #1678, #5366, #2151 ) ;
#2343 = ADVANCED_FACE ( 'NONE', ( #4224 ), #5169, .T. ) ;
#2344 = AXIS2_PLACEMENT_3D ( 'NONE', #436, #5458, #2282 ) ;
#2345 = LINE ( 'NONE', #5535, #713 ) ;
#2346 = CARTESIAN_POINT ( 'NONE',  ( -22.49999999999999289, 18.00000000000000000, 68.55500000000000682 ) ) ;
#2347 = AXIS2_PLACEMENT_3D ( 'NONE', #960, #4972, #5863 ) ;
#2348 = CARTESIAN_POINT ( 'NONE',  ( -3.574276965247353832, 10.99998799999999832, 76.67174919335216998 ) ) ;
#2349 = ORIENTED_EDGE ( 'NONE', *, *, #4379, .T. ) ;
#2350 = ADVANCED_FACE ( 'NONE', ( #2910 ), #2880, .F. ) ;
#2351 = ORIENTED_EDGE ( 'NONE', *, *, #4332, .F. ) ;
#2352 = ADVANCED_FACE ( 'NONE', ( #2406, #3827 ), #271, .T. ) ;
#2353 = CYLINDRICAL_SURFACE ( 'NONE', #256, 4.999999999999997335 ) ;
#2354 = FACE_BOUND ( 'NONE', #3816, .T. ) ;
#2355 = AXIS2_PLACEMENT_3D ( 'NONE', #617, #1283, #1675 ) ;
#2356 = CARTESIAN_POINT ( 'NONE',  ( -35.44000000000001194, 13.00000000000001421, -78.55500000000002103 ) ) ;
#2357 = EDGE_LOOP ( 'NONE', ( #5084, #1621 ) ) ;
#2358 = ORIENTED_EDGE ( 'NONE', *, *, #481, .T. ) ;
#2359 = EDGE_CURVE ( 'NONE', #4637, #5075, #4785, .T. ) ;
#2360 = AXIS2_PLACEMENT_3D ( 'NONE', #1438, #3245, #423 ) ;
#2361 = CARTESIAN_POINT ( 'NONE',  ( -13.29958940190070571, 10.99999999999999467, 34.94036606519268418 ) ) ;
#2362 = DIRECTION ( 'NONE',  ( 0.000000000000000000, 0.000000000000000000, 1.000000000000000000 ) ) ;
#2363 = CARTESIAN_POINT ( 'NONE',  ( 13.50000354745539610, 10.99999999999999822, 39.42427622551525701 ) ) ;
#2364 = AXIS2_PLACEMENT_3D ( 'NONE', #5604, #3363, #3337 ) ;
#2365 = CARTESIAN_POINT ( 'NONE',  ( 6.499999999999999112, -0.4499999999999990119, 76.50500000000000966 ) ) ;
#2366 = EDGE_CURVE ( 'NONE', #5626, #5173, #1502, .T. ) ;
#2367 = ORIENTED_EDGE ( 'NONE', *, *, #206, .F. ) ;
#2368 = ORIENTED_EDGE ( 'NONE', *, *, #5328, .F. ) ;
#2369 = VECTOR ( 'NONE', #3146, 1000.000000000000000 ) ;
#2370 = CARTESIAN_POINT ( 'NONE',  ( -6.499999999999999112, 13.00000000000000000, 76.50500000000000966 ) ) ;
#2371 = CARTESIAN_POINT ( 'NONE',  ( 26.64049541977133728, 12.00000000000005862, 63.55499999999999972 ) ) ;
#2372 = PLANE ( 'NONE',  #1501 ) ;
#2373 = LINE ( 'NONE', #2813, #2632 ) ;
#2374 = EDGE_LOOP ( 'NONE', ( #3520, #4496, #5442, #2893, #666, #130, #339, #3922, #16, #5436, #1930, #1067 ) ) ;
#2375 = CARTESIAN_POINT ( 'NONE',  ( 13.00000000000000533, 23.00000000000000000, 74.55499999999999261 ) ) ;
#2376 = ORIENTED_EDGE ( 'NONE', *, *, #2627, .T. ) ;
#2377 = ORIENTED_EDGE ( 'NONE', *, *, #1427, .T. ) ;
#2378 = CARTESIAN_POINT ( 'NONE',  ( -26.94000000000001194, 13.00000000000000355, -74.55500000000002103 ) ) ;
#2379 = FACE_OUTER_BOUND ( 'NONE', #3321, .T. ) ;
#2380 = EDGE_LOOP ( 'NONE', ( #4405, #2442, #4890, #2592 ) ) ;
#2381 = EDGE_CURVE ( 'NONE', #2407, #4378, #1547, .T. ) ;
#2382 = ORIENTED_EDGE ( 'NONE', *, *, #2386, .T. ) ;
#2383 = CARTESIAN_POINT ( 'NONE',  ( -31.43999999999999417, 13.00000000000000000, -49.55490477169965402 ) ) ;
#2384 = DIRECTION ( 'NONE',  ( -0.000000000000000000, 0.7071067811865499042, -0.7071067811865451302 ) ) ;
#2385 = VERTEX_POINT ( 'NONE', #685 ) ;
#2386 = EDGE_CURVE ( 'NONE', #1126, #5573, #4818, .T. ) ;
#2387 = VERTEX_POINT ( 'NONE', #3386 ) ;
#2388 = CARTESIAN_POINT ( 'NONE',  ( -13.37382107369564466, 10.99999999999999822, 36.05856363904943862 ) ) ;
#2389 = CARTESIAN_POINT ( 'NONE',  ( 2.749771129515611090, 23.00000000000000000, 70.45373526184702939 ) ) ;
#2390 = DIRECTION ( 'NONE',  ( 0.000000000000000000, 1.000000000000000000, 0.000000000000000000 ) ) ;
#2391 = CYLINDRICAL_SURFACE ( 'NONE', #5578, 1.000000000000000888 ) ;
#2392 = EDGE_LOOP ( 'NONE', ( #4954, #5170, #1713, #2255, #4602, #4520 ) ) ;
#2393 = VERTEX_POINT ( 'NONE', #4731 ) ;
#2394 = EDGE_CURVE ( 'NONE', #1496, #3528, #365, .T. ) ;
#2395 = CARTESIAN_POINT ( 'NONE',  ( -14.49999999999988098, 12.99999999999999822, -49.55500000000002814 ) ) ;
#2396 = CARTESIAN_POINT ( 'NONE',  ( -13.00000000000000533, 13.00000000000000000, 74.55499999999999261 ) ) ;
#2397 = LINE ( 'NONE', #152, #2069 ) ;
#2398 = LINE ( 'NONE', #2424, #4633 ) ;
#2399 = CARTESIAN_POINT ( 'NONE',  ( 22.50000000000000711, 17.00000000000000000, 68.55500000000000682 ) ) ;
#2400 = DIRECTION ( 'NONE',  ( -0.7071067811865439090, -0.7071067811865512365, 0.000000000000000000 ) ) ;
#2401 = EDGE_LOOP ( 'NONE', ( #4166, #606, #3265, #1544, #5664, #1719 ) ) ;
#2402 = EDGE_CURVE ( 'NONE', #4160, #5059, #1152, .T. ) ;
#2403 = EDGE_LOOP ( 'NONE', ( #2555, #4992, #1837, #4465 ) ) ;
#2404 = FACE_OUTER_BOUND ( 'NONE', #2254, .T. ) ;
#2405 = DIRECTION ( 'NONE',  ( 0.000000000000000000, 0.000000000000000000, 1.000000000000000000 ) ) ;
#2406 = FACE_BOUND ( 'NONE', #1174, .T. ) ;
#2407 = VERTEX_POINT ( 'NONE', #1488 ) ;
#2408 = EDGE_CURVE ( 'NONE', #5683, #5567, #240, .T. ) ;
#2409 = CARTESIAN_POINT ( 'NONE',  ( -12.49999999999984546, 13.00000000000000000, 40.55500000000002103 ) ) ;
#2410 = CARTESIAN_POINT ( 'NONE',  ( -14.49999999999986677, 10.99999999999999645, 44.55499999999998550 ) ) ;
#2411 = ORIENTED_EDGE ( 'NONE', *, *, #5257, .F. ) ;
#2412 = ORIENTED_EDGE ( 'NONE', *, *, #4559, .F. ) ;
#2413 = CARTESIAN_POINT ( 'NONE',  ( -13.49999645180838392, 10.99999999999999467, -56.68577804291734168 ) ) ;
#2414 = EDGE_CURVE ( 'NONE', #2699, #4575, #2515, .T. ) ;
#2415 = DIRECTION ( 'NONE',  ( -0.000000000000000000, -1.000000000000000000, -0.000000000000000000 ) ) ;
#2416 = CARTESIAN_POINT ( 'NONE',  ( 35.43999999999998352, 13.00000000000001421, -78.55500000000000682 ) ) ;
#2417 = CARTESIAN_POINT ( 'NONE',  ( 13.50000354745534636, 10.99999999999999467, -56.68572377448475663 ) ) ;
#2418 = ORIENTED_EDGE ( 'NONE', *, *, #5353, .F. ) ;
#2419 = EDGE_CURVE ( 'NONE', #2544, #177, #2994, .T. ) ;
#2420 = CIRCLE ( 'NONE', #1657, 5.000000000000073719 ) ;
#2421 = VERTEX_POINT ( 'NONE', #326 ) ;
#2422 = DIRECTION ( 'NONE',  ( 0.000000000000000000, 0.000000000000000000, 1.000000000000000000 ) ) ;
#2423 = DIRECTION ( 'NONE',  ( 0.000000000000000000, 0.000000000000000000, 1.000000000000000000 ) ) ;
#2424 = CARTESIAN_POINT ( 'NONE',  ( -22.49999999999998224, 11.49999999999999645, 6.430000000000007709 ) ) ;
#2425 = CARTESIAN_POINT ( 'NONE',  ( 22.50000000000000711, 11.49999999999999645, 70.68000000000000682 ) ) ;
#2426 = VERTEX_POINT ( 'NONE', #1718 ) ;
#2427 = DIRECTION ( 'NONE',  ( 0.000000000000000000, -1.000000000000000000, 0.000000000000000000 ) ) ;
#2428 = VECTOR ( 'NONE', #1942, 1000.000000000000000 ) ;
#2429 = VERTEX_POINT ( 'NONE', #356 ) ;
#2430 = ORIENTED_EDGE ( 'NONE', *, *, #5254, .F. ) ;
#2431 = AXIS2_PLACEMENT_3D ( 'NONE', #5118, #4678, #2999 ) ;
#2432 = DIRECTION ( 'NONE',  ( 0.000000000000000000, -0.000000000000000000, 1.000000000000000000 ) ) ;
#2433 = CARTESIAN_POINT ( 'NONE',  ( -33.39000000000001478, 5.056911948494057896, 23.02499999999999858 ) ) ;
#2434 = DIRECTION ( 'NONE',  ( -0.000000000000000000, -1.000000000000000000, -0.000000000000000000 ) ) ;
#2435 = ORIENTED_EDGE ( 'NONE', *, *, #4429, .F. ) ;
#2436 = EDGE_CURVE ( 'NONE', #394, #2426, #2161, .T. ) ;
#2437 = ORIENTED_EDGE ( 'NONE', *, *, #5811, .F. ) ;
#2438 = VECTOR ( 'NONE', #5612, 1000.000000000000000 ) ;
#2439 = CONICAL_SURFACE ( 'NONE', #3953, 1.000000000000000888, 0.7853981633974460586 ) ;
#2440 = FACE_OUTER_BOUND ( 'NONE', #3439, .T. ) ;
#2441 = CARTESIAN_POINT ( 'NONE',  ( -15.04050172409921515, 11.00000000000000000, 59.78393958836383604 ) ) ;
#2442 = ORIENTED_EDGE ( 'NONE', *, *, #4773, .T. ) ;
#2443 = AXIS2_PLACEMENT_3D ( 'NONE', #903, #2718, #4092 ) ;
#2444 = CIRCLE ( 'NONE', #1967, 1.000000000000000888 ) ;
#2445 = ORIENTED_EDGE ( 'NONE', *, *, #4589, .F. ) ;
#2446 = CARTESIAN_POINT ( 'NONE',  ( 12.50000000000003908, 11.00000000000000000, 36.55499999999999261 ) ) ;
#2447 = VECTOR ( 'NONE', #3631, 1000.000000000000000 ) ;
#2448 = CIRCLE ( 'NONE', #4912, 3.149999999999972378 ) ;
#2449 = LINE ( 'NONE', #4266, #3782 ) ;
#2450 = PLANE ( 'NONE',  #4435 ) ;
#2451 = CARTESIAN_POINT ( 'NONE',  ( -15.04050172409921515, 11.99999999999994849, 59.78393958836383604 ) ) ;
#2452 = ORIENTED_EDGE ( 'NONE', *, *, #1039, .F. ) ;
#2453 = CIRCLE ( 'NONE', #2355, 1.000000000000000888 ) ;
#2454 = EDGE_CURVE ( 'NONE', #1268, #5552, #881, .T. ) ;
#2455 = ORIENTED_EDGE ( 'NONE', *, *, #5748, .T. ) ;
#2456 = EDGE_CURVE ( 'NONE', #5041, #5626, #63, .T. ) ;
#2457 = VECTOR ( 'NONE', #2646, 1000.000000000000000 ) ;
#2458 = DIRECTION ( 'NONE',  ( -1.000000000000000000, 0.000000000000000000, 0.000000000000000000 ) ) ;
#2459 = CARTESIAN_POINT ( 'NONE',  ( 22.50000000000001066, 13.00000000000000000, 4.055000000000005933 ) ) ;
#2460 = DIRECTION ( 'NONE',  ( 0.000000000000000000, 0.000000000000000000, -1.000000000000000000 ) ) ;
#2461 = DIRECTION ( 'NONE',  ( 0.000000000000000000, -1.000000000000000000, 0.000000000000000000 ) ) ;
#2462 = LINE ( 'NONE', #4276, #816 ) ;
#2463 = VERTEX_POINT ( 'NONE', #1000 ) ;
#2464 = EDGE_CURVE ( 'NONE', #770, #399, #5463, .T. ) ;
#2465 = ORIENTED_EDGE ( 'NONE', *, *, #3223, .F. ) ;
#2466 = VECTOR ( 'NONE', #2458, 1000.000000000000000 ) ;
#2467 = AXIS2_PLACEMENT_3D ( 'NONE', #1514, #1983, #4937 ) ;
#2468 = DIRECTION ( 'NONE',  ( 1.000000000000000000, 0.000000000000000000, -0.000000000000000000 ) ) ;
#2469 = DIRECTION ( 'NONE',  ( 0.000000000000000000, -0.000000000000000000, 1.000000000000000000 ) ) ;
#2470 = VERTEX_POINT ( 'NONE', #1835 ) ;
#2471 = DIRECTION ( 'NONE',  ( -0.000000000000000000, -1.000000000000000000, -0.000000000000000000 ) ) ;
#2472 = LINE ( 'NONE', #5122, #4926 ) ;
#2473 = EDGE_LOOP ( 'NONE', ( #5478, #1001, #3721, #3666 ) ) ;
#2474 = EDGE_CURVE ( 'NONE', #1529, #4016, #476, .T. ) ;
#2475 = DIRECTION ( 'NONE',  ( 0.000000000000000000, -1.000000000000000000, 0.000000000000000000 ) ) ;
#2476 = CIRCLE ( 'NONE', #4669, 1.600000000000011191 ) ;
#2477 = DIRECTION ( 'NONE',  ( 0.000000000000000000, 1.000000000000000000, 0.000000000000000000 ) ) ;
#2478 = LINE ( 'NONE', #4290, #458 ) ;
#2479 = CARTESIAN_POINT ( 'NONE',  ( 12.50000000000003730, 10.99999999999999645, -57.55500000000004235 ) ) ;
#2480 = ORIENTED_EDGE ( 'NONE', *, *, #3718, .F. ) ;
#2481 = EDGE_CURVE ( 'NONE', #2197, #394, #1451, .T. ) ;
#2482 = LINE ( 'NONE', #2118, #2903 ) ;
#2483 = DIRECTION ( 'NONE',  ( 0.000000000000000000, 1.000000000000000000, 0.000000000000000000 ) ) ;
#2484 = CARTESIAN_POINT ( 'NONE',  ( -21.64049541977133728, 22.35000000000000142, 74.55499999999999261 ) ) ;
#2485 = CARTESIAN_POINT ( 'NONE',  ( -6.499999999999999112, -0.4499999999999990119, 76.50500000000000966 ) ) ;
#2486 = CARTESIAN_POINT ( 'NONE',  ( 33.38999999999999346, 23.00000000000000000, 40.05500000000000682 ) ) ;
#2487 = ADVANCED_FACE ( 'NONE', ( #1355 ), #2286, .T. ) ;
#2488 = DIRECTION ( 'NONE',  ( 0.000000000000000000, 0.000000000000000000, -1.000000000000000000 ) ) ;
#2489 = VERTEX_POINT ( 'NONE', #3168 ) ;
#2490 = VERTEX_POINT ( 'NONE', #2757 ) ;
#2491 = CARTESIAN_POINT ( 'NONE',  ( -12.76239797598394787, 10.99999999999999467, -59.55500000000004235 ) ) ;
#2492 = CARTESIAN_POINT ( 'NONE',  ( -33.39000000000000057, 23.00000000000000000, 10.27499999999997904 ) ) ;
#2493 = CARTESIAN_POINT ( 'NONE',  ( -31.43999999999999417, 22.35000000000000142, 54.55499999999999972 ) ) ;
#2494 = VERTEX_POINT ( 'NONE', #4028 ) ;
#2495 = CARTESIAN_POINT ( 'NONE',  ( -5.000000000000002665, 13.00000000000000000, 78.00500000000000966 ) ) ;
#2496 = FACE_OUTER_BOUND ( 'NONE', #4860, .T. ) ;
#2497 = EDGE_LOOP ( 'NONE', ( #5803, #2098, #2733, #1939 ) ) ;
#2498 = CARTESIAN_POINT ( 'NONE',  ( -12.49999999999984546, 13.00000000000000000, 42.55499999999999261 ) ) ;
#2499 = DIRECTION ( 'NONE',  ( 0.000000000000000000, -1.000000000000000000, 0.000000000000000000 ) ) ;
#2500 = CARTESIAN_POINT ( 'NONE',  ( -13.02202945409723789, 10.99999999999999645, -49.44716455368379115 ) ) ;
#2501 = LINE ( 'NONE', #1108, #3395 ) ;
#2502 = CARTESIAN_POINT ( 'NONE',  ( -9.999999999999998224, 23.00000000000000000, 67.55499999999999261 ) ) ;
#2503 = VERTEX_POINT ( 'NONE', #3674 ) ;
#2504 = ORIENTED_EDGE ( 'NONE', *, *, #5340, .T. ) ;
#2505 = CARTESIAN_POINT ( 'NONE',  ( -26.94000000000001194, 23.00000000000000000, -74.55500000000002103 ) ) ;
#2506 = PLANE ( 'NONE',  #4162 ) ;
#2507 = DIRECTION ( 'NONE',  ( 0.7071067811865463515, 0.000000000000000000, 0.7071067811865487940 ) ) ;
#2508 = FACE_OUTER_BOUND ( 'NONE', #2374, .T. ) ;
#2509 = ORIENTED_EDGE ( 'NONE', *, *, #3099, .T. ) ;
#2510 = ORIENTED_EDGE ( 'NONE', *, *, #4925, .T. ) ;
#2511 = AXIS2_PLACEMENT_3D ( 'NONE', #5078, #5050, #975 ) ;
#2512 = DIRECTION ( 'NONE',  ( 1.000000000000000000, 0.000000000000000000, -1.445588219516514263E-15 ) ) ;
#2513 = CARTESIAN_POINT ( 'NONE',  ( 22.50000000000001066, 18.00000000000000000, 8.555000000000006821 ) ) ;
#2514 = CONICAL_SURFACE ( 'NONE', #1662, 4.000000000000003553, 0.7853981633974552734 ) ;
#2515 = LINE ( 'NONE', #5682, #3675 ) ;
#2516 = ORIENTED_EDGE ( 'NONE', *, *, #5866, .F. ) ;
#2517 = VECTOR ( 'NONE', #608, 1000.000000000000114 ) ;
#2518 = EDGE_CURVE ( 'NONE', #2341, #4782, #4982, .T. ) ;
#2519 = LINE ( 'NONE', #2021, #1865 ) ;
#2520 = CARTESIAN_POINT ( 'NONE',  ( -22.49999999999998224, 18.00000000000000000, 4.055000000000005933 ) ) ;
#2521 = EDGE_CURVE ( 'NONE', #5041, #2314, #1884, .T. ) ;
#2522 = DIRECTION ( 'NONE',  ( 0.000000000000000000, 0.000000000000000000, 1.000000000000000000 ) ) ;
#2523 = CIRCLE ( 'NONE', #4716, 0.9999999999999940048 ) ;
#2524 = EDGE_LOOP ( 'NONE', ( #2339, #3911, #322, #1830 ) ) ;
#2525 = AXIS2_PLACEMENT_3D ( 'NONE', #1312, #3126, #4470 ) ;
#2526 = ADVANCED_FACE ( 'NONE', ( #504 ), #5842, .F. ) ;
#2527 =( NAMED_UNIT ( * ) PLANE_ANGLE_UNIT ( ) SI_UNIT ( $, .RADIAN. ) );
#2528 = CARTESIAN_POINT ( 'NONE',  ( 22.50000000000001066, 18.00000000000000000, 13.05500000000000682 ) ) ;
#2529 = AXIS2_PLACEMENT_3D ( 'NONE', #5692, #527, #2334 ) ;
#2530 = CARTESIAN_POINT ( 'NONE',  ( -13.47403207297528205, 10.99999999999999645, -48.81660551848172958 ) ) ;
#2531 = CIRCLE ( 'NONE', #5853, 5.163867599186813706 ) ;
#2532 = CARTESIAN_POINT ( 'NONE',  ( 26.93999999999998352, 23.00000000000000000, -70.05500000000000682 ) ) ;
#2533 = EDGE_CURVE ( 'NONE', #4575, #3277, #4163, .T. ) ;
#2534 = CARTESIAN_POINT ( 'NONE',  ( 26.63995126535550284, 22.35000000000000142, -39.55490477169965402 ) ) ;
#2535 = VERTEX_POINT ( 'NONE', #2690 ) ;
#2536 = VECTOR ( 'NONE', #1414, 1000.000000000000000 ) ;
#2537 = DIRECTION ( 'NONE',  ( 8.659560562354866298E-17, -0.7071067811865530128, 0.7071067811865420216 ) ) ;
#2538 = CARTESIAN_POINT ( 'NONE',  ( 26.93999999999998352, 11.00000000000000000, -70.05500000000000682 ) ) ;
#2539 = DIRECTION ( 'NONE',  ( 0.000000000000000000, 1.000000000000000000, 0.000000000000000000 ) ) ;
#2540 = DIRECTION ( 'NONE',  ( 0.000000000000000000, -1.000000000000000000, -0.000000000000000000 ) ) ;
#2541 = AXIS2_PLACEMENT_3D ( 'NONE', #3543, #1738, #3071 ) ;
#2542 = PLANE ( 'NONE',  #2911 ) ;
#2543 = EDGE_LOOP ( 'NONE', ( #1726, #488, #4740, #1704 ) ) ;
#2544 = VERTEX_POINT ( 'NONE', #533 ) ;
#2545 = EDGE_CURVE ( 'NONE', #643, #4147, #2338, .T. ) ;
#2546 = CIRCLE ( 'NONE', #2641, 1.000000000000000888 ) ;
#2547 = CARTESIAN_POINT ( 'NONE',  ( 14.50000000000016342, 12.99999999999999645, 40.55499999999999261 ) ) ;
#2548 = CARTESIAN_POINT ( 'NONE',  ( -12.49999999999992895, 10.99999999999999645, 34.55499999999998550 ) ) ;
#2549 = VERTEX_POINT ( 'NONE', #1902 ) ;
#2550 = CIRCLE ( 'NONE', #3596, 4.000000000000003553 ) ;
#2551 = ORIENTED_EDGE ( 'NONE', *, *, #1397, .F. ) ;
#2552 = VECTOR ( 'NONE', #2791, 1000.000000000000000 ) ;
#2553 = DIRECTION ( 'NONE',  ( -0.000000000000000000, 1.000000000000000000, 0.000000000000000000 ) ) ;
#2554 = CARTESIAN_POINT ( 'NONE',  ( 2.749771129515611534, 23.00000000000000000, 76.75373526184699813 ) ) ;
#2555 = ORIENTED_EDGE ( 'NONE', *, *, #2191, .F. ) ;
#2556 = ADVANCED_FACE ( 'NONE', ( #3706 ), #5531, .F. ) ;
#2557 = SURFACE_SIDE_STYLE ('',( #717 ) ) ;
#2558 = CARTESIAN_POINT ( 'NONE',  ( 3.162105165299268883, 10.99998799999999832, 76.75373526184701234 ) ) ;
#2559 = CYLINDRICAL_SURFACE ( 'NONE', #3581, 4.500000000000003553 ) ;
#2560 = CARTESIAN_POINT ( 'NONE',  ( 31.43999999999998707, 22.35000000000000142, -39.55490477169965402 ) ) ;
#2561 = ORIENTED_EDGE ( 'NONE', *, *, #4364, .T. ) ;
#2562 = CARTESIAN_POINT ( 'NONE',  ( -22.49999999999999289, 11.00000000000000000, 71.17999999999999261 ) ) ;
#2563 = LINE ( 'NONE', #1737, #2619 ) ;
#2564 = CARTESIAN_POINT ( 'NONE',  ( -13.02194494116019463, 10.99999999999999645, -51.66272398818001221 ) ) ;
#2565 = DIRECTION ( 'NONE',  ( 0.000000000000000000, 0.000000000000000000, -1.000000000000000000 ) ) ;
#2566 = CARTESIAN_POINT ( 'NONE',  ( 6.499999999999999112, 13.00000000000000000, 76.50500000000000966 ) ) ;
#2567 = EDGE_LOOP ( 'NONE', ( #535, #645, #3242, #2452 ) ) ;
#2568 = VERTEX_POINT ( 'NONE', #1984 ) ;
#2569 = DIRECTION ( 'NONE',  ( 0.000000000000000000, 0.000000000000000000, -1.000000000000000000 ) ) ;
#2570 = CARTESIAN_POINT ( 'NONE',  ( -35.44000000000001194, 15.00000000000000000, 104.2057839718470120 ) ) ;
#2571 = CARTESIAN_POINT ( 'NONE',  ( -14.49999999999995737, 12.99999999999999645, 34.55499999999997840 ) ) ;
#2572 = EDGE_CURVE ( 'NONE', #2691, #2699, #3798, .T. ) ;
#2573 = CARTESIAN_POINT ( 'NONE',  ( -2.749771129515628854, 23.00000000000000000, 70.45373526184704360 ) ) ;
#2574 = ORIENTED_EDGE ( 'NONE', *, *, #902, .F. ) ;
#2575 = ORIENTED_EDGE ( 'NONE', *, *, #4204, .F. ) ;
#2576 = LINE ( 'NONE', #2520, #534 ) ;
#2577 = CARTESIAN_POINT ( 'NONE',  ( -26.64049541977133728, 13.00000000000000000, 54.55499999999999972 ) ) ;
#2578 = ORIENTED_EDGE ( 'NONE', *, *, #3872, .F. ) ;
#2579 = EDGE_CURVE ( 'NONE', #1994, #3246, #4634, .T. ) ;
#2580 = VERTEX_POINT ( 'NONE', #1121 ) ;
#2581 = CARTESIAN_POINT ( 'NONE',  ( 15.04050172409921515, 19.50000000000000000, 60.78393958836383604 ) ) ;
#2582 = CARTESIAN_POINT ( 'NONE',  ( -33.39000000000001478, 19.99999999999999645, 13.27499999999999503 ) ) ;
#2583 = CARTESIAN_POINT ( 'NONE',  ( 15.04050172409921515, 13.00000000000000000, 59.78393958836383604 ) ) ;
#2584 = LINE ( 'NONE', #1188, #1593 ) ;
#2585 = DIRECTION ( 'NONE',  ( -0.000000000000000000, -1.000000000000000000, -0.000000000000000000 ) ) ;
#2586 = VERTEX_POINT ( 'NONE', #1086 ) ;
#2587 = LINE ( 'NONE', #2931, #901 ) ;
#2588 = DIRECTION ( 'NONE',  ( 0.000000000000000000, 0.000000000000000000, -1.000000000000000000 ) ) ;
#2589 = CARTESIAN_POINT ( 'NONE',  ( -13.47403207297538152, 10.99999999999999645, 31.29339448151830538 ) ) ;
#2590 = CARTESIAN_POINT ( 'NONE',  ( -14.49999999999989342, 10.99999999999996803, 38.55499999999998550 ) ) ;
#2591 = EDGE_CURVE ( 'NONE', #5466, #4803, #4723, .T. ) ;
#2592 = ORIENTED_EDGE ( 'NONE', *, *, #4560, .F. ) ;
#2593 = CARTESIAN_POINT ( 'NONE',  ( -26.63995126535550284, 19.35000000000000142, -44.55490477169965402 ) ) ;
#2594 = ORIENTED_EDGE ( 'NONE', *, *, #3422, .F. ) ;
#2595 = EDGE_LOOP ( 'NONE', ( #1907, #5337, #2062, #1985 ) ) ;
#2596 = CARTESIAN_POINT ( 'NONE',  ( -2.749771129515617307, 10.99999399999999916, 76.75373526184699813 ) ) ;
#2597 =( LENGTH_UNIT ( ) NAMED_UNIT ( * ) SI_UNIT ( .MILLI., .METRE. ) );
#2598 = DIRECTION ( 'NONE',  ( -0.000000000000000000, -1.000000000000000000, -0.000000000000000000 ) ) ;
#2599 = ORIENTED_EDGE ( 'NONE', *, *, #1758, .T. ) ;
#2600 = ORIENTED_EDGE ( 'NONE', *, *, #2454, .F. ) ;
#2601 = AXIS2_PLACEMENT_3D ( 'NONE', #2080, #1575, #1633 ) ;
#2602 = CARTESIAN_POINT ( 'NONE',  ( 33.38999999999999346, 14.99999999999999289, -34.94500000000000739 ) ) ;
#2603 = CARTESIAN_POINT ( 'NONE',  ( -14.49999999999999822, 12.99999999999999822, -63.55500000000004235 ) ) ;
#2604 = CARTESIAN_POINT ( 'NONE',  ( -26.64049541977133728, 22.35000000000000142, 59.55499999999999972 ) ) ;
#2605 = EDGE_CURVE ( 'NONE', #177, #2220, #2937, .T. ) ;
#2606 = VERTEX_POINT ( 'NONE', #2375 ) ;
#2607 = STYLED_ITEM ( 'NONE', ( #201 ), #280 ) ;
#2608 = ORIENTED_EDGE ( 'NONE', *, *, #4258, .F. ) ;
#2609 = DIRECTION ( 'NONE',  ( 1.000000000000000000, 0.000000000000000000, -2.312964634635742957E-16 ) ) ;
#2610 = AXIS2_PLACEMENT_3D ( 'NONE', #3623, #2609, #5769 ) ;
#2611 = CARTESIAN_POINT ( 'NONE',  ( -2.749771129515607093, 13.00000000000000000, 76.75373526184699813 ) ) ;
#2612 = CARTESIAN_POINT ( 'NONE',  ( -26.63995126535550284, 19.35000000000000142, -42.95490477169965260 ) ) ;
#2613 = VECTOR ( 'NONE', #2614, 1000.000000000000000 ) ;
#2614 = DIRECTION ( 'NONE',  ( -1.000000000000000000, 0.000000000000000000, 0.000000000000000000 ) ) ;
#2615 = CIRCLE ( 'NONE', #4623, 8.500000000000000000 ) ;
#2616 = VERTEX_POINT ( 'NONE', #235 ) ;
#2617 = DIRECTION ( 'NONE',  ( -1.000000000000000000, 0.000000000000000000, 0.000000000000000000 ) ) ;
#2618 = CIRCLE ( 'NONE', #451, 4.500000000000001776 ) ;
#2619 = VECTOR ( 'NONE', #2181, 1000.000000000000000 ) ;
#2620 = LINE ( 'NONE', #3129, #4430 ) ;
#2621 = LINE ( 'NONE', #2182, #1211 ) ;
#2622 = FACE_OUTER_BOUND ( 'NONE', #4525, .T. ) ;
#2623 = ADVANCED_FACE ( 'NONE', ( #5192 ), #5164, .F. ) ;
#2624 = ORIENTED_EDGE ( 'NONE', *, *, #5148, .T. ) ;
#2625 = DIRECTION ( 'NONE',  ( 0.000000000000000000, -1.000000000000000000, 0.000000000000000000 ) ) ;
#2626 = ORIENTED_EDGE ( 'NONE', *, *, #4874, .T. ) ;
#2627 = EDGE_CURVE ( 'NONE', #1734, #94, #2462, .T. ) ;
#2628 = EDGE_CURVE ( 'NONE', #3211, #2171, #3784, .T. ) ;
#2629 = VECTOR ( 'NONE', #564, 1000.000000000000000 ) ;
#2630 = AXIS2_PLACEMENT_3D ( 'NONE', #3838, #5265, #5662 ) ;
#2631 = ORIENTED_EDGE ( 'NONE', *, *, #761, .F. ) ;
#2632 = VECTOR ( 'NONE', #4297, 1000.000000000000114 ) ;
#2633 = CARTESIAN_POINT ( 'NONE',  ( -26.63995126535550284, 12.00000000000005862, -44.55490477169965402 ) ) ;
#2634 = CARTESIAN_POINT ( 'NONE',  ( -12.49999999999990941, -59.05500000000003524, 16.49999999999952038 ) ) ;
#2635 = EDGE_CURVE ( 'NONE', #110, #571, #1195, .T. ) ;
#2636 = ORIENTED_EDGE ( 'NONE', *, *, #4952, .T. ) ;
#2637 = ORIENTED_EDGE ( 'NONE', *, *, #1989, .T. ) ;
#2638 = AXIS2_PLACEMENT_3D ( 'NONE', #2746, #3251, #4112 ) ;
#2639 = CARTESIAN_POINT ( 'NONE',  ( 5.000000000000002665, -0.4499999999999990119, 78.00500000000000966 ) ) ;
#2640 = DIRECTION ( 'NONE',  ( -1.000000000000000000, 0.000000000000000000, -1.445588219516514461E-15 ) ) ;
#2641 = AXIS2_PLACEMENT_3D ( 'NONE', #5801, #772, #4434 ) ;
#2642 = EDGE_LOOP ( 'NONE', ( #4022, #3548, #4964, #2599, #2030, #2980 ) ) ;
#2643 = ORIENTED_EDGE ( 'NONE', *, *, #582, .T. ) ;
#2644 = AXIS2_PLACEMENT_3D ( 'NONE', #5415, #480, #862 ) ;
#2645 = DIRECTION ( 'NONE',  ( 0.000000000000000000, 1.000000000000000000, -0.000000000000000000 ) ) ;
#2646 = DIRECTION ( 'NONE',  ( -1.050575747638314686E-16, 0.7071067811865459074, -0.7071067811865491270 ) ) ;
#2647 = DIRECTION ( 'NONE',  ( 0.000000000000000000, 0.000000000000000000, -1.000000000000000000 ) ) ;
#2648 = ADVANCED_FACE ( 'NONE', ( #3377 ), #1388, .F. ) ;
#2649 = ORIENTED_EDGE ( 'NONE', *, *, #3271, .T. ) ;
#2650 = FACE_BOUND ( 'NONE', #3617, .T. ) ;
#2651 = CARTESIAN_POINT ( 'NONE',  ( 15.04050172409921515, 22.32842712474619518, 59.78393958836383604 ) ) ;
#2652 = DIRECTION ( 'NONE',  ( -0.000000000000000000, 0.7071067811865499042, -0.7071067811865451302 ) ) ;
#2653 = CARTESIAN_POINT ( 'NONE',  ( 12.50000000000007816, 10.99999999999999645, -53.55500000000003524 ) ) ;
#2654 = ADVANCED_FACE ( 'NONE', ( #4299 ), #3413, .F. ) ;
#2655 = FACE_OUTER_BOUND ( 'NONE', #5756, .T. ) ;
#2656 = EDGE_LOOP ( 'NONE', ( #766, #3569, #949, #2829 ) ) ;
#2657 = EDGE_CURVE ( 'NONE', #1537, #1101, #171, .T. ) ;
#2658 = EDGE_LOOP ( 'NONE', ( #4131, #3285, #4329, #5049 ) ) ;
#2659 = EDGE_LOOP ( 'NONE', ( #425, #3365, #1876, #1756 ) ) ;
#2660 = EDGE_CURVE ( 'NONE', #3182, #5428, #5560, .T. ) ;
#2661 = DIRECTION ( 'NONE',  ( 0.000000000000000000, 1.000000000000000000, 0.000000000000000000 ) ) ;
#2662 = CARTESIAN_POINT ( 'NONE',  ( -26.93999999999999773, 14.99999999999998579, 70.05500000000000682 ) ) ;
#2663 = CARTESIAN_POINT ( 'NONE',  ( 0.000000000000000000, 0.000000000000000000, 0.000000000000000000 ) ) ;
#2664 = CIRCLE ( 'NONE', #2192, 8.499999999999992895 ) ;
#2665 = CARTESIAN_POINT ( 'NONE',  ( 14.50000000000014921, 10.99999999999999645, -47.55500000000000682 ) ) ;
#2666 = ORIENTED_EDGE ( 'NONE', *, *, #386, .T. ) ;
#2667 = ORIENTED_EDGE ( 'NONE', *, *, #3715, .T. ) ;
#2668 = DIRECTION ( 'NONE',  ( -0.000000000000000000, 1.000000000000000000, -0.000000000000000000 ) ) ;
#2669 = DIRECTION ( 'NONE',  ( 1.000000000000000000, 0.000000000000000000, 2.575684448369424473E-16 ) ) ;
#2670 = DIRECTION ( 'NONE',  ( 0.000000000000000000, -1.000000000000000000, 0.000000000000000000 ) ) ;
#2671 = ORIENTED_EDGE ( 'NONE', *, *, #2963, .F. ) ;
#2672 = ORIENTED_EDGE ( 'NONE', *, *, #1396, .F. ) ;
#2673 = CARTESIAN_POINT ( 'NONE',  ( -26.93999999999999773, 23.00000000000000000, 70.05500000000000682 ) ) ;
#2674 = CARTESIAN_POINT ( 'NONE',  ( 5.817785061020784632, 10.99998799999999832, 74.42824109757876272 ) ) ;
#2675 = VERTEX_POINT ( 'NONE', #4246 ) ;
#2676 =( BOUNDED_SURFACE ( )  B_SPLINE_SURFACE ( 3, 1, ( 
 ( #1864, #1779 ),
 ( #2665, #4482 ),
 ( #2250, #3614 ),
 ( #3197, #4981 ) ),
 .UNSPECIFIED., .F., .F., .T. ) 
 B_SPLINE_SURFACE_WITH_KNOTS ( ( 4, 4 ),
 ( 2, 2 ),
 ( 0.000000000000000000, 1.000000000000000000 ),
 ( 0.000000000000000000, 1.000000000000000000 ),
 .UNSPECIFIED. ) 
 GEOMETRIC_REPRESENTATION_ITEM ( )  RATIONAL_B_SPLINE_SURFACE ( (
 ( 1.000000000000000000, 1.000000000000000000),
 ( 0.3333333333333269866, 0.3333333333333269866),
 ( 0.3333333333333269866, 0.3333333333333269866),
 ( 1.000000000000000000, 1.000000000000000000) ) ) 
 REPRESENTATION_ITEM ( '' )  SURFACE ( )  );
#2677 = CARTESIAN_POINT ( 'NONE',  ( -10.00000000000000178, 23.00000000000000000, 71.55500000000002103 ) ) ;
#2678 = VECTOR ( 'NONE', #2335, 1000.000000000000000 ) ;
#2679 = DIRECTION ( 'NONE',  ( 0.000000000000000000, 0.000000000000000000, -1.000000000000000000 ) ) ;
#2680 = CARTESIAN_POINT ( 'NONE',  ( -12.49999999999997158, 10.99999999999999645, 32.55499999999995708 ) ) ;
#2681 = DIRECTION ( 'NONE',  ( -1.000000000000000000, -0.000000000000000000, -0.000000000000000000 ) ) ;
#2682 = CYLINDRICAL_SURFACE ( 'NONE', #4808, 8.499999999999992895 ) ;
#2683 = EDGE_CURVE ( 'NONE', #3450, #3916, #3568, .T. ) ;
#2684 = ORIENTED_EDGE ( 'NONE', *, *, #1913, .F. ) ;
#2685 = ORIENTED_EDGE ( 'NONE', *, *, #5553, .F. ) ;
#2686 = VECTOR ( 'NONE', #938, 1000.000000000000000 ) ;
#2687 = DIRECTION ( 'NONE',  ( 0.000000000000000000, 0.7071067811865499042, -0.7071067811865451302 ) ) ;
#2688 = DIRECTION ( 'NONE',  ( -0.000000000000000000, 1.000000000000000000, -0.000000000000000000 ) ) ;
#2689 = CARTESIAN_POINT ( 'NONE',  ( 31.43999999999999417, 22.35000000000000142, 54.55499999999999972 ) ) ;
#2690 = CARTESIAN_POINT ( 'NONE',  ( 12.49999999999999467, 13.00000000000000000, -61.55500000000002814 ) ) ;
#2691 = VERTEX_POINT ( 'NONE', #1626 ) ;
#2692 = ORIENTED_EDGE ( 'NONE', *, *, #2683, .T. ) ;
#2693 = CARTESIAN_POINT ( 'NONE',  ( 22.50000000000000711, 11.49999999999999645, 66.43000000000000682 ) ) ;
#2694 = LINE ( 'NONE', #5319, #471 ) ;
#2695 = LINE ( 'NONE', #1333, #4744 ) ;
#2696 = EDGE_LOOP ( 'NONE', ( #2826, #4393, #942, #4168 ) ) ;
#2697 = EDGE_CURVE ( 'NONE', #4464, #3066, #3492, .T. ) ;
#2698 = AXIS2_PLACEMENT_3D ( 'NONE', #2223, #4903, #4486 ) ;
#2699 = VERTEX_POINT ( 'NONE', #5809 ) ;
#2700 = CARTESIAN_POINT ( 'NONE',  ( 12.50000000000007816, 10.99999999999999645, -53.55500000000004235 ) ) ;
#2701 = EDGE_CURVE ( 'NONE', #1940, #5217, #382, .T. ) ;
#2702 = EDGE_CURVE ( 'NONE', #815, #3162, #703, .T. ) ;
#2703 = CARTESIAN_POINT ( 'NONE',  ( 12.50000000000008171, 13.00000000000000000, 38.55499999999998550 ) ) ;
#2704 = CIRCLE ( 'NONE', #162, 1.600000000000011191 ) ;
#2705 = ADVANCED_FACE ( 'NONE', ( #320 ), #2542, .T. ) ;
#2706 = CARTESIAN_POINT ( 'NONE',  ( 33.38999999999999346, 23.00000000000000000, 70.05500000000000682 ) ) ;
#2707 = ORIENTED_EDGE ( 'NONE', *, *, #966, .F. ) ;
#2708 = CARTESIAN_POINT ( 'NONE',  ( -26.93999999999999773, 22.35000000000000142, 74.55499999999999261 ) ) ;
#2709 = ADVANCED_FACE ( 'NONE', ( #5704 ), #3997, .T. ) ;
#2710 = CARTESIAN_POINT ( 'NONE',  ( 15.04050172409921515, 19.50000000000000000, 59.78393958836383604 ) ) ;
#2711 = CARTESIAN_POINT ( 'NONE',  ( -33.39000000000001478, 5.056911948494057896, 23.02499999999999858 ) ) ;
#2712 = LINE ( 'NONE', #962, #182 ) ;
#2713 = DIRECTION ( 'NONE',  ( -0.000000000000000000, -1.000000000000000000, -0.000000000000000000 ) ) ;
#2714 = ORIENTED_EDGE ( 'NONE', *, *, #4887, .T. ) ;
#2715 = AXIS2_PLACEMENT_3D ( 'NONE', #1535, #1559, #4686 ) ;
#2716 = ORIENTED_EDGE ( 'NONE', *, *, #1064, .F. ) ;
#2717 = AXIS2_PLACEMENT_3D ( 'NONE', #1516, #1543, #653 ) ;
#2718 = DIRECTION ( 'NONE',  ( 0.000000000000000000, -1.000000000000000000, 0.000000000000000000 ) ) ;
#2719 = DIRECTION ( 'NONE',  ( 0.000000000000000000, -1.000000000000000000, 0.000000000000000000 ) ) ;
#2720 = PRODUCT_CONTEXT ( 'NONE', #1131, 'mechanical' ) ;
#2721 = DIRECTION ( 'NONE',  ( -0.000000000000000000, -1.000000000000000000, -0.000000000000000000 ) ) ;
#2722 = VECTOR ( 'NONE', #836, 1000.000000000000000 ) ;
#2723 = CARTESIAN_POINT ( 'NONE',  ( 33.38999999999998636, -152.0796411894638993, -70.05500000000000682 ) ) ;
#2724 = CIRCLE ( 'NONE', #2914, 4.999999999999997335 ) ;
#2725 = VERTEX_POINT ( 'NONE', #3438 ) ;
#2726 = EDGE_CURVE ( 'NONE', #2306, #2109, #4718, .T. ) ;
#2727 = VERTEX_POINT ( 'NONE', #2566 ) ;
#2728 = VECTOR ( 'NONE', #431, 1000.000000000000000 ) ;
#2729 = AXIS2_PLACEMENT_3D ( 'NONE', #2176, #5027, #4608 ) ;
#2730 = CARTESIAN_POINT ( 'NONE',  ( -26.63995126535550284, 33.66370849898476791, -44.55490477169965402 ) ) ;
#2731 = CARTESIAN_POINT ( 'NONE',  ( -12.49999999999999289, 12.99999999999999822, -63.55500000000002814 ) ) ;
#2732 = DIRECTION ( 'NONE',  ( 0.000000000000000000, -0.7071067811865425767, -0.7071067811865525687 ) ) ;
#2733 = ORIENTED_EDGE ( 'NONE', *, *, #3956, .T. ) ;
#2734 = AXIS2_PLACEMENT_3D ( 'NONE', #4658, #1853, #144 ) ;
#2735 = EDGE_CURVE ( 'NONE', #994, #3127, #2122, .T. ) ;
#2736 = VERTEX_POINT ( 'NONE', #3882 ) ;
#2737 = LINE ( 'NONE', #1043, #1289 ) ;
#2738 = CIRCLE ( 'NONE', #1025, 4.000000000000003553 ) ;
#2739 = ADVANCED_FACE ( 'NONE', ( #1173 ), #4250, .F. ) ;
#2740 = FACE_OUTER_BOUND ( 'NONE', #4108, .T. ) ;
#2741 = ORIENTED_EDGE ( 'NONE', *, *, #4416, .F. ) ;
#2742 = ORIENTED_EDGE ( 'NONE', *, *, #3961, .F. ) ;
#2743 = CIRCLE ( 'NONE', #1033, 4.500000000000001776 ) ;
#2744 = PLANE ( 'NONE',  #3181 ) ;
#2745 = LINE ( 'NONE', #521, #4341 ) ;
#2746 = CARTESIAN_POINT ( 'NONE',  ( 31.44000000000000128, -57.02640140948316372, 37.05499999999999261 ) ) ;
#2747 = CARTESIAN_POINT ( 'NONE',  ( 13.49999645180843011, 10.99999999999999645, 31.68577804291728484 ) ) ;
#2748 = CARTESIAN_POINT ( 'NONE',  ( 6.500000000000000000, 23.00000000000000000, 67.55499999999999261 ) ) ;
#2749 = EDGE_LOOP ( 'NONE', ( #449, #5545, #5034, #4361 ) ) ;
#2750 = EDGE_CURVE ( 'NONE', #1921, #1350, #2960, .T. ) ;
#2751 = ORIENTED_EDGE ( 'NONE', *, *, #2822, .T. ) ;
#2752 = VERTEX_POINT ( 'NONE', #4780 ) ;
#2753 = CARTESIAN_POINT ( 'NONE',  ( -26.64049541977133728, 13.00000000000000000, 59.55499999999999972 ) ) ;
#2754 = CARTESIAN_POINT ( 'NONE',  ( 14.50000000000003020, 10.99999999999998046, -61.55500000000003524 ) ) ;
#2755 = DIRECTION ( 'NONE',  ( -1.000000000000000000, -0.000000000000000000, -0.000000000000000000 ) ) ;
#2756 = CARTESIAN_POINT ( 'NONE',  ( 26.64049541977133728, 12.00000000000005862, 63.55499999999999972 ) ) ;
#2757 = CARTESIAN_POINT ( 'NONE',  ( -12.49999999999988809, 13.00000000000000000, 38.55499999999999261 ) ) ;
#2758 = ORIENTED_EDGE ( 'NONE', *, *, #4015, .F. ) ;
#2759 = ORIENTED_EDGE ( 'NONE', *, *, #1402, .T. ) ;
#2760 = CARTESIAN_POINT ( 'NONE',  ( -21.64049541977133373, 13.00000000000000000, 59.55499999999999972 ) ) ;
#2761 = CARTESIAN_POINT ( 'NONE',  ( 12.50000000000012434, 13.00000000000000000, 42.55499999999999261 ) ) ;
#2762 = EDGE_CURVE ( 'NONE', #442, #4677, #1673, .T. ) ;
#2763 = PLANE ( 'NONE',  #5507 ) ;
#2764 = CARTESIAN_POINT ( 'NONE',  ( -3.162105165299285314, 10.99998799999999832, 76.75373526184698392 ) ) ;
#2765 = ORIENTED_EDGE ( 'NONE', *, *, #2628, .F. ) ;
#2766 = EDGE_LOOP ( 'NONE', ( #4873, #289 ) ) ;
#2767 = CARTESIAN_POINT ( 'NONE',  ( 26.64049541977133728, 22.35000000000000142, 54.55499999999999972 ) ) ;
#2768 = CARTESIAN_POINT ( 'NONE',  ( 26.93999999999998352, 15.00000000000000000, -70.05500000000000682 ) ) ;
#2769 = ADVANCED_FACE ( 'NONE', ( #4360, #3462 ), #3909, .F. ) ;
#2770 = DIRECTION ( 'NONE',  ( -2.312964634635742957E-16, 0.000000000000000000, 1.000000000000000000 ) ) ;
#2771 = ORIENTED_EDGE ( 'NONE', *, *, #4642, .F. ) ;
#2772 = ORIENTED_EDGE ( 'NONE', *, *, #5797, .F. ) ;
#2773 = CARTESIAN_POINT ( 'NONE',  ( 26.63995126535550284, 22.35000000000000142, -49.55490477169965402 ) ) ;
#2774 = DIRECTION ( 'NONE',  ( 1.000000000000000000, 0.000000000000000000, 0.000000000000000000 ) ) ;
#2775 = DIRECTION ( 'NONE',  ( -0.000000000000000000, -1.000000000000000000, -0.000000000000000000 ) ) ;
#2776 = AXIS2_PLACEMENT_3D ( 'NONE', #2730, #3769, #5142 ) ;
#2777 = DIRECTION ( 'NONE',  ( -0.000000000000000000, 0.7071067811865499042, -0.7071067811865451302 ) ) ;
#2778 = DIRECTION ( 'NONE',  ( 8.659560562354914369E-17, -0.7071067811865490160, 0.7071067811865460184 ) ) ;
#2779 = ORIENTED_EDGE ( 'NONE', *, *, #1499, .F. ) ;
#2780 = VERTEX_POINT ( 'NONE', #3021 ) ;
#2781 = ADVANCED_FACE ( 'NONE', ( #2508 ), #758, .T. ) ;
#2782 = LINE ( 'NONE', #250, #5763 ) ;
#2783 = LINE ( 'NONE', #1421, #3732 ) ;
#2784 = CARTESIAN_POINT ( 'NONE',  ( 14.50000000000012079, 10.99999999999996803, 40.55500000000002814 ) ) ;
#2785 = CARTESIAN_POINT ( 'NONE',  ( -13.02202945409722368, 10.99999999999999645, 42.66283544631625801 ) ) ;
#2786 = VERTEX_POINT ( 'NONE', #4327 ) ;
#2787 = CARTESIAN_POINT ( 'NONE',  ( 13.02202945409745460, 10.99999999999999467, -51.66283544631629354 ) ) ;
#2788 = EDGE_LOOP ( 'NONE', ( #4241, #1528, #2608, #5256, #3372, #470, #1490, #5018, #2315, #2082, #2987, #5202, #3035, #5301, #2510, #5546 ) ) ;
#2789 = ADVANCED_FACE ( 'NONE', ( #4861 ), #3972, .F. ) ;
#2790 = ORIENTED_EDGE ( 'NONE', *, *, #319, .F. ) ;
#2791 = DIRECTION ( 'NONE',  ( 1.000000000000000000, 0.000000000000000000, 3.558407130208821635E-15 ) ) ;
#2792 = ADVANCED_FACE ( 'NONE', ( #4834, #5783 ), #1711, .F. ) ;
#2793 = CARTESIAN_POINT ( 'NONE',  ( -2.749771129515628409, 23.00000000000000000, 73.60373526184702087 ) ) ;
#2794 = ORIENTED_EDGE ( 'NONE', *, *, #5762, .T. ) ;
#2795 = ORIENTED_EDGE ( 'NONE', *, *, #82, .T. ) ;
#2796 = DIRECTION ( 'NONE',  ( 8.659560562354994488E-17, -0.7071067811865425767, 0.7071067811865525687 ) ) ;
#2797 = LINE ( 'NONE', #4227, #1007 ) ;
#2798 = EDGE_CURVE ( 'NONE', #4693, #770, #3632, .T. ) ;
#2799 = CARTESIAN_POINT ( 'NONE',  ( 12.76239797598407222, 10.99999999999999645, -47.55500000000004945 ) ) ;
#2800 = ORIENTED_EDGE ( 'NONE', *, *, #2839, .T. ) ;
#2801 = AXIS2_PLACEMENT_3D ( 'NONE', #163, #485, #2857 ) ;
#2802 = ORIENTED_EDGE ( 'NONE', *, *, #422, .T. ) ;
#2803 = CARTESIAN_POINT ( 'NONE',  ( 12.50000000000007816, 13.00000000000000000, -55.55500000000002814 ) ) ;
#2804 = VECTOR ( 'NONE', #3558, 1000.000000000000114 ) ;
#2805 = DIRECTION ( 'NONE',  ( 0.000000000000000000, 0.000000000000000000, 1.000000000000000000 ) ) ;
#2806 = CARTESIAN_POINT ( 'NONE',  ( 15.04050172409921515, 19.50000000000000000, 59.78393958836383604 ) ) ;
#2807 = LINE ( 'NONE', #3283, #3303 ) ;
#2808 = CARTESIAN_POINT ( 'NONE',  ( 6.500000000000000000, 23.00000000000000000, 67.55499999999999261 ) ) ;
#2809 = ORIENTED_EDGE ( 'NONE', *, *, #1427, .F. ) ;
#2810 = ORIENTED_EDGE ( 'NONE', *, *, #3948, .T. ) ;
#2811 = LINE ( 'NONE', #4629, #4148 ) ;
#2812 = CARTESIAN_POINT ( 'NONE',  ( -33.44000000000001194, 11.00000000000000000, -70.05500000000002103 ) ) ;
#2813 = CARTESIAN_POINT ( 'NONE',  ( -12.49999999999999289, -59.05500000000003524, 8.499999999999522160 ) ) ;
#2814 = VECTOR ( 'NONE', #3036, 1000.000000000000000 ) ;
#2815 = ADVANCED_FACE ( 'NONE', ( #2655 ), #2439, .F. ) ;
#2816 = ORIENTED_EDGE ( 'NONE', *, *, #2117, .F. ) ;
#2817 = ORIENTED_EDGE ( 'NONE', *, *, #3360, .T. ) ;
#2818 = EDGE_LOOP ( 'NONE', ( #542, #1670 ) ) ;
#2819 = VECTOR ( 'NONE', #4021, 1000.000000000000000 ) ;
#2820 = AXIS2_PLACEMENT_3D ( 'NONE', #3, #5408, #2687 ) ;
#2821 = DIRECTION ( 'NONE',  ( 1.000000000000000000, 0.000000000000000000, -1.387778780781447401E-16 ) ) ;
#2822 = EDGE_CURVE ( 'NONE', #4208, #4301, #4337, .T. ) ;
#2823 = DIRECTION ( 'NONE',  ( 0.000000000000000000, -1.000000000000000000, 0.000000000000000000 ) ) ;
#2824 = AXIS2_PLACEMENT_3D ( 'NONE', #2956, #4776, #4798 ) ;
#2825 = CARTESIAN_POINT ( 'NONE',  ( -5.899771129515602119, 10.99998800000000188, 73.19140122606336263 ) ) ;
#2826 = ORIENTED_EDGE ( 'NONE', *, *, #285, .F. ) ;
#2827 = CIRCLE ( 'NONE', #4256, 4.499999999999990230 ) ;
#2828 = AXIS2_PLACEMENT_3D ( 'NONE', #2891, #4712, #5181 ) ;
#2829 = ORIENTED_EDGE ( 'NONE', *, *, #136, .F. ) ;
#2830 = DIRECTION ( 'NONE',  ( 0.7071067811865463515, 0.000000000000000000, -0.7071067811865487940 ) ) ;
#2831 = LINE ( 'NONE', #952, #5474 ) ;
#2832 = AXIS2_PLACEMENT_3D ( 'NONE', #4296, #1539, #648 ) ;
#2833 = LINE ( 'NONE', #3152, #1510 ) ;
#2834 = ORIENTED_EDGE ( 'NONE', *, *, #3790, .F. ) ;
#2835 = ORIENTED_EDGE ( 'NONE', *, *, #2627, .F. ) ;
#2836 = VECTOR ( 'NONE', #3062, 1000.000000000000114 ) ;
#2837 = DIRECTION ( 'NONE',  ( 0.000000000000000000, 0.000000000000000000, 1.000000000000000000 ) ) ;
#2838 = CARTESIAN_POINT ( 'NONE',  ( -26.93999999999999773, 23.00000000000000000, 74.55499999999999261 ) ) ;
#2839 = EDGE_CURVE ( 'NONE', #4552, #1710, #2243, .T. ) ;
#2840 = CARTESIAN_POINT ( 'NONE',  ( 12.50000000000014033, 13.00000000000000000, 41.55500000000000682 ) ) ;
#2841 = LINE ( 'NONE', #4660, #5283 ) ;
#2842 = ORIENTED_EDGE ( 'NONE', *, *, #3090, .F. ) ;
#2843 = ORIENTED_EDGE ( 'NONE', *, *, #5459, .F. ) ;
#2844 = CARTESIAN_POINT ( 'NONE',  ( 12.50000000000012079, -59.05500000000003524, 22.49999999999952038 ) ) ;
#2845 = DIRECTION ( 'NONE',  ( -0.000000000000000000, 1.000000000000000000, -0.000000000000000000 ) ) ;
#2846 = DIRECTION ( 'NONE',  ( -0.000000000000000000, 1.000000000000000000, 0.000000000000000000 ) ) ;
#2847 = LINE ( 'NONE', #3325, #3672 ) ;
#2848 = ADVANCED_FACE ( 'NONE', ( #4477 ), #5007, .F. ) ;
#2849 = CARTESIAN_POINT ( 'NONE',  ( 22.50000000000001066, 18.00000000000000000, 8.555000000000006821 ) ) ;
#2850 = EDGE_LOOP ( 'NONE', ( #3546, #1934, #5060, #4697 ) ) ;
#2851 = EDGE_LOOP ( 'NONE', ( #2150, #4934, #3353, #2600 ) ) ;
#2852 = EDGE_CURVE ( 'NONE', #3226, #1965, #932, .T. ) ;
#2853 = CARTESIAN_POINT ( 'NONE',  ( 26.94000000000000483, 22.35000000000000142, 70.05500000000000682 ) ) ;
#2854 = DIRECTION ( 'NONE',  ( -0.000000000000000000, -1.000000000000000000, -0.000000000000000000 ) ) ;
#2855 = ORIENTED_EDGE ( 'NONE', *, *, #1212, .T. ) ;
#2856 = ORIENTED_EDGE ( 'NONE', *, *, #966, .T. ) ;
#2857 = DIRECTION ( 'NONE',  ( 0.000000000000000000, 0.000000000000000000, -1.000000000000000000 ) ) ;
#2858 = PLANE ( 'NONE',  #1099 ) ;
#2859 = EDGE_CURVE ( 'NONE', #4671, #907, #5094, .T. ) ;
#2860 = CARTESIAN_POINT ( 'NONE',  ( -12.49999999999986677, -59.05500000000003524, 22.49999999999951328 ) ) ;
#2861 = EDGE_LOOP ( 'NONE', ( #4471, #2319, #3833, #2186 ) ) ;
#2862 = VECTOR ( 'NONE', #2066, 999.9999999999998863 ) ;
#2863 = ORIENTED_EDGE ( 'NONE', *, *, #5382, .T. ) ;
#2864 = CARTESIAN_POINT ( 'NONE',  ( -13.29958940190072880, 10.99999999999999467, -57.16963393480732236 ) ) ;
#2865 = DIRECTION ( 'NONE',  ( 0.000000000000000000, -1.000000000000000000, 0.000000000000000000 ) ) ;
#2866 = CARTESIAN_POINT ( 'NONE',  ( -12.49999999999999289, -59.05500000000003524, 8.499999999999522160 ) ) ;
#2867 = CARTESIAN_POINT ( 'NONE',  ( 13.02202945409741552, 10.99999999999999112, -55.66283544631630065 ) ) ;
#2868 = ORIENTED_EDGE ( 'NONE', *, *, #804, .F. ) ;
#2869 = ORIENTED_EDGE ( 'NONE', *, *, #2014, .T. ) ;
#2870 = CARTESIAN_POINT ( 'NONE',  ( 26.94000000000000483, -152.0796411894638993, 70.05500000000000682 ) ) ;
#2871 = CARTESIAN_POINT ( 'NONE',  ( 13.37382107369583295, 10.99999999999999645, 43.05143636095055371 ) ) ;
#2872 = EDGE_CURVE ( 'NONE', #2549, #64, #494, .T. ) ;
#2873 = DIRECTION ( 'NONE',  ( -0.000000000000000000, -1.000000000000000000, -0.000000000000000000 ) ) ;
#2874 = LINE ( 'NONE', #3147, #3416 ) ;
#2875 = DIRECTION ( 'NONE',  ( 0.000000000000000000, 0.000000000000000000, -1.000000000000000000 ) ) ;
#2876 = ORIENTED_EDGE ( 'NONE', *, *, #985, .T. ) ;
#2877 = VECTOR ( 'NONE', #2966, 999.9999999999998863 ) ;
#2878 = ORIENTED_EDGE ( 'NONE', *, *, #4907, .F. ) ;
#2879 = CARTESIAN_POINT ( 'NONE',  ( -22.49999999999998224, 11.00000000000000000, 8.555000000000006821 ) ) ;
#2880 = CYLINDRICAL_SURFACE ( 'NONE', #85, 2.124999999999999112 ) ;
#2881 = ORIENTED_EDGE ( 'NONE', *, *, #3507, .F. ) ;
#2882 = VECTOR ( 'NONE', #2283, 1000.000000000000114 ) ;
#2883 = CARTESIAN_POINT ( 'NONE',  ( 12.50000000000003197, 12.99999999999999822, -57.55500000000003524 ) ) ;
#2884 = CARTESIAN_POINT ( 'NONE',  ( -35.44000000000001194, 15.00000000000000000, -70.05500000000002103 ) ) ;
#2885 = EDGE_LOOP ( 'NONE', ( #4065, #91, #1968, #1569 ) ) ;
#2886 = VERTEX_POINT ( 'NONE', #2210 ) ;
#2887 = EDGE_CURVE ( 'NONE', #3616, #3189, #1320, .T. ) ;
#2888 = CARTESIAN_POINT ( 'NONE',  ( -12.76239797598390524, 10.99999999999999289, -57.55500000000004235 ) ) ;
#2889 = CARTESIAN_POINT ( 'NONE',  ( -15.04050172409921515, 11.00000000000000000, 59.78393958836383604 ) ) ;
#2890 = EDGE_CURVE ( 'NONE', #1590, #5822, #1293, .T. ) ;
#2891 = CARTESIAN_POINT ( 'NONE',  ( -26.94000000000001194, 23.00000000000000000, -70.05500000000002103 ) ) ;
#2892 = CARTESIAN_POINT ( 'NONE',  ( 12.50000000000000178, 13.00000000000000000, -62.55500000000002814 ) ) ;
#2893 = ORIENTED_EDGE ( 'NONE', *, *, #4279, .F. ) ;
#2894 = CIRCLE ( 'NONE', #3176, 4.500000000000001776 ) ;
#2895 = ORIENTED_EDGE ( 'NONE', *, *, #1533, .F. ) ;
#2896 = EDGE_CURVE ( 'NONE', #1524, #4853, #5832, .T. ) ;
#2897 = DIRECTION ( 'NONE',  ( 0.000000000000000000, -1.000000000000000000, 0.000000000000000000 ) ) ;
#2898 = DIRECTION ( 'NONE',  ( 0.000000000000000000, -1.000000000000000000, 0.000000000000000000 ) ) ;
#2899 = DIRECTION ( 'NONE',  ( -0.000000000000000000, -1.000000000000000000, -0.000000000000000000 ) ) ;
#2900 = DIRECTION ( 'NONE',  ( -0.000000000000000000, 1.000000000000000000, -0.000000000000000000 ) ) ;
#2901 = ORIENTED_EDGE ( 'NONE', *, *, #2300, .F. ) ;
#2902 = CARTESIAN_POINT ( 'NONE',  ( 12.76239797598395143, 10.99999999999999645, -61.55500000000004945 ) ) ;
#2903 = VECTOR ( 'NONE', #5699, 1000.000000000000000 ) ;
#2904 = ORIENTED_EDGE ( 'NONE', *, *, #4381, .T. ) ;
#2905 = VERTEX_POINT ( 'NONE', #4114 ) ;
#2906 = EDGE_CURVE ( 'NONE', #1190, #2429, #2278, .T. ) ;
#2907 = DIRECTION ( 'NONE',  ( -0.000000000000000000, -1.000000000000000000, -0.000000000000000000 ) ) ;
#2908 = CARTESIAN_POINT ( 'NONE',  ( 12.50000000000007994, 11.00000000000000000, 40.55500000000000682 ) ) ;
#2909 = EDGE_CURVE ( 'NONE', #5466, #4862, #2615, .T. ) ;
#2910 = FACE_OUTER_BOUND ( 'NONE', #2403, .T. ) ;
#2911 = AXIS2_PLACEMENT_3D ( 'NONE', #5310, #3547, #1232 ) ;
#2912 = ORIENTED_EDGE ( 'NONE', *, *, #3846, .T. ) ;
#2913 = AXIS2_PLACEMENT_3D ( 'NONE', #2953, #4771, #3011 ) ;
#2914 = AXIS2_PLACEMENT_3D ( 'NONE', #4561, #5037, #1343 ) ;
#2915 = DIRECTION ( 'NONE',  ( 0.000000000000000000, 0.000000000000000000, 1.000000000000000000 ) ) ;
#2916 = ADVANCED_FACE ( 'NONE', ( #3663 ), #4975, .F. ) ;
#2917 = DIRECTION ( 'NONE',  ( 0.000000000000000000, -1.000000000000000000, 0.000000000000000000 ) ) ;
#2918 = ORIENTED_EDGE ( 'NONE', *, *, #792, .T. ) ;
#2919 = VECTOR ( 'NONE', #5432, 1000.000000000000000 ) ;
#2920 = AXIS2_PLACEMENT_3D ( 'NONE', #976, #838, #2317 ) ;
#2921 = EDGE_LOOP ( 'NONE', ( #389, #1545, #4262, #5291 ) ) ;
#2922 = DIRECTION ( 'NONE',  ( -0.000000000000000000, -1.000000000000000000, -0.000000000000000000 ) ) ;
#2923 = ADVANCED_FACE ( 'NONE', ( #55 ), #2682, .T. ) ;
#2924 = VECTOR ( 'NONE', #2755, 1000.000000000000000 ) ;
#2925 = AXIS2_PLACEMENT_3D ( 'NONE', #4700, #5564, #190 ) ;
#2926 = CARTESIAN_POINT ( 'NONE',  ( -26.64049541977133728, 0.000000000000000000, 61.15500000000000824 ) ) ;
#2927 = DIRECTION ( 'NONE',  ( -0.000000000000000000, -1.000000000000000000, -0.000000000000000000 ) ) ;
#2928 = CARTESIAN_POINT ( 'NONE',  ( -26.63995126535550284, 19.35000000000000142, -40.55490477169965402 ) ) ;
#2929 = ORIENTED_EDGE ( 'NONE', *, *, #1635, .T. ) ;
#2930 = AXIS2_PLACEMENT_3D ( 'NONE', #2806, #1443, #3222 ) ;
#2931 = CARTESIAN_POINT ( 'NONE',  ( 22.50000000000001066, 11.49999999999999645, 10.68000000000000504 ) ) ;
#2932 = AXIS2_PLACEMENT_3D ( 'NONE', #2027, #1136, #1106 ) ;
#2933 = DIRECTION ( 'NONE',  ( -0.000000000000000000, 0.7071067811865499042, -0.7071067811865451302 ) ) ;
#2934 = CARTESIAN_POINT ( 'NONE',  ( 12.76239797598407755, 10.99999999999999289, 44.55499999999999261 ) ) ;
#2935 = DIRECTION ( 'NONE',  ( 1.000000000000000000, 0.000000000000000000, -0.000000000000000000 ) ) ;
#2936 = CARTESIAN_POINT ( 'NONE',  ( 26.63995126535550284, 0.000000000000000000, -44.55490477169965402 ) ) ;
#2937 = LINE ( 'NONE', #1145, #5284 ) ;
#2938 = ORIENTED_EDGE ( 'NONE', *, *, #1166, .T. ) ;
#2939 = ORIENTED_EDGE ( 'NONE', *, *, #4944, .T. ) ;
#2940 = AXIS2_PLACEMENT_3D ( 'NONE', #1542, #2461, #3412 ) ;
#2941 = CARTESIAN_POINT ( 'NONE',  ( -15.04050172409921515, 11.99999999999994849, 60.78393958836383604 ) ) ;
#2942 = CARTESIAN_POINT ( 'NONE',  ( -3.162105165299288423, 10.99998799999999832, 70.45373526184704360 ) ) ;
#2943 = VERTEX_POINT ( 'NONE', #4594 ) ;
#2944 = ADVANCED_FACE ( 'NONE', ( #3579 ), #4088, .T. ) ;
#2945 = CARTESIAN_POINT ( 'NONE',  ( -12.49999999999999289, 13.00000000000000000, -61.55500000000003524 ) ) ;
#2946 = DIRECTION ( 'NONE',  ( 0.000000000000000000, 0.000000000000000000, 1.000000000000000000 ) ) ;
#2947 = CARTESIAN_POINT ( 'NONE',  ( 15.04050172409921515, 11.99999999999994849, 60.78393958836383604 ) ) ;
#2948 = ORIENTED_EDGE ( 'NONE', *, *, #2419, .T. ) ;
#2949 = DIRECTION ( 'NONE',  ( 0.000000000000000000, 0.000000000000000000, 1.000000000000000000 ) ) ;
#2950 = CARTESIAN_POINT ( 'NONE',  ( 26.64049541977133728, 22.35000000000000142, 61.15500000000000824 ) ) ;
#2951 = CARTESIAN_POINT ( 'NONE',  ( -12.49999999999991651, 13.00000000000000000, -54.55500000000002814 ) ) ;
#2952 = CARTESIAN_POINT ( 'NONE',  ( -33.39000000000001478, 15.00000000000000000, 23.02499999999999858 ) ) ;
#2953 = CARTESIAN_POINT ( 'NONE',  ( -26.94000000000000483, 22.35000000000000142, 70.05500000000000682 ) ) ;
#2954 = EDGE_LOOP ( 'NONE', ( #2948, #1632, #1901, #3980 ) ) ;
#2955 = CARTESIAN_POINT ( 'NONE',  ( -6.499999999999999112, 15.00000000000000000, 76.50500000000000966 ) ) ;
#2956 = CARTESIAN_POINT ( 'NONE',  ( 22.50000000000000711, 13.00000000000000000, 68.55500000000000682 ) ) ;
#2957 = CARTESIAN_POINT ( 'NONE',  ( 13.02194494116041312, 10.99999999999999467, 42.66272398817997669 ) ) ;
#2958 = CARTESIAN_POINT ( 'NONE',  ( -26.64049541977133728, 22.35000000000000142, 59.55499999999999972 ) ) ;
#2959 = EDGE_CURVE ( 'NONE', #1663, #3246, #2331, .T. ) ;
#2960 = LINE ( 'NONE', #783, #2142 ) ;
#2961 = VERTEX_POINT ( 'NONE', #2004 ) ;
#2962 = ORIENTED_EDGE ( 'NONE', *, *, #3804, .T. ) ;
#2963 = EDGE_CURVE ( 'NONE', #2727, #2691, #990, .T. ) ;
#2964 = EDGE_CURVE ( 'NONE', #2943, #5836, #5065, .T. ) ;
#2965 = CARTESIAN_POINT ( 'NONE',  ( -13.47400153435563119, 10.99999999999999467, -60.29335019877654389 ) ) ;
#2966 = DIRECTION ( 'NONE',  ( 8.659560562354994488E-17, -0.7071067811865425767, 0.7071067811865525687 ) ) ;
#2967 = CARTESIAN_POINT ( 'NONE',  ( 26.64049541977133728, 11.00000000000000000, 64.55500000000006366 ) ) ;
#2968 = ADVANCED_FACE ( 'NONE', ( #4625 ), #2391, .F. ) ;
#2969 = CARTESIAN_POINT ( 'NONE',  ( -4.336170917683949355, 10.99998799999999832, 70.85130813853113807 ) ) ;
#2970 = ORIENTED_EDGE ( 'NONE', *, *, #2408, .T. ) ;
#2971 = EDGE_CURVE ( 'NONE', #4046, #5705, #1468, .T. ) ;
#2972 = DIRECTION ( 'NONE',  ( -1.000000000000000000, 0.000000000000000000, 0.000000000000000000 ) ) ;
#2973 = DIRECTION ( 'NONE',  ( 0.000000000000000000, -0.000000000000000000, 1.000000000000000000 ) ) ;
#2974 = ORIENTED_EDGE ( 'NONE', *, *, #2964, .F. ) ;
#2975 = DIRECTION ( 'NONE',  ( -1.384463581655421518E-16, 0.7071067811865451302, 0.7071067811865500152 ) ) ;
#2976 = DIRECTION ( 'NONE',  ( 0.000000000000000000, -1.000000000000000000, 0.000000000000000000 ) ) ;
#2977 = LINE ( 'NONE', #1503, #4741 ) ;
#2978 = CARTESIAN_POINT ( 'NONE',  ( -35.43999999999999773, 13.00000000000001066, 103.4778435033146451 ) ) ;
#2979 = DIRECTION ( 'NONE',  ( -1.000000000000000000, -0.000000000000000000, -2.775557561562894802E-16 ) ) ;
#2980 = ORIENTED_EDGE ( 'NONE', *, *, #1285, .T. ) ;
#2981 = DIRECTION ( 'NONE',  ( 0.000000000000000000, 0.000000000000000000, 1.000000000000000000 ) ) ;
#2982 = VECTOR ( 'NONE', #5014, 1000.000000000000000 ) ;
#2983 = DIRECTION ( 'NONE',  ( 1.000000000000000000, 0.000000000000000000, 0.000000000000000000 ) ) ;
#2984 = FACE_OUTER_BOUND ( 'NONE', #30, .T. ) ;
#2985 = CARTESIAN_POINT ( 'NONE',  ( -12.49999999999988809, 10.99999999999996803, 38.55500000000002103 ) ) ;
#2986 = DIRECTION ( 'NONE',  ( 0.000000000000000000, 0.000000000000000000, 1.000000000000000000 ) ) ;
#2987 = ORIENTED_EDGE ( 'NONE', *, *, #5628, .T. ) ;
#2988 = ORIENTED_EDGE ( 'NONE', *, *, #2762, .F. ) ;
#2989 = CIRCLE ( 'NONE', #2327, 2.624999999999988454 ) ;
#2990 = ADVANCED_FACE ( 'NONE', ( #5096 ), #5379, .F. ) ;
#2991 = DIRECTION ( 'NONE',  ( 1.000000000000000000, 0.000000000000000000, 0.000000000000000000 ) ) ;
#2992 = LINE ( 'NONE', #5253, #2877 ) ;
#2993 = VECTOR ( 'NONE', #2617, 1000.000000000000000 ) ;
#2994 = LINE ( 'NONE', #2573, #922 ) ;
#2995 = ORIENTED_EDGE ( 'NONE', *, *, #3143, .F. ) ;
#2996 = ORIENTED_EDGE ( 'NONE', *, *, #4838, .T. ) ;
#2997 = AXIS2_PLACEMENT_3D ( 'NONE', #4176, #5658, #5262 ) ;
#2998 = EDGE_CURVE ( 'NONE', #1220, #236, #228, .T. ) ;
#2999 = DIRECTION ( 'NONE',  ( 0.000000000000000000, 0.000000000000000000, -1.000000000000000000 ) ) ;
#3000 = CARTESIAN_POINT ( 'NONE',  ( 21.64049541977133728, 13.00000000000000000, 72.97215427357548378 ) ) ;
#3001 = CARTESIAN_POINT ( 'NONE',  ( -26.64049541977133728, 22.35000000000000142, 61.15500000000000824 ) ) ;
#3002 = ORIENTED_EDGE ( 'NONE', *, *, #386, .F. ) ;
#3003 = VECTOR ( 'NONE', #1278, 1000.000000000000000 ) ;
#3004 = VECTOR ( 'NONE', #4412, 1000.000000000000114 ) ;
#3005 = CARTESIAN_POINT ( 'NONE',  ( -12.49999999999995026, 10.99999999999998224, -57.55500000000002814 ) ) ;
#3006 = FACE_OUTER_BOUND ( 'NONE', #3320, .T. ) ;
#3007 = VECTOR ( 'NONE', #1617, 1000.000000000000114 ) ;
#3008 = DIRECTION ( 'NONE',  ( -0.000000000000000000, -1.000000000000000000, -0.000000000000000000 ) ) ;
#3009 = AXIS2_PLACEMENT_3D ( 'NONE', #2538, #616, #2422 ) ;
#3010 = DIRECTION ( 'NONE',  ( -0.000000000000000000, -1.000000000000000000, -0.000000000000000000 ) ) ;
#3011 = DIRECTION ( 'NONE',  ( 0.000000000000000000, 0.000000000000000000, 1.000000000000000000 ) ) ;
#3012 = ORIENTED_EDGE ( 'NONE', *, *, #1140, .T. ) ;
#3013 = CIRCLE ( 'NONE', #1685, 2.125000000000001776 ) ;
#3014 = LINE ( 'NONE', #3877, #4986 ) ;
#3015 = AXIS2_PLACEMENT_3D ( 'NONE', #5201, #659, #4760 ) ;
#3016 = EDGE_CURVE ( 'NONE', #5404, #3226, #4291, .T. ) ;
#3017 = DIRECTION ( 'NONE',  ( 0.000000000000000000, -0.7071067811865499042, 0.7071067811865451302 ) ) ;
#3018 = CARTESIAN_POINT ( 'NONE',  ( 12.50000000000004086, -59.05500000000003524, 104.6099999999995589 ) ) ;
#3019 = CARTESIAN_POINT ( 'NONE',  ( 10.00000000000000355, 23.00000000000000000, 71.55499999999993577 ) ) ;
#3020 = VECTOR ( 'NONE', #2652, 1000.000000000000114 ) ;
#3021 = CARTESIAN_POINT ( 'NONE',  ( 5.000000000000002665, 13.00000000000000000, 78.00500000000000966 ) ) ;
#3022 = ORIENTED_EDGE ( 'NONE', *, *, #1586, .T. ) ;
#3023 = ORIENTED_EDGE ( 'NONE', *, *, #2125, .F. ) ;
#3024 = AXIS2_PLACEMENT_3D ( 'NONE', #2583, #3926, #3479 ) ;
#3025 = EDGE_CURVE ( 'NONE', #4580, #3211, #2841, .T. ) ;
#3026 = CARTESIAN_POINT ( 'NONE',  ( -13.37372469124653662, 10.99999999999999645, -61.05876690084901526 ) ) ;
#3027 = DIRECTION ( 'NONE',  ( 0.000000000000000000, 1.000000000000000000, 0.000000000000000000 ) ) ;
#3028 = ORIENTED_EDGE ( 'NONE', *, *, #3971, .T. ) ;
#3029 = VECTOR ( 'NONE', #4788, 1000.000000000000000 ) ;
#3030 = ORIENTED_EDGE ( 'NONE', *, *, #178, .T. ) ;
#3031 = VECTOR ( 'NONE', #1091, 1000.000000000000000 ) ;
#3032 = LINE ( 'NONE', #1155, #3746 ) ;
#3033 = DIRECTION ( 'NONE',  ( -0.000000000000000000, -1.000000000000000000, -0.000000000000000000 ) ) ;
#3034 = VERTEX_POINT ( 'NONE', #146 ) ;
#3035 = ORIENTED_EDGE ( 'NONE', *, *, #2735, .F. ) ;
#3036 = DIRECTION ( 'NONE',  ( -1.000000000000000000, -0.000000000000000000, -0.000000000000000000 ) ) ;
#3037 = ADVANCED_FACE ( 'NONE', ( #589 ), #2029, .F. ) ;
#3038 = DIRECTION ( 'NONE',  ( -0.000000000000000000, 1.000000000000000000, -0.000000000000000000 ) ) ;
#3039 = PLANE ( 'NONE',  #192 ) ;
#3040 = CARTESIAN_POINT ( 'NONE',  ( 21.64049541977133373, 22.35000000000000142, 59.55499999999999972 ) ) ;
#3041 = DIRECTION ( 'NONE',  ( 1.485738470610355279E-16, 0.000000000000000000, 1.000000000000000000 ) ) ;
#3042 = EDGE_LOOP ( 'NONE', ( #5706, #2294, #1784, #865 ) ) ;
#3043 = LINE ( 'NONE', #2145, #4710 ) ;
#3044 = LINE ( 'NONE', #3070, #1587 ) ;
#3045 = CARTESIAN_POINT ( 'NONE',  ( -21.64049541977133373, 13.00000000000000000, 59.55499999999999972 ) ) ;
#3046 = EDGE_LOOP ( 'NONE', ( #5261, #3227, #5554, #4369 ) ) ;
#3047 = DIRECTION ( 'NONE',  ( 0.000000000000000000, -0.000000000000000000, 1.000000000000000000 ) ) ;
#3048 = VERTEX_POINT ( 'NONE', #1946 ) ;
#3049 = ORIENTED_EDGE ( 'NONE', *, *, #2125, .T. ) ;
#3050 = EDGE_CURVE ( 'NONE', #4687, #1235, #4745, .T. ) ;
#3051 = CARTESIAN_POINT ( 'NONE',  ( -13.50000354745530373, 10.99999999999999645, -60.42427622551531385 ) ) ;
#3052 = DIRECTION ( 'NONE',  ( 0.000000000000000000, 0.7071067811865499042, -0.7071067811865451302 ) ) ;
#3053 = ORIENTED_EDGE ( 'NONE', *, *, #5439, .F. ) ;
#3054 = VERTEX_POINT ( 'NONE', #2928 ) ;
#3055 = CARTESIAN_POINT ( 'NONE',  ( 31.43999999999999417, 23.00000000000000000, 70.05500000000000682 ) ) ;
#3056 = DIRECTION ( 'NONE',  ( 0.000000000000000000, 0.000000000000000000, 1.000000000000000000 ) ) ;
#3057 = CARTESIAN_POINT ( 'NONE',  ( 26.94000000000000483, 14.99999999999998579, 70.05500000000000682 ) ) ;
#3058 = ORIENTED_EDGE ( 'NONE', *, *, #5776, .F. ) ;
#3059 = ORIENTED_EDGE ( 'NONE', *, *, #4944, .F. ) ;
#3060 = LINE ( 'NONE', #4432, #347 ) ;
#3061 = EDGE_CURVE ( 'NONE', #2463, #788, #5155, .T. ) ;
#3062 = DIRECTION ( 'NONE',  ( 0.000000000000000000, -0.7071067811865490160, -0.7071067811865460184 ) ) ;
#3063 = AXIS2_PLACEMENT_3D ( 'NONE', #3443, #708, #5198 ) ;
#3064 = CARTESIAN_POINT ( 'NONE',  ( -13.29970886751926074, 10.99999999999999467, 40.16950099912768479 ) ) ;
#3065 = CARTESIAN_POINT ( 'NONE',  ( 31.44000000000000128, 14.99999999999999289, 37.05499999999999261 ) ) ;
#3066 = VERTEX_POINT ( 'NONE', #1078 ) ;
#3067 = EDGE_CURVE ( 'NONE', #3237, #4846, #3752, .T. ) ;
#3068 = LINE ( 'NONE', #806, #2993 ) ;
#3069 = EDGE_CURVE ( 'NONE', #2535, #1240, #4335, .T. ) ;
#3070 = CARTESIAN_POINT ( 'NONE',  ( 12.49999999999999467, -59.05500000000003524, 8.499999999999522160 ) ) ;
#3071 = DIRECTION ( 'NONE',  ( 0.000000000000000000, 0.000000000000000000, -1.000000000000000000 ) ) ;
#3072 = DIRECTION ( 'NONE',  ( 0.000000000000000000, -1.000000000000000000, 0.000000000000000000 ) ) ;
#3073 = EDGE_LOOP ( 'NONE', ( #3049, #4219, #4216, #833 ) ) ;
#3074 = AXIS2_PLACEMENT_3D ( 'NONE', #2513, #3467, #683 ) ;
#3075 = DIRECTION ( 'NONE',  ( 0.000000000000000000, 0.000000000000000000, -1.000000000000000000 ) ) ;
#3076 = VERTEX_POINT ( 'NONE', #1505 ) ;
#3077 = ORIENTED_EDGE ( 'NONE', *, *, #1291, .T. ) ;
#3078 = CARTESIAN_POINT ( 'NONE',  ( 26.63995126535550284, 0.000000000000000000, -44.55490477169965402 ) ) ;
#3079 = PLANE ( 'NONE',  #220 ) ;
#3080 = ORIENTED_EDGE ( 'NONE', *, *, #1115, .T. ) ;
#3081 = ORIENTED_EDGE ( 'NONE', *, *, #5382, .F. ) ;
#3082 = CARTESIAN_POINT ( 'NONE',  ( 22.50000000000001066, 17.00000000000000000, 10.68000000000000504 ) ) ;
#3083 = PLANE ( 'NONE',  #1419 ) ;
#3084 = EDGE_CURVE ( 'NONE', #2393, #3720, #1233, .T. ) ;
#3085 = CARTESIAN_POINT ( 'NONE',  ( 14.50000000000007994, 12.99999999999999645, 32.55499999999997129 ) ) ;
#3086 = ORIENTED_EDGE ( 'NONE', *, *, #5553, .T. ) ;
#3087 = PRESENTATION_LAYER_ASSIGNMENT (  '', '', ( #2607 ) ) ;
#3088 = ORIENTED_EDGE ( 'NONE', *, *, #3050, .T. ) ;
#3089 = PLANE ( 'NONE',  #3853 ) ;
#3090 = EDGE_CURVE ( 'NONE', #5059, #2072, #371, .T. ) ;
#3091 = VECTOR ( 'NONE', #18, 1000.000000000000000 ) ;
#3092 = DIRECTION ( 'NONE',  ( -0.000000000000000000, -1.000000000000000000, -0.000000000000000000 ) ) ;
#3093 = CARTESIAN_POINT ( 'NONE',  ( -13.02194494116017154, 10.99999999999999645, 40.44727601182002275 ) ) ;
#3094 = AXIS2_PLACEMENT_3D ( 'NONE', #3989, #4082, #2177 ) ;
#3095 = FACE_OUTER_BOUND ( 'NONE', #4835, .T. ) ;
#3096 = AXIS2_PLACEMENT_3D ( 'NONE', #3188, #1416, #3607 ) ;
#3097 = ORIENTED_EDGE ( 'NONE', *, *, #2572, .T. ) ;
#3098 =( BOUNDED_SURFACE ( )  B_SPLINE_SURFACE ( 3, 1, ( 
 ( #3260, #1028 ),
 ( #2784, #997 ),
 ( #2284, #3291 ),
 ( #1512, #3704 ) ),
 .UNSPECIFIED., .F., .F., .T. ) 
 B_SPLINE_SURFACE_WITH_KNOTS ( ( 4, 4 ),
 ( 2, 2 ),
 ( 0.000000000000000000, 1.000000000000000000 ),
 ( 0.000000000000000000, 1.000000000000000000 ),
 .UNSPECIFIED. ) 
 GEOMETRIC_REPRESENTATION_ITEM ( )  RATIONAL_B_SPLINE_SURFACE ( (
 ( 1.000000000000000000, 1.000000000000000000),
 ( 0.3333333333333222681, 0.3333333333333222681),
 ( 0.3333333333333222681, 0.3333333333333222681),
 ( 1.000000000000000000, 1.000000000000000000) ) ) 
 REPRESENTATION_ITEM ( '' )  SURFACE ( )  );
#3099 = EDGE_CURVE ( 'NONE', #1734, #2736, #5329, .T. ) ;
#3100 = DIRECTION ( 'NONE',  ( -0.000000000000000000, 1.000000000000000000, -0.000000000000000000 ) ) ;
#3101 = VECTOR ( 'NONE', #3966, 1000.000000000000114 ) ;
#3102 = DIRECTION ( 'NONE',  ( 0.000000000000000000, 0.000000000000000000, -1.000000000000000000 ) ) ;
#3103 = CARTESIAN_POINT ( 'NONE',  ( -13.37372469124651175, 10.99999999999999822, 31.05123309915101260 ) ) ;
#3104 = DIRECTION ( 'NONE',  ( 0.000000000000000000, 0.000000000000000000, 1.000000000000000000 ) ) ;
#3105 = VERTEX_POINT ( 'NONE', #721 ) ;
#3106 = DIRECTION ( 'NONE',  ( 0.000000000000000000, 0.000000000000000000, -1.000000000000000000 ) ) ;
#3107 = EDGE_LOOP ( 'NONE', ( #2351, #4023, #3707, #2349 ) ) ;
#3108 = AXIS2_PLACEMENT_3D ( 'NONE', #2958, #809, #4832 ) ;
#3109 = EDGE_LOOP ( 'NONE', ( #1146, #698 ) ) ;
#3110 = AXIS2_PLACEMENT_3D ( 'NONE', #3401, #311, #5215 ) ;
#3111 = AXIS2_PLACEMENT_3D ( 'NONE', #5610, #2865, #1050 ) ;
#3112 = CARTESIAN_POINT ( 'NONE',  ( 26.64049541977133728, 12.00000000000005862, 59.55499999999999972 ) ) ;
#3113 = DIRECTION ( 'NONE',  ( 1.000000000000000000, -0.000000000000000000, 1.239088197126289831E-16 ) ) ;
#3114 = CYLINDRICAL_SURFACE ( 'NONE', #4433, 4.000000000000003553 ) ;
#3115 = ORIENTED_EDGE ( 'NONE', *, *, #3897, .F. ) ;
#3116 = ORIENTED_EDGE ( 'NONE', *, *, #3956, .F. ) ;
#3117 = AXIS2_PLACEMENT_3D ( 'NONE', #3274, #5544, #3690 ) ;
#3118 = LINE ( 'NONE', #3055, #3371 ) ;
#3119 = CARTESIAN_POINT ( 'NONE',  ( 10.00000000000000178, 23.00000000000000000, 67.55499999999999261 ) ) ;
#3120 = VECTOR ( 'NONE', #1842, 1000.000000000000000 ) ;
#3121 = DIRECTION ( 'NONE',  ( 0.000000000000000000, 0.000000000000000000, 1.000000000000000000 ) ) ;
#3122 = ORIENTED_EDGE ( 'NONE', *, *, #5212, .T. ) ;
#3123 = ORIENTED_EDGE ( 'NONE', *, *, #3897, .T. ) ;
#3124 = CARTESIAN_POINT ( 'NONE',  ( 14.50000000000003730, 12.99999999999999645, 30.55500000000000682 ) ) ;
#3125 = CARTESIAN_POINT ( 'NONE',  ( 31.43999999999999417, -31.00000000000001421, 16.05500000000024130 ) ) ;
#3126 = DIRECTION ( 'NONE',  ( -0.000000000000000000, 1.000000000000000000, -0.000000000000000000 ) ) ;
#3127 = VERTEX_POINT ( 'NONE', #3065 ) ;
#3128 = FACE_BOUND ( 'NONE', #3312, .T. ) ;
#3129 = CARTESIAN_POINT ( 'NONE',  ( -26.63995126535550284, 33.66370849898476791, -48.55490477169966113 ) ) ;
#3130 = DIRECTION ( 'NONE',  ( 1.485738470610355032E-16, 0.000000000000000000, 1.000000000000000000 ) ) ;
#3131 = CARTESIAN_POINT ( 'NONE',  ( 13.37372469124653662, 10.99999999999999645, 32.05876690084893710 ) ) ;
#3132 = DIRECTION ( 'NONE',  ( 0.000000000000000000, -1.000000000000000000, 0.000000000000000000 ) ) ;
#3133 = ORIENTED_EDGE ( 'NONE', *, *, #1265, .T. ) ;
#3134 = ORIENTED_EDGE ( 'NONE', *, *, #348, .T. ) ;
#3135 = CARTESIAN_POINT ( 'NONE',  ( -26.64049541977133728, 19.35000000000000142, 61.15500000000000824 ) ) ;
#3136 = CARTESIAN_POINT ( 'NONE',  ( -31.43999999999999417, 22.35000000000000142, -39.55490477169965402 ) ) ;
#3137 = EDGE_CURVE ( 'NONE', #4261, #1006, #4852, .T. ) ;
#3138 = CARTESIAN_POINT ( 'NONE',  ( -26.63995126535550284, 33.66370849898476791, -44.55490477169965402 ) ) ;
#3139 = CIRCLE ( 'NONE', #4672, 2.125000000000001776 ) ;
#3140 = DIRECTION ( 'NONE',  ( 2.312964634635742957E-16, -0.000000000000000000, -1.000000000000000000 ) ) ;
#3141 = ORIENTED_EDGE ( 'NONE', *, *, #90, .T. ) ;
#3142 = VERTEX_POINT ( 'NONE', #2534 ) ;
#3143 = EDGE_CURVE ( 'NONE', #4726, #3498, #2089, .T. ) ;
#3144 = CARTESIAN_POINT ( 'NONE',  ( 31.43999999999999417, 13.00000000000000000, 54.55499999999999972 ) ) ;
#3145 = EDGE_CURVE ( 'NONE', #3066, #174, #3191, .T. ) ;
#3146 = DIRECTION ( 'NONE',  ( -1.050575747638314686E-16, -0.7071067811865459074, -0.7071067811865491270 ) ) ;
#3147 = CARTESIAN_POINT ( 'NONE',  ( -13.00000000000000533, 23.00000000000000000, 74.55499999999999261 ) ) ;
#3148 = ORIENTED_EDGE ( 'NONE', *, *, #3347, .T. ) ;
#3149 = ORIENTED_EDGE ( 'NONE', *, *, #3992, .T. ) ;
#3150 = EDGE_CURVE ( 'NONE', #3359, #406, #5300, .T. ) ;
#3151 = DIRECTION ( 'NONE',  ( 0.000000000000000000, 0.7071067811865499042, -0.7071067811865451302 ) ) ;
#3152 = CARTESIAN_POINT ( 'NONE',  ( 2.749771129515611534, 23.00000000000000000, 76.75373526184699813 ) ) ;
#3153 = DIRECTION ( 'NONE',  ( -0.000000000000000000, 1.000000000000000000, 0.000000000000000000 ) ) ;
#3154 = ORIENTED_EDGE ( 'NONE', *, *, #3908, .T. ) ;
#3155 = LINE ( 'NONE', #4917, #5566 ) ;
#3156 = DIRECTION ( 'NONE',  ( -0.000000000000000000, -1.000000000000000000, -0.000000000000000000 ) ) ;
#3157 = CARTESIAN_POINT ( 'NONE',  ( 33.38999999999999346, -152.0796411894638993, 70.05500000000000682 ) ) ;
#3158 = EDGE_CURVE ( 'NONE', #236, #483, #1589, .T. ) ;
#3159 = CARTESIAN_POINT ( 'NONE',  ( 12.76239797598395320, 10.99999999999999467, 30.55499999999998550 ) ) ;
#3160 = DIRECTION ( 'NONE',  ( 0.000000000000000000, 1.000000000000000000, 0.000000000000000000 ) ) ;
#3161 = ORIENTED_EDGE ( 'NONE', *, *, #4773, .F. ) ;
#3162 = VERTEX_POINT ( 'NONE', #2061 ) ;
#3163 = ORIENTED_EDGE ( 'NONE', *, *, #1658, .F. ) ;
#3164 = CARTESIAN_POINT ( 'NONE',  ( 35.43999999999998352, 15.00000000000000000, -70.05500000000000682 ) ) ;
#3165 = EDGE_CURVE ( 'NONE', #5067, #1648, #774, .T. ) ;
#3166 = LINE ( 'NONE', #4599, #224 ) ;
#3167 = CARTESIAN_POINT ( 'NONE',  ( -13.50000354745515452, 10.99999999999999645, 43.68572377448472821 ) ) ;
#3168 = CARTESIAN_POINT ( 'NONE',  ( 2.749771129515611534, 13.00000000000000000, 70.45373526184702939 ) ) ;
#3169 = ORIENTED_EDGE ( 'NONE', *, *, #595, .F. ) ;
#3170 = VERTEX_POINT ( 'NONE', #1226 ) ;
#3171 = EDGE_CURVE ( 'NONE', #1447, #1804, #697, .T. ) ;
#3172 = LINE ( 'NONE', #4987, #2804 ) ;
#3173 = DIRECTION ( 'NONE',  ( -0.000000000000000000, 1.000000000000000000, -0.000000000000000000 ) ) ;
#3174 = CARTESIAN_POINT ( 'NONE',  ( 35.43999999999998352, 13.00000000000001421, -70.05500000000000682 ) ) ;
#3175 = ORIENTED_EDGE ( 'NONE', *, *, #4485, .F. ) ;
#3176 = AXIS2_PLACEMENT_3D ( 'NONE', #195, #4813, #5738 ) ;
#3177 = EDGE_LOOP ( 'NONE', ( #3163, #1868, #358, #4626 ) ) ;
#3178 = PLANE ( 'NONE',  #3382 ) ;
#3179 = EDGE_CURVE ( 'NONE', #770, #5742, #3857, .T. ) ;
#3180 = CARTESIAN_POINT ( 'NONE',  ( 13.49999645180855445, 10.99999999999999645, -48.42422195708273591 ) ) ;
#3181 = AXIS2_PLACEMENT_3D ( 'NONE', #1735, #490, #3571 ) ;
#3182 = VERTEX_POINT ( 'NONE', #4318 ) ;
#3183 = FACE_OUTER_BOUND ( 'NONE', #3828, .T. ) ;
#3184 = AXIS2_PLACEMENT_3D ( 'NONE', #3687, #1909, #1435 ) ;
#3185 = LINE ( 'NONE', #5004, #5387 ) ;
#3186 = CARTESIAN_POINT ( 'NONE',  ( 12.49999999999999467, -59.05500000000003524, 10.49999999999952394 ) ) ;
#3187 = CARTESIAN_POINT ( 'NONE',  ( 13.47403207297540817, 10.99999999999999467, 31.81660551848164431 ) ) ;
#3188 = CARTESIAN_POINT ( 'NONE',  ( 12.50000000000004441, 13.00000000000000000, -58.55500000000002814 ) ) ;
#3189 = VERTEX_POINT ( 'NONE', #802 ) ;
#3190 = ORIENTED_EDGE ( 'NONE', *, *, #5275, .T. ) ;
#3191 = CIRCLE ( 'NONE', #2913, 4.499999999999990230 ) ;
#3192 = ADVANCED_FACE ( 'NONE', ( #1620 ), #3874, .F. ) ;
#3193 = EDGE_LOOP ( 'NONE', ( #4587, #5132 ) ) ;
#3194 = VECTOR ( 'NONE', #5246, 1000.000000000000000 ) ;
#3195 = LINE ( 'NONE', #5013, #3957 ) ;
#3196 = DIRECTION ( 'NONE',  ( 0.000000000000000000, 1.000000000000000000, 0.000000000000000000 ) ) ;
#3197 = CARTESIAN_POINT ( 'NONE',  ( 12.50000000000012079, 10.99999999999999645, -49.55500000000004235 ) ) ;
#3198 = AXIS2_PLACEMENT_3D ( 'NONE', #2111, #4040, #3925 ) ;
#3199 = CARTESIAN_POINT ( 'NONE',  ( 26.63995126535550284, 12.00000000000005862, -40.55490477169965402 ) ) ;
#3200 = VECTOR ( 'NONE', #1918, 1000.000000000000000 ) ;
#3201 = ORIENTED_EDGE ( 'NONE', *, *, #1586, .F. ) ;
#3202 = ORIENTED_EDGE ( 'NONE', *, *, #854, .T. ) ;
#3203 = EDGE_CURVE ( 'NONE', #2470, #4160, #1138, .T. ) ;
#3204 = CIRCLE ( 'NONE', #2156, 5.000000000000073719 ) ;
#3205 = VECTOR ( 'NONE', #3858, 1000.000000000000000 ) ;
#3206 = DIRECTION ( 'NONE',  ( 0.000000000000000000, 0.000000000000000000, -1.000000000000000000 ) ) ;
#3207 = CARTESIAN_POINT ( 'NONE',  ( 33.38999999999999346, 19.99999999999999645, -34.94500000000000739 ) ) ;
#3208 = CARTESIAN_POINT ( 'NONE',  ( 10.00000000000000178, 13.00000000000000000, 67.55499999999999261 ) ) ;
#3209 = VERTEX_POINT ( 'NONE', #3901 ) ;
#3210 = VECTOR ( 'NONE', #1826, 1000.000000000000114 ) ;
#3211 = VERTEX_POINT ( 'NONE', #3960 ) ;
#3212 = DIRECTION ( 'NONE',  ( -1.000000000000000000, 0.000000000000000000, -2.312964634635742957E-16 ) ) ;
#3213 = FACE_OUTER_BOUND ( 'NONE', #5562, .T. ) ;
#3214 = EDGE_CURVE ( 'NONE', #848, #4046, #2340, .T. ) ;
#3215 = ORIENTED_EDGE ( 'NONE', *, *, #4514, .F. ) ;
#3216 = ORIENTED_EDGE ( 'NONE', *, *, #5448, .T. ) ;
#3217 = VECTOR ( 'NONE', #1511, 1000.000000000000000 ) ;
#3218 = AXIS2_PLACEMENT_3D ( 'NONE', #2399, #5590, #3326 ) ;
#3219 = ADVANCED_FACE ( 'NONE', ( #1703 ), #4377, .T. ) ;
#3220 = CARTESIAN_POINT ( 'NONE',  ( -12.49999999999995026, 10.99999999999998224, -55.55500000000003524 ) ) ;
#3221 = LINE ( 'NONE', #5450, #2253 ) ;
#3222 = DIRECTION ( 'NONE',  ( 0.000000000000000000, 0.000000000000000000, 1.000000000000000000 ) ) ;
#3223 = EDGE_CURVE ( 'NONE', #4411, #5123, #5239, .T. ) ;
#3224 = CARTESIAN_POINT ( 'NONE',  ( -22.49999999999998224, 17.00000000000000000, 8.555000000000006821 ) ) ;
#3225 = DIRECTION ( 'NONE',  ( 0.000000000000000000, 0.000000000000000000, -1.000000000000000000 ) ) ;
#3226 = VERTEX_POINT ( 'NONE', #4352 ) ;
#3227 = ORIENTED_EDGE ( 'NONE', *, *, #2890, .T. ) ;
#3228 = ORIENTED_EDGE ( 'NONE', *, *, #4490, .T. ) ;
#3229 = EDGE_CURVE ( 'NONE', #2725, #5515, #4620, .T. ) ;
#3230 = CARTESIAN_POINT ( 'NONE',  ( 21.64049541977133373, 22.35000000000000142, 59.55499999999999972 ) ) ;
#3231 = FACE_OUTER_BOUND ( 'NONE', #551, .T. ) ;
#3232 = LINE ( 'NONE', #5102, #2924 ) ;
#3233 = CARTESIAN_POINT ( 'NONE',  ( 13.37372469124657925, 10.99999999999999645, 36.05876690084894420 ) ) ;
#3234 = VERTEX_POINT ( 'NONE', #752 ) ;
#3235 = CARTESIAN_POINT ( 'NONE',  ( 13.47400153435572179, 10.99999999999999645, -52.81664980122352659 ) ) ;
#3236 = ORIENTED_EDGE ( 'NONE', *, *, #5200, .T. ) ;
#3237 = VERTEX_POINT ( 'NONE', #2560 ) ;
#3238 = EDGE_CURVE ( 'NONE', #3237, #4261, #1821, .T. ) ;
#3239 = FACE_OUTER_BOUND ( 'NONE', #600, .T. ) ;
#3240 = DIRECTION ( 'NONE',  ( 0.000000000000000000, -1.000000000000000000, 0.000000000000000000 ) ) ;
#3241 = EDGE_LOOP ( 'NONE', ( #1775, #519, #4915, #5599 ) ) ;
#3242 = ORIENTED_EDGE ( 'NONE', *, *, #1508, .T. ) ;
#3243 = FACE_OUTER_BOUND ( 'NONE', #3339, .T. ) ;
#3244 = FACE_BOUND ( 'NONE', #5720, .T. ) ;
#3245 = DIRECTION ( 'NONE',  ( 0.000000000000000000, -1.000000000000000000, 0.000000000000000000 ) ) ;
#3246 = VERTEX_POINT ( 'NONE', #1762 ) ;
#3247 = ORIENTED_EDGE ( 'NONE', *, *, #2193, .F. ) ;
#3248 = CARTESIAN_POINT ( 'NONE',  ( 12.50000000000003730, -59.05500000000003524, 12.49999999999951861 ) ) ;
#3249 = EDGE_CURVE ( 'NONE', #1903, #2219, #3567, .T. ) ;
#3250 = DIRECTION ( 'NONE',  ( -0.000000000000000000, -1.000000000000000000, -0.000000000000000000 ) ) ;
#3251 = DIRECTION ( 'NONE',  ( -0.000000000000000000, 0.000000000000000000, 1.000000000000000000 ) ) ;
#3252 = FACE_OUTER_BOUND ( 'NONE', #5632, .T. ) ;
#3253 = CARTESIAN_POINT ( 'NONE',  ( 13.37382107369575479, 10.99999999999999645, -57.05856363904947415 ) ) ;
#3254 = EDGE_LOOP ( 'NONE', ( #1164, #1209, #5335, #4662 ) ) ;
#3255 = ADVANCED_FACE ( 'NONE', ( #3095 ), #1339, .T. ) ;
#3256 = ORIENTED_EDGE ( 'NONE', *, *, #5516, .T. ) ;
#3257 =( BOUNDED_SURFACE ( )  B_SPLINE_SURFACE ( 3, 1, ( 
 ( #4164, #5022 ),
 ( #4640, #5563 ),
 ( #5112, #158 ),
 ( #1839, #1958 ) ),
 .UNSPECIFIED., .F., .F., .T. ) 
 B_SPLINE_SURFACE_WITH_KNOTS ( ( 4, 4 ),
 ( 2, 2 ),
 ( 0.000000000000000000, 1.000000000000000000 ),
 ( 0.000000000000000000, 1.000000000000000000 ),
 .UNSPECIFIED. ) 
 GEOMETRIC_REPRESENTATION_ITEM ( )  RATIONAL_B_SPLINE_SURFACE ( (
 ( 1.000000000000000000, 1.000000000000000000),
 ( 0.3333333333333311499, 0.3333333333333311499),
 ( 0.3333333333333311499, 0.3333333333333311499),
 ( 1.000000000000000000, 1.000000000000000000) ) ) 
 REPRESENTATION_ITEM ( '' )  SURFACE ( )  );
#3258 = CARTESIAN_POINT ( 'NONE',  ( -14.49999999999987566, 10.99999999999999645, -49.55500000000004945 ) ) ;
#3259 = DIRECTION ( 'NONE',  ( -0.000000000000000000, 1.000000000000000000, -0.000000000000000000 ) ) ;
#3260 = CARTESIAN_POINT ( 'NONE',  ( 12.50000000000007994, 10.99999999999996803, 40.55499999999999261 ) ) ;
#3261 = AXIS2_PLACEMENT_3D ( 'NONE', #5070, #2845, #3290 ) ;
#3262 = FACE_OUTER_BOUND ( 'NONE', #3884, .T. ) ;
#3263 = VERTEX_POINT ( 'NONE', #4943 ) ;
#3264 = CARTESIAN_POINT ( 'NONE',  ( 12.50000000000007283, 11.00000000000000000, -51.55500000000004235 ) ) ;
#3265 = ORIENTED_EDGE ( 'NONE', *, *, #1614, .T. ) ;
#3266 = VERTEX_POINT ( 'NONE', #2268 ) ;
#3267 = DIRECTION ( 'NONE',  ( 1.000000000000000000, 0.000000000000000000, 0.000000000000000000 ) ) ;
#3268 = CARTESIAN_POINT ( 'NONE',  ( -5.502198252831513869, 10.99998799999999655, 75.19013505001531428 ) ) ;
#3269 = ORIENTED_EDGE ( 'NONE', *, *, #4955, .T. ) ;
#3270 = ORIENTED_EDGE ( 'NONE', *, *, #5019, .F. ) ;
#3271 = EDGE_CURVE ( 'NONE', #135, #295, #2246, .T. ) ;
#3272 = CARTESIAN_POINT ( 'NONE',  ( -26.64049541977133728, 19.35000000000000142, 55.55499999999999261 ) ) ;
#3273 = CARTESIAN_POINT ( 'NONE',  ( 12.50000000000003197, 10.99999999999998224, -55.55500000000003524 ) ) ;
#3274 = CARTESIAN_POINT ( 'NONE',  ( -33.39000000000001478, -152.0796411894638993, -70.05500000000002103 ) ) ;
#3275 = ORIENTED_EDGE ( 'NONE', *, *, #161, .F. ) ;
#3276 = VECTOR ( 'NONE', #664, 1000.000000000000114 ) ;
#3277 = VERTEX_POINT ( 'NONE', #2706 ) ;
#3278 = ADVANCED_FACE ( 'NONE', ( #1733 ), #459, .F. ) ;
#3279 = CARTESIAN_POINT ( 'NONE',  ( -31.44000000000000128, 23.00000000000000000, 10.27499999999997904 ) ) ;
#3280 = EDGE_CURVE ( 'NONE', #2053, #5561, #3539, .T. ) ;
#3281 = CIRCLE ( 'NONE', #5373, 1.600000000000004086 ) ;
#3282 = DIRECTION ( 'NONE',  ( -0.000000000000000000, -1.000000000000000000, -0.000000000000000000 ) ) ;
#3283 = CARTESIAN_POINT ( 'NONE',  ( -12.49999999999990941, -59.05500000000003524, 18.49999999999951683 ) ) ;
#3284 = DIRECTION ( 'NONE',  ( -0.000000000000000000, 1.000000000000000000, -0.000000000000000000 ) ) ;
#3285 = ORIENTED_EDGE ( 'NONE', *, *, #3433, .T. ) ;
#3286 = EDGE_CURVE ( 'NONE', #4842, #1496, #3854, .T. ) ;
#3287 = VECTOR ( 'NONE', #1556, 1000.000000000000114 ) ;
#3288 = ORIENTED_EDGE ( 'NONE', *, *, #5313, .T. ) ;
#3289 = CARTESIAN_POINT ( 'NONE',  ( 26.63995126535550284, 22.35000000000000142, -44.55490477169965402 ) ) ;
#3290 = DIRECTION ( 'NONE',  ( 0.000000000000000000, 0.000000000000000000, 1.000000000000000000 ) ) ;
#3291 = CARTESIAN_POINT ( 'NONE',  ( 14.50000000000012257, 12.99999999999999645, 36.55499999999997129 ) ) ;
#3292 = DIRECTION ( 'NONE',  ( 1.000000000000000000, 0.000000000000000000, 0.000000000000000000 ) ) ;
#3293 = VECTOR ( 'NONE', #3918, 1000.000000000000000 ) ;
#3294 = ORIENTED_EDGE ( 'NONE', *, *, #3948, .F. ) ;
#3295 = CARTESIAN_POINT ( 'NONE',  ( 13.50000354745530728, 10.99999999999999467, -60.68572377448476374 ) ) ;
#3296 = EDGE_LOOP ( 'NONE', ( #1904, #5585 ) ) ;
#3297 = ORIENTED_EDGE ( 'NONE', *, *, #4323, .F. ) ;
#3298 = AXIS2_PLACEMENT_3D ( 'NONE', #432, #899, #1770 ) ;
#3299 = ADVANCED_FACE ( 'NONE', ( #1652 ), #4839, .T. ) ;
#3300 = AXIS2_PLACEMENT_3D ( 'NONE', #4573, #62, #475 ) ;
#3301 = LINE ( 'NONE', #39, #1755 ) ;
#3302 = CARTESIAN_POINT ( 'NONE',  ( -22.49999999999998224, 13.00000000000000000, 8.555000000000006821 ) ) ;
#3303 = VECTOR ( 'NONE', #2777, 1000.000000000000114 ) ;
#3304 = DIRECTION ( 'NONE',  ( -0.000000000000000000, 1.000000000000000000, -0.000000000000000000 ) ) ;
#3305 = ORIENTED_EDGE ( 'NONE', *, *, #4952, .F. ) ;
#3306 = AXIS2_PLACEMENT_3D ( 'NONE', #3224, #5039, #2183 ) ;
#3307 = ORIENTED_EDGE ( 'NONE', *, *, #348, .F. ) ;
#3308 = DIRECTION ( 'NONE',  ( 0.7071067811865487940, 0.000000000000000000, 0.7071067811865463515 ) ) ;
#3309 = FACE_BOUND ( 'NONE', #1424, .T. ) ;
#3310 = AXIS2_PLACEMENT_3D ( 'NONE', #1143, #4243, #2008 ) ;
#3311 = LINE ( 'NONE', #2947, #4451 ) ;
#3312 = EDGE_LOOP ( 'NONE', ( #5233, #2575, #3592, #4627 ) ) ;
#3313 = ORIENTED_EDGE ( 'NONE', *, *, #3685, .T. ) ;
#3314 = FACE_OUTER_BOUND ( 'NONE', #5854, .T. ) ;
#3315 = EDGE_CURVE ( 'NONE', #1350, #2549, #4389, .T. ) ;
#3316 = CARTESIAN_POINT ( 'NONE',  ( 22.50000000000000711, 11.49999999999999645, 68.55500000000000682 ) ) ;
#3317 = CARTESIAN_POINT ( 'NONE',  ( 13.29970886751945613, 10.99999999999999467, 38.94049900087227911 ) ) ;
#3318 = VECTOR ( 'NONE', #4343, 1000.000000000000000 ) ;
#3319 = CARTESIAN_POINT ( 'NONE',  ( 12.76239797598399228, 10.99999999999999645, -55.55500000000006366 ) ) ;
#3320 = EDGE_LOOP ( 'NONE', ( #1636, #4284 ) ) ;
#3321 = EDGE_LOOP ( 'NONE', ( #977, #313, #3677, #2988 ) ) ;
#3322 = VECTOR ( 'NONE', #576, 1000.000000000000000 ) ;
#3323 = CARTESIAN_POINT ( 'NONE',  ( -22.49999999999999289, 17.00000000000000000, 68.55500000000000682 ) ) ;
#3324 = CARTESIAN_POINT ( 'NONE',  ( -26.94000000000001194, 15.00000000000000000, -78.55500000000002103 ) ) ;
#3325 = CARTESIAN_POINT ( 'NONE',  ( -12.49999999999997158, 13.00000000000000000, 28.55499999999999972 ) ) ;
#3326 = DIRECTION ( 'NONE',  ( 0.000000000000000000, 0.000000000000000000, -1.000000000000000000 ) ) ;
#3327 = CARTESIAN_POINT ( 'NONE',  ( 13.02194494116028523, 10.99999999999999645, -61.44727601182007959 ) ) ;
#3328 = VERTEX_POINT ( 'NONE', #3442 ) ;
#3329 = ORIENTED_EDGE ( 'NONE', *, *, #2222, .T. ) ;
#3330 = DIRECTION ( 'NONE',  ( -0.000000000000000000, 0.7071067811865499042, -0.7071067811865451302 ) ) ;
#3331 = CARTESIAN_POINT ( 'NONE',  ( -35.44000000000000483, 11.00000000000000000, -57.55500000000002103 ) ) ;
#3332 = CARTESIAN_POINT ( 'NONE',  ( 26.93999999999998352, 14.99999999999998579, -76.50500000000000966 ) ) ;
#3333 = ORIENTED_EDGE ( 'NONE', *, *, #735, .T. ) ;
#3334 = EDGE_CURVE ( 'NONE', #344, #1648, #737, .T. ) ;
#3335 = ADVANCED_FACE ( 'NONE', ( #4365 ), #298, .F. ) ;
#3336 = FACE_BOUND ( 'NONE', #108, .T. ) ;
#3337 = DIRECTION ( 'NONE',  ( 0.000000000000000000, 0.000000000000000000, 1.000000000000000000 ) ) ;
#3338 = ORIENTED_EDGE ( 'NONE', *, *, #2381, .F. ) ;
#3339 = EDGE_LOOP ( 'NONE', ( #1912, #363, #4090, #4772 ) ) ;
#3340 = ADVANCED_FACE ( 'NONE', ( #762 ), #5543, .F. ) ;
#3341 = DIRECTION ( 'NONE',  ( 0.000000000000000000, -1.000000000000000000, 0.000000000000000000 ) ) ;
#3342 = DIRECTION ( 'NONE',  ( 0.000000000000000000, 0.000000000000000000, -1.000000000000000000 ) ) ;
#3343 = FACE_OUTER_BOUND ( 'NONE', #4249, .T. ) ;
#3344 = CARTESIAN_POINT ( 'NONE',  ( 12.76239797598398695, 10.99999999999998934, -57.55500000000000682 ) ) ;
#3345 = ORIENTED_EDGE ( 'NONE', *, *, #3433, .F. ) ;
#3346 = ORIENTED_EDGE ( 'NONE', *, *, #4779, .T. ) ;
#3347 = EDGE_CURVE ( 'NONE', #3683, #882, #3764, .T. ) ;
#3348 = CARTESIAN_POINT ( 'NONE',  ( -14.49999999999997691, 10.99999999999999645, 30.55499999999995353 ) ) ;
#3349 = DIRECTION ( 'NONE',  ( 1.000000000000000000, 0.000000000000000000, 0.000000000000000000 ) ) ;
#3350 = LINE ( 'NONE', #4721, #5203 ) ;
#3351 = DIRECTION ( 'NONE',  ( 0.000000000000000000, 0.000000000000000000, 1.000000000000000000 ) ) ;
#3352 = CARTESIAN_POINT ( 'NONE',  ( 12.76239797598394610, 10.99999999999999289, -59.55500000000002814 ) ) ;
#3353 = ORIENTED_EDGE ( 'NONE', *, *, #5816, .F. ) ;
#3354 = ORIENTED_EDGE ( 'NONE', *, *, #4459, .F. ) ;
#3355 = ADVANCED_FACE ( 'NONE', ( #5757 ), #5341, .F. ) ;
#3356 = DIRECTION ( 'NONE',  ( -0.000000000000000000, -1.000000000000000000, -0.000000000000000000 ) ) ;
#3357 = CARTESIAN_POINT ( 'NONE',  ( 15.04050172409921515, 19.50000000000000000, 59.78393958836383604 ) ) ;
#3358 = DIRECTION ( 'NONE',  ( 0.000000000000000000, 0.000000000000000000, 1.000000000000000000 ) ) ;
#3359 = VERTEX_POINT ( 'NONE', #4805 ) ;
#3360 = EDGE_CURVE ( 'NONE', #1697, #4580, #5146, .T. ) ;
#3361 = PRODUCT ( 'BackLid - NoBattery', 'BackLid - NoBattery', '', ( #2720 ) ) ;
#3362 = DIRECTION ( 'NONE',  ( 0.000000000000000000, 0.000000000000000000, 1.000000000000000000 ) ) ;
#3363 = DIRECTION ( 'NONE',  ( 0.000000000000000000, 1.000000000000000000, 0.000000000000000000 ) ) ;
#3364 = ORIENTED_EDGE ( 'NONE', *, *, #1219, .T. ) ;
#3365 = ORIENTED_EDGE ( 'NONE', *, *, #2173, .T. ) ;
#3366 = LINE ( 'NONE', #1103, #633 ) ;
#3367 = CARTESIAN_POINT ( 'NONE',  ( -13.37382107369557716, 10.99999999999999289, -48.05143636095059634 ) ) ;
#3368 = CARTESIAN_POINT ( 'NONE',  ( 12.76239797598403491, 10.99999999999999467, 38.55499999999999261 ) ) ;
#3369 = DIRECTION ( 'NONE',  ( 0.000000000000000000, 0.000000000000000000, 1.000000000000000000 ) ) ;
#3370 = VERTEX_POINT ( 'NONE', #4417 ) ;
#3371 = VECTOR ( 'NONE', #4870, 1000.000000000000000 ) ;
#3372 = ORIENTED_EDGE ( 'NONE', *, *, #3238, .T. ) ;
#3373 = LINE ( 'NONE', #208, #2862 ) ;
#3374 = FACE_OUTER_BOUND ( 'NONE', #1810, .T. ) ;
#3375 = DIRECTION ( 'NONE',  ( 0.000000000000000000, 0.000000000000000000, 1.000000000000000000 ) ) ;
#3376 = DIRECTION ( 'NONE',  ( 0.000000000000000000, 0.000000000000000000, 1.000000000000000000 ) ) ;
#3377 = FACE_OUTER_BOUND ( 'NONE', #380, .T. ) ;
#3378 = VECTOR ( 'NONE', #2064, 1000.000000000000000 ) ;
#3379 = EDGE_LOOP ( 'NONE', ( #2516, #3088, #5820, #1085 ) ) ;
#3380 = ADVANCED_FACE ( 'NONE', ( #5227 ), #1105, .T. ) ;
#3381 = ORIENTED_EDGE ( 'NONE', *, *, #3158, .T. ) ;
#3382 = AXIS2_PLACEMENT_3D ( 'NONE', #1962, #3212, #4105 ) ;
#3383 = CARTESIAN_POINT ( 'NONE',  ( -12.49999999999986677, -59.05500000000003524, 20.49999999999951683 ) ) ;
#3384 = CARTESIAN_POINT ( 'NONE',  ( -12.49999999999992895, 10.99999999999996803, 34.55500000000001393 ) ) ;
#3385 = AXIS2_PLACEMENT_3D ( 'NONE', #3078, #5786, #1630 ) ;
#3386 = CARTESIAN_POINT ( 'NONE',  ( 31.43999999999998707, 23.00000000000000000, -37.94500000000002160 ) ) ;
#3387 = AXIS2_PLACEMENT_3D ( 'NONE', #5138, #4694, #1061 ) ;
#3388 = ORIENTED_EDGE ( 'NONE', *, *, #1677, .T. ) ;
#3389 = VECTOR ( 'NONE', #3898, 1000.000000000000114 ) ;
#3390 = AXIS2_PLACEMENT_3D ( 'NONE', #5399, #4947, #3017 ) ;
#3391 = DIRECTION ( 'NONE',  ( 0.000000000000000000, -1.000000000000000000, 0.000000000000000000 ) ) ;
#3392 = DIRECTION ( 'NONE',  ( 0.000000000000000000, -1.000000000000000000, 0.000000000000000000 ) ) ;
#3393 = ORIENTED_EDGE ( 'NONE', *, *, #196, .F. ) ;
#3394 = AXIS2_PLACEMENT_3D ( 'NONE', #3968, #2035, #233 ) ;
#3395 = VECTOR ( 'NONE', #2927, 1000.000000000000000 ) ;
#3396 = PLANE ( 'NONE',  #5839 ) ;
#3397 = CIRCLE ( 'NONE', #4910, 0.9999999999999940048 ) ;
#3398 = VECTOR ( 'NONE', #4543, 1000.000000000000114 ) ;
#3399 = FACE_OUTER_BOUND ( 'NONE', #1908, .T. ) ;
#3400 = FACE_OUTER_BOUND ( 'NONE', #1859, .T. ) ;
#3401 = CARTESIAN_POINT ( 'NONE',  ( -5.000000000000002665, -0.4499999999999990119, 78.00500000000000966 ) ) ;
#3402 = CARTESIAN_POINT ( 'NONE',  ( -12.49999999999992895, 13.00000000000000000, 34.55499999999997840 ) ) ;
#3403 = ORIENTED_EDGE ( 'NONE', *, *, #38, .T. ) ;
#3404 = ADVANCED_FACE ( 'NONE', ( #2157 ), #4783, .F. ) ;
#3405 = AXIS2_PLACEMENT_3D ( 'NONE', #929, #492, #2303 ) ;
#3406 = FACE_OUTER_BOUND ( 'NONE', #602, .T. ) ;
#3407 = EDGE_CURVE ( 'NONE', #2323, #1994, #1715, .T. ) ;
#3408 = VECTOR ( 'NONE', #4705, 1000.000000000000000 ) ;
#3409 = CYLINDRICAL_SURFACE ( 'NONE', #3770, 6.449999999999997513 ) ;
#3410 = LINE ( 'NONE', #2034, #3584 ) ;
#3411 = DIRECTION ( 'NONE',  ( 0.000000000000000000, -1.000000000000000000, 0.000000000000000000 ) ) ;
#3412 = DIRECTION ( 'NONE',  ( 0.000000000000000000, 0.000000000000000000, 1.000000000000000000 ) ) ;
#3413 = CYLINDRICAL_SURFACE ( 'NONE', #5383, 1.000000000000000888 ) ;
#3414 = VERTEX_POINT ( 'NONE', #3164 ) ;
#3415 = ORIENTED_EDGE ( 'NONE', *, *, #3158, .F. ) ;
#3416 = VECTOR ( 'NONE', #417, 1000.000000000000114 ) ;
#3417 = ADVANCED_FACE ( 'NONE', ( #3636 ), #1580, .F. ) ;
#3418 = CARTESIAN_POINT ( 'NONE',  ( 14.50000000000015987, 12.99999999999999645, 42.55500000000003524 ) ) ;
#3419 = FACE_OUTER_BOUND ( 'NONE', #28, .T. ) ;
#3420 = CARTESIAN_POINT ( 'NONE',  ( -26.94000000000001194, 11.00000000000000000, -76.55500000000002103 ) ) ;
#3421 = ORIENTED_EDGE ( 'NONE', *, *, #692, .F. ) ;
#3422 = EDGE_CURVE ( 'NONE', #2325, #3076, #4140, .T. ) ;
#3423 = DIRECTION ( 'NONE',  ( 0.000000000000000000, 0.000000000000000000, 1.000000000000000000 ) ) ;
#3424 = DIRECTION ( 'NONE',  ( -0.000000000000000000, 1.000000000000000000, 0.000000000000000000 ) ) ;
#3425 = CARTESIAN_POINT ( 'NONE',  ( -12.49999999999984546, 12.99999999999999822, 40.55500000000002103 ) ) ;
#3426 = ORIENTED_EDGE ( 'NONE', *, *, #4396, .T. ) ;
#3427 = PLANE ( 'NONE',  #3760 ) ;
#3428 = FACE_BOUND ( 'NONE', #328, .T. ) ;
#3429 = DIRECTION ( 'NONE',  ( -0.000000000000000000, 1.000000000000000000, 0.000000000000000000 ) ) ;
#3430 = DIRECTION ( 'NONE',  ( 0.000000000000000000, -1.000000000000000000, 0.000000000000000000 ) ) ;
#3431 = CARTESIAN_POINT ( 'NONE',  ( 22.50000000000000711, 18.00000000000000000, 68.55500000000000682 ) ) ;
#3432 = ORIENTED_EDGE ( 'NONE', *, *, #1437, .F. ) ;
#3433 = EDGE_CURVE ( 'NONE', #5109, #2943, #1966, .T. ) ;
#3434 = VERTEX_POINT ( 'NONE', #4480 ) ;
#3435 = DIRECTION ( 'NONE',  ( 0.000000000000000000, 0.000000000000000000, -1.000000000000000000 ) ) ;
#3436 = DIRECTION ( 'NONE',  ( 0.000000000000000000, 0.9396926207859138680, 0.3420201433256539469 ) ) ;
#3437 = DIRECTION ( 'NONE',  ( 0.000000000000000000, 0.000000000000000000, -1.000000000000000000 ) ) ;
#3438 = CARTESIAN_POINT ( 'NONE',  ( 26.64049541977133728, 19.35000000000000142, 61.15500000000000824 ) ) ;
#3439 = EDGE_LOOP ( 'NONE', ( #5524, #974, #5312, #1472 ) ) ;
#3440 = EDGE_CURVE ( 'NONE', #394, #198, #851, .T. ) ;
#3441 = VERTEX_POINT ( 'NONE', #2215 ) ;
#3442 = CARTESIAN_POINT ( 'NONE',  ( -22.49999999999999289, 11.00000000000000000, 65.93000000000002103 ) ) ;
#3443 = CARTESIAN_POINT ( 'NONE',  ( -22.49999999999998224, 11.49999999999999645, 8.555000000000006821 ) ) ;
#3444 = DIRECTION ( 'NONE',  ( 0.000000000000000000, 0.000000000000000000, 1.000000000000000000 ) ) ;
#3445 = VECTOR ( 'NONE', #3978, 1000.000000000000000 ) ;
#3446 = ORIENTED_EDGE ( 'NONE', *, *, #57, .F. ) ;
#3447 = PLANE ( 'NONE',  #4511 ) ;
#3448 = ADVANCED_FACE ( 'NONE', ( #4025 ), #878, .T. ) ;
#3449 = FACE_OUTER_BOUND ( 'NONE', #3042, .T. ) ;
#3450 = VERTEX_POINT ( 'NONE', #1294 ) ;
#3451 = EDGE_CURVE ( 'NONE', #1804, #64, #821, .T. ) ;
#3452 = CARTESIAN_POINT ( 'NONE',  ( 15.04050172409921515, 19.50000000000000000, 59.78393958836383604 ) ) ;
#3453 = DIRECTION ( 'NONE',  ( 0.000000000000000000, 0.000000000000000000, 1.000000000000000000 ) ) ;
#3454 = CARTESIAN_POINT ( 'NONE',  ( 12.50000000000007283, 11.00000000000000000, -51.55500000000004235 ) ) ;
#3455 = DIRECTION ( 'NONE',  ( 0.000000000000000000, 0.000000000000000000, -1.000000000000000000 ) ) ;
#3456 = ORIENTED_EDGE ( 'NONE', *, *, #692, .T. ) ;
#3457 = ADVANCED_FACE ( 'NONE', ( #3585 ), #3550, .F. ) ;
#3458 = CARTESIAN_POINT ( 'NONE',  ( 15.04050172409921515, 22.32842712474619518, 58.78393958836383604 ) ) ;
#3459 = DIRECTION ( 'NONE',  ( -1.485738470610355032E-16, 0.000000000000000000, -1.000000000000000000 ) ) ;
#3460 = CYLINDRICAL_SURFACE ( 'NONE', #3310, 4.500000000000001776 ) ;
#3461 = LINE ( 'NONE', #5244, #1882 ) ;
#3462 = FACE_BOUND ( 'NONE', #950, .T. ) ;
#3463 = ORIENTED_EDGE ( 'NONE', *, *, #3834, .F. ) ;
#3464 = VERTEX_POINT ( 'NONE', #3135 ) ;
#3465 = VECTOR ( 'NONE', #2915, 1000.000000000000000 ) ;
#3466 = CARTESIAN_POINT ( 'NONE',  ( 12.50000000000012434, 12.99999999999999822, 40.55500000000002103 ) ) ;
#3467 = DIRECTION ( 'NONE',  ( 0.000000000000000000, -1.000000000000000000, 0.000000000000000000 ) ) ;
#3468 = ORIENTED_EDGE ( 'NONE', *, *, #131, .T. ) ;
#3469 = VERTEX_POINT ( 'NONE', #4507 ) ;
#3470 = ADVANCED_FACE ( 'NONE', ( #818 ), #2187, .F. ) ;
#3471 = CARTESIAN_POINT ( 'NONE',  ( 26.93999999999998352, 13.00000000000000355, -74.55500000000000682 ) ) ;
#3472 = CARTESIAN_POINT ( 'NONE',  ( 12.50000000000004086, 10.99999999999998224, 34.55499999999999972 ) ) ;
#3473 = ORIENTED_EDGE ( 'NONE', *, *, #3971, .F. ) ;
#3474 = VECTOR ( 'NONE', #5731, 1000.000000000000114 ) ;
#3475 = AXIS2_PLACEMENT_3D ( 'NONE', #294, #2070, #3075 ) ;
#3476 = EDGE_LOOP ( 'NONE', ( #2437, #3999 ) ) ;
#3477 = DIRECTION ( 'NONE',  ( 1.000000000000000000, 0.000000000000000000, 1.957927173788721102E-16 ) ) ;
#3478 = VECTOR ( 'NONE', #1475, 1000.000000000000114 ) ;
#3479 = DIRECTION ( 'NONE',  ( 0.000000000000000000, 0.000000000000000000, -1.000000000000000000 ) ) ;
#3480 = CIRCLE ( 'NONE', #2824, 4.500000000000017764 ) ;
#3481 = DIRECTION ( 'NONE',  ( 0.000000000000000000, 0.000000000000000000, -1.000000000000000000 ) ) ;
#3482 = CARTESIAN_POINT ( 'NONE',  ( 26.64049541977133728, 12.00000000000005862, 55.55499999999999261 ) ) ;
#3483 = ORIENTED_EDGE ( 'NONE', *, *, #5862, .F. ) ;
#3484 = EDGE_CURVE ( 'NONE', #3667, #1190, #5098, .T. ) ;
#3485 = VECTOR ( 'NONE', #1900, 1000.000000000000000 ) ;
#3486 = CARTESIAN_POINT ( 'NONE',  ( 26.63995126535550284, 22.35000000000000142, -44.55490477169965402 ) ) ;
#3487 = VECTOR ( 'NONE', #1731, 1000.000000000000000 ) ;
#3488 = DIRECTION ( 'NONE',  ( 1.000000000000000000, -0.000000000000000000, 1.445588219516514263E-15 ) ) ;
#3489 = CARTESIAN_POINT ( 'NONE',  ( -12.76239797598392656, 10.99999999999999645, 32.55499999999997129 ) ) ;
#3490 = CARTESIAN_POINT ( 'NONE',  ( -12.49999999999990408, 12.99999999999999822, 38.55499999999997840 ) ) ;
#3491 = CIRCLE ( 'NONE', #273, 1.000000000000000888 ) ;
#3492 = LINE ( 'NONE', #3521, #4905 ) ;
#3493 = ORIENTED_EDGE ( 'NONE', *, *, #5248, .F. ) ;
#3494 = ORIENTED_EDGE ( 'NONE', *, *, #3625, .T. ) ;
#3495 = VECTOR ( 'NONE', #457, 1000.000000000000000 ) ;
#3496 = DIRECTION ( 'NONE',  ( 0.000000000000000000, -1.000000000000000000, 0.000000000000000000 ) ) ;
#3497 = DIRECTION ( 'NONE',  ( -0.000000000000000000, 1.000000000000000000, -0.000000000000000000 ) ) ;
#3498 = VERTEX_POINT ( 'NONE', #5430 ) ;
#3499 = AXIS2_PLACEMENT_3D ( 'NONE', #3119, #5470, #3681 ) ;
#3500 = ORIENTED_EDGE ( 'NONE', *, *, #4161, .T. ) ;
#3501 = ADVANCED_FACE ( 'NONE', ( #1351 ), #79, .F. ) ;
#3502 = EDGE_CURVE ( 'NONE', #2616, #1006, #31, .T. ) ;
#3503 = DIRECTION ( 'NONE',  ( 0.000000000000000000, 0.000000000000000000, -1.000000000000000000 ) ) ;
#3504 = EDGE_CURVE ( 'NONE', #888, #4670, #3195, .T. ) ;
#3505 = CARTESIAN_POINT ( 'NONE',  ( 14.50000000000007994, 10.99999999999998224, 34.55499999999997840 ) ) ;
#3506 = ORIENTED_EDGE ( 'NONE', *, *, #185, .T. ) ;
#3507 = EDGE_CURVE ( 'NONE', #222, #5815, #5584, .T. ) ;
#3508 = EDGE_LOOP ( 'NONE', ( #1469, #4199, #2962, #246 ) ) ;
#3509 = DIRECTION ( 'NONE',  ( 0.000000000000000000, -0.7071067811865451302, -0.7071067811865499042 ) ) ;
#3510 = PLANE ( 'NONE',  #3198 ) ;
#3511 = B_SPLINE_CURVE_WITH_KNOTS ( 'NONE', 3,
 ( #5152, #4110, #1969, #2361, #51, #117, #5061, #143, #586, #2388, #5126, #636, #5547, #3695 ),
 .UNSPECIFIED., .F., .F.,
 ( 4, 2, 2, 2, 2, 2, 4 ),
 ( 0.000000000000000000, 0.0007844752485839997114, 0.001176712872876007048, 0.001568950497168014168, 0.001961188121460021288, 0.002353425745752028408, 0.003137900994336061729 ),
 .UNSPECIFIED. ) ;
#3512 = DIRECTION ( 'NONE',  ( 0.6847910787717340630, -0.6847910787717410575, -0.2492435693639450944 ) ) ;
#3513 = DIRECTION ( 'NONE',  ( 0.000000000000000000, -0.7071067811865500152, 0.7071067811865451302 ) ) ;
#3514 = DIRECTION ( 'NONE',  ( 0.000000000000000000, 0.000000000000000000, -1.000000000000000000 ) ) ;
#3515 = ORIENTED_EDGE ( 'NONE', *, *, #2852, .F. ) ;
#3516 = CARTESIAN_POINT ( 'NONE',  ( -22.49999999999998224, 18.00000000000000000, 13.05500000000000682 ) ) ;
#3517 = CYLINDRICAL_SURFACE ( 'NONE', #1874, 4.999999999999997335 ) ;
#3518 = DIRECTION ( 'NONE',  ( -1.000000000000000000, 0.000000000000000000, 0.000000000000000000 ) ) ;
#3519 = CARTESIAN_POINT ( 'NONE',  ( 14.50000000000010658, 10.99999999999999645, -51.55500000000002103 ) ) ;
#3520 = ORIENTED_EDGE ( 'NONE', *, *, #4569, .T. ) ;
#3521 = CARTESIAN_POINT ( 'NONE',  ( -31.43999999999999417, 23.00000000000000000, 70.05499999999999261 ) ) ;
#3522 = VERTEX_POINT ( 'NONE', #499 ) ;
#3523 = EDGE_LOOP ( 'NONE', ( #5255, #3403, #2631, #5621 ) ) ;
#3524 = ADVANCED_FACE ( 'NONE', ( #2309 ), #3668, .F. ) ;
#3525 = CARTESIAN_POINT ( 'NONE',  ( -13.37382107369570328, 10.99999999999999289, -60.05143636095060344 ) ) ;
#3526 = LINE ( 'NONE', #437, #1245 ) ;
#3527 = EDGE_LOOP ( 'NONE', ( #2227, #2759, #5370, #3446 ) ) ;
#3528 = VERTEX_POINT ( 'NONE', #283 ) ;
#3529 = EDGE_CURVE ( 'NONE', #4413, #1590, #150, .T. ) ;
#3530 = DIRECTION ( 'NONE',  ( -0.000000000000000000, -1.000000000000000000, -0.000000000000000000 ) ) ;
#3531 = DIRECTION ( 'NONE',  ( 0.000000000000000000, 1.000000000000000000, 0.000000000000000000 ) ) ;
#3532 = ORIENTED_EDGE ( 'NONE', *, *, #5629, .T. ) ;
#3533 = EDGE_CURVE ( 'NONE', #3076, #4677, #2811, .T. ) ;
#3534 = VERTEX_POINT ( 'NONE', #4768 ) ;
#3535 = CARTESIAN_POINT ( 'NONE',  ( 12.50000000000004086, 10.99999999999999645, 34.55499999999999972 ) ) ;
#3536 = LINE ( 'NONE', #2582, #3861 ) ;
#3537 = CARTESIAN_POINT ( 'NONE',  ( 4.336170917683930703, 10.99998799999999122, 70.85130813853108123 ) ) ;
#3538 = DIRECTION ( 'NONE',  ( 0.000000000000000000, 0.000000000000000000, -1.000000000000000000 ) ) ;
#3539 = LINE ( 'NONE', #5356, #3003 ) ;
#3540 = EDGE_LOOP ( 'NONE', ( #4239, #1046, #759, #918 ) ) ;
#3541 = LINE ( 'NONE', #4971, #3749 ) ;
#3542 = FACE_OUTER_BOUND ( 'NONE', #2071, .T. ) ;
#3543 = CARTESIAN_POINT ( 'NONE',  ( 26.64049541977133728, 22.35000000000000142, 59.55499999999999972 ) ) ;
#3544 = CIRCLE ( 'NONE', #5734, 1.600000000000011191 ) ;
#3545 = CARTESIAN_POINT ( 'NONE',  ( 26.63995126535550284, 22.35000000000000142, -44.55490477169965402 ) ) ;
#3546 = ORIENTED_EDGE ( 'NONE', *, *, #5313, .F. ) ;
#3547 = DIRECTION ( 'NONE',  ( -1.000000000000000000, 0.000000000000000000, 1.485738470610355032E-16 ) ) ;
#3548 = ORIENTED_EDGE ( 'NONE', *, *, #5200, .F. ) ;
#3549 = ORIENTED_EDGE ( 'NONE', *, *, #668, .T. ) ;
#3550 = PLANE ( 'NONE',  #2820 ) ;
#3551 = DIRECTION ( 'NONE',  ( 0.000000000000000000, -1.000000000000000000, 0.000000000000000000 ) ) ;
#3552 = DIRECTION ( 'NONE',  ( 1.000000000000000000, 0.000000000000000000, 0.000000000000000000 ) ) ;
#3553 = LINE ( 'NONE', #855, #4728 ) ;
#3554 = VECTOR ( 'NONE', #2265, 1000.000000000000000 ) ;
#3555 = VERTEX_POINT ( 'NONE', #5716 ) ;
#3556 = ORIENTED_EDGE ( 'NONE', *, *, #4282, .T. ) ;
#3557 = VECTOR ( 'NONE', #2821, 1000.000000000000000 ) ;
#3558 = DIRECTION ( 'NONE',  ( -0.000000000000000000, 0.7071067811865499042, -0.7071067811865451302 ) ) ;
#3559 = FACE_OUTER_BOUND ( 'NONE', #1407, .T. ) ;
#3560 = LINE ( 'NONE', #277, #5778 ) ;
#3561 = ORIENTED_EDGE ( 'NONE', *, *, #3238, .F. ) ;
#3562 = ORIENTED_EDGE ( 'NONE', *, *, #5568, .T. ) ;
#3563 = DIRECTION ( 'NONE',  ( 0.000000000000000000, 0.000000000000000000, -1.000000000000000000 ) ) ;
#3564 = AXIS2_PLACEMENT_3D ( 'NONE', #5056, #1492, #980 ) ;
#3565 = CARTESIAN_POINT ( 'NONE',  ( 26.63995126535550284, 19.35000000000000142, -44.55490477169965402 ) ) ;
#3566 = VECTOR ( 'NONE', #204, 1000.000000000000000 ) ;
#3567 = LINE ( 'NONE', #4044, #2054 ) ;
#3568 = CIRCLE ( 'NONE', #3387, 4.000000000000003553 ) ;
#3569 = ORIENTED_EDGE ( 'NONE', *, *, #5452, .T. ) ;
#3570 = EDGE_CURVE ( 'NONE', #5789, #3686, #2084, .T. ) ;
#3571 = DIRECTION ( 'NONE',  ( 1.000000000000000000, 0.000000000000000000, 1.957927173788721102E-16 ) ) ;
#3572 = VECTOR ( 'NONE', #4821, 999.9999999999998863 ) ;
#3573 = EDGE_CURVE ( 'NONE', #1608, #44, #2782, .T. ) ;
#3574 = CIRCLE ( 'NONE', #4050, 8.500000000000007105 ) ;
#3575 = PLANE ( 'NONE',  #3390 ) ;
#3576 = CARTESIAN_POINT ( 'NONE',  ( -13.29958940190069150, 10.99999999999999112, -53.16963393480731526 ) ) ;
#3577 = CARTESIAN_POINT ( 'NONE',  ( 12.76239797598395320, 10.99999999999999467, 32.55499999999996419 ) ) ;
#3578 = EDGE_CURVE ( 'NONE', #4552, #5822, #1135, .T. ) ;
#3579 = FACE_OUTER_BOUND ( 'NONE', #1454, .T. ) ;
#3580 = EDGE_LOOP ( 'NONE', ( #716, #3148, #5115, #3676 ) ) ;
#3581 = AXIS2_PLACEMENT_3D ( 'NONE', #2532, #3010, #1224 ) ;
#3582 = ADVANCED_FACE ( 'NONE', ( #124, #3428 ), #968, .T. ) ;
#3583 = EDGE_LOOP ( 'NONE', ( #2671, #1409, #1815, #4421 ) ) ;
#3584 = VECTOR ( 'NONE', #701, 1000.000000000000000 ) ;
#3585 = FACE_OUTER_BOUND ( 'NONE', #5209, .T. ) ;
#3586 = CARTESIAN_POINT ( 'NONE',  ( 26.64049541977133728, 0.000000000000000000, 61.15500000000000824 ) ) ;
#3587 = DIRECTION ( 'NONE',  ( 0.000000000000000000, 0.000000000000000000, 1.000000000000000000 ) ) ;
#3588 = CARTESIAN_POINT ( 'NONE',  ( 13.50000354745535169, 10.99999999999999822, 35.42427622551524991 ) ) ;
#3589 = DIRECTION ( 'NONE',  ( 0.000000000000000000, 1.000000000000000000, 0.000000000000000000 ) ) ;
#3590 = ORIENTED_EDGE ( 'NONE', *, *, #4279, .T. ) ;
#3591 = EDGE_CURVE ( 'NONE', #4438, #4990, #2618, .T. ) ;
#3592 = ORIENTED_EDGE ( 'NONE', *, *, #2117, .T. ) ;
#3593 = AXIS2_PLACEMENT_3D ( 'NONE', #5635, #669, #3342 ) ;
#3594 = CARTESIAN_POINT ( 'NONE',  ( -26.94000000000001194, 14.99999999999998579, -70.05500000000002103 ) ) ;
#3595 = CARTESIAN_POINT ( 'NONE',  ( -14.49999999999996270, 10.99999999999998224, -55.55500000000003524 ) ) ;
#3596 = AXIS2_PLACEMENT_3D ( 'NONE', #4372, #304, #2108 ) ;
#3597 = CARTESIAN_POINT ( 'NONE',  ( -6.500000000000000000, 23.00000000000000000, 67.55499999999999261 ) ) ;
#3598 = ORIENTED_EDGE ( 'NONE', *, *, #2481, .T. ) ;
#3599 = ORIENTED_EDGE ( 'NONE', *, *, #1658, .T. ) ;
#3600 = EDGE_CURVE ( 'NONE', #4031, #5785, #2056, .T. ) ;
#3601 = CARTESIAN_POINT ( 'NONE',  ( 14.50000000000004086, 12.99999999999999645, 28.55499999999996419 ) ) ;
#3602 = DIRECTION ( 'NONE',  ( -1.000000000000000000, -0.000000000000000000, -0.000000000000000000 ) ) ;
#3603 = EDGE_LOOP ( 'NONE', ( #2742, #5195 ) ) ;
#3604 = DIRECTION ( 'NONE',  ( 0.000000000000000000, 0.000000000000000000, -1.000000000000000000 ) ) ;
#3605 = DIRECTION ( 'NONE',  ( 0.000000000000000000, 0.000000000000000000, 1.000000000000000000 ) ) ;
#3606 = CARTESIAN_POINT ( 'NONE',  ( 2.749771129515611534, 13.00000000000000000, 76.75373526184699813 ) ) ;
#3607 = DIRECTION ( 'NONE',  ( 0.000000000000000000, 0.000000000000000000, 1.000000000000000000 ) ) ;
#3608 = ORIENTED_EDGE ( 'NONE', *, *, #355, .F. ) ;
#3609 = ADVANCED_FACE ( 'NONE', ( #1583 ), #3870, .F. ) ;
#3610 = VERTEX_POINT ( 'NONE', #2370 ) ;
#3611 = CARTESIAN_POINT ( 'NONE',  ( 26.64049541977133728, 22.35000000000000142, 59.55499999999999972 ) ) ;
#3612 = DIRECTION ( 'NONE',  ( 0.000000000000000000, -1.000000000000000000, 0.000000000000000000 ) ) ;
#3613 = APPLICATION_PROTOCOL_DEFINITION ( 'draft international standard', 'automotive_design', 1998, #825 ) ;
#3614 = CARTESIAN_POINT ( 'NONE',  ( 14.50000000000015454, 12.99999999999999645, -51.55500000000004235 ) ) ;
#3615 = CARTESIAN_POINT ( 'NONE',  ( 13.49999645180851182, 10.99999999999999645, -52.42422195708272881 ) ) ;
#3616 = VERTEX_POINT ( 'NONE', #3836 ) ;
#3617 = EDGE_LOOP ( 'NONE', ( #1978, #5008, #1773, #3058 ) ) ;
#3618 = LINE ( 'NONE', #1359, #4892 ) ;
#3619 = CARTESIAN_POINT ( 'NONE',  ( -14.49999999999999822, 10.99999999999998224, -61.55500000000003524 ) ) ;
#3620 = CARTESIAN_POINT ( 'NONE',  ( 22.50000000000000711, 17.00000000000000000, 68.55500000000000682 ) ) ;
#3621 = VERTEX_POINT ( 'NONE', #4151 ) ;
#3622 = VERTEX_POINT ( 'NONE', #1897 ) ;
#3623 = CARTESIAN_POINT ( 'NONE',  ( 21.64049541977133373, 22.35000000000000142, 59.55499999999999972 ) ) ;
#3624 = CARTESIAN_POINT ( 'NONE',  ( -22.49999999999999289, 13.00000000000000000, 68.55500000000000682 ) ) ;
#3625 = EDGE_CURVE ( 'NONE', #2385, #2961, #263, .T. ) ;
#3626 = ORIENTED_EDGE ( 'NONE', *, *, #2193, .T. ) ;
#3627 = CYLINDRICAL_SURFACE ( 'NONE', #340, 5.163867599186813706 ) ;
#3629 = UNCERTAINTY_MEASURE_WITH_UNIT (LENGTH_MEASURE( 1.000000000000000082E-05 ), #5690, 'distance_accuracy_value', 'NONE');
#3628 = DIRECTION ( 'NONE',  ( 0.000000000000000000, 0.000000000000000000, 1.000000000000000000 ) ) ;
#3630 = DIRECTION ( 'NONE',  ( -0.000000000000000000, -1.000000000000000000, -0.000000000000000000 ) ) ;
#3631 = DIRECTION ( 'NONE',  ( -0.000000000000000000, -1.000000000000000000, -0.000000000000000000 ) ) ;
#3632 = LINE ( 'NONE', #1803, #1102 ) ;
#3633 = EDGE_LOOP ( 'NONE', ( #4194, #5343, #4307, #4024 ) ) ;
#3634 = ADVANCED_FACE ( 'NONE', ( #3399 ), #5287, .F. ) ;
#3635 = ORIENTED_EDGE ( 'NONE', *, *, #2909, .F. ) ;
#3636 = FACE_OUTER_BOUND ( 'NONE', #5633, .T. ) ;
#3637 = CARTESIAN_POINT ( 'NONE',  ( -31.44000000000000838, 13.00000000000000355, -70.05500000000002103 ) ) ;
#3638 = DIRECTION ( 'NONE',  ( 0.000000000000000000, 0.000000000000000000, 1.000000000000000000 ) ) ;
#3639 = CARTESIAN_POINT ( 'NONE',  ( -13.47400153435548020, 10.99999999999999645, 43.81664980122350528 ) ) ;
#3640 = CARTESIAN_POINT ( 'NONE',  ( -13.00000000000000533, 13.00000000000000000, 74.55499999999999261 ) ) ;
#3641 = ORIENTED_EDGE ( 'NONE', *, *, #1124, .T. ) ;
#3642 = EDGE_LOOP ( 'NONE', ( #3077, #849 ) ) ;
#3643 = DIRECTION ( 'NONE',  ( 0.000000000000000000, 1.000000000000000000, -0.000000000000000000 ) ) ;
#3644 = CARTESIAN_POINT ( 'NONE',  ( -31.44000000000000838, 23.00000000000000000, -70.05500000000002103 ) ) ;
#3645 = FACE_OUTER_BOUND ( 'NONE', #4225, .T. ) ;
#3646 = CARTESIAN_POINT ( 'NONE',  ( -13.50000354745519715, 10.99999999999999645, 39.68572377448471400 ) ) ;
#3647 = ORIENTED_EDGE ( 'NONE', *, *, #1614, .F. ) ;
#3648 = EDGE_CURVE ( 'NONE', #2752, #3142, #2057, .T. ) ;
#3649 = CIRCLE ( 'NONE', #2698, 1.000000000000000888 ) ;
#3650 = VERTEX_POINT ( 'NONE', #1026 ) ;
#3651 = FACE_OUTER_BOUND ( 'NONE', #1661, .T. ) ;
#3652 = FACE_BOUND ( 'NONE', #733, .T. ) ;
#3653 = CYLINDRICAL_SURFACE ( 'NONE', #931, 2.125000000000001776 ) ;
#3654 = AXIS2_PLACEMENT_3D ( 'NONE', #5271, #257, #3843 ) ;
#3655 = VERTEX_POINT ( 'NONE', #2950 ) ;
#3656 = VERTEX_POINT ( 'NONE', #4664 ) ;
#3657 = CARTESIAN_POINT ( 'NONE',  ( 10.00000000000000355, 23.00000000000000000, 71.55499999999993577 ) ) ;
#3658 = CIRCLE ( 'NONE', #3947, 2.624999999999988454 ) ;
#3659 = DIRECTION ( 'NONE',  ( -0.000000000000000000, 0.7071067811865499042, -0.7071067811865451302 ) ) ;
#3660 = LINE ( 'NONE', #988, #5012 ) ;
#3661 = AXIS2_PLACEMENT_3D ( 'NONE', #5753, #5727, #1647 ) ;
#3662 = CARTESIAN_POINT ( 'NONE',  ( 14.50000000000010658, 12.99999999999999645, -53.55500000000000682 ) ) ;
#3663 = FACE_OUTER_BOUND ( 'NONE', #186, .T. ) ;
#3664 = EDGE_CURVE ( 'NONE', #10, #5493, #5674, .T. ) ;
#3665 = ORIENTED_EDGE ( 'NONE', *, *, #1056, .T. ) ;
#3666 = ORIENTED_EDGE ( 'NONE', *, *, #1714, .T. ) ;
#3667 = VERTEX_POINT ( 'NONE', #718 ) ;
#3668 =( BOUNDED_SURFACE ( )  B_SPLINE_SURFACE ( 3, 1, ( 
 ( #3669, #5495 ),
 ( #3258, #995 ),
 ( #5069, #2395 ),
 ( #96, #4211 ) ),
 .UNSPECIFIED., .F., .F., .T. ) 
 B_SPLINE_SURFACE_WITH_KNOTS ( ( 4, 4 ),
 ( 2, 2 ),
 ( 0.000000000000000000, 1.000000000000000000 ),
 ( 0.000000000000000000, 1.000000000000000000 ),
 .UNSPECIFIED. ) 
 GEOMETRIC_REPRESENTATION_ITEM ( )  RATIONAL_B_SPLINE_SURFACE ( (
 ( 1.000000000000000000, 1.000000000000000000),
 ( 0.3333333333333311499, 0.3333333333333311499),
 ( 0.3333333333333311499, 0.3333333333333311499),
 ( 1.000000000000000000, 1.000000000000000000) ) ) 
 REPRESENTATION_ITEM ( '' )  SURFACE ( )  );
#3669 = CARTESIAN_POINT ( 'NONE',  ( -12.49999999999986677, 10.99999999999999645, -49.55500000000004235 ) ) ;
#3670 = DIRECTION ( 'NONE',  ( 0.000000000000000000, 0.000000000000000000, -1.000000000000000000 ) ) ;
#3671 = FACE_OUTER_BOUND ( 'NONE', #4881, .T. ) ;
#3672 = VECTOR ( 'NONE', #5529, 1000.000000000000000 ) ;
#3673 = ORIENTED_EDGE ( 'NONE', *, *, #2660, .F. ) ;
#3674 = CARTESIAN_POINT ( 'NONE',  ( 12.49999999999999822, 13.00000000000000000, 30.55499999999996774 ) ) ;
#3675 = VECTOR ( 'NONE', #3304, 1000.000000000000000 ) ;
#3676 = ORIENTED_EDGE ( 'NONE', *, *, #5407, .F. ) ;
#3677 = ORIENTED_EDGE ( 'NONE', *, *, #3533, .T. ) ;
#3678 = VECTOR ( 'NONE', #4213, 1000.000000000000000 ) ;
#3679 = AXIS2_PLACEMENT_3D ( 'NONE', #2218, #1867, #941 ) ;
#3680 = CARTESIAN_POINT ( 'NONE',  ( -12.49999999999988809, -59.05500000000003524, 108.6099999999995731 ) ) ;
#3681 = DIRECTION ( 'NONE',  ( 2.478176394252579662E-16, 0.000000000000000000, 1.000000000000000000 ) ) ;
#3682 = DIRECTION ( 'NONE',  ( -0.000000000000000000, -1.000000000000000000, -0.000000000000000000 ) ) ;
#3683 = VERTEX_POINT ( 'NONE', #2528 ) ;
#3684 = AXIS2_PLACEMENT_3D ( 'NONE', #2951, #225, #3811 ) ;
#3685 = EDGE_CURVE ( 'NONE', #2780, #2727, #4349, .T. ) ;
#3686 = VERTEX_POINT ( 'NONE', #4012 ) ;
#3687 = CARTESIAN_POINT ( 'NONE',  ( -26.93999999999999773, 23.00000000000000000, 74.55499999999999261 ) ) ;
#3688 = VECTOR ( 'NONE', #3832, 1000.000000000000000 ) ;
#3689 = FACE_BOUND ( 'NONE', #3773, .T. ) ;
#3690 = DIRECTION ( 'NONE',  ( 1.485738470610355032E-16, 0.000000000000000000, 1.000000000000000000 ) ) ;
#3691 = ORIENTED_EDGE ( 'NONE', *, *, #3090, .T. ) ;
#3692 = ADVANCED_FACE ( 'NONE', ( #4494 ), #4251, .F. ) ;
#3693 = ORIENTED_EDGE ( 'NONE', *, *, #5325, .F. ) ;
#3694 = AXIS2_PLACEMENT_3D ( 'NONE', #1753, #715, #2522 ) ;
#3695 = CARTESIAN_POINT ( 'NONE',  ( -12.49999999999992895, 10.99999999999998224, 36.55499999999999261 ) ) ;
#3696 = DIRECTION ( 'NONE',  ( -1.000000000000000000, 0.000000000000000000, -0.000000000000000000 ) ) ;
#3697 = LINE ( 'NONE', #2838, #5296 ) ;
#3698 = CARTESIAN_POINT ( 'NONE',  ( -33.39000000000000057, 23.00000000000000000, 26.02500000000000568 ) ) ;
#3699 = CARTESIAN_POINT ( 'NONE',  ( 6.500000000000000000, 23.00000000000000000, 67.55499999999999261 ) ) ;
#3700 = EDGE_LOOP ( 'NONE', ( #2843, #3097, #4218, #1844 ) ) ;
#3701 = ORIENTED_EDGE ( 'NONE', *, *, #4568, .T. ) ;
#3702 = CARTESIAN_POINT ( 'NONE',  ( -22.49999999999999289, 11.49999999999999645, 68.55500000000000682 ) ) ;
#3703 = FACE_OUTER_BOUND ( 'NONE', #4836, .T. ) ;
#3704 = CARTESIAN_POINT ( 'NONE',  ( 12.50000000000008171, 12.99999999999999822, 36.55500000000000682 ) ) ;
#3705 = CARTESIAN_POINT ( 'NONE',  ( -12.49999999999984546, 10.99999999999999645, 44.55499999999998550 ) ) ;
#3706 = FACE_OUTER_BOUND ( 'NONE', #1724, .T. ) ;
#3707 = ORIENTED_EDGE ( 'NONE', *, *, #4526, .T. ) ;
#3708 = ADVANCED_FACE ( 'NONE', ( #3006, #5352 ), #3510, .T. ) ;
#3709 = ORIENTED_EDGE ( 'NONE', *, *, #3280, .F. ) ;
#3710 =( BOUNDED_SURFACE ( )  B_SPLINE_SURFACE ( 3, 1, ( 
 ( #3384, #764 ),
 ( #4759, #3914 ),
 ( #4367, #2571 ),
 ( #3856, #5710 ) ),
 .UNSPECIFIED., .F., .F., .T. ) 
 B_SPLINE_SURFACE_WITH_KNOTS ( ( 4, 4 ),
 ( 2, 2 ),
 ( 0.000000000000000000, 1.000000000000000000 ),
 ( 0.000000000000000000, 1.000000000000000000 ),
 .UNSPECIFIED. ) 
 GEOMETRIC_REPRESENTATION_ITEM ( )  RATIONAL_B_SPLINE_SURFACE ( (
 ( 1.000000000000000000, 1.000000000000000000),
 ( 0.3333333333333281523, 0.3333333333333281523),
 ( 0.3333333333333281523, 0.3333333333333281523),
 ( 1.000000000000000000, 1.000000000000000000) ) ) 
 REPRESENTATION_ITEM ( '' )  SURFACE ( )  );
#3711 = DIRECTION ( 'NONE',  ( -0.000000000000000000, 0.7071067811865499042, -0.7071067811865451302 ) ) ;
#3712 = CARTESIAN_POINT ( 'NONE',  ( -5.268721683069872874, 10.99998799999999832, 75.53955742976795307 ) ) ;
#3713 = ORIENTED_EDGE ( 'NONE', *, *, #3347, .F. ) ;
#3714 = EDGE_CURVE ( 'NONE', #5349, #4489, #4877, .T. ) ;
#3715 = EDGE_CURVE ( 'NONE', #5428, #1734, #334, .T. ) ;
#3716 = ORIENTED_EDGE ( 'NONE', *, *, #1607, .F. ) ;
#3717 = DIRECTION ( 'NONE',  ( 0.000000000000000000, -0.000000000000000000, 1.000000000000000000 ) ) ;
#3718 = EDGE_CURVE ( 'NONE', #483, #2886, #3536, .T. ) ;
#3719 = FACE_OUTER_BOUND ( 'NONE', #5388, .T. ) ;
#3720 = VERTEX_POINT ( 'NONE', #2201 ) ;
#3721 = ORIENTED_EDGE ( 'NONE', *, *, #3648, .T. ) ;
#3722 = DIRECTION ( 'NONE',  ( 0.000000000000000000, 0.000000000000000000, -1.000000000000000000 ) ) ;
#3723 = DIRECTION ( 'NONE',  ( 0.000000000000000000, 0.000000000000000000, 1.000000000000000000 ) ) ;
#3724 = VECTOR ( 'NONE', #1716, 1000.000000000000000 ) ;
#3725 = PLANE ( 'NONE',  #5002 ) ;
#3726 = DIRECTION ( 'NONE',  ( -0.000000000000000000, -1.000000000000000000, -0.000000000000000000 ) ) ;
#3727 = VERTEX_POINT ( 'NONE', #2138 ) ;
#3728 = ORIENTED_EDGE ( 'NONE', *, *, #2521, .F. ) ;
#3729 = DIRECTION ( 'NONE',  ( 0.000000000000000000, 0.000000000000000000, -1.000000000000000000 ) ) ;
#3730 = LINE ( 'NONE', #1832, #2982 ) ;
#3731 = LINE ( 'NONE', #4541, #3678 ) ;
#3732 = VECTOR ( 'NONE', #1925, 1000.000000000000000 ) ;
#3733 = DIRECTION ( 'NONE',  ( 0.000000000000000000, 1.000000000000000000, 0.000000000000000000 ) ) ;
#3734 = VECTOR ( 'NONE', #1090, 1000.000000000000000 ) ;
#3735 = CARTESIAN_POINT ( 'NONE',  ( -26.94000000000001194, 13.00000000000000000, -70.05500000000002103 ) ) ;
#3736 = ORIENTED_EDGE ( 'NONE', *, *, #5444, .T. ) ;
#3737 = ORIENTED_EDGE ( 'NONE', *, *, #1247, .T. ) ;
#3738 = DIRECTION ( 'NONE',  ( -0.000000000000000000, 1.000000000000000000, -0.000000000000000000 ) ) ;
#3739 = CARTESIAN_POINT ( 'NONE',  ( -12.49999999999986677, -59.05500000000003524, 22.49999999999951328 ) ) ;
#3740 = ORIENTED_EDGE ( 'NONE', *, *, #797, .T. ) ;
#3741 = ORIENTED_EDGE ( 'NONE', *, *, #1241, .T. ) ;
#3742 = LINE ( 'NONE', #4649, #5378 ) ;
#3743 = FACE_BOUND ( 'NONE', #3633, .T. ) ;
#3744 = CARTESIAN_POINT ( 'NONE',  ( 22.50000000000001066, 18.00000000000000000, 13.05500000000000682 ) ) ;
#3745 = ORIENTED_EDGE ( 'NONE', *, *, #4388, .F. ) ;
#3746 = VECTOR ( 'NONE', #275, 1000.000000000000000 ) ;
#3747 = ORIENTED_EDGE ( 'NONE', *, *, #3203, .F. ) ;
#3748 = CARTESIAN_POINT ( 'NONE',  ( -13.02202945409732671, 10.99999999999999467, -57.44716455368379115 ) ) ;
#3749 = VECTOR ( 'NONE', #3100, 1000.000000000000000 ) ;
#3750 = CARTESIAN_POINT ( 'NONE',  ( -13.37372469124641050, 10.99999999999999645, -49.05876690084900815 ) ) ;
#3751 = DIRECTION ( 'NONE',  ( 0.000000000000000000, 0.000000000000000000, -1.000000000000000000 ) ) ;
#3752 = LINE ( 'NONE', #4179, #1009 ) ;
#3753 = ORIENTED_EDGE ( 'NONE', *, *, #4867, .T. ) ;
#3754 = AXIS2_PLACEMENT_3D ( 'NONE', #5211, #2475, #223 ) ;
#3755 = VERTEX_POINT ( 'NONE', #709 ) ;
#3756 = EDGE_CURVE ( 'NONE', #2489, #908, #644, .T. ) ;
#3757 = CARTESIAN_POINT ( 'NONE',  ( 22.50000000000000711, 17.00000000000000000, 68.55500000000000682 ) ) ;
#3758 = CARTESIAN_POINT ( 'NONE',  ( -12.49999999999984546, -59.05500000000003524, 114.6099999999995447 ) ) ;
#3759 = CARTESIAN_POINT ( 'NONE',  ( -13.29970886751922166, 10.99999999999999467, 44.16950099912771321 ) ) ;
#3760 = AXIS2_PLACEMENT_3D ( 'NONE', #5234, #3509, #3151 ) ;
#3761 = DIRECTION ( 'NONE',  ( 7.003838317588761286E-17, 0.7071067811865462405, 0.7071067811865489050 ) ) ;
#3762 = CARTESIAN_POINT ( 'NONE',  ( 15.04050172409921515, 11.99999999999994849, 59.78393958836383604 ) ) ;
#3763 = EDGE_LOOP ( 'NONE', ( #2318, #3134, #2367, #2047 ) ) ;
#3764 = CIRCLE ( 'NONE', #354, 4.500000000000001776 ) ;
#3765 = ADVANCED_FACE ( 'NONE', ( #3943 ), #270, .T. ) ;
#3766 = ORIENTED_EDGE ( 'NONE', *, *, #2048, .T. ) ;
#3767 = VECTOR ( 'NONE', #5582, 1000.000000000000000 ) ;
#3768 = AXIS2_PLACEMENT_3D ( 'NONE', #3702, #1448, #5555 ) ;
#3769 = DIRECTION ( 'NONE',  ( -0.000000000000000000, -1.000000000000000000, -0.000000000000000000 ) ) ;
#3770 = AXIS2_PLACEMENT_3D ( 'NONE', #2870, #5220, #1142 ) ;
#3771 = ADVANCED_FACE ( 'NONE', ( #4930 ), #2676, .F. ) ;
#3772 = CARTESIAN_POINT ( 'NONE',  ( -3.574276965247355164, 10.99998799999999655, 70.53572133034185754 ) ) ;
#3773 = EDGE_LOOP ( 'NONE', ( #3500, #2918 ) ) ;
#3774 = CIRCLE ( 'NONE', #4440, 5.000000000000073719 ) ;
#3775 = CIRCLE ( 'NONE', #2630, 0.9999999999999870104 ) ;
#3776 = FACE_OUTER_BOUND ( 'NONE', #3523, .T. ) ;
#3777 = CARTESIAN_POINT ( 'NONE',  ( 12.50000000000003730, 10.99999999999998224, -57.55500000000002103 ) ) ;
#3778 = DIRECTION ( 'NONE',  ( -1.000000000000000000, 0.000000000000000000, 1.445588219516514461E-15 ) ) ;
#3779 = ORIENTED_EDGE ( 'NONE', *, *, #2906, .F. ) ;
#3780 = ORIENTED_EDGE ( 'NONE', *, *, #3061, .T. ) ;
#3781 = ADVANCED_FACE ( 'NONE', ( #5498 ), #3114, .F. ) ;
#3782 = VECTOR ( 'NONE', #1759, 1000.000000000000114 ) ;
#3783 = CARTESIAN_POINT ( 'NONE',  ( -13.02194494116023549, 10.99999999999999822, -55.66272398817999800 ) ) ;
#3784 = B_SPLINE_CURVE_WITH_KNOTS ( 'NONE', 3,
 ( #4754, #3352, #679, #4217, #2037, #1479, #621, #3295, #5645, #1599, #2011, #3327, #2902, #3823 ),
 .UNSPECIFIED., .F., .F.,
 ( 4, 2, 2, 2, 2, 2, 4 ),
 ( 5.204170427930421283E-18, 0.0007844752485840158661, 0.001176712872876022878, 0.001568950497168029997, 0.001961188121460037334, 0.002353425745752044020, 0.003137900994336073005 ),
 .UNSPECIFIED. ) ;
#3785 = CARTESIAN_POINT ( 'NONE',  ( 22.50000000000001066, 11.00000000000000000, 5.930000000000018368 ) ) ;
#3786 = DIRECTION ( 'NONE',  ( 0.000000000000000000, 0.000000000000000000, -1.000000000000000000 ) ) ;
#3787 = VECTOR ( 'NONE', #1723, 1000.000000000000000 ) ;
#3788 = DIRECTION ( 'NONE',  ( 0.000000000000000000, -1.000000000000000000, 0.000000000000000000 ) ) ;
#3789 = EDGE_LOOP ( 'NONE', ( #5156, #440, #2236, #3515, #2810 ) ) ;
#3790 = EDGE_CURVE ( 'NONE', #5413, #3209, #3553, .T. ) ;
#3791 = VERTEX_POINT ( 'NONE', #2756 ) ;
#3792 = ADVANCED_FACE ( 'NONE', ( #5016 ), #410, .T. ) ;
#3793 = CARTESIAN_POINT ( 'NONE',  ( 12.50000000000007816, -59.05500000000003524, 18.49999999999951683 ) ) ;
#3794 = LINE ( 'NONE', #2484, #5111 ) ;
#3795 = CARTESIAN_POINT ( 'NONE',  ( -13.02194494116012891, 10.99999999999999467, 44.44727601182002985 ) ) ;
#3796 = DIRECTION ( 'NONE',  ( 1.000000000000000000, 0.000000000000000000, -1.387778780781447401E-16 ) ) ;
#3797 = ADVANCED_FACE ( 'NONE', ( #5374, #940 ), #2337, .F. ) ;
#3798 = LINE ( 'NONE', #4668, #4999 ) ;
#3799 = VERTEX_POINT ( 'NONE', #2217 ) ;
#3800 = ORIENTED_EDGE ( 'NONE', *, *, #2852, .T. ) ;
#3801 = DIRECTION ( 'NONE',  ( 0.000000000000000000, 1.000000000000000000, 0.000000000000000000 ) ) ;
#3802 = LINE ( 'NONE', #5282, #577 ) ;
#3803 = ORIENTED_EDGE ( 'NONE', *, *, #2635, .T. ) ;
#3804 = EDGE_CURVE ( 'NONE', #3528, #3328, #4120, .T. ) ;
#3805 = CARTESIAN_POINT ( 'NONE',  ( 22.50000000000001066, 11.00000000000000000, 8.555000000000006821 ) ) ;
#3806 = LINE ( 'NONE', #1132, #1415 ) ;
#3807 = ORIENTED_EDGE ( 'NONE', *, *, #3280, .T. ) ;
#3808 = ORIENTED_EDGE ( 'NONE', *, *, #1508, .F. ) ;
#3809 = CARTESIAN_POINT ( 'NONE',  ( 2.749771129515610646, 23.00000000000000000, 73.60373526184702087 ) ) ;
#3810 = VECTOR ( 'NONE', #5281, 1000.000000000000000 ) ;
#3811 = DIRECTION ( 'NONE',  ( 0.000000000000000000, 0.000000000000000000, 1.000000000000000000 ) ) ;
#3812 = EDGE_CURVE ( 'NONE', #344, #384, #4081, .T. ) ;
#3813 = DIRECTION ( 'NONE',  ( -9.813077866773638857E-17, -0.7071067811865451302, -0.7071067811865499042 ) ) ;
#3814 = DIRECTION ( 'NONE',  ( 0.000000000000000000, -1.000000000000000000, 0.000000000000000000 ) ) ;
#3815 = AXIS2_PLACEMENT_3D ( 'NONE', #5758, #3551, #1295 ) ;
#3816 = EDGE_LOOP ( 'NONE', ( #2178, #1536, #1258, #1894 ) ) ;
#3817 = ORIENTED_EDGE ( 'NONE', *, *, #858, .T. ) ;
#3818 = CARTESIAN_POINT ( 'NONE',  ( -26.93999999999999773, 14.99999999999998579, 76.50500000000000966 ) ) ;
#3819 = CARTESIAN_POINT ( 'NONE',  ( 13.47403207297553251, 10.99999999999999645, 43.81660551848167984 ) ) ;
#3820 = CARTESIAN_POINT ( 'NONE',  ( 6.500000000000000000, 23.00000000000000000, 67.55499999999999261 ) ) ;
#3821 = EDGE_CURVE ( 'NONE', #132, #2616, #4957, .T. ) ;
#3822 = LINE ( 'NONE', #2036, #1519 ) ;
#3823 = CARTESIAN_POINT ( 'NONE',  ( 12.49999999999999467, 10.99999999999999645, -61.55500000000004235 ) ) ;
#3824 = ORIENTED_EDGE ( 'NONE', *, *, #4766, .F. ) ;
#3825 = ORIENTED_EDGE ( 'NONE', *, *, #2657, .T. ) ;
#3826 = DIRECTION ( 'NONE',  ( 0.000000000000000000, 0.000000000000000000, 1.000000000000000000 ) ) ;
#3827 = FACE_OUTER_BOUND ( 'NONE', #2077, .T. ) ;
#3828 = EDGE_LOOP ( 'NONE', ( #5798, #1440, #1072, #2005 ) ) ;
#3829 = CARTESIAN_POINT ( 'NONE',  ( 22.50000000000001066, 11.00000000000000000, 8.555000000000006821 ) ) ;
#3830 = VECTOR ( 'NONE', #4212, 999.9999999999998863 ) ;
#3831 = EDGE_CURVE ( 'NONE', #5183, #4803, #732, .T. ) ;
#3832 = DIRECTION ( 'NONE',  ( -7.434529182757739478E-16, 0.000000000000000000, 1.000000000000000000 ) ) ;
#3833 = ORIENTED_EDGE ( 'NONE', *, *, #1322, .F. ) ;
#3834 = EDGE_CURVE ( 'NONE', #5552, #815, #5219, .T. ) ;
#3835 = DIRECTION ( 'NONE',  ( 0.000000000000000000, 0.000000000000000000, -1.000000000000000000 ) ) ;
#3836 = CARTESIAN_POINT ( 'NONE',  ( 21.64049541977133728, 18.00000000000000000, 72.97215427357548378 ) ) ;
#3837 = CYLINDRICAL_SURFACE ( 'NONE', #3593, 4.499999999999990230 ) ;
#3838 = CARTESIAN_POINT ( 'NONE',  ( -12.49999999999990408, 13.00000000000000000, 37.55499999999999972 ) ) ;
#3839 = EDGE_CURVE ( 'NONE', #2171, #1697, #5161, .T. ) ;
#3840 = DIRECTION ( 'NONE',  ( 0.000000000000000000, -0.7071067811865425767, -0.7071067811865525687 ) ) ;
#3841 = ORIENTED_EDGE ( 'NONE', *, *, #2959, .T. ) ;
#3842 = AXIS2_PLACEMENT_3D ( 'NONE', #1214, #1097, #3362 ) ;
#3843 = DIRECTION ( 'NONE',  ( 0.000000000000000000, 0.000000000000000000, 1.000000000000000000 ) ) ;
#3844 = LINE ( 'NONE', #4324, #2155 ) ;
#3845 = CARTESIAN_POINT ( 'NONE',  ( 13.49999645180855445, 10.99999999999999645, 43.68577804291732036 ) ) ;
#3846 = EDGE_CURVE ( 'NONE', #5028, #3263, #2847, .T. ) ;
#3847 = PLANE ( 'NONE',  #4345 ) ;
#3848 = DIRECTION ( 'NONE',  ( -2.478176394252579662E-16, -0.000000000000000000, -1.000000000000000000 ) ) ;
#3849 = DIRECTION ( 'NONE',  ( -0.000000000000000000, -1.000000000000000000, -0.000000000000000000 ) ) ;
#3850 = COLOUR_RGB ( '',0.7921568627450980005, 0.8196078431372548767, 0.9333333333333333481 ) ;
#3851 = ORIENTED_EDGE ( 'NONE', *, *, #792, .F. ) ;
#3852 = ORIENTED_EDGE ( 'NONE', *, *, #200, .T. ) ;
#3853 = AXIS2_PLACEMENT_3D ( 'NONE', #834, #4038, #5855 ) ;
#3854 = LINE ( 'NONE', #5314, #1389 ) ;
#3855 = CARTESIAN_POINT ( 'NONE',  ( 12.50000000000012434, 10.99999999999999645, 42.55500000000000682 ) ) ;
#3856 = CARTESIAN_POINT ( 'NONE',  ( -12.49999999999994493, 10.99999999999996803, 36.55499999999999261 ) ) ;
#3857 = CIRCLE ( 'NONE', #3952, 4.000000000000003553 ) ;
#3858 = DIRECTION ( 'NONE',  ( -0.000000000000000000, 0.7071067811865459074, 0.7071067811865491270 ) ) ;
#3859 = VECTOR ( 'NONE', #404, 1000.000000000000000 ) ;
#3860 = ORIENTED_EDGE ( 'NONE', *, *, #1551, .T. ) ;
#3861 = VECTOR ( 'NONE', #1222, 1000.000000000000000 ) ;
#3862 = AXIS2_PLACEMENT_3D ( 'NONE', #844, #1707, #2206 ) ;
#3863 = CARTESIAN_POINT ( 'NONE',  ( 26.63995126535550284, 12.00000000000005862, -40.55490477169965402 ) ) ;
#3864 = DIRECTION ( 'NONE',  ( 0.000000000000000000, -1.000000000000000000, 0.000000000000000000 ) ) ;
#3865 = VERTEX_POINT ( 'NONE', #5559 ) ;
#3866 = EDGE_CURVE ( 'NONE', #760, #5413, #1497, .T. ) ;
#3867 = VECTOR ( 'NONE', #1452, 1000.000000000000114 ) ;
#3868 = CARTESIAN_POINT ( 'NONE',  ( 26.63995126535550284, 19.35000000000000142, -48.55490477169966113 ) ) ;
#3869 = AXIS2_PLACEMENT_3D ( 'NONE', #3316, #1076, #1585 ) ;
#3870 = PLANE ( 'NONE',  #2529 ) ;
#3871 = DIRECTION ( 'NONE',  ( -0.000000000000000000, -1.000000000000000000, -0.000000000000000000 ) ) ;
#3872 = EDGE_CURVE ( 'NONE', #2289, #2293, #1877, .T. ) ;
#3873 = DIRECTION ( 'NONE',  ( -2.523444162107242208E-15, 0.000000000000000000, -1.000000000000000000 ) ) ;
#3874 = PLANE ( 'NONE',  #4807 ) ;
#3875 = ORIENTED_EDGE ( 'NONE', *, *, #2579, .T. ) ;
#3876 = VECTOR ( 'NONE', #1405, 1000.000000000000000 ) ;
#3877 = CARTESIAN_POINT ( 'NONE',  ( -12.49999999999995026, 13.00000000000000000, -57.55500000000003524 ) ) ;
#3878 = VECTOR ( 'NONE', #2732, 999.9999999999998863 ) ;
#3879 = CARTESIAN_POINT ( 'NONE',  ( -26.63995126535550284, 12.00000000000005862, -44.55490477169965402 ) ) ;
#3880 = CARTESIAN_POINT ( 'NONE',  ( -26.93999999999999773, -152.0796411894638993, 76.50500000000000966 ) ) ;
#3881 = DIRECTION ( 'NONE',  ( -0.7071067811865543451, 0.000000000000000000, 0.7071067811865408004 ) ) ;
#3882 = CARTESIAN_POINT ( 'NONE',  ( -9.999999999999998224, 13.00000000000000000, 67.55499999999999261 ) ) ;
#3883 = VERTEX_POINT ( 'NONE', #127 ) ;
#3884 = EDGE_LOOP ( 'NONE', ( #3053, #4576, #2868, #1446 ) ) ;
#3885 =( GEOMETRIC_REPRESENTATION_CONTEXT ( 3 ) GLOBAL_UNCERTAINTY_ASSIGNED_CONTEXT ( ( #1371 ) ) GLOBAL_UNIT_ASSIGNED_CONTEXT ( ( #2597, #853, #1353 ) ) REPRESENTATION_CONTEXT ( 'NONE', 'WORKASPACE' ) );
#3886 = CARTESIAN_POINT ( 'NONE',  ( -13.29958940190076611, 10.99999999999999289, -61.16963393480732236 ) ) ;
#3887 = DIRECTION ( 'NONE',  ( 0.000000000000000000, 0.7071067811865499042, -0.7071067811865451302 ) ) ;
#3888 = CARTESIAN_POINT ( 'NONE',  ( 31.44000000000000128, 23.00000000000000000, 70.05500000000000682 ) ) ;
#3889 = EDGE_CURVE ( 'NONE', #137, #5785, #1029, .T. ) ;
#3890 = ORIENTED_EDGE ( 'NONE', *, *, #776, .T. ) ;
#3891 = DIRECTION ( 'NONE',  ( 0.000000000000000000, 0.000000000000000000, 1.000000000000000000 ) ) ;
#3892 = DIRECTION ( 'NONE',  ( -0.000000000000000000, 1.000000000000000000, -0.000000000000000000 ) ) ;
#3893 = CARTESIAN_POINT ( 'NONE',  ( 12.50000000000003908, 10.99999999999998224, 36.55499999999997840 ) ) ;
#3894 = ORIENTED_EDGE ( 'NONE', *, *, #5722, .T. ) ;
#3895 = ADVANCED_FACE ( 'NONE', ( #3262 ), #5072, .F. ) ;
#3896 = CARTESIAN_POINT ( 'NONE',  ( 35.43999999999998352, 13.00000000000001421, -78.55500000000000682 ) ) ;
#3897 = EDGE_CURVE ( 'NONE', #44, #3182, #210, .T. ) ;
#3898 = DIRECTION ( 'NONE',  ( 8.659560562354866298E-17, -0.7071067811865530128, 0.7071067811865420216 ) ) ;
#3899 = AXIS2_PLACEMENT_3D ( 'NONE', #3879, #2897, #5242 ) ;
#3900 = CARTESIAN_POINT ( 'NONE',  ( 5.817785061020786408, 10.99998800000000010, 72.77922942611529322 ) ) ;
#3901 = CARTESIAN_POINT ( 'NONE',  ( -22.49999999999998224, 11.49999999999999645, 6.430000000000007709 ) ) ;
#3902 = ORIENTED_EDGE ( 'NONE', *, *, #1040, .T. ) ;
#3903 = CARTESIAN_POINT ( 'NONE',  ( 26.64049541977133728, 22.35000000000000142, 59.55499999999999972 ) ) ;
#3904 = DIRECTION ( 'NONE',  ( -0.000000000000000000, -1.000000000000000000, -0.000000000000000000 ) ) ;
#3905 = CYLINDRICAL_SURFACE ( 'NONE', #2832, 1.600000000000011191 ) ;
#3906 = AXIS2_PLACEMENT_3D ( 'NONE', #852, #1778, #1238 ) ;
#3907 = CARTESIAN_POINT ( 'NONE',  ( 22.50000000000000711, 11.49999999999999645, 68.55500000000000682 ) ) ;
#3908 = EDGE_CURVE ( 'NONE', #571, #3182, #3350, .T. ) ;
#3909 = PLANE ( 'NONE',  #4144 ) ;
#3910 = ORIENTED_EDGE ( 'NONE', *, *, #748, .T. ) ;
#3911 = ORIENTED_EDGE ( 'NONE', *, *, #1172, .F. ) ;
#3912 = CARTESIAN_POINT ( 'NONE',  ( 12.50000000000004086, -59.05500000000003524, 106.6099999999995305 ) ) ;
#3913 = DIRECTION ( 'NONE',  ( 0.000000000000000000, 0.000000000000000000, -1.000000000000000000 ) ) ;
#3914 = CARTESIAN_POINT ( 'NONE',  ( -14.49999999999994138, 12.99999999999999645, 32.55499999999996419 ) ) ;
#3915 = CIRCLE ( 'NONE', #4854, 1.600000000000004086 ) ;
#3916 = VERTEX_POINT ( 'NONE', #153 ) ;
#3917 = ORIENTED_EDGE ( 'NONE', *, *, #441, .F. ) ;
#3918 = DIRECTION ( 'NONE',  ( 0.000000000000000000, -1.000000000000000000, 0.000000000000000000 ) ) ;
#3919 = CARTESIAN_POINT ( 'NONE',  ( 22.50000000000001066, 18.00000000000000000, 4.055000000000005933 ) ) ;
#3920 = CARTESIAN_POINT ( 'NONE',  ( -33.39000000000002188, -112.5798205947316291, -109.5548205947321350 ) ) ;
#3921 = EDGE_CURVE ( 'NONE', #1697, #5030, #2373, .T. ) ;
#3922 = ORIENTED_EDGE ( 'NONE', *, *, #1669, .T. ) ;
#3923 = EDGE_LOOP ( 'NONE', ( #453, #3599 ) ) ;
#3924 = LINE ( 'NONE', #5743, #2137 ) ;
#3925 = DIRECTION ( 'NONE',  ( 0.000000000000000000, -0.000000000000000000, -1.000000000000000000 ) ) ;
#3926 = DIRECTION ( 'NONE',  ( -0.000000000000000000, 1.000000000000000000, -0.000000000000000000 ) ) ;
#3927 = DIRECTION ( 'NONE',  ( 0.000000000000000000, 0.000000000000000000, -1.000000000000000000 ) ) ;
#3928 = DIRECTION ( 'NONE',  ( 7.003838317588763751E-17, -0.7071067811865459074, 0.7071067811865491270 ) ) ;
#3929 = ORIENTED_EDGE ( 'NONE', *, *, #4819, .T. ) ;
#3930 = DIRECTION ( 'NONE',  ( -0.000000000000000000, 1.000000000000000000, 0.000000000000000000 ) ) ;
#3931 = DIRECTION ( 'NONE',  ( -0.000000000000000000, -1.000000000000000000, -0.000000000000000000 ) ) ;
#3932 = LINE ( 'NONE', #2241, #5860 ) ;
#3933 = B_SPLINE_CURVE_WITH_KNOTS ( 'NONE', 3,
 ( #4236, #719, #2500, #4315, #3750, #2530, #5693, #4350, #5579, #3367, #284, #5179, #251, #609 ),
 .UNSPECIFIED., .F., .F.,
 ( 4, 2, 2, 2, 2, 2, 4 ),
 ( 0.000000000000000000, 0.0007844752485840132640, 0.001176712872876019842, 0.001568950497168026528, 0.001961188121460033431, 0.002353425745752039683, 0.003137900994336071270 ),
 .UNSPECIFIED. ) ;
#3934 = CARTESIAN_POINT ( 'NONE',  ( -14.49999999999989342, 12.99999999999999645, 36.55499999999997129 ) ) ;
#3935 = DIRECTION ( 'NONE',  ( 0.000000000000000000, 0.000000000000000000, -1.000000000000000000 ) ) ;
#3936 = VERTEX_POINT ( 'NONE', #4752 ) ;
#3937 = ORIENTED_EDGE ( 'NONE', *, *, #1533, .T. ) ;
#3938 = AXIS2_PLACEMENT_3D ( 'NONE', #3829, #3424, #5712 ) ;
#3939 = EDGE_CURVE ( 'NONE', #2421, #5573, #676, .T. ) ;
#3940 = CARTESIAN_POINT ( 'NONE',  ( 22.50000000000001066, 18.00000000000000000, 8.555000000000006821 ) ) ;
#3941 = PLANE ( 'NONE',  #4003 ) ;
#3942 = CIRCLE ( 'NONE', #4135, 1.999999999999946265 ) ;
#3943 = FACE_OUTER_BOUND ( 'NONE', #2788, .T. ) ;
#3944 = ADVANCED_FACE ( 'NONE', ( #1059 ), #1952, .F. ) ;
#3945 = ORIENTED_EDGE ( 'NONE', *, *, #4639, .T. ) ;
#3946 = ORIENTED_EDGE ( 'NONE', *, *, #684, .T. ) ;
#3947 = AXIS2_PLACEMENT_3D ( 'NONE', #5351, #2174, #3986 ) ;
#3948 = EDGE_CURVE ( 'NONE', #3226, #1745, #1927, .T. ) ;
#3949 = CARTESIAN_POINT ( 'NONE',  ( -22.49999999999999289, 17.00000000000000000, 68.55500000000000682 ) ) ;
#3950 = DIRECTION ( 'NONE',  ( -0.000000000000000000, 1.000000000000000000, 0.000000000000000000 ) ) ;
#3951 = ORIENTED_EDGE ( 'NONE', *, *, #66, .F. ) ;
#3952 = AXIS2_PLACEMENT_3D ( 'NONE', #288, #4404, #4880 ) ;
#3953 = AXIS2_PLACEMENT_3D ( 'NONE', #4532, #3132, #3106 ) ;
#3954 = ORIENTED_EDGE ( 'NONE', *, *, #4733, .F. ) ;
#3955 = DIRECTION ( 'NONE',  ( 0.000000000000000000, 0.000000000000000000, -1.000000000000000000 ) ) ;
#3956 = EDGE_CURVE ( 'NONE', #3209, #2905, #2398, .T. ) ;
#3957 = VECTOR ( 'NONE', #937, 1000.000000000000000 ) ;
#3958 = LINE ( 'NONE', #3125, #2457 ) ;
#3959 = DIRECTION ( 'NONE',  ( -0.000000000000000000, 1.000000000000000000, -0.000000000000000000 ) ) ;
#3960 = CARTESIAN_POINT ( 'NONE',  ( 12.49999999999999112, 11.00000000000000000, -59.55500000000002814 ) ) ;
#3961 = EDGE_CURVE ( 'NONE', #4853, #1235, #5591, .T. ) ;
#3962 = ORIENTED_EDGE ( 'NONE', *, *, #2101, .T. ) ;
#3963 = VECTOR ( 'NONE', #180, 1000.000000000000000 ) ;
#3964 = DIRECTION ( 'NONE',  ( 0.000000000000000000, 1.000000000000000000, 0.000000000000000000 ) ) ;
#3965 = CIRCLE ( 'NONE', #4735, 2.124999999999998224 ) ;
#3966 = DIRECTION ( 'NONE',  ( 0.000000000000000000, -0.7071067811865490160, -0.7071067811865460184 ) ) ;
#3967 = LINE ( 'NONE', #3018, #3020 ) ;
#3968 = CARTESIAN_POINT ( 'NONE',  ( -26.64049541977133728, 0.000000000000000000, 59.55499999999999972 ) ) ;
#3969 = AXIS2_PLACEMENT_3D ( 'NONE', #4622, #556, #2362 ) ;
#3970 = EDGE_LOOP ( 'NONE', ( #218, #1378, #2132, #3247 ) ) ;
#3971 = EDGE_CURVE ( 'NONE', #1663, #1506, #2827, .T. ) ;
#3972 = PLANE ( 'NONE',  #4045 ) ;
#3973 = ORIENTED_EDGE ( 'NONE', *, *, #5790, .F. ) ;
#3974 = ORIENTED_EDGE ( 'NONE', *, *, #5492, .T. ) ;
#3975 = CIRCLE ( 'NONE', #1793, 1.999999999999946265 ) ;
#3976 = EDGE_CURVE ( 'NONE', #295, #135, #1971, .T. ) ;
#3977 = DIRECTION ( 'NONE',  ( 0.000000000000000000, 0.000000000000000000, -1.000000000000000000 ) ) ;
#3978 = DIRECTION ( 'NONE',  ( 1.000000000000000000, 0.000000000000000000, 0.000000000000000000 ) ) ;
#3979 = VERTEX_POINT ( 'NONE', #1513 ) ;
#3980 = ORIENTED_EDGE ( 'NONE', *, *, #817, .F. ) ;
#3981 = DIRECTION ( 'NONE',  ( 0.000000000000000000, 0.000000000000000000, -1.000000000000000000 ) ) ;
#3982 = DIRECTION ( 'NONE',  ( -0.000000000000000000, 1.000000000000000000, -0.000000000000000000 ) ) ;
#3983 = LINE ( 'NONE', #744, #3318 ) ;
#3984 = ORIENTED_EDGE ( 'NONE', *, *, #3648, .F. ) ;
#3985 = EDGE_LOOP ( 'NONE', ( #635, #5768, #3483, #5594 ) ) ;
#3986 = DIRECTION ( 'NONE',  ( 0.000000000000000000, 0.000000000000000000, 1.000000000000000000 ) ) ;
#3987 = DIRECTION ( 'NONE',  ( 0.000000000000000000, -1.000000000000000000, 0.000000000000000000 ) ) ;
#3988 = CARTESIAN_POINT ( 'NONE',  ( -22.49999999999998224, 13.00000000000000000, 13.05500000000000682 ) ) ;
#3989 = CARTESIAN_POINT ( 'NONE',  ( -12.49999999999988809, -59.05500000000003524, 110.6099999999995447 ) ) ;
#3990 = ORIENTED_EDGE ( 'NONE', *, *, #3866, .F. ) ;
#3991 = FACE_OUTER_BOUND ( 'NONE', #4545, .T. ) ;
#3992 = EDGE_CURVE ( 'NONE', #3622, #4097, #5190, .T. ) ;
#3993 = CARTESIAN_POINT ( 'NONE',  ( -12.49999999999999289, 10.99999999999999645, -61.55500000000004235 ) ) ;
#3994 = LINE ( 'NONE', #317, #742 ) ;
#3995 = FACE_OUTER_BOUND ( 'NONE', #890, .T. ) ;
#3996 = ORIENTED_EDGE ( 'NONE', *, *, #569, .T. ) ;
#3997 = PLANE ( 'NONE',  #2342 ) ;
#3998 = EDGE_LOOP ( 'NONE', ( #5412, #2649 ) ) ;
#3999 = ORIENTED_EDGE ( 'NONE', *, *, #5068, .T. ) ;
#4000 = CARTESIAN_POINT ( 'NONE',  ( -15.04050172409921515, 11.99999999999994849, 59.78393958836383604 ) ) ;
#4001 = CARTESIAN_POINT ( 'NONE',  ( -26.94000000000001194, 13.00000000000001421, -70.05500000000002103 ) ) ;
#4002 = EDGE_LOOP ( 'NONE', ( #1329, #2377, #2430, #4977 ) ) ;
#4003 = AXIS2_PLACEMENT_3D ( 'NONE', #5342, #3113, #408 ) ;
#4004 = ORIENTED_EDGE ( 'NONE', *, *, #5081, .T. ) ;
#4005 = DIRECTION ( 'NONE',  ( -0.7071067811865463515, 0.000000000000000000, -0.7071067811865487940 ) ) ;
#4006 = CARTESIAN_POINT ( 'NONE',  ( -12.49999999999995737, 10.99999999999998224, -55.55500000000003524 ) ) ;
#4007 = CARTESIAN_POINT ( 'NONE',  ( 15.04050172409921515, 19.50000000000000000, 58.78393958836383604 ) ) ;
#4008 = EDGE_LOOP ( 'NONE', ( #3275, #1679, #3910, #1386 ) ) ;
#4009 = ORIENTED_EDGE ( 'NONE', *, *, #531, .F. ) ;
#4010 = FACE_OUTER_BOUND ( 'NONE', #1895, .T. ) ;
#4011 = ADVANCED_FACE ( 'NONE', ( #2622 ), #1625, .F. ) ;
#4012 = CARTESIAN_POINT ( 'NONE',  ( -22.49999999999998224, 11.00000000000000000, 11.17999999999999616 ) ) ;
#4013 = CARTESIAN_POINT ( 'NONE',  ( -31.44000000000000838, 13.00000000000000000, -70.05500000000002103 ) ) ;
#4014 = CARTESIAN_POINT ( 'NONE',  ( -12.76239797598384307, 10.99999999999999289, 40.55499999999996419 ) ) ;
#4015 = EDGE_CURVE ( 'NONE', #128, #4842, #3013, .T. ) ;
#4016 = VERTEX_POINT ( 'NONE', #5274 ) ;
#4017 = FACE_BOUND ( 'NONE', #614, .T. ) ;
#4018 = ADVANCED_FACE ( 'NONE', ( #4800 ), #1018, .F. ) ;
#4019 = CARTESIAN_POINT ( 'NONE',  ( 31.44000000000000128, 23.00000000000000000, 70.05500000000000682 ) ) ;
#4020 = CARTESIAN_POINT ( 'NONE',  ( -21.64049541977133728, 18.00000000000000000, 72.97215427357548378 ) ) ;
#4021 = DIRECTION ( 'NONE',  ( -2.312964634635742957E-16, 0.000000000000000000, -1.000000000000000000 ) ) ;
#4022 = ORIENTED_EDGE ( 'NONE', *, *, #4766, .T. ) ;
#4023 = ORIENTED_EDGE ( 'NONE', *, *, #4490, .F. ) ;
#4024 = ORIENTED_EDGE ( 'NONE', *, *, #4198, .T. ) ;
#4025 = FACE_OUTER_BOUND ( 'NONE', #1094, .T. ) ;
#4026 = DIRECTION ( 'NONE',  ( 0.000000000000000000, 0.000000000000000000, 1.000000000000000000 ) ) ;
#4027 = CARTESIAN_POINT ( 'NONE',  ( -22.49999999999999289, 11.49999999999999645, 66.43000000000000682 ) ) ;
#4028 = CARTESIAN_POINT ( 'NONE',  ( -12.49999999999986677, 13.00000000000000000, -51.55500000000002814 ) ) ;
#4029 = CONICAL_SURFACE ( 'NONE', #5369, 4.000000000000003553, 0.7853981633974552734 ) ;
#4030 = ORIENTED_EDGE ( 'NONE', *, *, #3718, .T. ) ;
#4031 = VERTEX_POINT ( 'NONE', #2068 ) ;
#4032 = PLANE ( 'NONE',  #1370 ) ;
#4033 = CARTESIAN_POINT ( 'NONE',  ( -12.49999999999995026, 10.99999999999998224, -57.55500000000002103 ) ) ;
#4034 = DIRECTION ( 'NONE',  ( 1.000000000000000000, 0.000000000000000000, 0.000000000000000000 ) ) ;
#4035 = ORIENTED_EDGE ( 'NONE', *, *, #2209, .F. ) ;
#4036 = MECHANICAL_DESIGN_GEOMETRIC_PRESENTATION_REPRESENTATION (  '', ( #2607 ), #1186 ) ;
#4037 = ORIENTED_EDGE ( 'NONE', *, *, #5390, .T. ) ;
#4038 = DIRECTION ( 'NONE',  ( -1.000000000000000000, 0.000000000000000000, 1.324974967330003438E-16 ) ) ;
#4039 = VECTOR ( 'NONE', #3892, 1000.000000000000000 ) ;
#4040 = DIRECTION ( 'NONE',  ( 0.000000000000000000, -1.000000000000000000, 0.000000000000000000 ) ) ;
#4041 = EDGE_CURVE ( 'NONE', #3610, #883, #3461, .T. ) ;
#4042 = LINE ( 'NONE', #4968, #3876 ) ;
#4043 = VECTOR ( 'NONE', #5394, 1000.000000000000000 ) ;
#4044 = CARTESIAN_POINT ( 'NONE',  ( -35.44000000000001194, 13.00000000000001421, -78.55500000000002103 ) ) ;
#4045 = AXIS2_PLACEMENT_3D ( 'NONE', #811, #261, #5276 ) ;
#4046 = VERTEX_POINT ( 'NONE', #5222 ) ;
#4047 = CARTESIAN_POINT ( 'NONE',  ( -22.49999999999999289, 17.00000000000000000, 66.43000000000000682 ) ) ;
#4048 = AXIS2_PLACEMENT_3D ( 'NONE', #971, #4509, #438 ) ;
#4049 = ADVANCED_FACE ( 'NONE', ( #4326 ), #3847, .T. ) ;
#4050 = AXIS2_PLACEMENT_3D ( 'NONE', #5307, #4408, #2679 ) ;
#4051 = DIRECTION ( 'NONE',  ( -0.000000000000000000, 1.000000000000000000, -0.000000000000000000 ) ) ;
#4052 = CARTESIAN_POINT ( 'NONE',  ( -13.29958940190074479, 10.99999999999999112, 30.94036606519267707 ) ) ;
#4053 = CARTESIAN_POINT ( 'NONE',  ( 12.49999999999999645, 11.00000000000000000, 32.55499999999992156 ) ) ;
#4054 = DIRECTION ( 'NONE',  ( 0.000000000000000000, 0.7071067811865491270, -0.7071067811865459074 ) ) ;
#4055 = ORIENTED_EDGE ( 'NONE', *, *, #1555, .F. ) ;
#4056 = CIRCLE ( 'NONE', #1120, 2.125000000000001776 ) ;
#4057 = ORIENTED_EDGE ( 'NONE', *, *, #1487, .F. ) ;
#4058 = VECTOR ( 'NONE', #4306, 1000.000000000000114 ) ;
#4059 = ORIENTED_EDGE ( 'NONE', *, *, #4965, .F. ) ;
#4060 = VECTOR ( 'NONE', #2775, 1000.000000000000000 ) ;
#4061 = CARTESIAN_POINT ( 'NONE',  ( 12.50000000000007816, -59.05500000000003524, 16.49999999999952038 ) ) ;
#4062 = PLANE ( 'NONE',  #3815 ) ;
#4063 = CARTESIAN_POINT ( 'NONE',  ( -12.49999999999984546, 10.99999999999999645, 42.55500000000000682 ) ) ;
#4064 = CARTESIAN_POINT ( 'NONE',  ( 13.47403207297548988, 10.99999999999999467, -52.29339448151836223 ) ) ;
#4065 = ORIENTED_EDGE ( 'NONE', *, *, #3061, .F. ) ;
#4066 = ORIENTED_EDGE ( 'NONE', *, *, #2198, .F. ) ;
#4067 = EDGE_CURVE ( 'NONE', #1518, #1903, #260, .T. ) ;
#4068 = VECTOR ( 'NONE', #4792, 1000.000000000000000 ) ;
#4069 = LINE ( 'NONE', #4395, #4231 ) ;
#4070 = PLANE ( 'NONE',  #843 ) ;
#4071 = EDGE_CURVE ( 'NONE', #1336, #205, #652, .T. ) ;
#4072 = AXIS2_PLACEMENT_3D ( 'NONE', #3057, #4906, #5819 ) ;
#4073 = CARTESIAN_POINT ( 'NONE',  ( -31.44000000000000128, -25.04000000000002046, -22.01500000000018886 ) ) ;
#4074 = ORIENTED_EDGE ( 'NONE', *, *, #5525, .F. ) ;
#4075 = ORIENTED_EDGE ( 'NONE', *, *, #2798, .T. ) ;
#4076 = CIRCLE ( 'NONE', #4655, 4.500000000000017764 ) ;
#4077 = ADVANCED_BREP_SHAPE_REPRESENTATION ( 'BackLid - NoBattery', ( #280, #287 ), #3885 ) ;
#4078 = FACE_OUTER_BOUND ( 'NONE', #3508, .T. ) ;
#4079 = ADVANCED_FACE ( 'NONE', ( #1144 ), #5703, .F. ) ;
#4080 = CARTESIAN_POINT ( 'NONE',  ( -31.43999999999999417, 13.00000000000000000, 54.55499999999999972 ) ) ;
#4081 = B_SPLINE_CURVE_WITH_KNOTS ( 'NONE', 3,
 ( #1423, #2312, #1808, #34, #3233, #5840, #5046, #3588, #4155, #4542, #5462, #905, #5410, #99 ),
 .UNSPECIFIED., .F., .F.,
 ( 4, 2, 2, 2, 2, 2, 4 ),
 ( 3.469446951953614189E-18, 0.0007844752485840059998, 0.001176712872876012686, 0.001568950497168019806, 0.001961188121460026492, 0.002353425745752033178, 0.003137900994336061729 ),
 .UNSPECIFIED. ) ;
#4082 = DIRECTION ( 'NONE',  ( 1.962615573354727771E-16, 0.7071067811865451302, 0.7071067811865499042 ) ) ;
#4083 = EDGE_LOOP ( 'NONE', ( #2154, #2809, #3338, #1261 ) ) ;
#4084 = FACE_OUTER_BOUND ( 'NONE', #1655, .T. ) ;
#4085 = CARTESIAN_POINT ( 'NONE',  ( -12.49999999999997158, 10.99999999999999645, 32.55499999999995708 ) ) ;
#4086 = FACE_OUTER_BOUND ( 'NONE', #4109, .T. ) ;
#4087 = DIRECTION ( 'NONE',  ( 0.000000000000000000, 0.000000000000000000, -1.000000000000000000 ) ) ;
#4088 = PLANE ( 'NONE',  #726 ) ;
#4089 = EDGE_LOOP ( 'NONE', ( #4985, #2332 ) ) ;
#4090 = ORIENTED_EDGE ( 'NONE', *, *, #5516, .F. ) ;
#4091 = EDGE_CURVE ( 'NONE', #4924, #5395, #4734, .T. ) ;
#4092 = DIRECTION ( 'NONE',  ( 0.000000000000000000, 0.000000000000000000, -1.000000000000000000 ) ) ;
#4093 = CARTESIAN_POINT ( 'NONE',  ( -12.49999999999986144, 13.00000000000000000, 41.55500000000000682 ) ) ;
#4094 = DIRECTION ( 'NONE',  ( 1.000000000000000000, -1.037514040655984763E-16, 0.000000000000000000 ) ) ;
#4095 = DIRECTION ( 'NONE',  ( 0.000000000000000000, -0.000000000000000000, -1.000000000000000000 ) ) ;
#4096 = CARTESIAN_POINT ( 'NONE',  ( 26.93999999999998352, 14.99999999999998579, -70.05500000000000682 ) ) ;
#4097 = VERTEX_POINT ( 'NONE', #757 ) ;
#4098 = ORIENTED_EDGE ( 'NONE', *, *, #2518, .F. ) ;
#4099 = FACE_OUTER_BOUND ( 'NONE', #241, .T. ) ;
#4100 = CARTESIAN_POINT ( 'NONE',  ( 33.39000000000000057, 19.99999999999999645, 37.05499999999999261 ) ) ;
#4101 = LINE ( 'NONE', #41, #3120 ) ;
#4102 = AXIS2_PLACEMENT_3D ( 'NONE', #4001, #2216, #2249 ) ;
#4103 = EDGE_LOOP ( 'NONE', ( #4732, #2758, #3333, #4945 ) ) ;
#4104 = ORIENTED_EDGE ( 'NONE', *, *, #5029, .F. ) ;
#4105 = DIRECTION ( 'NONE',  ( -2.312964634635742957E-16, 0.000000000000000000, 1.000000000000000000 ) ) ;
#4106 = EDGE_CURVE ( 'NONE', #1518, #2407, #826, .T. ) ;
#4107 = CARTESIAN_POINT ( 'NONE',  ( -12.49999999999984546, 10.99999999999999645, 42.55500000000000682 ) ) ;
#4108 = EDGE_LOOP ( 'NONE', ( #4938, #3022, #3745, #3463 ) ) ;
#4109 = EDGE_LOOP ( 'NONE', ( #1288, #3691, #393, #5455, #5639, #2636, #2878, #5000, #3381, #4392, #2264, #5782, #3256, #357, #1879, #579 ) ) ;
#4110 = CARTESIAN_POINT ( 'NONE',  ( -12.76239797598388037, 10.99999999999999467, 34.55499999999998550 ) ) ;
#4111 = FACE_OUTER_BOUND ( 'NONE', #2401, .T. ) ;
#4112 = DIRECTION ( 'NONE',  ( 1.000000000000000000, 0.000000000000000000, 0.000000000000000000 ) ) ;
#4113 = CARTESIAN_POINT ( 'NONE',  ( 12.49999999999999822, 10.99999999999999645, 30.55499999999998550 ) ) ;
#4114 = CARTESIAN_POINT ( 'NONE',  ( -22.49999999999998224, 11.00000000000000000, 5.930000000000018368 ) ) ;
#4115 = ORIENTED_EDGE ( 'NONE', *, *, #1322, .T. ) ;
#4116 = EDGE_LOOP ( 'NONE', ( #3945, #1554, #2163, #2765 ) ) ;
#4117 = ORIENTED_EDGE ( 'NONE', *, *, #889, .F. ) ;
#4118 = LINE ( 'NONE', #4665, #2686 ) ;
#4119 = FACE_OUTER_BOUND ( 'NONE', #2658, .T. ) ;
#4120 = LINE ( 'NONE', #4027, #5482 ) ;
#4121 = ADVANCED_FACE ( 'NONE', ( #318 ), #1171, .F. ) ;
#4122 = CARTESIAN_POINT ( 'NONE',  ( 12.50000000000007816, 10.99999999999999645, -53.55500000000004235 ) ) ;
#4123 = EDGE_LOOP ( 'NONE', ( #3493, #3561, #1260, #1720 ) ) ;
#4124 = ORIENTED_EDGE ( 'NONE', *, *, #5248, .T. ) ;
#4125 = ADVANCED_FACE ( 'NONE', ( #2121 ), #414, .F. ) ;
#4126 = LINE ( 'NONE', #2760, #4321 ) ;
#4127 = EDGE_CURVE ( 'NONE', #4447, #4816, #4859, .T. ) ;
#4128 = CARTESIAN_POINT ( 'NONE',  ( -13.37372469124643004, 10.99999999999999467, 39.05123309915100549 ) ) ;
#4129 = ORIENTED_EDGE ( 'NONE', *, *, #26, .T. ) ;
#4130 = VECTOR ( 'NONE', #105, 1000.000000000000000 ) ;
#4131 = ORIENTED_EDGE ( 'NONE', *, *, #1579, .T. ) ;
#4132 = DIRECTION ( 'NONE',  ( 0.000000000000000000, 0.000000000000000000, -1.000000000000000000 ) ) ;
#4133 = CARTESIAN_POINT ( 'NONE',  ( 26.64049541977133728, 13.00000000000000000, 54.55499999999999972 ) ) ;
#4134 = DIRECTION ( 'NONE',  ( -0.000000000000000000, -1.000000000000000000, -0.000000000000000000 ) ) ;
#4135 = AXIS2_PLACEMENT_3D ( 'NONE', #315, #3930, #5303 ) ;
#4136 = EDGE_LOOP ( 'NONE', ( #1321, #3288, #5774, #705 ) ) ;
#4137 = ORIENTED_EDGE ( 'NONE', *, *, #1039, .T. ) ;
#4138 = CARTESIAN_POINT ( 'NONE',  ( 12.50000000000012434, -59.05500000000003524, 114.6099999999995447 ) ) ;
#4139 = AXIS2_PLACEMENT_3D ( 'NONE', #3809, #5634, #3835 ) ;
#4140 = CIRCLE ( 'NONE', #5194, 4.000000000000003553 ) ;
#4141 = DIRECTION ( 'NONE',  ( -0.000000000000000000, -1.000000000000000000, -0.000000000000000000 ) ) ;
#4142 = PLANE ( 'NONE',  #3405 ) ;
#4143 = ADVANCED_FACE ( 'NONE', ( #2149 ), #2232, .F. ) ;
#4144 = AXIS2_PLACEMENT_3D ( 'NONE', #2593, #345, #3047 ) ;
#4145 = CARTESIAN_POINT ( 'NONE',  ( 13.02202945409744927, 10.99999999999999112, 40.44716455368371300 ) ) ;
#4146 = CARTESIAN_POINT ( 'NONE',  ( 26.94000000000000483, 23.00000000000000000, 74.55499999999999261 ) ) ;
#4147 = VERTEX_POINT ( 'NONE', #4020 ) ;
#4148 = VECTOR ( 'NONE', #694, 999.9999999999998863 ) ;
#4149 = EDGE_LOOP ( 'NONE', ( #3693, #497, #3747, #4875 ) ) ;
#4150 = AXIS2_PLACEMENT_3D ( 'NONE', #4591, #463, #1372 ) ;
#4151 = CARTESIAN_POINT ( 'NONE',  ( -31.44000000000000128, 23.00000000000000000, 26.02500000000001990 ) ) ;
#4152 = EDGE_CURVE ( 'NONE', #5123, #5067, #3397, .T. ) ;
#4153 = PLANE ( 'NONE',  #693 ) ;
#4154 = CARTESIAN_POINT ( 'NONE',  ( 35.43999999999998352, 15.00000000000000000, -70.05500000000000682 ) ) ;
#4155 = CARTESIAN_POINT ( 'NONE',  ( 13.47400153435567915, 10.99999999999999645, 35.29335019877646573 ) ) ;
#4156 = VECTOR ( 'NONE', #4410, 1000.000000000000114 ) ;
#4157 = CARTESIAN_POINT ( 'NONE',  ( -21.64049541977133728, 18.00000000000000000, 72.97215427357548378 ) ) ;
#4158 = VECTOR ( 'NONE', #2252, 1000.000000000000000 ) ;
#4159 = ORIENTED_EDGE ( 'NONE', *, *, #3533, .F. ) ;
#4160 = VERTEX_POINT ( 'NONE', #1802 ) ;
#4161 = EDGE_CURVE ( 'NONE', #4427, #399, #3774, .T. ) ;
#4162 = AXIS2_PLACEMENT_3D ( 'NONE', #3880, #1624, #5189 ) ;
#4163 = CIRCLE ( 'NONE', #4918, 6.449999999999997513 ) ;
#4164 = CARTESIAN_POINT ( 'NONE',  ( -12.49999999999990941, 10.99999999999999645, -53.55500000000003524 ) ) ;
#4165 = CARTESIAN_POINT ( 'NONE',  ( -4.685593297436591698, 10.99998799999999832, 76.12268581540126888 ) ) ;
#4166 = ORIENTED_EDGE ( 'NONE', *, *, #4899, .T. ) ;
#4167 = CIRCLE ( 'NONE', #5206, 4.000000000000003553 ) ;
#4168 = ORIENTED_EDGE ( 'NONE', *, *, #1736, .F. ) ;
#4169 = LINE ( 'NONE', #111, #4991 ) ;
#4170 = CIRCLE ( 'NONE', #2360, 4.000000000000003553 ) ;
#4171 = FACE_BOUND ( 'NONE', #1349, .T. ) ;
#4172 = DIRECTION ( 'NONE',  ( -0.000000000000000000, -1.000000000000000000, -0.000000000000000000 ) ) ;
#4173 = ORIENTED_EDGE ( 'NONE', *, *, #1068, .F. ) ;
#4174 = EDGE_LOOP ( 'NONE', ( #2, #4786, #541, #1920 ) ) ;
#4175 = AXIS2_PLACEMENT_3D ( 'NONE', #4904, #4936, #2640 ) ;
#4176 = CARTESIAN_POINT ( 'NONE',  ( -26.63995126535550284, 19.35000000000000142, -44.55490477169965402 ) ) ;
#4177 = DIRECTION ( 'NONE',  ( 1.000000000000000000, 0.000000000000000000, 0.000000000000000000 ) ) ;
#4178 = DIRECTION ( 'NONE',  ( 0.000000000000000000, -0.7071067811865451302, -0.7071067811865499042 ) ) ;
#4179 = CARTESIAN_POINT ( 'NONE',  ( 31.43999999999999417, 22.35000000000000142, -39.55490477169965402 ) ) ;
#4180 = ORIENTED_EDGE ( 'NONE', *, *, #2191, .T. ) ;
#4181 = ORIENTED_EDGE ( 'NONE', *, *, #1280, .F. ) ;
#4182 = CARTESIAN_POINT ( 'NONE',  ( 26.63995126535550284, 13.00000000000000000, -44.55490477169965402 ) ) ;
#4183 = PLANE ( 'NONE',  #2225 ) ;
#4184 = CARTESIAN_POINT ( 'NONE',  ( -26.94000000000001194, 13.00000000000001421, -78.55500000000002103 ) ) ;
#4185 = CARTESIAN_POINT ( 'NONE',  ( 26.94000000000000483, 23.00000000000000000, 70.05500000000000682 ) ) ;
#4186 = ORIENTED_EDGE ( 'NONE', *, *, #748, .F. ) ;
#4187 = DIRECTION ( 'NONE',  ( 0.000000000000000000, 0.000000000000000000, 1.000000000000000000 ) ) ;
#4188 = ORIENTED_EDGE ( 'NONE', *, *, #5377, .T. ) ;
#4189 = ORIENTED_EDGE ( 'NONE', *, *, #4583, .F. ) ;
#4190 = DIRECTION ( 'NONE',  ( -0.000000000000000000, 0.7071067811865451302, 0.7071067811865499042 ) ) ;
#4191 = LINE ( 'NONE', #3331, #1799 ) ;
#4192 = CARTESIAN_POINT ( 'NONE',  ( -5.502198252831517422, 10.99998800000000010, 72.01733547367871324 ) ) ;
#4193 = VERTEX_POINT ( 'NONE', #1345 ) ;
#4194 = ORIENTED_EDGE ( 'NONE', *, *, #4893, .T. ) ;
#4195 = DIRECTION ( 'NONE',  ( -0.000000000000000000, -1.000000000000000000, -0.000000000000000000 ) ) ;
#4196 = CARTESIAN_POINT ( 'NONE',  ( 14.50000000000006750, 12.99999999999999645, -57.55500000000001393 ) ) ;
#4197 = CARTESIAN_POINT ( 'NONE',  ( -14.49999999999985079, 10.99999999999999645, 42.55499999999997840 ) ) ;
#4198 = EDGE_CURVE ( 'NONE', #214, #4232, #5841, .T. ) ;
#4199 = ORIENTED_EDGE ( 'NONE', *, *, #5741, .F. ) ;
#4200 = ORIENTED_EDGE ( 'NONE', *, *, #3812, .F. ) ;
#4201 = EDGE_CURVE ( 'NONE', #3650, #2736, #898, .T. ) ;
#4202 = DIRECTION ( 'NONE',  ( -1.000000000000000000, 0.000000000000000000, 0.000000000000000000 ) ) ;
#4203 = CARTESIAN_POINT ( 'NONE',  ( -26.63995126535550284, 11.00000000000000000, -49.55490477169973218 ) ) ;
#4204 = EDGE_CURVE ( 'NONE', #4953, #908, #4500, .T. ) ;
#4205 = VECTOR ( 'NONE', #3738, 1000.000000000000000 ) ;
#4206 = CARTESIAN_POINT ( 'NONE',  ( 13.37372469124662011, 10.99999999999999645, 40.05876690084894420 ) ) ;
#4207 = DIRECTION ( 'NONE',  ( 1.485738470610355279E-16, 0.000000000000000000, 1.000000000000000000 ) ) ;
#4208 = VERTEX_POINT ( 'NONE', #2242 ) ;
#4209 = ORIENTED_EDGE ( 'NONE', *, *, #5279, .F. ) ;
#4210 = ADVANCED_FACE ( 'NONE', ( #3995 ), #4563, .T. ) ;
#4211 = CARTESIAN_POINT ( 'NONE',  ( -12.49999999999987388, 12.99999999999999822, -49.55500000000002814 ) ) ;
#4212 = DIRECTION ( 'NONE',  ( 8.659560562354994488E-17, -0.7071067811865425767, 0.7071067811865525687 ) ) ;
#4213 = DIRECTION ( 'NONE',  ( -1.324974967330003438E-16, -0.000000000000000000, -1.000000000000000000 ) ) ;
#4214 = DIRECTION ( 'NONE',  ( 0.000000000000000000, -0.7071067811865530128, -0.7071067811865420216 ) ) ;
#4215 = CARTESIAN_POINT ( 'NONE',  ( -12.49999999999997158, 13.00000000000000000, 30.55499999999997485 ) ) ;
#4216 = ORIENTED_EDGE ( 'NONE', *, *, #1124, .F. ) ;
#4217 = CARTESIAN_POINT ( 'NONE',  ( 13.29958940190077143, 10.99999999999999289, -59.94036606519274102 ) ) ;
#4218 = ORIENTED_EDGE ( 'NONE', *, *, #2414, .T. ) ;
#4219 = ORIENTED_EDGE ( 'NONE', *, *, #4152, .T. ) ;
#4220 = VECTOR ( 'NONE', #593, 1000.000000000000000 ) ;
#4221 = LINE ( 'NONE', #3680, #1760 ) ;
#4222 = CARTESIAN_POINT ( 'NONE',  ( -31.44000000000000838, 19.99999999999999645, 23.02500000000000213 ) ) ;
#4223 = EDGE_CURVE ( 'NONE', #4398, #1745, #5426, .T. ) ;
#4224 = FACE_OUTER_BOUND ( 'NONE', #142, .T. ) ;
#4225 = EDGE_LOOP ( 'NONE', ( #2412, #4373, #5533, #3346 ) ) ;
#4226 = DIRECTION ( 'NONE',  ( 0.000000000000000000, -0.7071067811865499042, 0.7071067811865451302 ) ) ;
#4227 = CARTESIAN_POINT ( 'NONE',  ( -12.49999999999995026, -59.05500000000003524, 14.49999999999951328 ) ) ;
#4228 = EDGE_CURVE ( 'NONE', #2387, #1336, #2712, .T. ) ;
#4229 = CARTESIAN_POINT ( 'NONE',  ( -14.49999999999985079, 12.99999999999999822, 40.55499999999998550 ) ) ;
#4230 = ORIENTED_EDGE ( 'NONE', *, *, #29, .T. ) ;
#4231 = VECTOR ( 'NONE', #5414, 1000.000000000000000 ) ;
#4232 = VERTEX_POINT ( 'NONE', #4113 ) ;
#4233 = CARTESIAN_POINT ( 'NONE',  ( -13.47400153435559034, 10.99999999999999467, -56.29335019877656521 ) ) ;
#4234 = ADVANCED_FACE ( 'NONE', ( #4531 ), #5856, .F. ) ;
#4235 = CIRCLE ( 'NONE', #4615, 0.9999999999999870104 ) ;
#4236 = CARTESIAN_POINT ( 'NONE',  ( -12.49999999999986677, 10.99999999999999645, -49.55500000000004235 ) ) ;
#4237 = CARTESIAN_POINT ( 'NONE',  ( -26.93999999999999773, 23.00000000000000000, 70.05500000000000682 ) ) ;
#4238 = CARTESIAN_POINT ( 'NONE',  ( 13.47400153435568093, 10.99999999999999645, -56.81664980122352659 ) ) ;
#4239 = ORIENTED_EDGE ( 'NONE', *, *, #2798, .F. ) ;
#4240 = CONICAL_SURFACE ( 'NONE', #2801, 2.124999999999999112, 0.7853981633974405074 ) ;
#4241 = ORIENTED_EDGE ( 'NONE', *, *, #866, .T. ) ;
#4242 = FACE_OUTER_BOUND ( 'NONE', #4695, .T. ) ;
#4243 = DIRECTION ( 'NONE',  ( 0.000000000000000000, -1.000000000000000000, 0.000000000000000000 ) ) ;
#4244 = CARTESIAN_POINT ( 'NONE',  ( -26.64049541977133728, 33.66370849898476791, 63.55499999999999972 ) ) ;
#4245 = DIRECTION ( 'NONE',  ( 8.659560562354861368E-17, -0.7071067811865533459, 0.7071067811865416886 ) ) ;
#4246 = CARTESIAN_POINT ( 'NONE',  ( 26.64049541977133728, 22.35000000000000142, 57.95499999999998408 ) ) ;
#4247 = ORIENTED_EDGE ( 'NONE', *, *, #2572, .F. ) ;
#4248 = AXIS2_PLACEMENT_3D ( 'NONE', #254, #5696, #5773 ) ;
#4249 = EDGE_LOOP ( 'NONE', ( #3800, #1489, #390, #3946, #3030, #5697, #3473, #1347, #4037, #3086, #4567 ) ) ;
#4250 = CONICAL_SURFACE ( 'NONE', #447, 2.125000000000001776, 0.7853981633974400633 ) ;
#4251 = CONICAL_SURFACE ( 'NONE', #1014, 2.124999999999999112, 0.7853981633974405074 ) ;
#4252 = CARTESIAN_POINT ( 'NONE',  ( -33.39000000000001478, -152.0796411894638993, -70.05500000000002103 ) ) ;
#4253 = LINE ( 'NONE', #3644, #751 ) ;
#4254 = AXIS2_PLACEMENT_3D ( 'NONE', #1412, #1889, #3696 ) ;
#4255 = ORIENTED_EDGE ( 'NONE', *, *, #3507, .T. ) ;
#4256 = AXIS2_PLACEMENT_3D ( 'NONE', #4185, #3733, #618 ) ;
#4257 = CIRCLE ( 'NONE', #2065, 1.600000000000011191 ) ;
#4258 = EDGE_CURVE ( 'NONE', #4846, #5705, #25, .T. ) ;
#4259 = VECTOR ( 'NONE', #3282, 1000.000000000000000 ) ;
#4260 = CARTESIAN_POINT ( 'NONE',  ( -9.999999999999998224, 13.00000000000000000, 67.55499999999999261 ) ) ;
#4261 = VERTEX_POINT ( 'NONE', #1740 ) ;
#4262 = ORIENTED_EDGE ( 'NONE', *, *, #5177, .F. ) ;
#4263 = CIRCLE ( 'NONE', #5775, 1.999999999999946265 ) ;
#4264 = DIRECTION ( 'NONE',  ( 1.000000000000000000, 0.000000000000000000, 0.000000000000000000 ) ) ;
#4265 = ADVANCED_FACE ( 'NONE', ( #54 ), #1855, .F. ) ;
#4266 = CARTESIAN_POINT ( 'NONE',  ( 33.44000000000001194, 10.99999999999999645, 102.7499030347822639 ) ) ;
#4267 = CARTESIAN_POINT ( 'NONE',  ( 12.50000000000008171, 10.99999999999999645, 38.55500000000000682 ) ) ;
#4268 = AXIS2_PLACEMENT_3D ( 'NONE', #2604, #3531, #4872 ) ;
#4269 = DIRECTION ( 'NONE',  ( 0.000000000000000000, 0.000000000000000000, -1.000000000000000000 ) ) ;
#4270 = ORIENTED_EDGE ( 'NONE', *, *, #3229, .T. ) ;
#4271 = ORIENTED_EDGE ( 'NONE', *, *, #3504, .F. ) ;
#4272 = CARTESIAN_POINT ( 'NONE',  ( -5.000000000000002665, 13.00000000000000000, 78.00500000000000966 ) ) ;
#4273 = CARTESIAN_POINT ( 'NONE',  ( -13.00000000000000533, 23.00000000000000000, 74.55499999999999261 ) ) ;
#4274 = CARTESIAN_POINT ( 'NONE',  ( 31.43999999999999417, 22.35000000000000142, -49.55490477169965402 ) ) ;
#4275 = DIRECTION ( 'NONE',  ( -0.000000000000000000, -1.000000000000000000, -0.000000000000000000 ) ) ;
#4276 = CARTESIAN_POINT ( 'NONE',  ( -9.999999999999998224, 23.00000000000000000, 67.55499999999999261 ) ) ;
#4277 = ORIENTED_EDGE ( 'NONE', *, *, #5377, .F. ) ;
#4278 = ORIENTED_EDGE ( 'NONE', *, *, #4547, .T. ) ;
#4279 = EDGE_CURVE ( 'NONE', #4681, #3883, #5105, .T. ) ;
#4280 = CARTESIAN_POINT ( 'NONE',  ( 13.00000000000000533, 23.00000000000000000, 74.55499999999999261 ) ) ;
#4281 = CARTESIAN_POINT ( 'NONE',  ( -12.49999999999984546, -59.05500000000003524, 112.6099999999995731 ) ) ;
#4282 = EDGE_CURVE ( 'NONE', #4414, #1038, #4056, .T. ) ;
#4283 = CARTESIAN_POINT ( 'NONE',  ( -21.64049541977133728, 22.35000000000000142, 74.55499999999999261 ) ) ;
#4284 = ORIENTED_EDGE ( 'NONE', *, *, #481, .F. ) ;
#4285 = DIRECTION ( 'NONE',  ( 0.000000000000000000, -1.000000000000000000, 0.000000000000000000 ) ) ;
#4286 = CARTESIAN_POINT ( 'NONE',  ( -12.49999999999986144, 12.99999999999999822, 42.55499999999999261 ) ) ;
#4287 = ORIENTED_EDGE ( 'NONE', *, *, #3812, .T. ) ;
#4288 = ADVANCED_FACE ( 'NONE', ( #4119 ), #3098, .F. ) ;
#4289 = CARTESIAN_POINT ( 'NONE',  ( -35.44000000000001194, 15.00000000000000000, -78.55500000000002103 ) ) ;
#4290 = CARTESIAN_POINT ( 'NONE',  ( -31.43999999999999417, 22.35000000000000142, -49.55490477169965402 ) ) ;
#4291 = LINE ( 'NONE', #2808, #1672 ) ;
#4292 = CIRCLE ( 'NONE', #1923, 6.449999999999997513 ) ;
#4293 = ORIENTED_EDGE ( 'NONE', *, *, #4811, .T. ) ;
#4294 = DIRECTION ( 'NONE',  ( 0.000000000000000000, -1.000000000000000000, 0.000000000000000000 ) ) ;
#4295 = LINE ( 'NONE', #1538, #2466 ) ;
#4296 = CARTESIAN_POINT ( 'NONE',  ( -26.64049541977133728, 0.000000000000000000, 59.55499999999999972 ) ) ;
#4297 = DIRECTION ( 'NONE',  ( -0.000000000000000000, 0.7071067811865499042, -0.7071067811865451302 ) ) ;
#4298 = CARTESIAN_POINT ( 'NONE',  ( -33.39000000000001478, 5.056911948494057896, 13.27499999999999503 ) ) ;
#4299 = FACE_OUTER_BOUND ( 'NONE', #2850, .T. ) ;
#4300 = ORIENTED_EDGE ( 'NONE', *, *, #38, .F. ) ;
#4301 = VERTEX_POINT ( 'NONE', #5045 ) ;
#4302 = ADVANCED_FACE ( 'NONE', ( #33 ), #2372, .T. ) ;
#4303 = ADVANCED_FACE ( 'NONE', ( #3671 ), #98, .T. ) ;
#4304 = CARTESIAN_POINT ( 'NONE',  ( -31.43999999999999417, 22.35000000000000142, -39.55490477169965402 ) ) ;
#4305 = DIRECTION ( 'NONE',  ( 0.000000000000000000, 0.000000000000000000, 1.000000000000000000 ) ) ;
#4306 = DIRECTION ( 'NONE',  ( -0.000000000000000000, 0.7071067811865499042, -0.7071067811865451302 ) ) ;
#4307 = ORIENTED_EDGE ( 'NONE', *, *, #1075, .T. ) ;
#4308 = EDGE_CURVE ( 'NONE', #5843, #3498, #3204, .T. ) ;
#4309 = LINE ( 'NONE', #1610, #1851 ) ;
#4310 = DIRECTION ( 'NONE',  ( 0.000000000000000000, -0.7071067811865499042, 0.7071067811865451302 ) ) ;
#4311 = EDGE_LOOP ( 'NONE', ( #2411, #4512, #373, #5249 ) ) ;
#4312 = FACE_OUTER_BOUND ( 'NONE', #3985, .T. ) ;
#4313 =( BOUNDED_SURFACE ( )  B_SPLINE_SURFACE ( 3, 1, ( 
 ( #3273, #2883 ),
 ( #1881, #4196 ),
 ( #4613, #1494 ),
 ( #3777, #1846 ) ),
 .UNSPECIFIED., .F., .F., .T. ) 
 B_SPLINE_SURFACE_WITH_KNOTS ( ( 4, 4 ),
 ( 2, 2 ),
 ( 0.000000000000000000, 1.000000000000000000 ),
 ( 0.000000000000000000, 1.000000000000000000 ),
 .UNSPECIFIED. ) 
 GEOMETRIC_REPRESENTATION_ITEM ( )  RATIONAL_B_SPLINE_SURFACE ( (
 ( 1.000000000000000000, 1.000000000000000000),
 ( 0.3333333333333269866, 0.3333333333333269866),
 ( 0.3333333333333269866, 0.3333333333333269866),
 ( 1.000000000000000000, 1.000000000000000000) ) ) 
 REPRESENTATION_ITEM ( '' )  SURFACE ( )  );
#4314 = DIRECTION ( 'NONE',  ( 0.000000000000000000, -1.000000000000000000, 0.000000000000000000 ) ) ;
#4315 = CARTESIAN_POINT ( 'NONE',  ( -13.29958940190063998, 10.99999999999999289, -49.16963393480733657 ) ) ;
#4316 = AXIS2_PLACEMENT_3D ( 'NONE', #1873, #4190, #4577 ) ;
#4317 = PLANE ( 'NONE',  #5393 ) ;
#4318 = CARTESIAN_POINT ( 'NONE',  ( -6.499999999999999112, 23.00000000000000000, 76.50500000000000966 ) ) ;
#4319 = ORIENTED_EDGE ( 'NONE', *, *, #3249, .T. ) ;
#4320 = EDGE_CURVE ( 'NONE', #3555, #116, #5461, .T. ) ;
#4321 = VECTOR ( 'NONE', #508, 1000.000000000000000 ) ;
#4322 = CARTESIAN_POINT ( 'NONE',  ( -26.63995126535550284, 33.66370849898476791, -40.55490477169965402 ) ) ;
#4323 = EDGE_CURVE ( 'NONE', #198, #4617, #3232, .T. ) ;
#4324 = CARTESIAN_POINT ( 'NONE',  ( 33.38999999999999346, 23.00000000000000000, -37.94500000000002160 ) ) ;
#4325 = CARTESIAN_POINT ( 'NONE',  ( -21.64049541977133728, 13.00000000000000000, 74.55499999999999261 ) ) ;
#4326 = FACE_OUTER_BOUND ( 'NONE', #1790, .T. ) ;
#4327 = CARTESIAN_POINT ( 'NONE',  ( 33.38999999999999346, 14.99999999999998579, 70.05500000000000682 ) ) ;
#4328 = ORIENTED_EDGE ( 'NONE', *, *, #5396, .T. ) ;
#4329 = ORIENTED_EDGE ( 'NONE', *, *, #1040, .F. ) ;
#4330 = EDGE_CURVE ( 'NONE', #1921, #1031, #1863, .T. ) ;
#4331 = AXIS2_PLACEMENT_3D ( 'NONE', #2673, #4521, #5823 ) ;
#4332 = EDGE_CURVE ( 'NONE', #1911, #3414, #3731, .T. ) ;
#4333 = DIRECTION ( 'NONE',  ( -0.000000000000000000, -1.000000000000000000, -0.000000000000000000 ) ) ;
#4334 = CARTESIAN_POINT ( 'NONE',  ( 15.04050172409921515, 13.00000000000000000, 64.94780718755065152 ) ) ;
#4335 = CIRCLE ( 'NONE', #4997, 1.000000000000000888 ) ;
#4336 = DIRECTION ( 'NONE',  ( -0.000000000000000000, -1.000000000000000000, -0.000000000000000000 ) ) ;
#4337 = CIRCLE ( 'NONE', #3096, 0.9999999999999940048 ) ;
#4338 = ORIENTED_EDGE ( 'NONE', *, *, #2307, .T. ) ;
#4339 = EDGE_CURVE ( 'NONE', #4378, #4891, #567, .T. ) ;
#4340 = AXIS2_PLACEMENT_3D ( 'NONE', #3611, #5837, #5371 ) ;
#4341 = VECTOR ( 'NONE', #4051, 1000.000000000000000 ) ;
#4342 = LINE ( 'NONE', #714, #895 ) ;
#4343 = DIRECTION ( 'NONE',  ( -1.000000000000000000, 0.000000000000000000, -1.957927173788721102E-16 ) ) ;
#4344 = ORIENTED_EDGE ( 'NONE', *, *, #1340, .T. ) ;
#4345 = AXIS2_PLACEMENT_3D ( 'NONE', #781, #2096, #5670 ) ;
#4346 = VECTOR ( 'NONE', #1667, 1000.000000000000000 ) ;
#4347 = EDGE_CURVE ( 'NONE', #3883, #236, #4600, .T. ) ;
#4348 = CIRCLE ( 'NONE', #561, 2.124999999999998224 ) ;
#4349 = LINE ( 'NONE', #5800, #3572 ) ;
#4350 = CARTESIAN_POINT ( 'NONE',  ( -13.50000354745517761, 10.99999999999999645, -48.42427622551530675 ) ) ;
#4351 = LINE ( 'NONE', #3040, #4346 ) ;
#4352 = CARTESIAN_POINT ( 'NONE',  ( 6.500000000000000000, 23.00000000000000000, 67.55499999999999261 ) ) ;
#4353 = VERTEX_POINT ( 'NONE', #1450 ) ;
#4354 = AXIS2_PLACEMENT_3D ( 'NONE', #5661, #3871, #202 ) ;
#4355 = CARTESIAN_POINT ( 'NONE',  ( 15.04050172409921515, 19.50000000000000000, 59.78393958836383604 ) ) ;
#4356 = VECTOR ( 'NONE', #3982, 1000.000000000000000 ) ;
#4357 = DIRECTION ( 'NONE',  ( 0.000000000000000000, 0.000000000000000000, 1.000000000000000000 ) ) ;
#4358 = CARTESIAN_POINT ( 'NONE',  ( 12.50000000000012434, 10.99999999999999645, 42.55500000000000682 ) ) ;
#4359 = CARTESIAN_POINT ( 'NONE',  ( -14.49999999999990763, 10.99999999999996803, 40.55499999999999261 ) ) ;
#4360 = FACE_OUTER_BOUND ( 'NONE', #1175, .T. ) ;
#4361 = ORIENTED_EDGE ( 'NONE', *, *, #1327, .F. ) ;
#4362 = ORIENTED_EDGE ( 'NONE', *, *, #2001, .T. ) ;
#4363 = CIRCLE ( 'NONE', #5607, 4.500000000000001776 ) ;
#4364 = EDGE_CURVE ( 'NONE', #4726, #3791, #95, .T. ) ;
#4365 = FACE_OUTER_BOUND ( 'NONE', #978, .T. ) ;
#4366 = CARTESIAN_POINT ( 'NONE',  ( -26.63995126535550284, 22.35000000000000142, -44.55490477169965402 ) ) ;
#4367 = CARTESIAN_POINT ( 'NONE',  ( -14.49999999999995737, 10.99999999999996803, 36.55499999999998550 ) ) ;
#4368 = EDGE_LOOP ( 'NONE', ( #4841, #4582, #3973, #4186 ) ) ;
#4369 = ORIENTED_EDGE ( 'NONE', *, *, #5081, .F. ) ;
#4370 = VECTOR ( 'NONE', #4698, 1000.000000000000000 ) ;
#4371 = LINE ( 'NONE', #4763, #5828 ) ;
#4372 = CARTESIAN_POINT ( 'NONE',  ( 26.64049541977133728, 19.35000000000000142, 59.55499999999999972 ) ) ;
#4373 = ORIENTED_EDGE ( 'NONE', *, *, #1677, .F. ) ;
#4374 = DIRECTION ( 'NONE',  ( -0.000000000000000000, -1.000000000000000000, -0.000000000000000000 ) ) ;
#4375 = CARTESIAN_POINT ( 'NONE',  ( 2.749771129515611090, 10.99999399999999916, 76.75373526184699813 ) ) ;
#4376 = DIRECTION ( 'NONE',  ( -0.000000000000000000, 0.7071067811865499042, -0.7071067811865451302 ) ) ;
#4377 = CYLINDRICAL_SURFACE ( 'NONE', #4422, 4.500000000000017764 ) ;
#4378 = VERTEX_POINT ( 'NONE', #4184 ) ;
#4379 = EDGE_CURVE ( 'NONE', #5466, #3414, #2336, .T. ) ;
#4380 = DIRECTION ( 'NONE',  ( 1.000000000000000000, 0.000000000000000000, 0.000000000000000000 ) ) ;
#4381 = EDGE_CURVE ( 'NONE', #3534, #4556, #2397, .T. ) ;
#4382 = DIRECTION ( 'NONE',  ( -0.000000000000000000, 0.7071067811865499042, -0.7071067811865451302 ) ) ;
#4383 = CARTESIAN_POINT ( 'NONE',  ( 33.44000000000001194, 10.99999999999999645, 102.7499030347822639 ) ) ;
#4384 = DIRECTION ( 'NONE',  ( -0.7071067811865451302, 0.7071067811865500152, 0.000000000000000000 ) ) ;
#4385 = DIRECTION ( 'NONE',  ( -0.000000000000000000, -1.000000000000000000, -0.000000000000000000 ) ) ;
#4386 = ORIENTED_EDGE ( 'NONE', *, *, #4041, .T. ) ;
#4387 = ORIENTED_EDGE ( 'NONE', *, *, #2237, .F. ) ;
#4388 = EDGE_CURVE ( 'NONE', #815, #3034, #1382, .T. ) ;
#4389 = LINE ( 'NONE', #4304, #4725 ) ;
#4390 = CARTESIAN_POINT ( 'NONE',  ( 26.63995126535550284, 19.35000000000000142, -44.55490477169965402 ) ) ;
#4391 = CARTESIAN_POINT ( 'NONE',  ( 12.50000000000012079, 13.00000000000000000, -51.55500000000002814 ) ) ;
#4392 = ORIENTED_EDGE ( 'NONE', *, *, #5437, .F. ) ;
#4393 = ORIENTED_EDGE ( 'NONE', *, *, #66, .T. ) ;
#4394 = EDGE_CURVE ( 'NONE', #4782, #2470, #5397, .T. ) ;
#4395 = CARTESIAN_POINT ( 'NONE',  ( -22.49999999999999289, 11.49999999999999645, 70.68000000000000682 ) ) ;
#4396 = EDGE_CURVE ( 'NONE', #560, #3622, #4167, .T. ) ;
#4397 = FACE_OUTER_BOUND ( 'NONE', #4604, .T. ) ;
#4398 = VERTEX_POINT ( 'NONE', #4690 ) ;
#4399 = ORIENTED_EDGE ( 'NONE', *, *, #3249, .F. ) ;
#4400 = CARTESIAN_POINT ( 'NONE',  ( -33.39000000000001478, 15.00000000000000000, 13.27499999999999503 ) ) ;
#4401 = ADVANCED_FACE ( 'NONE', ( #2984 ), #3460, .T. ) ;
#4402 = CARTESIAN_POINT ( 'NONE',  ( 22.50000000000001066, 17.00000000000000000, 8.555000000000006821 ) ) ;
#4403 = CARTESIAN_POINT ( 'NONE',  ( 22.50000000000001066, 18.00000000000000000, 8.555000000000006821 ) ) ;
#4404 = DIRECTION ( 'NONE',  ( 0.000000000000000000, -1.000000000000000000, 0.000000000000000000 ) ) ;
#4405 = ORIENTED_EDGE ( 'NONE', *, *, #5177, .T. ) ;
#4406 = EDGE_CURVE ( 'NONE', #2606, #1663, #3410, .T. ) ;
#4407 = FACE_OUTER_BOUND ( 'NONE', #332, .T. ) ;
#4408 = DIRECTION ( 'NONE',  ( -0.000000000000000000, 1.000000000000000000, -0.000000000000000000 ) ) ;
#4409 = LINE ( 'NONE', #4444, #368 ) ;
#4410 = DIRECTION ( 'NONE',  ( 0.000000000000000000, -0.7071067811865530128, -0.7071067811865420216 ) ) ;
#4411 = VERTEX_POINT ( 'NONE', #5725 ) ;
#4412 = DIRECTION ( 'NONE',  ( -0.000000000000000000, 0.7071067811865499042, -0.7071067811865451302 ) ) ;
#4413 = VERTEX_POINT ( 'NONE', #1117 ) ;
#4414 = VERTEX_POINT ( 'NONE', #4799 ) ;
#4415 = VECTOR ( 'NONE', #1181, 1000.000000000000000 ) ;
#4416 = EDGE_CURVE ( 'NONE', #3727, #3979, #3491, .T. ) ;
#4417 = CARTESIAN_POINT ( 'NONE',  ( -15.04050172409921515, 13.00000000000000000, 54.62007198917702766 ) ) ;
#4418 = LINE ( 'NONE', #1325, #3810 ) ;
#4419 = CARTESIAN_POINT ( 'NONE',  ( 2.749771129515610646, 13.00000000000000000, 73.60373526184702087 ) ) ;
#4420 = ORIENTED_EDGE ( 'NONE', *, *, #189, .T. ) ;
#4421 = ORIENTED_EDGE ( 'NONE', *, *, #1654, .F. ) ;
#4422 = AXIS2_PLACEMENT_3D ( 'NONE', #3431, #2115, #3514 ) ;
#4423 = FACE_OUTER_BOUND ( 'NONE', #864, .T. ) ;
#4424 = CARTESIAN_POINT ( 'NONE',  ( -14.50000000000000355, 10.99999999999998224, -59.55500000000002814 ) ) ;
#4425 = AXIS2_PLACEMENT_3D ( 'NONE', #2748, #5454, #964 ) ;
#4426 = CARTESIAN_POINT ( 'NONE',  ( 21.64049541977133728, 18.00000000000000000, 72.97215427357548378 ) ) ;
#4427 = VERTEX_POINT ( 'NONE', #179 ) ;
#4428 = AXIS2_PLACEMENT_3D ( 'NONE', #5708, #352, #5678 ) ;
#4429 = EDGE_CURVE ( 'NONE', #2090, #2197, #4777, .T. ) ;
#4430 = VECTOR ( 'NONE', #3904, 1000.000000000000000 ) ;
#4431 = ORIENTED_EDGE ( 'NONE', *, *, #5492, .F. ) ;
#4432 = CARTESIAN_POINT ( 'NONE',  ( 21.64049541977133373, 13.00000000000000000, 59.55499999999999972 ) ) ;
#4433 = AXIS2_PLACEMENT_3D ( 'NONE', #3138, #2721, #1326 ) ;
#4434 = DIRECTION ( 'NONE',  ( 0.000000000000000000, 0.000000000000000000, 1.000000000000000000 ) ) ;
#4435 = AXIS2_PLACEMENT_3D ( 'NONE', #2003, #3813, #1558 ) ;
#4436 = LINE ( 'NONE', #1277, #554 ) ;
#4437 = CARTESIAN_POINT ( 'NONE',  ( -31.44000000000000838, 13.00000000000000000, -70.05500000000002103 ) ) ;
#4438 = VERTEX_POINT ( 'NONE', #2459 ) ;
#4439 = ADVANCED_FACE ( 'NONE', ( #4720 ), #3905, .F. ) ;
#4440 = AXIS2_PLACEMENT_3D ( 'NONE', #5831, #2208, #1769 ) ;
#4441 = DIRECTION ( 'NONE',  ( 0.000000000000000000, -1.000000000000000000, 0.000000000000000000 ) ) ;
#4442 = VECTOR ( 'NONE', #3140, 1000.000000000000000 ) ;
#4443 = CARTESIAN_POINT ( 'NONE',  ( -22.49999999999998224, 11.49999999999999645, 8.555000000000006821 ) ) ;
#4444 = CARTESIAN_POINT ( 'NONE',  ( -33.39000000000001478, 23.00000000000000000, -70.05500000000002103 ) ) ;
#4445 = DIRECTION ( 'NONE',  ( 0.000000000000000000, 0.000000000000000000, 1.000000000000000000 ) ) ;
#4446 = CIRCLE ( 'NONE', #3111, 2.124999999999999112 ) ;
#4447 = VERTEX_POINT ( 'NONE', #1563 ) ;
#4448 = CARTESIAN_POINT ( 'NONE',  ( -12.49999999999997158, -59.05500000000003524, 102.6099999999995163 ) ) ;
#4449 = EDGE_LOOP ( 'NONE', ( #2170, #2626, #1829, #184 ) ) ;
#4450 = ORIENTED_EDGE ( 'NONE', *, *, #3921, .F. ) ;
#4451 = VECTOR ( 'NONE', #1156, 1000.000000000000114 ) ;
#4452 = DIRECTION ( 'NONE',  ( 0.000000000000000000, -1.000000000000000000, 0.000000000000000000 ) ) ;
#4453 = DIRECTION ( 'NONE',  ( -0.000000000000000000, 1.000000000000000000, -0.000000000000000000 ) ) ;
#4454 = ADVANCED_FACE ( 'NONE', ( #3374 ), #2506, .T. ) ;
#4455 = DIRECTION ( 'NONE',  ( 1.485738470610355279E-16, 0.000000000000000000, 1.000000000000000000 ) ) ;
#4456 = ORIENTED_EDGE ( 'NONE', *, *, #2456, .T. ) ;
#4457 = AXIS2_PLACEMENT_3D ( 'NONE', #362, #3950, #4463 ) ;
#4458 = ORIENTED_EDGE ( 'NONE', *, *, #4749, .T. ) ;
#4459 = EDGE_CURVE ( 'NONE', #1712, #1529, #2067, .T. ) ;
#4460 = FACE_OUTER_BOUND ( 'NONE', #1986, .T. ) ;
#4461 = EDGE_CURVE ( 'NONE', #3209, #5789, #4348, .T. ) ;
#4462 = CARTESIAN_POINT ( 'NONE',  ( -14.49999999999995737, 10.99999999999998224, -57.55500000000003524 ) ) ;
#4463 = DIRECTION ( 'NONE',  ( 0.000000000000000000, 0.000000000000000000, 1.000000000000000000 ) ) ;
#4464 = VERTEX_POINT ( 'NONE', #675 ) ;
#4465 = ORIENTED_EDGE ( 'NONE', *, *, #4461, .T. ) ;
#4466 = EDGE_CURVE ( 'NONE', #174, #2341, #3794, .T. ) ;
#4467 = CARTESIAN_POINT ( 'NONE',  ( -31.44000000000000838, 19.99999999999999645, 13.27499999999999503 ) ) ;
#4468 = CARTESIAN_POINT ( 'NONE',  ( -26.64049541977133728, 22.35000000000000142, 57.95499999999998408 ) ) ;
#4469 = FACE_OUTER_BOUND ( 'NONE', #2659, .T. ) ;
#4470 = DIRECTION ( 'NONE',  ( 0.000000000000000000, 0.000000000000000000, 1.000000000000000000 ) ) ;
#4471 = ORIENTED_EDGE ( 'NONE', *, *, #4749, .F. ) ;
#4472 = EDGE_CURVE ( 'NONE', #3162, #1268, #1457, .T. ) ;
#4473 = FACE_BOUND ( 'NONE', #69, .T. ) ;
#4474 = PLANE ( 'NONE',  #4628 ) ;
#4475 = CARTESIAN_POINT ( 'NONE',  ( -13.49999645180840169, 10.99999999999999645, 31.42422195708264354 ) ) ;
#4476 = CARTESIAN_POINT ( 'NONE',  ( 13.50000354745530906, 10.99999999999999645, 31.42427622551523925 ) ) ;
#4477 = FACE_OUTER_BOUND ( 'NONE', #876, .T. ) ;
#4478 = ORIENTED_EDGE ( 'NONE', *, *, #3165, .T. ) ;
#4479 = ORIENTED_EDGE ( 'NONE', *, *, #2020, .F. ) ;
#4480 = CARTESIAN_POINT ( 'NONE',  ( -26.64049541977133728, 19.35000000000000142, 57.95499999999998408 ) ) ;
#4481 = DIRECTION ( 'NONE',  ( -0.000000000000000000, 0.7071067811865499042, -0.7071067811865451302 ) ) ;
#4482 = CARTESIAN_POINT ( 'NONE',  ( 14.50000000000014921, 12.99999999999999645, -49.55499999999999972 ) ) ;
#4483 = VERTEX_POINT ( 'NONE', #4325 ) ;
#4484 = EDGE_LOOP ( 'NONE', ( #2455, #2794, #1167, #412 ) ) ;
#4485 = EDGE_CURVE ( 'NONE', #4016, #94, #1645, .T. ) ;
#4486 = DIRECTION ( 'NONE',  ( 0.000000000000000000, 0.000000000000000000, 1.000000000000000000 ) ) ;
#4487 = CARTESIAN_POINT ( 'NONE',  ( 33.43999999999999062, 11.00000000000000000, -78.55500000000003524 ) ) ;
#4488 = LINE ( 'NONE', #4215, #1129 ) ;
#4489 = VERTEX_POINT ( 'NONE', #259 ) ;
#4490 = EDGE_CURVE ( 'NONE', #5317, #1911, #2095, .T. ) ;
#4491 = VECTOR ( 'NONE', #3356, 1000.000000000000000 ) ;
#4492 = EDGE_LOOP ( 'NONE', ( #5367, #2287 ) ) ;
#4493 = CARTESIAN_POINT ( 'NONE',  ( -26.63995126535550284, 11.00000000000000000, -39.55490477169958297 ) ) ;
#4494 = FACE_OUTER_BOUND ( 'NONE', #1681, .T. ) ;
#4495 = CARTESIAN_POINT ( 'NONE',  ( -35.43999999999999773, 13.00000000000001066, 103.4778435033146451 ) ) ;
#4496 = ORIENTED_EDGE ( 'NONE', *, *, #2998, .T. ) ;
#4497 = FACE_BOUND ( 'NONE', #3603, .T. ) ;
#4498 = CARTESIAN_POINT ( 'NONE',  ( -22.49999999999998224, 18.00000000000000000, 13.05500000000000682 ) ) ;
#4499 = DIRECTION ( 'NONE',  ( 6.520427397918011286E-15, -0.9396926207859120916, -0.3420201433256585544 ) ) ;
#4500 = LINE ( 'NONE', #3606, #2728 ) ;
#4501 = CARTESIAN_POINT ( 'NONE',  ( 26.93999999999998352, 13.00000000000001421, -70.05500000000000682 ) ) ;
#4502 = ORIENTED_EDGE ( 'NONE', *, *, #1515, .F. ) ;
#4503 = ORIENTED_EDGE ( 'NONE', *, *, #2020, .T. ) ;
#4504 = EDGE_CURVE ( 'NONE', #3979, #3727, #2453, .T. ) ;
#4505 = ORIENTED_EDGE ( 'NONE', *, *, #3839, .F. ) ;
#4506 =( BOUNDED_SURFACE ( )  B_SPLINE_SURFACE ( 3, 1, ( 
 ( #396, #2200 ),
 ( #5419, #3124 ),
 ( #1366, #3601 ),
 ( #1700, #5389 ) ),
 .UNSPECIFIED., .F., .F., .T. ) 
 B_SPLINE_SURFACE_WITH_KNOTS ( ( 4, 4 ),
 ( 2, 2 ),
 ( 0.000000000000000000, 1.000000000000000000 ),
 ( 0.000000000000000000, 1.000000000000000000 ),
 .UNSPECIFIED. ) 
 GEOMETRIC_REPRESENTATION_ITEM ( )  RATIONAL_B_SPLINE_SURFACE ( (
 ( 1.000000000000000000, 1.000000000000000000),
 ( 0.3333333333333222681, 0.3333333333333222681),
 ( 0.3333333333333222681, 0.3333333333333222681),
 ( 1.000000000000000000, 1.000000000000000000) ) ) 
 REPRESENTATION_ITEM ( '' )  SURFACE ( )  );
#4507 = CARTESIAN_POINT ( 'NONE',  ( 2.749771129515611090, 10.99999399999999916, 76.75373526184699813 ) ) ;
#4508 = LINE ( 'NONE', #5787, #3724 ) ;
#4509 = DIRECTION ( 'NONE',  ( 0.000000000000000000, -1.000000000000000000, -0.000000000000000000 ) ) ;
#4510 = CARTESIAN_POINT ( 'NONE',  ( 13.29970886751945791, 10.99999999999999645, -53.16950099912775585 ) ) ;
#4511 = AXIS2_PLACEMENT_3D ( 'NONE', #2106, #3391, #767 ) ;
#4512 = ORIENTED_EDGE ( 'NONE', *, *, #2872, .F. ) ;
#4513 = ORIENTED_EDGE ( 'NONE', *, *, #5104, .F. ) ;
#4514 = EDGE_CURVE ( 'NONE', #643, #4483, #5363, .T. ) ;
#4515 = CONICAL_SURFACE ( 'NONE', #4796, 4.000000000000003553, 0.7853981633974552734 ) ;
#4516 = DIRECTION ( 'NONE',  ( 1.239088197126289831E-16, 0.000000000000000000, 1.000000000000000000 ) ) ;
#4517 = CARTESIAN_POINT ( 'NONE',  ( -12.49999999999999822, 10.99999999999998224, -59.55500000000002103 ) ) ;
#4518 = DIRECTION ( 'NONE',  ( 1.000000000000000000, 0.000000000000000000, 2.575684448369424473E-16 ) ) ;
#4519 = ORIENTED_EDGE ( 'NONE', *, *, #4833, .T. ) ;
#4520 = ORIENTED_EDGE ( 'NONE', *, *, #3831, .T. ) ;
#4521 = DIRECTION ( 'NONE',  ( 0.000000000000000000, 1.000000000000000000, 0.000000000000000000 ) ) ;
#4522 = CARTESIAN_POINT ( 'NONE',  ( -12.49999999999992895, 10.99999999999998224, 36.55499999999999261 ) ) ;
#4523 = VECTOR ( 'NONE', #2979, 1000.000000000000000 ) ;
#4524 = VECTOR ( 'NONE', #1030, 1000.000000000000000 ) ;
#4525 = EDGE_LOOP ( 'NONE', ( #4181, #48, #4826, #157 ) ) ;
#4526 = EDGE_CURVE ( 'NONE', #5317, #5466, #2621, .T. ) ;
#4527 = DIRECTION ( 'NONE',  ( 0.000000000000000000, -1.000000000000000000, 0.000000000000000000 ) ) ;
#4528 = CIRCLE ( 'NONE', #452, 2.125000000000001776 ) ;
#4529 = DIRECTION ( 'NONE',  ( -0.000000000000000000, -1.000000000000000000, -0.000000000000000000 ) ) ;
#4530 = FACE_OUTER_BOUND ( 'NONE', #2299, .T. ) ;
#4531 = FACE_OUTER_BOUND ( 'NONE', #2152, .T. ) ;
#4532 = CARTESIAN_POINT ( 'NONE',  ( 15.04050172409921515, 11.99999999999994849, 59.78393958836383604 ) ) ;
#4533 = EDGE_LOOP ( 'NONE', ( #3080, #101, #503, #840 ) ) ;
#4534 = AXIS2_PLACEMENT_3D ( 'NONE', #3545, #846, #4087 ) ;
#4535 = ORIENTED_EDGE ( 'NONE', *, *, #1914, .T. ) ;
#4536 = AXIS2_PLACEMENT_3D ( 'NONE', #2793, #1761, #68 ) ;
#4537 = EDGE_LOOP ( 'NONE', ( #1822, #1483, #2124, #2779 ) ) ;
#4538 = VECTOR ( 'NONE', #3518, 1000.000000000000000 ) ;
#4539 = DIRECTION ( 'NONE',  ( 0.000000000000000000, -1.000000000000000000, 0.000000000000000000 ) ) ;
#4540 = LINE ( 'NONE', #1898, #2882 ) ;
#4541 = CARTESIAN_POINT ( 'NONE',  ( 35.43999999999998352, 15.00000000000000000, -78.55500000000000682 ) ) ;
#4542 = CARTESIAN_POINT ( 'NONE',  ( 13.37382107369574236, 10.99999999999999467, 35.05143636095053239 ) ) ;
#4543 = DIRECTION ( 'NONE',  ( 0.7071067811865507924, 0.000000000000000000, -0.7071067811865441310 ) ) ;
#4544 = ORIENTED_EDGE ( 'NONE', *, *, #1913, .T. ) ;
#4545 = EDGE_LOOP ( 'NONE', ( #3860, #4503, #5688, #4209 ) ) ;
#4546 = CIRCLE ( 'NONE', #4354, 1.600000000000004086 ) ;
#4547 = EDGE_CURVE ( 'NONE', #548, #2323, #5770, .T. ) ;
#4548 = FACE_OUTER_BOUND ( 'NONE', #4174, .T. ) ;
#4549 = DIRECTION ( 'NONE',  ( 0.000000000000000000, 0.000000000000000000, -1.000000000000000000 ) ) ;
#4550 = CIRCLE ( 'NONE', #1988, 5.163867599186813706 ) ;
#4551 = CARTESIAN_POINT ( 'NONE',  ( -31.44000000000000838, 5.056911948494057896, 13.27499999999999503 ) ) ;
#4552 = VERTEX_POINT ( 'NONE', #845 ) ;
#4553 = EDGE_LOOP ( 'NONE', ( #1047, #4644, #3421, #795 ) ) ;
#4554 = PLANE ( 'NONE',  #2052 ) ;
#4555 = ORIENTED_EDGE ( 'NONE', *, *, #4847, .F. ) ;
#4556 = VERTEX_POINT ( 'NONE', #4383 ) ;
#4557 = EDGE_CURVE ( 'NONE', #384, #4411, #3967, .T. ) ;
#4558 = CARTESIAN_POINT ( 'NONE',  ( -2.749771129515629742, 10.99999399999999916, 70.45373526184702939 ) ) ;
#4559 = EDGE_CURVE ( 'NONE', #3865, #4414, #3932, .T. ) ;
#4560 = EDGE_CURVE ( 'NONE', #2426, #2090, #395, .T. ) ;
#4561 = CARTESIAN_POINT ( 'NONE',  ( 26.64049541977133728, 13.00000000000000000, 59.55499999999999972 ) ) ;
#4562 = DIRECTION ( 'NONE',  ( -3.558407130208821635E-15, 0.000000000000000000, 1.000000000000000000 ) ) ;
#4563 = CYLINDRICAL_SURFACE ( 'NONE', #4534, 4.999999999999997335 ) ;
#4564 = EDGE_CURVE ( 'NONE', #5538, #1940, #1739, .T. ) ;
#4565 = CARTESIAN_POINT ( 'NONE',  ( 12.50000000000012790, 13.00000000000000000, -50.55500000000002814 ) ) ;
#4566 = ORIENTED_EDGE ( 'NONE', *, *, #2859, .T. ) ;
#4567 = ORIENTED_EDGE ( 'NONE', *, *, #3016, .T. ) ;
#4568 = EDGE_CURVE ( 'NONE', #2092, #110, #4409, .T. ) ;
#4569 = EDGE_CURVE ( 'NONE', #3170, #1220, #1256, .T. ) ;
#4570 = DIRECTION ( 'NONE',  ( 0.000000000000000000, 0.000000000000000000, -1.000000000000000000 ) ) ;
#4571 = DIRECTION ( 'NONE',  ( 0.000000000000000000, -0.000000000000000000, -1.000000000000000000 ) ) ;
#4572 = CARTESIAN_POINT ( 'NONE',  ( -26.64049541977133728, 19.35000000000000142, 59.55499999999999972 ) ) ;
#4573 = CARTESIAN_POINT ( 'NONE',  ( -26.63995126535550284, 19.35000000000000142, -44.55490477169965402 ) ) ;
#4574 = DIRECTION ( 'NONE',  ( 0.000000000000000000, 0.000000000000000000, -1.000000000000000000 ) ) ;
#4575 = VERTEX_POINT ( 'NONE', #378 ) ;
#4576 = ORIENTED_EDGE ( 'NONE', *, *, #279, .F. ) ;
#4577 = DIRECTION ( 'NONE',  ( 0.000000000000000000, -0.7071067811865499042, 0.7071067811865451302 ) ) ;
#4578 = DIRECTION ( 'NONE',  ( -0.000000000000000000, 1.000000000000000000, -0.000000000000000000 ) ) ;
#4579 = DIRECTION ( 'NONE',  ( -1.000000000000000000, 0.000000000000000000, 0.000000000000000000 ) ) ;
#4580 = VERTEX_POINT ( 'NONE', #4948 ) ;
#4581 = PRODUCT_RELATED_PRODUCT_CATEGORY ( 'part', '', ( #3361 ) ) ;
#4582 = ORIENTED_EDGE ( 'NONE', *, *, #161, .T. ) ;
#4583 = EDGE_CURVE ( 'NONE', #1464, #2219, #3994, .T. ) ;
#4584 = DIRECTION ( 'NONE',  ( -0.000000000000000000, 0.7071067811865451302, 0.7071067811865499042 ) ) ;
#4585 = DIRECTION ( 'NONE',  ( 0.000000000000000000, 0.000000000000000000, -1.000000000000000000 ) ) ;
#4586 = CARTESIAN_POINT ( 'NONE',  ( 13.29970886751949344, 10.99999999999999467, -49.16950099912774164 ) ) ;
#4587 = ORIENTED_EDGE ( 'NONE', *, *, #5275, .F. ) ;
#4588 = ORIENTED_EDGE ( 'NONE', *, *, #4925, .F. ) ;
#4589 = EDGE_CURVE ( 'NONE', #3469, #1299, #5864, .T. ) ;
#4590 = FILL_AREA_STYLE_COLOUR ( '', #3850 ) ;
#4591 = CARTESIAN_POINT ( 'NONE',  ( -26.63995126535550284, 0.000000000000000000, -44.55490477169965402 ) ) ;
#4592 = CARTESIAN_POINT ( 'NONE',  ( -12.49999999999990941, 13.00000000000000000, -55.55500000000002814 ) ) ;
#4593 = LINE ( 'NONE', #523, #5593 ) ;
#4594 = CARTESIAN_POINT ( 'NONE',  ( 12.50000000000008171, 13.00000000000000000, 36.55500000000001393 ) ) ;
#4595 = VERTEX_POINT ( 'NONE', #1197 ) ;
#4596 = ADVANCED_FACE ( 'NONE', ( #897 ), #4973, .F. ) ;
#4597 = ORIENTED_EDGE ( 'NONE', *, *, #2179, .F. ) ;
#4598 = CARTESIAN_POINT ( 'NONE',  ( 22.50000000000001066, 13.00000000000000000, 8.555000000000006821 ) ) ;
#4599 = CARTESIAN_POINT ( 'NONE',  ( 26.93999999999998352, 15.00000000000000000, -78.55500000000000682 ) ) ;
#4600 = LINE ( 'NONE', #529, #187 ) ;
#4601 = CARTESIAN_POINT ( 'NONE',  ( -13.29958940190062044, 10.99999999999999467, 42.94036606519269839 ) ) ;
#4602 = ORIENTED_EDGE ( 'NONE', *, *, #319, .T. ) ;
#4603 = CARTESIAN_POINT ( 'NONE',  ( 13.37382107369579387, 10.99999999999999467, -53.05856363904947415 ) ) ;
#4604 = EDGE_LOOP ( 'NONE', ( #5473, #3852, #141, #4200 ) ) ;
#4605 = EDGE_LOOP ( 'NONE', ( #3532, #5066, #1783, #3954 ) ) ;
#4606 = LINE ( 'NONE', #133, #5080 ) ;
#4607 = DIRECTION ( 'NONE',  ( 1.000000000000000000, 0.000000000000000000, 0.000000000000000000 ) ) ;
#4608 = DIRECTION ( 'NONE',  ( 0.000000000000000000, 0.000000000000000000, 1.000000000000000000 ) ) ;
#4609 = ORIENTED_EDGE ( 'NONE', *, *, #858, .F. ) ;
#4610 = AXIS2_PLACEMENT_3D ( 'NONE', #3594, #1242, #885 ) ;
#4611 = ORIENTED_EDGE ( 'NONE', *, *, #4583, .T. ) ;
#4612 = DIRECTION ( 'NONE',  ( 1.000000000000000000, 0.000000000000000000, -0.000000000000000000 ) ) ;
#4613 = CARTESIAN_POINT ( 'NONE',  ( 14.50000000000006928, 10.99999999999998046, -57.55500000000003524 ) ) ;
#4614 = CARTESIAN_POINT ( 'NONE',  ( 13.50000354745542985, 10.99999999999999467, -48.68572377448477795 ) ) ;
#4615 = AXIS2_PLACEMENT_3D ( 'NONE', #1465, #4683, #2837 ) ;
#4616 = ORIENTED_EDGE ( 'NONE', *, *, #3804, .F. ) ;
#4617 = VERTEX_POINT ( 'NONE', #4592 ) ;
#4618 = DIRECTION ( 'NONE',  ( -0.000000000000000000, -1.000000000000000000, -0.000000000000000000 ) ) ;
#4619 = AXIS2_PLACEMENT_3D ( 'NONE', #3452, #4374, #308 ) ;
#4620 = CIRCLE ( 'NONE', #169, 1.600000000000011191 ) ;
#4621 = CARTESIAN_POINT ( 'NONE',  ( 21.64049541977133728, 22.35000000000000142, 74.55499999999999261 ) ) ;
#4622 = CARTESIAN_POINT ( 'NONE',  ( -26.64049541977133728, 12.00000000000005862, 59.55499999999999972 ) ) ;
#4623 = AXIS2_PLACEMENT_3D ( 'NONE', #4501, #3160, #875 ) ;
#4624 = CARTESIAN_POINT ( 'NONE',  ( 13.37382107369579742, 10.99999999999999467, 39.05143636095056081 ) ) ;
#4625 = FACE_OUTER_BOUND ( 'NONE', #3527, .T. ) ;
#4626 = ORIENTED_EDGE ( 'NONE', *, *, #735, .F. ) ;
#4627 = ORIENTED_EDGE ( 'NONE', *, *, #817, .T. ) ;
#4628 = AXIS2_PLACEMENT_3D ( 'NONE', #1674, #1317, #1767 ) ;
#4629 = CARTESIAN_POINT ( 'NONE',  ( -26.63995126535550284, 12.00000000000005862, -48.55490477169966113 ) ) ;
#4630 = CARTESIAN_POINT ( 'NONE',  ( 15.04050172409921515, 19.50000000000000000, 54.62007198917702766 ) ) ;
#4631 = DIRECTION ( 'NONE',  ( -0.000000000000000000, 0.000000000000000000, 1.000000000000000000 ) ) ;
#4632 = CARTESIAN_POINT ( 'NONE',  ( 26.64049541977133728, 33.66370849898476791, 59.55499999999999972 ) ) ;
#4633 = VECTOR ( 'NONE', #4214, 1000.000000000000114 ) ;
#4634 = LINE ( 'NONE', #129, #5849 ) ;
#4635 = AXIS2_PLACEMENT_3D ( 'NONE', #5299, #5718, #4851 ) ;
#4636 = ORIENTED_EDGE ( 'NONE', *, *, #3961, .T. ) ;
#4637 = VERTEX_POINT ( 'NONE', #5005 ) ;
#4638 = VECTOR ( 'NONE', #1899, 1000.000000000000000 ) ;
#4639 = EDGE_CURVE ( 'NONE', #3211, #2535, #961, .T. ) ;
#4640 = CARTESIAN_POINT ( 'NONE',  ( -14.49999999999991473, 10.99999999999999645, -53.55500000000004235 ) ) ;
#4641 = CARTESIAN_POINT ( 'NONE',  ( -35.44000000000004036, 11.00000000000000000, 34.55499999999996419 ) ) ;
#4642 = EDGE_CURVE ( 'NONE', #3142, #2385, #1466, .T. ) ;
#4643 = CARTESIAN_POINT ( 'NONE',  ( -5.817785061020797066, 10.99998799999999832, 72.77922942611530743 ) ) ;
#4644 = ORIENTED_EDGE ( 'NONE', *, *, #682, .T. ) ;
#4645 = ADVANCED_FACE ( 'NONE', ( #464 ), #587, .F. ) ;
#4646 = AXIS2_PLACEMENT_3D ( 'NONE', #3624, #5446, #4995 ) ;
#4647 = ORIENTED_EDGE ( 'NONE', *, *, #4696, .T. ) ;
#4648 = EDGE_CURVE ( 'NONE', #2470, #222, #5425, .T. ) ;
#4649 = CARTESIAN_POINT ( 'NONE',  ( 12.49999999999999822, -59.05500000000003524, 102.6099999999995163 ) ) ;
#4650 = VECTOR ( 'NONE', #3761, 1000.000000000000000 ) ;
#4651 = DIRECTION ( 'NONE',  ( 0.000000000000000000, 0.000000000000000000, -1.000000000000000000 ) ) ;
#4652 = DIRECTION ( 'NONE',  ( 0.000000000000000000, 0.000000000000000000, 1.000000000000000000 ) ) ;
#4653 = EDGE_LOOP ( 'NONE', ( #2013, #478, #2129, #5157 ) ) ;
#4654 = ORIENTED_EDGE ( 'NONE', *, *, #2221, .F. ) ;
#4655 = AXIS2_PLACEMENT_3D ( 'NONE', #2346, #5624, #2044 ) ;
#4656 = EDGE_CURVE ( 'NONE', #2489, #2220, #2275, .T. ) ;
#4657 = CARTESIAN_POINT ( 'NONE',  ( 12.49999999999999645, 11.00000000000000000, 32.55499999999992156 ) ) ;
#4658 = CARTESIAN_POINT ( 'NONE',  ( 22.50000000000000711, 17.00000000000000000, 68.55500000000000682 ) ) ;
#4659 = CYLINDRICAL_SURFACE ( 'NONE', #5586, 5.163867599186813706 ) ;
#4660 = CARTESIAN_POINT ( 'NONE',  ( -35.44000000000000483, 11.00000000000000000, -59.55500000000002814 ) ) ;
#4661 = ORIENTED_EDGE ( 'NONE', *, *, #4887, .F. ) ;
#4662 = ORIENTED_EDGE ( 'NONE', *, *, #4320, .F. ) ;
#4663 = ADVANCED_FACE ( 'NONE', ( #4530 ), #5093, .T. ) ;
#4664 = CARTESIAN_POINT ( 'NONE',  ( -12.49999999999988809, 10.99999999999998224, 40.55499999999999261 ) ) ;
#4665 = CARTESIAN_POINT ( 'NONE',  ( -6.499999999999999112, -0.4499999999999990119, 76.50500000000000966 ) ) ;
#4666 = CARTESIAN_POINT ( 'NONE',  ( 26.64049541977133728, 12.00000000000005862, 59.55499999999999972 ) ) ;
#4667 = CARTESIAN_POINT ( 'NONE',  ( -26.63995126535550284, 19.35000000000000142, -44.55490477169965402 ) ) ;
#4668 = CARTESIAN_POINT ( 'NONE',  ( -26.93999999999999773, 14.99999999999998579, 76.50500000000000966 ) ) ;
#4669 = AXIS2_PLACEMENT_3D ( 'NONE', #1546, #5228, #299 ) ;
#4670 = VERTEX_POINT ( 'NONE', #5519 ) ;
#4671 = VERTEX_POINT ( 'NONE', #2329 ) ;
#4672 = AXIS2_PLACEMENT_3D ( 'NONE', #3323, #1562, #3435 ) ;
#4673 = DIRECTION ( 'NONE',  ( -0.000000000000000000, -1.000000000000000000, -0.000000000000000000 ) ) ;
#4674 = CARTESIAN_POINT ( 'NONE',  ( 21.64049541977133373, 22.35000000000000142, 59.55499999999999972 ) ) ;
#4675 = ORIENTED_EDGE ( 'NONE', *, *, #3214, .F. ) ;
#4676 = ADVANCED_FACE ( 'NONE', ( #4086 ), #4142, .T. ) ;
#4677 = VERTEX_POINT ( 'NONE', #4203 ) ;
#4678 = DIRECTION ( 'NONE',  ( 0.000000000000000000, -1.000000000000000000, 0.000000000000000000 ) ) ;
#4679 = CARTESIAN_POINT ( 'NONE',  ( -35.44000000000000483, 11.00000000000000000, -78.55500000000002103 ) ) ;
#4680 = DIRECTION ( 'NONE',  ( -0.000000000000000000, 0.7071067811865451302, 0.7071067811865499042 ) ) ;
#4681 = VERTEX_POINT ( 'NONE', #1019 ) ;
#4682 = ORIENTED_EDGE ( 'NONE', *, *, #569, .F. ) ;
#4683 = DIRECTION ( 'NONE',  ( 0.000000000000000000, 1.000000000000000000, 0.000000000000000000 ) ) ;
#4684 = CARTESIAN_POINT ( 'NONE',  ( 31.43999999999999417, 22.35000000000000142, -49.55490477169965402 ) ) ;
#4685 = PLANE ( 'NONE',  #646 ) ;
#4686 = DIRECTION ( 'NONE',  ( 0.000000000000000000, 0.000000000000000000, -1.000000000000000000 ) ) ;
#4687 = VERTEX_POINT ( 'NONE', #1890 ) ;
#4688 = EDGE_LOOP ( 'NONE', ( #1273, #5417, #2835, #2509 ) ) ;
#4689 = LINE ( 'NONE', #2505, #3217 ) ;
#4690 = CARTESIAN_POINT ( 'NONE',  ( 10.00000000000000178, 13.00000000000000000, 67.55499999999999261 ) ) ;
#4691 = DIRECTION ( 'NONE',  ( 0.000000000000000000, 0.000000000000000000, -1.000000000000000000 ) ) ;
#4692 = CARTESIAN_POINT ( 'NONE',  ( -22.49999999999998224, 17.00000000000000000, 6.430000000000007709 ) ) ;
#4693 = VERTEX_POINT ( 'NONE', #1944 ) ;
#4694 = DIRECTION ( 'NONE',  ( 0.000000000000000000, 1.000000000000000000, -0.000000000000000000 ) ) ;
#4695 = EDGE_LOOP ( 'NONE', ( #2594, #5647, #4555, #4159 ) ) ;
#4696 = EDGE_CURVE ( 'NONE', #4580, #656, #87, .T. ) ;
#4697 = ORIENTED_EDGE ( 'NONE', *, *, #3484, .T. ) ;
#4698 = DIRECTION ( 'NONE',  ( -0.000000000000000000, 1.000000000000000000, -0.000000000000000000 ) ) ;
#4699 = CARTESIAN_POINT ( 'NONE',  ( 26.63995126535550284, 12.00000000000005862, -48.55490477169966113 ) ) ;
#4700 = CARTESIAN_POINT ( 'NONE',  ( 26.93999999999998352, 23.00000000000000000, -70.05500000000000682 ) ) ;
#4701 = EDGE_LOOP ( 'NONE', ( #3917, #5054, #4293, #3190 ) ) ;
#4702 = EDGE_CURVE ( 'NONE', #3522, #174, #3697, .T. ) ;
#4703 = DIRECTION ( 'NONE',  ( -1.239088197126289831E-16, -0.000000000000000000, -1.000000000000000000 ) ) ;
#4704 = LINE ( 'NONE', #630, #4039 ) ;
#4705 = DIRECTION ( 'NONE',  ( 0.000000000000000000, -1.000000000000000000, 0.000000000000000000 ) ) ;
#4706 = ORIENTED_EDGE ( 'NONE', *, *, #2628, .T. ) ;
#4707 = VECTOR ( 'NONE', #2259, 1000.000000000000000 ) ;
#4708 = ORIENTED_EDGE ( 'NONE', *, *, #2295, .F. ) ;
#4709 = LINE ( 'NONE', #4138, #2517 ) ;
#4710 = VECTOR ( 'NONE', #777, 1000.000000000000000 ) ;
#4711 = FACE_BOUND ( 'NONE', #3193, .T. ) ;
#4712 = DIRECTION ( 'NONE',  ( 0.000000000000000000, 1.000000000000000000, 0.000000000000000000 ) ) ;
#4713 = CARTESIAN_POINT ( 'NONE',  ( 31.44000000000000128, 13.00000000000000000, 70.05500000000000682 ) ) ;
#4714 = ORIENTED_EDGE ( 'NONE', *, *, #3570, .T. ) ;
#4715 = ADVANCED_FACE ( 'NONE', ( #53 ), #5485, .F. ) ;
#4716 = AXIS2_PLACEMENT_3D ( 'NONE', #2079, #1069, #3891 ) ;
#4717 = ORIENTED_EDGE ( 'NONE', *, *, #5136, .F. ) ;
#4718 = CIRCLE ( 'NONE', #3475, 4.500000000000001776 ) ;
#4719 = DIRECTION ( 'NONE',  ( 0.000000000000000000, -0.000000000000000000, -1.000000000000000000 ) ) ;
#4720 = FACE_OUTER_BOUND ( 'NONE', #4701, .T. ) ;
#4721 = CARTESIAN_POINT ( 'NONE',  ( -26.93999999999999773, 23.00000000000000000, 76.50500000000000966 ) ) ;
#4722 = CARTESIAN_POINT ( 'NONE',  ( 26.64049541977133728, 13.00000000000000000, 54.55499999999999972 ) ) ;
#4723 = LINE ( 'NONE', #570, #1963 ) ;
#4724 = ORIENTED_EDGE ( 'NONE', *, *, #2386, .F. ) ;
#4725 = VECTOR ( 'NONE', #2512, 1000.000000000000000 ) ;
#4726 = VERTEX_POINT ( 'NONE', #1373 ) ;
#4727 = AXIS2_PLACEMENT_3D ( 'NONE', #2849, #183, #5672 ) ;
#4728 = VECTOR ( 'NONE', #880, 1000.000000000000000 ) ;
#4729 = FACE_OUTER_BOUND ( 'NONE', #2885, .T. ) ;
#4730 = AXIS2_PLACEMENT_3D ( 'NONE', #4237, #1020, #3751 ) ;
#4731 = CARTESIAN_POINT ( 'NONE',  ( 12.50000000000003197, 11.00000000000000000, -55.55500000000003524 ) ) ;
#4732 = ORIENTED_EDGE ( 'NONE', *, *, #3286, .F. ) ;
#4733 = EDGE_CURVE ( 'NONE', #3127, #3266, #3660, .T. ) ;
#4734 = CIRCLE ( 'NONE', #3108, 1.600000000000011191 ) ;
#4735 = AXIS2_PLACEMENT_3D ( 'NONE', #1619, #3430, #720 ) ;
#4736 = DIRECTION ( 'NONE',  ( -1.239088197126289831E-16, 0.000000000000000000, 1.000000000000000000 ) ) ;
#4737 = AXIS2_PLACEMENT_3D ( 'NONE', #118, #1916, #3723 ) ;
#4738 = CARTESIAN_POINT ( 'NONE',  ( 12.50000000000008527, 13.00000000000000000, -54.55500000000002814 ) ) ;
#4739 = ORIENTED_EDGE ( 'NONE', *, *, #5113, .T. ) ;
#4740 = ORIENTED_EDGE ( 'NONE', *, *, #136, .T. ) ;
#4741 = VECTOR ( 'NONE', #2415, 1000.000000000000000 ) ;
#4742 = FACE_OUTER_BOUND ( 'NONE', #5097, .T. ) ;
#4743 = LINE ( 'NONE', #670, #1406 ) ;
#4744 = VECTOR ( 'NONE', #4518, 1000.000000000000000 ) ;
#4745 = LINE ( 'NONE', #5522, #3566 ) ;
#4746 = ORIENTED_EDGE ( 'NONE', *, *, #651, .F. ) ;
#4747 = EDGE_CURVE ( 'NONE', #385, #5368, #657, .T. ) ;
#4748 = DIRECTION ( 'NONE',  ( -0.000000000000000000, -1.000000000000000000, -0.000000000000000000 ) ) ;
#4749 = EDGE_CURVE ( 'NONE', #4097, #5613, #1887, .T. ) ;
#4750 = CARTESIAN_POINT ( 'NONE',  ( 26.94000000000000483, 23.00000000000000000, 74.55499999999999261 ) ) ;
#4751 = DIRECTION ( 'NONE',  ( 0.000000000000000000, 0.000000000000000000, 1.000000000000000000 ) ) ;
#4752 = CARTESIAN_POINT ( 'NONE',  ( 22.50000000000000711, 17.00000000000000000, 66.43000000000000682 ) ) ;
#4753 = LINE ( 'NONE', #1597, #2078 ) ;
#4754 = CARTESIAN_POINT ( 'NONE',  ( 12.49999999999999112, 11.00000000000000000, -59.55500000000002814 ) ) ;
#4755 = ORIENTED_EDGE ( 'NONE', *, *, #244, .T. ) ;
#4756 = EDGE_CURVE ( 'NONE', #4193, #4447, #1307, .T. ) ;
#4757 = ORIENTED_EDGE ( 'NONE', *, *, #26, .F. ) ;
#4758 = LINE ( 'NONE', #188, #3734 ) ;
#4759 = CARTESIAN_POINT ( 'NONE',  ( -14.49999999999994138, 10.99999999999996803, 34.55499999999997840 ) ) ;
#4760 = DIRECTION ( 'NONE',  ( 0.000000000000000000, 0.000000000000000000, 1.000000000000000000 ) ) ;
#4761 = ORIENTED_EDGE ( 'NONE', *, *, #5328, .T. ) ;
#4762 = DIRECTION ( 'NONE',  ( -0.000000000000000000, 1.000000000000000000, 0.000000000000000000 ) ) ;
#4763 = CARTESIAN_POINT ( 'NONE',  ( -6.500000000000000000, 23.00000000000000000, 67.55499999999999261 ) ) ;
#4764 = DIRECTION ( 'NONE',  ( 0.000000000000000000, -0.7071067811865499042, 0.7071067811865451302 ) ) ;
#4765 = ORIENTED_EDGE ( 'NONE', *, *, #3069, .F. ) ;
#4766 = EDGE_CURVE ( 'NONE', #4353, #1464, #695, .T. ) ;
#4767 = VECTOR ( 'NONE', #4481, 1000.000000000000114 ) ;
#4768 = CARTESIAN_POINT ( 'NONE',  ( -33.44000000000001194, 11.00000000000000355, 102.7499030347822639 ) ) ;
#4769 = CARTESIAN_POINT ( 'NONE',  ( -21.64049541977133373, 22.35000000000000142, 59.55499999999999972 ) ) ;
#4770 = CARTESIAN_POINT ( 'NONE',  ( -12.49999999999992895, -59.05500000000003524, 104.6099999999995447 ) ) ;
#4771 = DIRECTION ( 'NONE',  ( 0.000000000000000000, 1.000000000000000000, 0.000000000000000000 ) ) ;
#4772 = ORIENTED_EDGE ( 'NONE', *, *, #5762, .F. ) ;
#4773 = EDGE_CURVE ( 'NONE', #4617, #3755, #2165, .T. ) ;
#4774 = EDGE_CURVE ( 'NONE', #5413, #760, #4446, .T. ) ;
#4775 = CYLINDRICAL_SURFACE ( 'NONE', #5835, 5.163867599186813706 ) ;
#4776 = DIRECTION ( 'NONE',  ( 0.000000000000000000, -1.000000000000000000, 0.000000000000000000 ) ) ;
#4777 = LINE ( 'NONE', #5159, #1691 ) ;
#4778 = CARTESIAN_POINT ( 'NONE',  ( -26.94000000000001194, 11.00000000000000000, -70.05500000000002103 ) ) ;
#4779 = EDGE_CURVE ( 'NONE', #1038, #4414, #835, .T. ) ;
#4780 = CARTESIAN_POINT ( 'NONE',  ( 26.63995126535550284, 22.35000000000000142, -49.55490477169965402 ) ) ;
#4781 = ORIENTED_EDGE ( 'NONE', *, *, #4696, .F. ) ;
#4782 = VERTEX_POINT ( 'NONE', #4769 ) ;
#4783 = CYLINDRICAL_SURFACE ( 'NONE', #3385, 1.600000000000004086 ) ;
#4784 = FACE_BOUND ( 'NONE', #2357, .T. ) ;
#4785 = LINE ( 'NONE', #3739, #4058 ) ;
#4786 = ORIENTED_EDGE ( 'NONE', *, *, #3099, .F. ) ;
#4787 = CARTESIAN_POINT ( 'NONE',  ( -12.49999999999984546, 10.99999999999999645, 44.55499999999998550 ) ) ;
#4788 = DIRECTION ( 'NONE',  ( 0.000000000000000000, -1.000000000000000000, 0.000000000000000000 ) ) ;
#4789 = ORIENTED_EDGE ( 'NONE', *, *, #5076, .F. ) ;
#4790 = FILL_AREA_STYLE ('',( #4590 ) ) ;
#4791 = DIRECTION ( 'NONE',  ( 0.000000000000000000, 0.000000000000000000, -1.000000000000000000 ) ) ;
#4792 = DIRECTION ( 'NONE',  ( -0.000000000000000000, 1.000000000000000000, -0.000000000000000000 ) ) ;
#4793 = CARTESIAN_POINT ( 'NONE',  ( 12.49999999999999467, 10.99999999999999645, -61.55500000000004235 ) ) ;
#4794 = CARTESIAN_POINT ( 'NONE',  ( 26.64049541977133728, 19.35000000000000142, 59.55499999999999972 ) ) ;
#4795 = EDGE_LOOP ( 'NONE', ( #5429, #306, #4104, #418 ) ) ;
#4796 = AXIS2_PLACEMENT_3D ( 'NONE', #4856, #4294, #5241 ) ;
#4797 = CARTESIAN_POINT ( 'NONE',  ( -12.49999999999984546, 13.00000000000000000, 40.55500000000002103 ) ) ;
#4798 = DIRECTION ( 'NONE',  ( 0.000000000000000000, 0.000000000000000000, -1.000000000000000000 ) ) ;
#4799 = CARTESIAN_POINT ( 'NONE',  ( 22.50000000000000711, 11.49999999999999645, 70.68000000000000682 ) ) ;
#4800 = FACE_OUTER_BOUND ( 'NONE', #2656, .T. ) ;
#4801 = CARTESIAN_POINT ( 'NONE',  ( -26.63995126535550284, 11.00000000000000000, -44.55490477169965402 ) ) ;
#4802 = EDGE_LOOP ( 'NONE', ( #900, #711, #166, #2313 ) ) ;
#4803 = VERTEX_POINT ( 'NONE', #1532 ) ;
#4804 = VECTOR ( 'NONE', #4264, 1000.000000000000000 ) ;
#4805 = CARTESIAN_POINT ( 'NONE',  ( -31.44000000000000838, 15.00000000000000000, 13.27499999999999503 ) ) ;
#4806 = DIRECTION ( 'NONE',  ( -0.000000000000000000, 1.000000000000000000, 0.000000000000000000 ) ) ;
#4807 = AXIS2_PLACEMENT_3D ( 'NONE', #1641, #1189, #312 ) ;
#4808 = AXIS2_PLACEMENT_3D ( 'NONE', #467, #5487, #3225 ) ;
#4809 = ORIENTED_EDGE ( 'NONE', *, *, #1861, .F. ) ;
#4810 = AXIS2_PLACEMENT_3D ( 'NONE', #1777, #1860, #387 ) ;
#4811 = EDGE_CURVE ( 'NONE', #3464, #5395, #5153, .T. ) ;
#4812 = CIRCLE ( 'NONE', #2059, 0.9999999999999870104 ) ;
#4813 = DIRECTION ( 'NONE',  ( 0.000000000000000000, -1.000000000000000000, 0.000000000000000000 ) ) ;
#4814 = EDGE_CURVE ( 'NONE', #1931, #3105, #1216, .T. ) ;
#4815 = LINE ( 'NONE', #3920, #1896 ) ;
#4816 = VERTEX_POINT ( 'NONE', #3785 ) ;
#4817 = AXIS2_PLACEMENT_3D ( 'NONE', #1422, #5528, #1926 ) ;
#4818 = CIRCLE ( 'NONE', #2258, 1.600000000000004086 ) ;
#4819 = EDGE_CURVE ( 'NONE', #2293, #2289, #4546, .T. ) ;
#4820 = VECTOR ( 'NONE', #5038, 1000.000000000000000 ) ;
#4821 = DIRECTION ( 'NONE',  ( 0.7071067811865463515, 0.000000000000000000, -0.7071067811865487940 ) ) ;
#4822 = CARTESIAN_POINT ( 'NONE',  ( 3.574276965247339621, 10.99998800000000188, 76.67174919335222683 ) ) ;
#4823 = DIRECTION ( 'NONE',  ( 1.000000000000000000, 0.000000000000000000, 3.558407130208821635E-15 ) ) ;
#4824 = ADVANCED_FACE ( 'NONE', ( #3400 ), #3837, .F. ) ;
#4825 = DIRECTION ( 'NONE',  ( -1.000000000000000000, 0.000000000000000000, 0.000000000000000000 ) ) ;
#4826 = ORIENTED_EDGE ( 'NONE', *, *, #4091, .T. ) ;
#4827 = CIRCLE ( 'NONE', #2073, 0.9999999999999940048 ) ;
#4828 = LINE ( 'NONE', #4322, #1480 ) ;
#4829 = AXIS2_PLACEMENT_3D ( 'NONE', #2936, #678, #3376 ) ;
#4830 = LINE ( 'NONE', #755, #5479 ) ;
#4831 = CARTESIAN_POINT ( 'NONE',  ( -13.49999645180834662, 10.99999999999999645, -52.68577804291734878 ) ) ;
#4832 = DIRECTION ( 'NONE',  ( 0.000000000000000000, 0.000000000000000000, 1.000000000000000000 ) ) ;
#4833 = EDGE_CURVE ( 'NONE', #1710, #4637, #3933, .T. ) ;
#4834 = FACE_OUTER_BOUND ( 'NONE', #2642, .T. ) ;
#4835 = EDGE_LOOP ( 'NONE', ( #2856, #3737, #5530, #121 ) ) ;
#4836 = EDGE_LOOP ( 'NONE', ( #1601, #1308, #660, #5844 ) ) ;
#4837 = CIRCLE ( 'NONE', #2273, 5.163867599186813706 ) ;
#4838 = EDGE_CURVE ( 'NONE', #7, #2429, #3975, .T. ) ;
#4839 = PLANE ( 'NONE',  #444 ) ;
#4840 = CARTESIAN_POINT ( 'NONE',  ( -26.63995126535550284, 22.35000000000000142, -49.55490477169965402 ) ) ;
#4841 = ORIENTED_EDGE ( 'NONE', *, *, #2086, .T. ) ;
#4842 = VERTEX_POINT ( 'NONE', #1557 ) ;
#4843 = ADVANCED_FACE ( 'NONE', ( #4711, #4742 ), #2002, .T. ) ;
#4844 = LINE ( 'NONE', #5171, #3465 ) ;
#4845 = DIRECTION ( 'NONE',  ( 1.000000000000000000, 0.000000000000000000, -0.000000000000000000 ) ) ;
#4846 = VERTEX_POINT ( 'NONE', #4684 ) ;
#4847 = EDGE_CURVE ( 'NONE', #4677, #442, #5302, .T. ) ;
#4848 = ORIENTED_EDGE ( 'NONE', *, *, #1960, .F. ) ;
#4849 = LINE ( 'NONE', #691, #2814 ) ;
#4850 = LINE ( 'NONE', #799, #1310 ) ;
#4851 = DIRECTION ( 'NONE',  ( 0.000000000000000000, 0.000000000000000000, 1.000000000000000000 ) ) ;
#4852 = LINE ( 'NONE', #5746, #5846 ) ;
#4853 = VERTEX_POINT ( 'NONE', #1161 ) ;
#4854 = AXIS2_PLACEMENT_3D ( 'NONE', #4390, #324, #388 ) ;
#4855 = EDGE_CURVE ( 'NONE', #548, #5572, #2977, .T. ) ;
#4856 = CARTESIAN_POINT ( 'NONE',  ( 26.64049541977133728, 12.00000000000005862, 59.55499999999999972 ) ) ;
#4857 = CARTESIAN_POINT ( 'NONE',  ( -13.00000000000000533, 23.00000000000000000, 74.55499999999999261 ) ) ;
#4858 = CARTESIAN_POINT ( 'NONE',  ( -13.02202945409728763, 10.99999999999999467, -53.44716455368377694 ) ) ;
#4859 = LINE ( 'NONE', #1257, #4156 ) ;
#4860 = EDGE_LOOP ( 'NONE', ( #3641, #4478, #2143, #4757 ) ) ;
#4861 = FACE_OUTER_BOUND ( 'NONE', #4311, .T. ) ;
#4862 = VERTEX_POINT ( 'NONE', #170 ) ;
#4863 = ORIENTED_EDGE ( 'NONE', *, *, #2173, .F. ) ;
#4864 = CARTESIAN_POINT ( 'NONE',  ( -13.02194494116028167, 10.99999999999999467, -59.66272398818001221 ) ) ;
#4865 = LINE ( 'NONE', #879, #5541 ) ;
#4866 = VECTOR ( 'NONE', #5649, 1000.000000000000000 ) ;
#4867 = EDGE_CURVE ( 'NONE', #4556, #5317, #2449, .T. ) ;
#4868 = ORIENTED_EDGE ( 'NONE', *, *, #1128, .T. ) ;
#4869 = ORIENTED_EDGE ( 'NONE', *, *, #1736, .T. ) ;
#4870 = DIRECTION ( 'NONE',  ( -0.000000000000000000, -1.000000000000000000, -0.000000000000000000 ) ) ;
#4871 = FACE_OUTER_BOUND ( 'NONE', #4368, .T. ) ;
#4872 = DIRECTION ( 'NONE',  ( 0.000000000000000000, 0.000000000000000000, 1.000000000000000000 ) ) ;
#4873 = ORIENTED_EDGE ( 'NONE', *, *, #5722, .F. ) ;
#4874 = EDGE_CURVE ( 'NONE', #2494, #5075, #2546, .T. ) ;
#4875 = ORIENTED_EDGE ( 'NONE', *, *, #4648, .T. ) ;
#4876 = DIRECTION ( 'NONE',  ( -2.312964634635742957E-16, 0.000000000000000000, -1.000000000000000000 ) ) ;
#4877 = LINE ( 'NONE', #5297, #5852 ) ;
#4878 = DIRECTION ( 'NONE',  ( 0.000000000000000000, -1.000000000000000000, 0.000000000000000000 ) ) ;
#4879 = FACE_OUTER_BOUND ( 'NONE', #2123, .T. ) ;
#4880 = DIRECTION ( 'NONE',  ( 0.000000000000000000, 0.000000000000000000, 1.000000000000000000 ) ) ;
#4881 = EDGE_LOOP ( 'NONE', ( #2904, #3753, #3228, #3236, #4611, #2714 ) ) ;
#4882 = EDGE_CURVE ( 'NONE', #5493, #10, #2169, .T. ) ;
#4883 = CARTESIAN_POINT ( 'NONE',  ( -15.04050172409921515, 19.50000000000000000, 59.78393958836383604 ) ) ;
#4884 = DIRECTION ( 'NONE',  ( 0.000000000000000000, 0.000000000000000000, -1.000000000000000000 ) ) ;
#4885 = CARTESIAN_POINT ( 'NONE',  ( -13.29970886751934067, 10.99999999999999645, 32.16950099912768479 ) ) ;
#4886 = DIRECTION ( 'NONE',  ( 0.000000000000000000, 1.000000000000000000, 0.000000000000000000 ) ) ;
#4887 = EDGE_CURVE ( 'NONE', #2219, #3534, #397, .T. ) ;
#4888 = ORIENTED_EDGE ( 'NONE', *, *, #5868, .F. ) ;
#4889 = DIRECTION ( 'NONE',  ( -0.000000000000000000, -0.000000000000000000, 1.000000000000000000 ) ) ;
#4890 = ORIENTED_EDGE ( 'NONE', *, *, #2014, .F. ) ;
#4891 = VERTEX_POINT ( 'NONE', #2202 ) ;
#4892 = VECTOR ( 'NONE', #4005, 999.9999999999998863 ) ;
#4893 = EDGE_CURVE ( 'NONE', #4232, #5538, #4850, .T. ) ;
#4894 = ORIENTED_EDGE ( 'NONE', *, *, #4127, .T. ) ;
#4895 = DIRECTION ( 'NONE',  ( -0.000000000000000000, -1.000000000000000000, -0.000000000000000000 ) ) ;
#4896 = FACE_OUTER_BOUND ( 'NONE', #2921, .T. ) ;
#4897 = VECTOR ( 'NONE', #4618, 1000.000000000000000 ) ;
#4898 = ORIENTED_EDGE ( 'NONE', *, *, #5577, .T. ) ;
#4899 = EDGE_CURVE ( 'NONE', #3522, #1712, #369, .T. ) ;
#4900 = ORIENTED_EDGE ( 'NONE', *, *, #3223, .T. ) ;
#4901 = VECTOR ( 'NONE', #919, 1000.000000000000000 ) ;
#4902 = AXIS2_PLACEMENT_3D ( 'NONE', #3112, #4539, #1831 ) ;
#4903 = DIRECTION ( 'NONE',  ( 0.000000000000000000, -1.000000000000000000, 0.000000000000000000 ) ) ;
#4904 = CARTESIAN_POINT ( 'NONE',  ( 31.43999999999999417, 22.35000000000000142, -39.55490477169965402 ) ) ;
#4905 = VECTOR ( 'NONE', #4385, 1000.000000000000000 ) ;
#4906 = DIRECTION ( 'NONE',  ( -0.000000000000000000, 1.000000000000000000, -0.000000000000000000 ) ) ;
#4907 = EDGE_CURVE ( 'NONE', #3883, #1537, #5326, .T. ) ;
#4908 = EDGE_LOOP ( 'NONE', ( #599, #775, #4450, #4505 ) ) ;
#4909 = DIRECTION ( 'NONE',  ( 1.000000000000000000, 0.000000000000000000, -2.775557561562894802E-16 ) ) ;
#4910 = AXIS2_PLACEMENT_3D ( 'NONE', #5453, #1374, #4445 ) ;
#4911 = CARTESIAN_POINT ( 'NONE',  ( -15.04050172409921515, 19.50000000000000000, 60.78393958836383604 ) ) ;
#4912 = AXIS2_PLACEMENT_3D ( 'NONE', #286, #1162, #3481 ) ;
#4913 = CARTESIAN_POINT ( 'NONE',  ( -12.49999999999988809, 10.99999999999998224, 40.55499999999999261 ) ) ;
#4914 = CARTESIAN_POINT ( 'NONE',  ( 31.43999999999999417, 22.35000000000000142, -39.55490477169965402 ) ) ;
#4915 = ORIENTED_EDGE ( 'NONE', *, *, #5391, .F. ) ;
#4916 = VECTOR ( 'NONE', #2539, 1000.000000000000000 ) ;
#4917 = CARTESIAN_POINT ( 'NONE',  ( 22.50000000000000711, 11.49999999999999645, 66.43000000000000682 ) ) ;
#4918 = AXIS2_PLACEMENT_3D ( 'NONE', #4958, #3589, #972 ) ;
#4919 = CARTESIAN_POINT ( 'NONE',  ( 6.500000000000000000, 13.00000000000000000, 67.55499999999999261 ) ) ;
#4920 = CARTESIAN_POINT ( 'NONE',  ( -13.50000354745521669, 10.99999999999999645, -52.42427622551529964 ) ) ;
#4921 = CARTESIAN_POINT ( 'NONE',  ( 22.50000000000000711, 11.49999999999999645, 68.55500000000000682 ) ) ;
#4922 = VECTOR ( 'NONE', #3092, 1000.000000000000000 ) ;
#4923 = DIRECTION ( 'NONE',  ( 0.000000000000000000, -0.000000000000000000, -1.000000000000000000 ) ) ;
#4924 = VERTEX_POINT ( 'NONE', #4468 ) ;
#4925 = EDGE_CURVE ( 'NONE', #1110, #2387, #3958, .T. ) ;
#4926 = VECTOR ( 'NONE', #2384, 1000.000000000000114 ) ;
#4927 =( BOUNDED_SURFACE ( )  B_SPLINE_SURFACE ( 3, 1, ( 
 ( #700, #1168 ),
 ( #3348, #1980 ),
 ( #1950, #5701 ),
 ( #5615, #5188 ) ),
 .UNSPECIFIED., .F., .F., .T. ) 
 B_SPLINE_SURFACE_WITH_KNOTS ( ( 4, 4 ),
 ( 2, 2 ),
 ( 0.000000000000000000, 1.000000000000000000 ),
 ( 0.000000000000000000, 1.000000000000000000 ),
 .UNSPECIFIED. ) 
 GEOMETRIC_REPRESENTATION_ITEM ( )  RATIONAL_B_SPLINE_SURFACE ( (
 ( 1.000000000000000000, 1.000000000000000000),
 ( 0.3333333333333281523, 0.3333333333333281523),
 ( 0.3333333333333281523, 0.3333333333333281523),
 ( 1.000000000000000000, 1.000000000000000000) ) ) 
 REPRESENTATION_ITEM ( '' )  SURFACE ( )  );
#4928 = CARTESIAN_POINT ( 'NONE',  ( 12.50000000000009770, 13.00000000000000000, 37.55499999999999972 ) ) ;
#4929 = DIRECTION ( 'NONE',  ( 0.000000000000000000, 0.000000000000000000, 1.000000000000000000 ) ) ;
#4930 = FACE_OUTER_BOUND ( 'NONE', #3046, .T. ) ;
#4931 = EDGE_CURVE ( 'NONE', #882, #4438, #749, .T. ) ;
#4932 = ORIENTED_EDGE ( 'NONE', *, *, #4855, .T. ) ;
#4933 = VECTOR ( 'NONE', #5026, 1000.000000000000000 ) ;
#4934 = ORIENTED_EDGE ( 'NONE', *, *, #531, .T. ) ;
#4935 = DIRECTION ( 'NONE',  ( 0.000000000000000000, 0.000000000000000000, 1.000000000000000000 ) ) ;
#4936 = DIRECTION ( 'NONE',  ( 1.445588219516514461E-15, 0.000000000000000000, -1.000000000000000000 ) ) ;
#4937 = DIRECTION ( 'NONE',  ( 0.000000000000000000, 0.000000000000000000, -1.000000000000000000 ) ) ;
#4938 = ORIENTED_EDGE ( 'NONE', *, *, #5816, .T. ) ;
#4939 = EDGE_LOOP ( 'NONE', ( #4609, #4714, #4978, #3116 ) ) ;
#4940 = PLANE ( 'NONE',  #5755 ) ;
#4941 = CARTESIAN_POINT ( 'NONE',  ( 4.685593297436579263, 10.99998799999999655, 71.08478470829275864 ) ) ;
#4942 = VECTOR ( 'NONE', #738, 1000.000000000000000 ) ;
#4943 = CARTESIAN_POINT ( 'NONE',  ( -12.49999999999997158, 13.00000000000000000, 28.55499999999999972 ) ) ;
#4944 = EDGE_CURVE ( 'NONE', #3667, #7, #1250, .T. ) ;
#4945 = ORIENTED_EDGE ( 'NONE', *, *, #5741, .T. ) ;
#4946 = FACE_BOUND ( 'NONE', #1079, .T. ) ;
#4947 = DIRECTION ( 'NONE',  ( -0.000000000000000000, 0.7071067811865451302, 0.7071067811865499042 ) ) ;
#4948 = CARTESIAN_POINT ( 'NONE',  ( -12.49999999999999289, 10.99999999999998224, -59.55500000000002814 ) ) ;
#4949 = CARTESIAN_POINT ( 'NONE',  ( 13.02194494116029055, 11.00000000000000000, 30.66272398817995537 ) ) ;
#4950 = CARTESIAN_POINT ( 'NONE',  ( -15.04050172409921515, 11.99999999999994849, 60.78393958836383604 ) ) ;
#4951 = VERTEX_POINT ( 'NONE', #1275 ) ;
#4952 = EDGE_CURVE ( 'NONE', #1031, #1537, #335, .T. ) ;
#4953 = VERTEX_POINT ( 'NONE', #2611 ) ;
#4954 = ORIENTED_EDGE ( 'NONE', *, *, #5391, .T. ) ;
#4955 = EDGE_CURVE ( 'NONE', #4693, #331, #2738, .T. ) ;
#4956 = DIRECTION ( 'NONE',  ( 0.000000000000000000, 0.000000000000000000, -1.000000000000000000 ) ) ;
#4957 = LINE ( 'NONE', #2689, #2919 ) ;
#4958 = CARTESIAN_POINT ( 'NONE',  ( 26.94000000000000483, 23.00000000000000000, 70.05500000000000682 ) ) ;
#4959 = ORIENTED_EDGE ( 'NONE', *, *, #1088, .T. ) ;
#4960 = VERTEX_POINT ( 'NONE', #4911 ) ;
#4961 = PLANE ( 'NONE',  #2045 ) ;
#4962 = CARTESIAN_POINT ( 'NONE',  ( 26.63995126535550284, 19.35000000000000142, -44.55490477169965402 ) ) ;
#4963 = DIRECTION ( 'NONE',  ( 0.000000000000000000, 1.000000000000000000, 0.000000000000000000 ) ) ;
#4964 = ORIENTED_EDGE ( 'NONE', *, *, #4332, .T. ) ;
#4965 = EDGE_CURVE ( 'NONE', #2220, #3469, #2308, .T. ) ;
#4966 = ORIENTED_EDGE ( 'NONE', *, *, #5790, .T. ) ;
#4967 = FACE_OUTER_BOUND ( 'NONE', #3107, .T. ) ;
#4968 = CARTESIAN_POINT ( 'NONE',  ( -33.44000000000001194, 11.00000000000000000, -78.55500000000002103 ) ) ;
#4969 = DIRECTION ( 'NONE',  ( 0.000000000000000000, 0.000000000000000000, 1.000000000000000000 ) ) ;
#4970 = EDGE_LOOP ( 'NONE', ( #5048, #5344, #3556, #5646 ) ) ;
#4971 = CARTESIAN_POINT ( 'NONE',  ( -26.63995126535550284, 0.000000000000000000, -46.15490477169966255 ) ) ;
#4972 = DIRECTION ( 'NONE',  ( 0.000000000000000000, 1.000000000000000000, 0.000000000000000000 ) ) ;
#4973 = PLANE ( 'NONE',  #2638 ) ;
#4974 = CARTESIAN_POINT ( 'NONE',  ( 6.500000000000000000, 13.00000000000000000, 67.55499999999999261 ) ) ;
#4975 = CYLINDRICAL_SURFACE ( 'NONE', #3298, 4.000000000000003553 ) ;
#4976 = EDGE_CURVE ( 'NONE', #1235, #4853, #1127, .T. ) ;
#4977 = ORIENTED_EDGE ( 'NONE', *, *, #1285, .F. ) ;
#4978 = ORIENTED_EDGE ( 'NONE', *, *, #2164, .F. ) ;
#4979 = DIRECTION ( 'NONE',  ( 2.312964634635742957E-16, 0.000000000000000000, 1.000000000000000000 ) ) ;
#4980 = LINE ( 'NONE', #566, #2678 ) ;
#4981 = CARTESIAN_POINT ( 'NONE',  ( 12.50000000000012079, 12.99999999999999822, -51.55500000000002814 ) ) ;
#4982 = LINE ( 'NONE', #1328, #4442 ) ;
#4983 = CIRCLE ( 'NONE', #3938, 2.624999999999988454 ) ;
#4984 = EDGE_LOOP ( 'NONE', ( #1387, #3825, #1357, #3590 ) ) ;
#4985 = ORIENTED_EDGE ( 'NONE', *, *, #3664, .T. ) ;
#4986 = VECTOR ( 'NONE', #4380, 1000.000000000000000 ) ;
#4987 = CARTESIAN_POINT ( 'NONE',  ( 12.50000000000008171, -59.05500000000003524, 108.6099999999995731 ) ) ;
#4988 = CARTESIAN_POINT ( 'NONE',  ( 26.93999999999998352, 15.00000000000000000, -78.55500000000000682 ) ) ;
#4989 = DIRECTION ( 'NONE',  ( 0.000000000000000000, -1.000000000000000000, 0.000000000000000000 ) ) ;
#4990 = VERTEX_POINT ( 'NONE', #5298 ) ;
#4991 = VECTOR ( 'NONE', #5476, 1000.000000000000114 ) ;
#4992 = ORIENTED_EDGE ( 'NONE', *, *, #4774, .F. ) ;
#4993 = LINE ( 'NONE', #2409, #4901 ) ;
#4994 = ADVANCED_FACE ( 'NONE', ( #1223 ), #3039, .F. ) ;
#4995 = DIRECTION ( 'NONE',  ( 0.000000000000000000, 0.000000000000000000, -1.000000000000000000 ) ) ;
#4996 = ORIENTED_EDGE ( 'NONE', *, *, #4416, .T. ) ;
#4997 = AXIS2_PLACEMENT_3D ( 'NONE', #2892, #1052, #3369 ) ;
#4998 = ADVANCED_FACE ( 'NONE', ( #3213 ), #1847, .F. ) ;
#4999 = VECTOR ( 'NONE', #598, 1000.000000000000000 ) ;
#5000 = ORIENTED_EDGE ( 'NONE', *, *, #4347, .T. ) ;
#5001 = CYLINDRICAL_SURFACE ( 'NONE', #805, 2.124999999999999112 ) ;
#5002 = AXIS2_PLACEMENT_3D ( 'NONE', #2866, #4178, #203 ) ;
#5003 = EDGE_CURVE ( 'NONE', #199, #5626, #2297, .T. ) ;
#5004 = CARTESIAN_POINT ( 'NONE',  ( -2.749771129515607093, 23.00000000000000000, 76.75373526184699813 ) ) ;
#5005 = CARTESIAN_POINT ( 'NONE',  ( -12.49999999999986677, 10.99999999999999645, -47.55500000000004945 ) ) ;
#5006 = CARTESIAN_POINT ( 'NONE',  ( -15.04050172409921515, 11.99999999999994849, 59.78393958836383604 ) ) ;
#5007 = PLANE ( 'NONE',  #4425 ) ;
#5008 = ORIENTED_EDGE ( 'NONE', *, *, #5698, .F. ) ;
#5009 = ORIENTED_EDGE ( 'NONE', *, *, #5776, .T. ) ;
#5010 = AXIS2_PLACEMENT_3D ( 'NONE', #5144, #1066, #5651 ) ;
#5011 = ORIENTED_EDGE ( 'NONE', *, *, #2209, .T. ) ;
#5012 = VECTOR ( 'NONE', #1413, 1000.000000000000000 ) ;
#5013 = CARTESIAN_POINT ( 'NONE',  ( 21.64049541977133373, 13.00000000000000000, 59.55499999999999972 ) ) ;
#5014 = DIRECTION ( 'NONE',  ( 1.485738470610355032E-16, 0.000000000000000000, 1.000000000000000000 ) ) ;
#5015 = DIRECTION ( 'NONE',  ( 0.000000000000000000, 0.000000000000000000, 1.000000000000000000 ) ) ;
#5016 = FACE_OUTER_BOUND ( 'NONE', #3923, .T. ) ;
#5017 = CARTESIAN_POINT ( 'NONE',  ( 13.02194494116037227, 10.99999999999999645, -53.44727601182007959 ) ) ;
#5018 = ORIENTED_EDGE ( 'NONE', *, *, #3821, .F. ) ;
#5019 = EDGE_CURVE ( 'NONE', #5742, #770, #4170, .T. ) ;
#5020 = ORIENTED_EDGE ( 'NONE', *, *, #3831, .F. ) ;
#5021 = AXIS2_PLACEMENT_3D ( 'NONE', #2860, #4680, #4764 ) ;
#5022 = CARTESIAN_POINT ( 'NONE',  ( -12.49999999999990941, 12.99999999999999822, -55.55500000000002103 ) ) ;
#5023 = LINE ( 'NONE', #4222, #2552 ) ;
#5024 = AXIS2_PLACEMENT_3D ( 'NONE', #3757, #647, #258 ) ;
#5025 = VECTOR ( 'NONE', #4578, 1000.000000000000000 ) ;
#5026 = DIRECTION ( 'NONE',  ( -1.000000000000000000, -0.000000000000000000, -0.000000000000000000 ) ) ;
#5027 = DIRECTION ( 'NONE',  ( -0.000000000000000000, 1.000000000000000000, 0.000000000000000000 ) ) ;
#5028 = VERTEX_POINT ( 'NONE', #5477 ) ;
#5029 = EDGE_CURVE ( 'NONE', #2616, #548, #1795, .T. ) ;
#5030 = VERTEX_POINT ( 'NONE', #5058 ) ;
#5031 = CARTESIAN_POINT ( 'NONE',  ( 5.000000000000002665, -0.4499999999999990119, 78.00500000000000966 ) ) ;
#5032 = ADVANCED_FACE ( 'NONE', ( #1367 ), #3653, .F. ) ;
#5033 = CARTESIAN_POINT ( 'NONE',  ( 12.50000000000011546, 11.00000000000000000, -47.55500000000005656 ) ) ;
#5034 = ORIENTED_EDGE ( 'NONE', *, *, #9, .T. ) ;
#5035 = ORIENTED_EDGE ( 'NONE', *, *, #4955, .F. ) ;
#5036 = DIRECTION ( 'NONE',  ( -0.000000000000000000, 0.7071067811865499042, -0.7071067811865451302 ) ) ;
#5037 = DIRECTION ( 'NONE',  ( 0.000000000000000000, -1.000000000000000000, 0.000000000000000000 ) ) ;
#5038 = DIRECTION ( 'NONE',  ( -0.000000000000000000, -1.000000000000000000, -0.000000000000000000 ) ) ;
#5039 = DIRECTION ( 'NONE',  ( -0.000000000000000000, -1.000000000000000000, -0.000000000000000000 ) ) ;
#5040 = CARTESIAN_POINT ( 'NONE',  ( 15.04050172409921515, 19.50000000000000000, 54.62007198917702766 ) ) ;
#5041 = VERTEX_POINT ( 'NONE', #1910 ) ;
#5042 = ORIENTED_EDGE ( 'NONE', *, *, #4198, .F. ) ;
#5043 = CARTESIAN_POINT ( 'NONE',  ( 26.64049541977133728, 19.35000000000000142, 59.55499999999999972 ) ) ;
#5044 = CARTESIAN_POINT ( 'NONE',  ( 12.49999999999999112, 10.99999999999998224, -59.55500000000002103 ) ) ;
#5045 = CARTESIAN_POINT ( 'NONE',  ( 12.50000000000003730, 13.00000000000000000, -59.55500000000002814 ) ) ;
#5046 = CARTESIAN_POINT ( 'NONE',  ( 13.49999645180847097, 10.99999999999999645, 35.68577804291729194 ) ) ;
#5047 = DIRECTION ( 'NONE',  ( 0.000000000000000000, 0.000000000000000000, -1.000000000000000000 ) ) ;
#5048 = ORIENTED_EDGE ( 'NONE', *, *, #1611, .F. ) ;
#5049 = ORIENTED_EDGE ( 'NONE', *, *, #2001, .F. ) ;
#5050 = DIRECTION ( 'NONE',  ( 1.962615573354727771E-16, -0.7071067811865451302, -0.7071067811865499042 ) ) ;
#5051 = CARTESIAN_POINT ( 'NONE',  ( -22.49999999999999289, 11.49999999999999645, 68.55500000000000682 ) ) ;
#5052 = ADVANCED_FACE ( 'NONE', ( #3719 ), #892, .T. ) ;
#5053 = CARTESIAN_POINT ( 'NONE',  ( -13.49999645180832175, 10.99999999999999645, 39.42422195708267196 ) ) ;
#5054 = ORIENTED_EDGE ( 'NONE', *, *, #5627, .F. ) ;
#5055 = ORIENTED_EDGE ( 'NONE', *, *, #610, .F. ) ;
#5056 = CARTESIAN_POINT ( 'NONE',  ( -33.39000000000001478, 19.99999999999999645, 23.02499999999999858 ) ) ;
#5057 = DIRECTION ( 'NONE',  ( 0.000000000000000000, -1.000000000000000000, 0.000000000000000000 ) ) ;
#5058 = CARTESIAN_POINT ( 'NONE',  ( -12.49999999999999289, 13.00000000000000000, -63.55500000000002814 ) ) ;
#5059 = VERTEX_POINT ( 'NONE', #4080 ) ;
#5060 = ORIENTED_EDGE ( 'NONE', *, *, #1300, .T. ) ;
#5061 = CARTESIAN_POINT ( 'NONE',  ( -13.49999645180836616, 10.99999999999999467, 35.42422195708266486 ) ) ;
#5062 = DIRECTION ( 'NONE',  ( 0.000000000000000000, 1.000000000000000000, 0.000000000000000000 ) ) ;
#5063 = DIRECTION ( 'NONE',  ( 1.000000000000000000, 0.000000000000000000, 3.558407130208821635E-15 ) ) ;
#5064 = CARTESIAN_POINT ( 'NONE',  ( -15.04050172409921515, 19.50000000000000000, 59.78393958836383604 ) ) ;
#5065 = LINE ( 'NONE', #671, #3767 ) ;
#5066 = ORIENTED_EDGE ( 'NONE', *, *, #1555, .T. ) ;
#5067 = VERTEX_POINT ( 'NONE', #517 ) ;
#5068 = EDGE_CURVE ( 'NONE', #2463, #4147, #982, .T. ) ;
#5069 = CARTESIAN_POINT ( 'NONE',  ( -14.49999999999988098, 10.99999999999999645, -47.55500000000004235 ) ) ;
#5070 = CARTESIAN_POINT ( 'NONE',  ( 26.64049541977133728, 0.000000000000000000, 59.55499999999999972 ) ) ;
#5071 = DIRECTION ( 'NONE',  ( 1.000000000000000000, 0.000000000000000000, 0.000000000000000000 ) ) ;
#5072 = PLANE ( 'NONE',  #265 ) ;
#5073 = VERTEX_POINT ( 'NONE', #4522 ) ;
#5074 = DIRECTION ( 'NONE',  ( -1.000000000000000000, 0.000000000000000000, 0.000000000000000000 ) ) ;
#5075 = VERTEX_POINT ( 'NONE', #5857 ) ;
#5076 = EDGE_CURVE ( 'NONE', #3534, #1518, #4042, .T. ) ;
#5077 = ORIENTED_EDGE ( 'NONE', *, *, #1291, .F. ) ;
#5078 = CARTESIAN_POINT ( 'NONE',  ( -12.49999999999992895, -59.05500000000003524, 104.6099999999995447 ) ) ;
#5079 = DIRECTION ( 'NONE',  ( -0.000000000000000000, 1.000000000000000000, -0.000000000000000000 ) ) ;
#5080 = VECTOR ( 'NONE', #3330, 1000.000000000000114 ) ;
#5081 = EDGE_CURVE ( 'NONE', #4413, #4552, #5358, .T. ) ;
#5082 = CARTESIAN_POINT ( 'NONE',  ( -5.817785061020796178, 10.99998800000000188, 74.42824109757876272 ) ) ;
#5083 = ORIENTED_EDGE ( 'NONE', *, *, #3992, .F. ) ;
#5084 = ORIENTED_EDGE ( 'NONE', *, *, #2859, .F. ) ;
#5085 = LINE ( 'NONE', #1010, #813 ) ;
#5086 = CARTESIAN_POINT ( 'NONE',  ( 13.29958940190089756, 10.99999999999999289, -47.94036606519274102 ) ) ;
#5087 = VECTOR ( 'NONE', #3722, 1000.000000000000000 ) ;
#5088 = ORIENTED_EDGE ( 'NONE', *, *, #2998, .F. ) ;
#5089 = ORIENTED_EDGE ( 'NONE', *, *, #2408, .F. ) ;
#5090 = CARTESIAN_POINT ( 'NONE',  ( 33.38999999999999346, 23.00000000000000000, -37.94500000000002160 ) ) ;
#5091 = CIRCLE ( 'NONE', #2431, 4.500000000000017764 ) ;
#5092 = VECTOR ( 'NONE', #3840, 999.9999999999998863 ) ;
#5093 = PLANE ( 'NONE',  #2263 ) ;
#5094 = CIRCLE ( 'NONE', #545, 1.600000000000004086 ) ;
#5095 = FACE_OUTER_BOUND ( 'NONE', #803, .T. ) ;
#5096 = FACE_OUTER_BOUND ( 'NONE', #1602, .T. ) ;
#5097 = EDGE_LOOP ( 'NONE', ( #2038, #477, #984, #122, #1248, #955 ) ) ;
#5098 = CIRCLE ( 'NONE', #5386, 1.000000000000000888 ) ;
#5099 = ORIENTED_EDGE ( 'NONE', *, *, #5748, .F. ) ;
#5100 = DIRECTION ( 'NONE',  ( 0.000000000000000000, 1.000000000000000000, -0.000000000000000000 ) ) ;
#5101 = FACE_OUTER_BOUND ( 'NONE', #4116, .T. ) ;
#5102 = CARTESIAN_POINT ( 'NONE',  ( -12.49999999999990941, 13.00000000000000000, -55.55500000000002814 ) ) ;
#5103 = CARTESIAN_POINT ( 'NONE',  ( 26.63995126535550284, 0.000000000000000000, -46.15490477169966255 ) ) ;
#5104 = EDGE_CURVE ( 'NONE', #908, #3469, #2833, .T. ) ;
#5105 = CIRCLE ( 'NONE', #736, 4.500000000000003553 ) ;
#5106 = ORIENTED_EDGE ( 'NONE', *, *, #4931, .F. ) ;
#5107 = CARTESIAN_POINT ( 'NONE',  ( -6.500000000000000000, 23.00000000000000000, 67.55499999999999261 ) ) ;
#5108 = VECTOR ( 'NONE', #2140, 1000.000000000000000 ) ;
#5109 = VERTEX_POINT ( 'NONE', #2703 ) ;
#5110 = ORIENTED_EDGE ( 'NONE', *, *, #115, .F. ) ;
#5111 = VECTOR ( 'NONE', #5243, 1000.000000000000000 ) ;
#5112 = CARTESIAN_POINT ( 'NONE',  ( -14.49999999999992006, 10.99999999999999645, -51.55500000000004945 ) ) ;
#5113 = EDGE_CURVE ( 'NONE', #788, #643, #5402, .T. ) ;
#5114 = LINE ( 'NONE', #4283, #5858 ) ;
#5115 = ORIENTED_EDGE ( 'NONE', *, *, #4931, .T. ) ;
#5116 = VECTOR ( 'NONE', #5824, 1000.000000000000000 ) ;
#5117 = ORIENTED_EDGE ( 'NONE', *, *, #3573, .F. ) ;
#5118 = CARTESIAN_POINT ( 'NONE',  ( 22.50000000000000711, 18.00000000000000000, 68.55500000000000682 ) ) ;
#5119 = CIRCLE ( 'NONE', #4268, 1.600000000000011191 ) ;
#5120 = FACE_BOUND ( 'NONE', #794, .T. ) ;
#5121 =( BOUNDED_SURFACE ( )  B_SPLINE_SURFACE ( 3, 1, ( 
 ( #5044, #5556 ),
 ( #1027, #473 ),
 ( #2754, #32 ),
 ( #125, #500 ) ),
 .UNSPECIFIED., .F., .F., .T. ) 
 B_SPLINE_SURFACE_WITH_KNOTS ( ( 4, 4 ),
 ( 2, 2 ),
 ( 0.000000000000000000, 1.000000000000000000 ),
 ( 0.000000000000000000, 1.000000000000000000 ),
 .UNSPECIFIED. ) 
 GEOMETRIC_REPRESENTATION_ITEM ( )  RATIONAL_B_SPLINE_SURFACE ( (
 ( 1.000000000000000000, 1.000000000000000000),
 ( 0.3333333333333269866, 0.3333333333333269866),
 ( 0.3333333333333269866, 0.3333333333333269866),
 ( 1.000000000000000000, 1.000000000000000000) ) ) 
 REPRESENTATION_ITEM ( '' )  SURFACE ( )  );
#5122 = CARTESIAN_POINT ( 'NONE',  ( -12.49999999999990941, -59.05500000000003524, 16.49999999999952038 ) ) ;
#5123 = VERTEX_POINT ( 'NONE', #921 ) ;
#5124 = ORIENTED_EDGE ( 'NONE', *, *, #2048, .F. ) ;
#5125 = AXIS2_PLACEMENT_3D ( 'NONE', #5051, #5506, #2405 ) ;
#5126 = CARTESIAN_POINT ( 'NONE',  ( -13.29970886751930692, 10.99999999999999645, 36.16950099912769190 ) ) ;
#5127 = DIRECTION ( 'NONE',  ( -0.000000000000000000, 1.000000000000000000, 0.000000000000000000 ) ) ;
#5128 = ADVANCED_FACE ( 'NONE', ( #2740 ), #5269, .F. ) ;
#5129 = LINE ( 'NONE', #2416, #3200 ) ;
#5130 = CARTESIAN_POINT ( 'NONE',  ( 13.47403207297544547, 10.99999999999999645, -56.29339448151836933 ) ) ;
#5131 = ORIENTED_EDGE ( 'NONE', *, *, #3025, .F. ) ;
#5132 = ORIENTED_EDGE ( 'NONE', *, *, #4091, .F. ) ;
#5133 = DIRECTION ( 'NONE',  ( 0.000000000000000000, -1.000000000000000000, 0.000000000000000000 ) ) ;
#5134 = CARTESIAN_POINT ( 'NONE',  ( -26.64049541977133728, 22.35000000000000142, 59.55499999999999972 ) ) ;
#5135 = DIRECTION ( 'NONE',  ( 0.000000000000000000, -1.000000000000000000, 0.000000000000000000 ) ) ;
#5136 = EDGE_CURVE ( 'NONE', #3799, #198, #4827, .T. ) ;
#5137 = CARTESIAN_POINT ( 'NONE',  ( -12.49999999999997158, 10.99999999999999645, 30.55499999999998550 ) ) ;
#5138 = CARTESIAN_POINT ( 'NONE',  ( 26.64049541977133728, 19.35000000000000142, 59.55499999999999972 ) ) ;
#5139 = EDGE_LOOP ( 'NONE', ( #1498, #1272, #1642, #1509 ) ) ;
#5140 = ORIENTED_EDGE ( 'NONE', *, *, #1166, .F. ) ;
#5141 = AXIS2_PLACEMENT_3D ( 'NONE', #5732, #5409, #4929 ) ;
#5142 = DIRECTION ( 'NONE',  ( 0.000000000000000000, 0.000000000000000000, -1.000000000000000000 ) ) ;
#5143 = DIRECTION ( 'NONE',  ( -1.000000000000000000, 0.000000000000000000, 0.000000000000000000 ) ) ;
#5144 = CARTESIAN_POINT ( 'NONE',  ( 26.93999999999998352, -152.0796411894638993, -76.50500000000000966 ) ) ;
#5145 = ORIENTED_EDGE ( 'NONE', *, *, #4838, .F. ) ;
#5146 = B_SPLINE_CURVE_WITH_KNOTS ( 'NONE', 3,
 ( #1149, #2074, #1237, #3886, #3026, #2102, #5280, #3051, #2965, #3525, #1205, #4864, #2491, #2042 ),
 .UNSPECIFIED., .F., .F.,
 ( 4, 2, 2, 2, 2, 2, 4 ),
 ( 0.000000000000000000, 0.0007844752485840127219, 0.001176712872876019191, 0.001568950497168025444, 0.001961188121460032130, 0.002353425745752038382, 0.003137900994336069102 ),
 .UNSPECIFIED. ) ;
#5147 = FACE_BOUND ( 'NONE', #622, .T. ) ;
#5148 = EDGE_CURVE ( 'NONE', #5613, #4097, #1609, .T. ) ;
#5149 = CARTESIAN_POINT ( 'NONE',  ( -31.43999999999999417, 13.00000000000000000, -39.55490477169965402 ) ) ;
#5150 = ORIENTED_EDGE ( 'NONE', *, *, #4364, .F. ) ;
#5151 = ORIENTED_EDGE ( 'NONE', *, *, #3484, .F. ) ;
#5152 = CARTESIAN_POINT ( 'NONE',  ( -12.49999999999992895, 10.99999999999999645, 34.55499999999998550 ) ) ;
#5153 = LINE ( 'NONE', #2926, #4068 ) ;
#5154 = DIRECTION ( 'NONE',  ( 0.000000000000000000, -0.000000000000000000, 1.000000000000000000 ) ) ;
#5155 = LINE ( 'NONE', #1445, #1872 ) ;
#5156 = ORIENTED_EDGE ( 'NONE', *, *, #889, .T. ) ;
#5157 = ORIENTED_EDGE ( 'NONE', *, *, #2198, .T. ) ;
#5158 = CARTESIAN_POINT ( 'NONE',  ( -22.49999999999998224, 17.00000000000000000, 8.555000000000006821 ) ) ;
#5159 = CARTESIAN_POINT ( 'NONE',  ( -35.44000000000000483, 11.00000000000000000, -51.55500000000004235 ) ) ;
#5160 = ADVANCED_FACE ( 'NONE', ( #2496 ), #689, .F. ) ;
#5161 = LINE ( 'NONE', #596, #359 ) ;
#5162 = PLANE ( 'NONE',  #663 ) ;
#5163 = CIRCLE ( 'NONE', #3074, 4.500000000000001776 ) ;
#5164 = PLANE ( 'NONE',  #2717 ) ;
#5165 = ORIENTED_EDGE ( 'NONE', *, *, #4899, .F. ) ;
#5166 = ORIENTED_EDGE ( 'NONE', *, *, #2167, .T. ) ;
#5167 = LINE ( 'NONE', #658, #4491 ) ;
#5168 = DIRECTION ( 'NONE',  ( 0.000000000000000000, 1.000000000000000000, 0.000000000000000000 ) ) ;
#5169 = PLANE ( 'NONE',  #5010 ) ;
#5170 = ORIENTED_EDGE ( 'NONE', *, *, #4381, .F. ) ;
#5171 = CARTESIAN_POINT ( 'NONE',  ( -31.43999999999999417, 22.35000000000000142, 54.55499999999999972 ) ) ;
#5172 = CARTESIAN_POINT ( 'NONE',  ( 26.93999999999998352, 11.00000000000000000, -76.55500000000000682 ) ) ;
#5173 = VERTEX_POINT ( 'NONE', #632 ) ;
#5174 = EDGE_CURVE ( 'NONE', #2429, #7, #4263, .T. ) ;
#5175 = CIRCLE ( 'NONE', #5657, 1.000000000000000888 ) ;
#5176 = EDGE_LOOP ( 'NONE', ( #4035, #2974, #3345, #680 ) ) ;
#5177 = EDGE_CURVE ( 'NONE', #2426, #4617, #2472, .T. ) ;
#5178 = AXIS2_PLACEMENT_3D ( 'NONE', #5449, #4527, #2239 ) ;
#5179 = CARTESIAN_POINT ( 'NONE',  ( -13.02194494116015733, 10.99999999999999467, -47.66272398818001221 ) ) ;
#5180 = EDGE_CURVE ( 'NONE', #3683, #4990, #221, .T. ) ;
#5181 = DIRECTION ( 'NONE',  ( 0.000000000000000000, -0.000000000000000000, 1.000000000000000000 ) ) ;
#5182 = CARTESIAN_POINT ( 'NONE',  ( 13.29958940190081584, 10.99999999999999289, -55.94036606519275523 ) ) ;
#5183 = VERTEX_POINT ( 'NONE', #5172 ) ;
#5184 = AXIS2_PLACEMENT_3D ( 'NONE', #2768, #5057, #4585 ) ;
#5185 = PLANE ( 'NONE',  #2049 ) ;
#5186 = VECTOR ( 'NONE', #4979, 1000.000000000000000 ) ;
#5187 = AXIS2_PLACEMENT_3D ( 'NONE', #4565, #1893, #2305 ) ;
#5188 = CARTESIAN_POINT ( 'NONE',  ( -12.49999999999998757, 12.99999999999999822, 30.55499999999997129 ) ) ;
#5189 = DIRECTION ( 'NONE',  ( 1.000000000000000000, 0.000000000000000000, 0.000000000000000000 ) ) ;
#5190 = LINE ( 'NONE', #4244, #3963 ) ;
#5191 = CARTESIAN_POINT ( 'NONE',  ( -26.64049541977133728, 12.00000000000005862, 55.55499999999999261 ) ) ;
#5192 = FACE_OUTER_BOUND ( 'NONE', #4688, .T. ) ;
#5193 = ORIENTED_EDGE ( 'NONE', *, *, #4223, .F. ) ;
#5194 = AXIS2_PLACEMENT_3D ( 'NONE', #2633, #472, #2248 ) ;
#5195 = ORIENTED_EDGE ( 'NONE', *, *, #4976, .F. ) ;
#5196 = AXIS2_PLACEMENT_3D ( 'NONE', #2651, #5272, #807 ) ;
#5197 = AXIS2_PLACEMENT_3D ( 'NONE', #4667, #2873, #1118 ) ;
#5198 = DIRECTION ( 'NONE',  ( 0.000000000000000000, 0.000000000000000000, -1.000000000000000000 ) ) ;
#5199 = CIRCLE ( 'NONE', #1114, 4.500000000000001776 ) ;
#5200 = EDGE_CURVE ( 'NONE', #1911, #1464, #1997, .T. ) ;
#5201 = CARTESIAN_POINT ( 'NONE',  ( -22.49999999999999289, 11.49999999999999645, 68.55500000000000682 ) ) ;
#5202 = ORIENTED_EDGE ( 'NONE', *, *, #5629, .F. ) ;
#5203 = VECTOR ( 'NONE', #3292, 1000.000000000000000 ) ;
#5204 = AXIS2_PLACEMENT_3D ( 'NONE', #4096, #1781, #4574 ) ;
#5205 = CARTESIAN_POINT ( 'NONE',  ( 21.64049541977133373, 13.00000000000000000, 64.13784572642452986 ) ) ;
#5206 = AXIS2_PLACEMENT_3D ( 'NONE', #4572, #2311, #61 ) ;
#5207 = EDGE_CURVE ( 'NONE', #2736, #4016, #2023, .T. ) ;
#5208 = DIRECTION ( 'NONE',  ( -0.000000000000000000, 1.000000000000000000, 0.000000000000000000 ) ) ;
#5209 = EDGE_LOOP ( 'NONE', ( #3902, #2024, #2135, #4387 ) ) ;
#5210 = VECTOR ( 'NONE', #3778, 1000.000000000000000 ) ;
#5211 = CARTESIAN_POINT ( 'NONE',  ( -26.64049541977133728, 12.00000000000005862, 59.55499999999999972 ) ) ;
#5212 = EDGE_CURVE ( 'NONE', #915, #5041, #3806, .T. ) ;
#5213 = DIRECTION ( 'NONE',  ( 0.000000000000000000, 0.000000000000000000, -1.000000000000000000 ) ) ;
#5214 = DIRECTION ( 'NONE',  ( 0.000000000000000000, 0.000000000000000000, 1.000000000000000000 ) ) ;
#5215 = DIRECTION ( 'NONE',  ( 1.000000000000000000, 0.000000000000000000, 0.000000000000000000 ) ) ;
#5216 = DIRECTION ( 'NONE',  ( 1.000000000000000000, 0.000000000000000000, 0.000000000000000000 ) ) ;
#5217 = VERTEX_POINT ( 'NONE', #1071 ) ;
#5218 = FACE_OUTER_BOUND ( 'NONE', #349, .T. ) ;
#5219 = B_SPLINE_CURVE_WITH_KNOTS ( 'NONE', 3,
 ( #4063, #2285, #2785, #4601, #5, #1834, #1354, #3167, #3639, #1383, #3759, #3795, #5589, #3705 ),
 .UNSPECIFIED., .F., .F.,
 ( 4, 2, 2, 2, 2, 2, 4 ),
 ( 0.000000000000000000, 0.0007844752485840050240, 0.001176712872876013120, 0.001568950497168021324, 0.001961188121460029528, 0.002353425745752037515, 0.003137900994336064765 ),
 .UNSPECIFIED. ) ;
#5220 = DIRECTION ( 'NONE',  ( -0.000000000000000000, 1.000000000000000000, -0.000000000000000000 ) ) ;
#5221 = CARTESIAN_POINT ( 'NONE',  ( -10.00000000000000178, 23.00000000000000000, 71.55500000000002103 ) ) ;
#5222 = CARTESIAN_POINT ( 'NONE',  ( 31.43999999999998352, 13.00000000000000355, -70.05500000000000682 ) ) ;
#5223 = CARTESIAN_POINT ( 'NONE',  ( 26.64049541977133728, 22.35000000000000142, 54.55499999999999972 ) ) ;
#5224 = DIRECTION ( 'NONE',  ( 0.000000000000000000, 0.000000000000000000, -1.000000000000000000 ) ) ;
#5225 = ORIENTED_EDGE ( 'NONE', *, *, #1213, .T. ) ;
#5226 = ORIENTED_EDGE ( 'NONE', *, *, #1363, .T. ) ;
#5227 = FACE_OUTER_BOUND ( 'NONE', #4083, .T. ) ;
#5228 = DIRECTION ( 'NONE',  ( 0.000000000000000000, 1.000000000000000000, -0.000000000000000000 ) ) ;
#5229 = DIRECTION ( 'NONE',  ( 0.000000000000000000, 1.000000000000000000, 0.000000000000000000 ) ) ;
#5230 = ORIENTED_EDGE ( 'NONE', *, *, #2359, .T. ) ;
#5231 = CARTESIAN_POINT ( 'NONE',  ( 26.63995126535550284, 11.00000000000000000, -44.55490477169965402 ) ) ;
#5232 = CARTESIAN_POINT ( 'NONE',  ( -12.49999999999992895, -59.05500000000003524, 106.6099999999995447 ) ) ;
#5233 = ORIENTED_EDGE ( 'NONE', *, *, #3756, .T. ) ;
#5234 = CARTESIAN_POINT ( 'NONE',  ( -12.49999999999995026, -59.05500000000003524, 12.49999999999951861 ) ) ;
#5235 = CIRCLE ( 'NONE', #3906, 5.000000000000073719 ) ;
#5236 = DIRECTION ( 'NONE',  ( 0.000000000000000000, 0.000000000000000000, -1.000000000000000000 ) ) ;
#5237 = DIRECTION ( 'NONE',  ( 0.000000000000000000, 0.000000000000000000, 1.000000000000000000 ) ) ;
#5238 = CARTESIAN_POINT ( 'NONE',  ( 2.749771129515608870, 10.99999399999999916, 70.45373526184702939 ) ) ;
#5239 = LINE ( 'NONE', #1163, #4523 ) ;
#5240 = ORIENTED_EDGE ( 'NONE', *, *, #3150, .F. ) ;
#5241 = DIRECTION ( 'NONE',  ( 0.000000000000000000, 0.000000000000000000, -1.000000000000000000 ) ) ;
#5242 = DIRECTION ( 'NONE',  ( 0.000000000000000000, 0.000000000000000000, -1.000000000000000000 ) ) ;
#5243 = DIRECTION ( 'NONE',  ( 1.000000000000000000, -0.000000000000000000, -0.000000000000000000 ) ) ;
#5244 = CARTESIAN_POINT ( 'NONE',  ( -6.499999999999999112, 13.00000000000000000, 76.50500000000000966 ) ) ;
#5245 = EDGE_CURVE ( 'NONE', #3979, #3048, #3311, .T. ) ;
#5246 = DIRECTION ( 'NONE',  ( 9.637352644315595243E-17, 0.000000000000000000, 1.000000000000000000 ) ) ;
#5247 = ORIENTED_EDGE ( 'NONE', *, *, #3084, .T. ) ;
#5248 = EDGE_CURVE ( 'NONE', #4261, #2385, #583, .T. ) ;
#5249 = ORIENTED_EDGE ( 'NONE', *, *, #1961, .T. ) ;
#5250 = ADVANCED_FACE ( 'NONE', ( #1045 ), #5631, .F. ) ;
#5251 = ADVANCED_FACE ( 'NONE', ( #1552 ), #2051, .T. ) ;
#5252 = DIRECTION ( 'NONE',  ( 0.000000000000000000, 0.000000000000000000, -1.000000000000000000 ) ) ;
#5253 = CARTESIAN_POINT ( 'NONE',  ( -26.64049541977133728, 12.00000000000005862, 63.55499999999999972 ) ) ;
#5254 = EDGE_CURVE ( 'NONE', #4353, #1903, #1964, .T. ) ;
#5255 = ORIENTED_EDGE ( 'NONE', *, *, #4756, .F. ) ;
#5256 = ORIENTED_EDGE ( 'NONE', *, *, #3067, .F. ) ;
#5257 = EDGE_CURVE ( 'NONE', #64, #2072, #5687, .T. ) ;
#5258 = LINE ( 'NONE', #688, #4415 ) ;
#5259 = VECTOR ( 'NONE', #3259, 1000.000000000000000 ) ;
#5260 = DIRECTION ( 'NONE',  ( -0.7071067811865408004, 0.000000000000000000, -0.7071067811865543451 ) ) ;
#5261 = ORIENTED_EDGE ( 'NONE', *, *, #3529, .T. ) ;
#5262 = DIRECTION ( 'NONE',  ( 0.000000000000000000, 0.000000000000000000, 1.000000000000000000 ) ) ;
#5263 = CARTESIAN_POINT ( 'NONE',  ( 5.268721683069862216, 10.99998799999999832, 75.53955742976799570 ) ) ;
#5264 = VECTOR ( 'NONE', #4736, 1000.000000000000000 ) ;
#5265 = DIRECTION ( 'NONE',  ( 0.000000000000000000, 1.000000000000000000, 0.000000000000000000 ) ) ;
#5266 = CARTESIAN_POINT ( 'NONE',  ( -26.63995126535550284, 22.35000000000000142, -49.55490477169965402 ) ) ;
#5267 = EDGE_CURVE ( 'NONE', #907, #4671, #104, .T. ) ;
#5268 = ORIENTED_EDGE ( 'NONE', *, *, #253, .F. ) ;
#5269 =( BOUNDED_SURFACE ( )  B_SPLINE_SURFACE ( 3, 1, ( 
 ( #4107, #3425 ),
 ( #4197, #4229 ),
 ( #2410, #140 ),
 ( #165, #4286 ) ),
 .UNSPECIFIED., .F., .F., .T. ) 
 B_SPLINE_SURFACE_WITH_KNOTS ( ( 4, 4 ),
 ( 2, 2 ),
 ( 0.000000000000000000, 1.000000000000000000 ),
 ( 0.000000000000000000, 1.000000000000000000 ),
 .UNSPECIFIED. ) 
 GEOMETRIC_REPRESENTATION_ITEM ( )  RATIONAL_B_SPLINE_SURFACE ( (
 ( 1.000000000000000000, 1.000000000000000000),
 ( 0.3333333333333281523, 0.3333333333333281523),
 ( 0.3333333333333281523, 0.3333333333333281523),
 ( 1.000000000000000000, 1.000000000000000000) ) ) 
 REPRESENTATION_ITEM ( '' )  SURFACE ( )  );
#5270 = VECTOR ( 'NONE', #1049, 1000.000000000000000 ) ;
#5271 = CARTESIAN_POINT ( 'NONE',  ( 12.50000000000001421, 13.00000000000000000, 29.55499999999998195 ) ) ;
#5272 = DIRECTION ( 'NONE',  ( -0.000000000000000000, -1.000000000000000000, -0.000000000000000000 ) ) ;
#5273 = CARTESIAN_POINT ( 'NONE',  ( 13.29958940190090111, 10.99999999999999467, 44.16963393480727973 ) ) ;
#5274 = CARTESIAN_POINT ( 'NONE',  ( -10.00000000000000178, 13.00000000000000000, 71.55500000000002103 ) ) ;
#5275 = EDGE_CURVE ( 'NONE', #5395, #4924, #5119, .T. ) ;
#5276 = DIRECTION ( 'NONE',  ( -1.000000000000000000, 0.000000000000000000, 1.445588219516514461E-15 ) ) ;
#5277 = ORIENTED_EDGE ( 'NONE', *, *, #4557, .T. ) ;
#5278 = EDGE_LOOP ( 'NONE', ( #346, #2790, #5330, #4479 ) ) ;
#5279 = EDGE_CURVE ( 'NONE', #5652, #4891, #3983, .T. ) ;
#5280 = CARTESIAN_POINT ( 'NONE',  ( -13.49999645180842656, 10.99999999999999645, -60.68577804291736300 ) ) ;
#5281 = DIRECTION ( 'NONE',  ( -0.000000000000000000, -1.000000000000000000, -0.000000000000000000 ) ) ;
#5282 = CARTESIAN_POINT ( 'NONE',  ( -12.49999999999995026, -59.05500000000003524, 12.49999999999951861 ) ) ;
#5283 = VECTOR ( 'NONE', #1919, 1000.000000000000000 ) ;
#5284 = VECTOR ( 'NONE', #5619, 1000.000000000000000 ) ;
#5285 = EDGE_LOOP ( 'NONE', ( #1089, #2279 ) ) ;
#5286 = ORIENTED_EDGE ( 'NONE', *, *, #1247, .F. ) ;
#5287 = CONICAL_SURFACE ( 'NONE', #3768, 2.125000000000001776, 0.7853981633974400633 ) ;
#5288 = AXIS2_PLACEMENT_3D ( 'NONE', #5424, #4529, #3628 ) ;
#5289 = CARTESIAN_POINT ( 'NONE',  ( -21.64049541977133373, 13.00000000000000000, 64.13784572642452986 ) ) ;
#5290 = CARTESIAN_POINT ( 'NONE',  ( 22.50000000000001066, 13.00000000000000000, 8.555000000000006821 ) ) ;
#5291 = ORIENTED_EDGE ( 'NONE', *, *, #2436, .F. ) ;
#5292 = AXIS2_PLACEMENT_3D ( 'NONE', #3019, #3881, #3411 ) ;
#5293 = CIRCLE ( 'NONE', #2729, 2.624999999999988454 ) ;
#5294 = EDGE_LOOP ( 'NONE', ( #2006, #420 ) ) ;
#5295 = CARTESIAN_POINT ( 'NONE',  ( 12.50000000000008171, 10.99999999999999645, 38.55500000000000682 ) ) ;
#5296 = VECTOR ( 'NONE', #3630, 1000.000000000000000 ) ;
#5297 = CARTESIAN_POINT ( 'NONE',  ( -31.44000000000000838, 5.056911948494057896, 23.02500000000000213 ) ) ;
#5298 = CARTESIAN_POINT ( 'NONE',  ( 22.50000000000001066, 13.00000000000000000, 13.05500000000000682 ) ) ;
#5299 = CARTESIAN_POINT ( 'NONE',  ( -22.49999999999998224, 11.00000000000000000, 8.555000000000006821 ) ) ;
#5300 = LINE ( 'NONE', #5663, #543 ) ;
#5301 = ORIENTED_EDGE ( 'NONE', *, *, #1147, .T. ) ;
#5302 = CIRCLE ( 'NONE', #466, 5.000000000000073719 ) ;
#5303 = DIRECTION ( 'NONE',  ( 0.000000000000000000, 0.000000000000000000, 1.000000000000000000 ) ) ;
#5304 = EDGE_CURVE ( 'NONE', #656, #2535, #5795, .T. ) ;
#5305 = AXIS2_PLACEMENT_3D ( 'NONE', #5158, #5587, #4719 ) ;
#5306 = CIRCLE ( 'NONE', #4457, 1.999999999999946265 ) ;
#5307 = CARTESIAN_POINT ( 'NONE',  ( 26.93999999999998352, 15.00000000000000000, -70.05500000000000682 ) ) ;
#5308 = CARTESIAN_POINT ( 'NONE',  ( -13.47403207297531935, 10.99999999999999645, -52.81660551848171536 ) ) ;
#5309 = DIRECTION ( 'NONE',  ( -1.000000000000000000, 0.000000000000000000, -0.000000000000000000 ) ) ;
#5310 = CARTESIAN_POINT ( 'NONE',  ( -33.39000000000001478, -152.0796411894638993, -70.05500000000002103 ) ) ;
#5311 = ORIENTED_EDGE ( 'NONE', *, *, #355, .T. ) ;
#5312 = ORIENTED_EDGE ( 'NONE', *, *, #1551, .F. ) ;
#5313 = EDGE_CURVE ( 'NONE', #4960, #1190, #5348, .T. ) ;
#5314 = CARTESIAN_POINT ( 'NONE',  ( -22.49999999999999289, 17.00000000000000000, 70.68000000000000682 ) ) ;
#5315 = CARTESIAN_POINT ( 'NONE',  ( -15.04050172409921515, 22.32842712474619518, 58.78393958836383604 ) ) ;
#5316 = ORIENTED_EDGE ( 'NONE', *, *, #2533, .F. ) ;
#5317 = VERTEX_POINT ( 'NONE', #5384 ) ;
#5318 = DIRECTION ( 'NONE',  ( 0.000000000000000000, 0.000000000000000000, 1.000000000000000000 ) ) ;
#5319 = CARTESIAN_POINT ( 'NONE',  ( -12.49999999999986677, 13.00000000000000000, -51.55500000000002814 ) ) ;
#5320 = CARTESIAN_POINT ( 'NONE',  ( 12.50000000000004086, 12.99999999999999822, 32.55499999999999972 ) ) ;
#5321 = ORIENTED_EDGE ( 'NONE', *, *, #307, .F. ) ;
#5322 = ADVANCED_FACE ( 'NONE', ( #3449 ), #1244, .F. ) ;
#5323 = ORIENTED_EDGE ( 'NONE', *, *, #5304, .F. ) ;
#5324 = PLANE ( 'NONE',  #2610 ) ;
#5325 = EDGE_CURVE ( 'NONE', #5059, #222, #2131, .T. ) ;
#5326 = LINE ( 'NONE', #310, #4922 ) ;
#5327 = CARTESIAN_POINT ( 'NONE',  ( -35.43999999999996930, 11.00000000000000000, 38.55499999999999261 ) ) ;
#5328 = EDGE_CURVE ( 'NONE', #3916, #3450, #2550, .T. ) ;
#5329 = LINE ( 'NONE', #2502, #1290 ) ;
#5330 = ORIENTED_EDGE ( 'NONE', *, *, #2381, .T. ) ;
#5331 = DIRECTION ( 'NONE',  ( -0.000000000000000000, -1.000000000000000000, -0.000000000000000000 ) ) ;
#5332 = CARTESIAN_POINT ( 'NONE',  ( -15.04050172409921515, 19.50000000000000000, 59.78393958836383604 ) ) ;
#5333 = CARTESIAN_POINT ( 'NONE',  ( -13.47400153435555126, 10.99999999999999467, -52.29335019877655100 ) ) ;
#5334 = CARTESIAN_POINT ( 'NONE',  ( -33.39000000000001478, 5.056911948494057896, 13.27499999999999503 ) ) ;
#5335 = ORIENTED_EDGE ( 'NONE', *, *, #615, .T. ) ;
#5336 = CARTESIAN_POINT ( 'NONE',  ( -35.44000000000000483, 11.00000000000000000, 44.55499999999997129 ) ) ;
#5337 = ORIENTED_EDGE ( 'NONE', *, *, #3939, .T. ) ;
#5338 = ORIENTED_EDGE ( 'NONE', *, *, #1854, .T. ) ;
#5339 = AXIS2_PLACEMENT_3D ( 'NONE', #1606, #3826, #2468 ) ;
#5340 = EDGE_CURVE ( 'NONE', #2586, #3048, #5306, .T. ) ;
#5341 = PLANE ( 'NONE',  #910 ) ;
#5342 = CARTESIAN_POINT ( 'NONE',  ( 6.500000000000000000, 23.00000000000000000, 67.55499999999999261 ) ) ;
#5343 = ORIENTED_EDGE ( 'NONE', *, *, #4564, .T. ) ;
#5344 = ORIENTED_EDGE ( 'NONE', *, *, #4559, .T. ) ;
#5345 = B_SPLINE_CURVE_WITH_KNOTS ( 'NONE', 3,
 ( #1945, #558, #4145, #989, #4206, #1467, #1444, #2363, #611, #4624, #3317, #5550, #3368, #4267 ),
 .UNSPECIFIED., .F., .F.,
 ( 4, 2, 2, 2, 2, 2, 4 ),
 ( 5.204170427930420513E-18, 0.0007844752485840073009, 0.001176712872876013770, 0.001568950497168020673, 0.001961188121460027359, 0.002353425745752033612, 0.003137900994336061729 ),
 .UNSPECIFIED. ) ;
#5346 = CARTESIAN_POINT ( 'NONE',  ( 2.749771129515611534, 13.00000000000000000, 76.75373526184699813 ) ) ;
#5347 = LINE ( 'NONE', #1360, #2369 ) ;
#5348 = LINE ( 'NONE', #1217, #5695 ) ;
#5349 = VERTEX_POINT ( 'NONE', #830 ) ;
#5350 = ORIENTED_EDGE ( 'NONE', *, *, #4429, .T. ) ;
#5351 = CARTESIAN_POINT ( 'NONE',  ( -22.49999999999999289, 11.00000000000000000, 68.55500000000000682 ) ) ;
#5352 = FACE_BOUND ( 'NONE', #4492, .T. ) ;
#5353 = EDGE_CURVE ( 'NONE', #3616, #877, #768, .T. ) ;
#5354 = CARTESIAN_POINT ( 'NONE',  ( 5.899771129515590573, 10.99998800000000010, 74.01606929763069331 ) ) ;
#5355 = CARTESIAN_POINT ( 'NONE',  ( -12.49999999999988809, 10.99999999999999645, 38.55500000000000682 ) ) ;
#5356 = CARTESIAN_POINT ( 'NONE',  ( -33.39000000000001478, 14.99999999999998579, -70.05500000000002103 ) ) ;
#5357 = ORIENTED_EDGE ( 'NONE', *, *, #5003, .F. ) ;
#5358 = B_SPLINE_CURVE_WITH_KNOTS ( 'NONE', 3,
 ( #5033, #2799, #953, #5086, #1338, #5421, #3180, #4614, #1883, #547, #4586, #487, #77, #1820 ),
 .UNSPECIFIED., .F., .F.,
 ( 4, 2, 2, 2, 2, 2, 4 ),
 ( 3.469446951953614189E-18, 0.0007844752485840166250, 0.001176712872876023094, 0.001568950497168029781, 0.001961188121460036467, 0.002353425745752042719, 0.003137900994336070837 ),
 .UNSPECIFIED. ) ;
#5359 = CARTESIAN_POINT ( 'NONE',  ( 31.43999999999999417, 22.35000000000000142, 70.05500000000000682 ) ) ;
#5360 = ADVANCED_FACE ( 'NONE', ( #4397 ), #1818, .F. ) ;
#5361 = CONICAL_SURFACE ( 'NONE', #906, 2.125000000000001776, 0.7853981633974400633 ) ;
#5362 = LINE ( 'NONE', #1229, #3101 ) ;
#5363 = LINE ( 'NONE', #3045, #5494 ) ;
#5364 = CARTESIAN_POINT ( 'NONE',  ( -26.94000000000001194, 23.00000000000000000, -70.05500000000002103 ) ) ;
#5365 = ORIENTED_EDGE ( 'NONE', *, *, #3578, .T. ) ;
#5366 = DIRECTION ( 'NONE',  ( 0.000000000000000000, 0.7071067811865491270, 0.7071067811865459074 ) ) ;
#5367 = ORIENTED_EDGE ( 'NONE', *, *, #5627, .T. ) ;
#5368 = VERTEX_POINT ( 'NONE', #4007 ) ;
#5369 = AXIS2_PLACEMENT_3D ( 'NONE', #5765, #1269, #2166 ) ;
#5370 = ORIENTED_EDGE ( 'NONE', *, *, #4504, .T. ) ;
#5371 = DIRECTION ( 'NONE',  ( 0.000000000000000000, 0.000000000000000000, -1.000000000000000000 ) ) ;
#5372 = CARTESIAN_POINT ( 'NONE',  ( 12.49999999999999822, -59.05500000000003524, 100.6099999999995447 ) ) ;
#5373 = AXIS2_PLACEMENT_3D ( 'NONE', #3486, #724, #1622 ) ;
#5374 = FACE_OUTER_BOUND ( 'NONE', #1362, .T. ) ;
#5375 = ORIENTED_EDGE ( 'NONE', *, *, #4152, .F. ) ;
#5376 = ORIENTED_EDGE ( 'NONE', *, *, #2159, .T. ) ;
#5377 = EDGE_CURVE ( 'NONE', #2699, #2786, #5406, .T. ) ;
#5378 = VECTOR ( 'NONE', #514, 1000.000000000000114 ) ;
#5379 = CONICAL_SURFACE ( 'NONE', #73, 1.000000000000000888, 0.7853981633974460586 ) ;
#5380 = CYLINDRICAL_SURFACE ( 'NONE', #247, 2.125000000000001776 ) ;
#5381 = PLANE ( 'NONE',  #3499 ) ;
#5382 = EDGE_CURVE ( 'NONE', #3791, #4726, #746, .T. ) ;
#5383 = AXIS2_PLACEMENT_3D ( 'NONE', #1929, #3849, #2875 ) ;
#5384 = CARTESIAN_POINT ( 'NONE',  ( 35.44000000000000483, 13.00000000000001776, 103.4778435033146593 ) ) ;
#5385 = ORIENTED_EDGE ( 'NONE', *, *, #5794, .T. ) ;
#5386 = AXIS2_PLACEMENT_3D ( 'NONE', #4000, #4452, #1806 ) ;
#5387 = VECTOR ( 'NONE', #3250, 1000.000000000000000 ) ;
#5388 = EDGE_LOOP ( 'NONE', ( #5740, #3962, #810, #5286, #2104 ) ) ;
#5389 = CARTESIAN_POINT ( 'NONE',  ( 12.49999999999999822, 12.99999999999999822, 28.55499999999999616 ) ) ;
#5390 = EDGE_CURVE ( 'NONE', #2606, #229, #3560, .T. ) ;
#5391 = EDGE_CURVE ( 'NONE', #4803, #4556, #2081, .T. ) ;
#5392 = DIRECTION ( 'NONE',  ( -1.000000000000000000, 0.000000000000000000, 1.387778780781447401E-16 ) ) ;
#5393 = AXIS2_PLACEMENT_3D ( 'NONE', #252, #3873, #5694 ) ;
#5394 = DIRECTION ( 'NONE',  ( -0.000000000000000000, -1.000000000000000000, -0.000000000000000000 ) ) ;
#5395 = VERTEX_POINT ( 'NONE', #3001 ) ;
#5396 = EDGE_CURVE ( 'NONE', #2092, #1323, #4815, .T. ) ;
#5397 = CIRCLE ( 'NONE', #461, 5.000000000000004441 ) ;
#5398 = DIRECTION ( 'NONE',  ( 0.000000000000000000, 0.000000000000000000, -1.000000000000000000 ) ) ;
#5399 = CARTESIAN_POINT ( 'NONE',  ( -12.49999999999990941, -59.05500000000003524, 18.49999999999951683 ) ) ;
#5400 = CARTESIAN_POINT ( 'NONE',  ( -12.49999999999990941, 10.99999999999999645, -51.55500000000004235 ) ) ;
#5401 = CARTESIAN_POINT ( 'NONE',  ( 13.02202945409736579, 10.99999999999999645, 32.44716455368372721 ) ) ;
#5402 = CIRCLE ( 'NONE', #4646, 4.500000000000017764 ) ;
#5403 = DIRECTION ( 'NONE',  ( -1.000000000000000000, 0.000000000000000000, 0.000000000000000000 ) ) ;
#5404 = VERTEX_POINT ( 'NONE', #1660 ) ;
#5405 = EDGE_LOOP ( 'NONE', ( #4535, #1246 ) ) ;
#5406 = CIRCLE ( 'NONE', #4072, 6.449999999999997513 ) ;
#5407 = EDGE_CURVE ( 'NONE', #4990, #4438, #2743, .T. ) ;
#5408 = DIRECTION ( 'NONE',  ( -1.962615573354727771E-16, -0.7071067811865451302, -0.7071067811865499042 ) ) ;
#5409 = DIRECTION ( 'NONE',  ( 0.000000000000000000, 1.000000000000000000, 0.000000000000000000 ) ) ;
#5410 = CARTESIAN_POINT ( 'NONE',  ( 12.76239797598399583, 10.99999999999999467, 34.55499999999998550 ) ) ;
#5411 = CARTESIAN_POINT ( 'NONE',  ( 12.76239797598403136, 10.99999999999999289, -51.55500000000002814 ) ) ;
#5412 = ORIENTED_EDGE ( 'NONE', *, *, #3976, .T. ) ;
#5413 = VERTEX_POINT ( 'NONE', #4692 ) ;
#5414 = DIRECTION ( 'NONE',  ( 8.659560562354861368E-17, -0.7071067811865533459, 0.7071067811865416886 ) ) ;
#5415 = CARTESIAN_POINT ( 'NONE',  ( -26.64049541977133728, 19.35000000000000142, 59.55499999999999972 ) ) ;
#5416 = DIRECTION ( 'NONE',  ( 0.000000000000000000, 0.000000000000000000, -1.000000000000000000 ) ) ;
#5417 = ORIENTED_EDGE ( 'NONE', *, *, #4485, .T. ) ;
#5418 = ORIENTED_EDGE ( 'NONE', *, *, #2971, .F. ) ;
#5419 = CARTESIAN_POINT ( 'NONE',  ( 14.50000000000003730, 10.99999999999999645, 32.55499999999999261 ) ) ;
#5420 = EDGE_CURVE ( 'NONE', #5613, #3105, #1305, .T. ) ;
#5421 = CARTESIAN_POINT ( 'NONE',  ( 13.47403207297552896, 10.99999999999999645, -48.29339448151836223 ) ) ;
#5422 = EDGE_LOOP ( 'NONE', ( #2869, #3133, #3716, #2435 ) ) ;
#5423 = DIRECTION ( 'NONE',  ( -0.000000000000000000, 1.000000000000000000, -0.000000000000000000 ) ) ;
#5424 = CARTESIAN_POINT ( 'NONE',  ( -26.63995126535550284, 19.35000000000000142, -44.55490477169965402 ) ) ;
#5425 = LINE ( 'NONE', #522, #4259 ) ;
#5426 = LINE ( 'NONE', #4974, #2536 ) ;
#5427 = CARTESIAN_POINT ( 'NONE',  ( 21.64049541977133373, 18.00000000000000000, 59.55499999999999972 ) ) ;
#5428 = VERTEX_POINT ( 'NONE', #3597 ) ;
#5429 = ORIENTED_EDGE ( 'NONE', *, *, #723, .F. ) ;
#5430 = CARTESIAN_POINT ( 'NONE',  ( 26.64049541977133728, 11.00000000000000000, 54.55499999999992156 ) ) ;
#5431 = FACE_BOUND ( 'NONE', #2204, .T. ) ;
#5432 = DIRECTION ( 'NONE',  ( -0.000000000000000000, -0.000000000000000000, -1.000000000000000000 ) ) ;
#5433 = ADVANCED_FACE ( 'NONE', ( #1814 ), #947, .F. ) ;
#5434 = CARTESIAN_POINT ( 'NONE',  ( 13.50000354745539077, 10.99999999999999467, -52.68572377448477084 ) ) ;
#5435 = ORIENTED_EDGE ( 'NONE', *, *, #5548, .F. ) ;
#5436 = ORIENTED_EDGE ( 'NONE', *, *, #2366, .T. ) ;
#5437 = EDGE_CURVE ( 'NONE', #3359, #483, #1361, .T. ) ;
#5438 = CARTESIAN_POINT ( 'NONE',  ( -12.49999999999997158, -59.05500000000003524, 102.6099999999995163 ) ) ;
#5439 = EDGE_CURVE ( 'NONE', #2961, #5705, #914, .T. ) ;
#5440 = CARTESIAN_POINT ( 'NONE',  ( 31.43999999999999417, 13.00000000000000000, -49.55490477169965402 ) ) ;
#5441 = CARTESIAN_POINT ( 'NONE',  ( 26.64049541977133728, 19.35000000000000142, 57.95499999999998408 ) ) ;
#5442 = ORIENTED_EDGE ( 'NONE', *, *, #4347, .F. ) ;
#5443 = VERTEX_POINT ( 'NONE', #3207 ) ;
#5444 = EDGE_CURVE ( 'NONE', #5217, #2503, #4488, .T. ) ;
#5445 = FACE_OUTER_BOUND ( 'NONE', #923, .T. ) ;
#5446 = DIRECTION ( 'NONE',  ( 0.000000000000000000, -1.000000000000000000, 0.000000000000000000 ) ) ;
#5447 = ORIENTED_EDGE ( 'NONE', *, *, #3600, .T. ) ;
#5448 = EDGE_CURVE ( 'NONE', #94, #1712, #2874, .T. ) ;
#5449 = CARTESIAN_POINT ( 'NONE',  ( 26.64049541977133728, 22.35000000000000142, 59.55499999999999972 ) ) ;
#5450 = CARTESIAN_POINT ( 'NONE',  ( 12.50000000000003730, -59.05500000000003524, 14.49999999999951328 ) ) ;
#5451 = CARTESIAN_POINT ( 'NONE',  ( 26.63995126535550284, 22.35000000000000142, -39.55490477169965402 ) ) ;
#5452 = EDGE_CURVE ( 'NONE', #4414, #135, #1392, .T. ) ;
#5453 = CARTESIAN_POINT ( 'NONE',  ( -12.49999999999994493, 13.00000000000000000, 33.55499999999999261 ) ) ;
#5454 = DIRECTION ( 'NONE',  ( 0.000000000000000000, 0.000000000000000000, 1.000000000000000000 ) ) ;
#5455 = ORIENTED_EDGE ( 'NONE', *, *, #2750, .F. ) ;
#5456 = ORIENTED_EDGE ( 'NONE', *, *, #3150, .T. ) ;
#5457 = ORIENTED_EDGE ( 'NONE', *, *, #3846, .F. ) ;
#5458 = DIRECTION ( 'NONE',  ( -0.000000000000000000, 0.7071067811865451302, 0.7071067811865499042 ) ) ;
#5459 = EDGE_CURVE ( 'NONE', #2691, #1965, #1789, .T. ) ;
#5460 = CYLINDRICAL_SURFACE ( 'NONE', #3261, 1.600000000000011191 ) ;
#5461 = LINE ( 'NONE', #1477, #5489 ) ;
#5462 = CARTESIAN_POINT ( 'NONE',  ( 13.29970886751941528, 10.99999999999999467, 34.94049900087226490 ) ) ;
#5463 = LINE ( 'NONE', #3199, #1600 ) ;
#5464 = AXIS2_PLACEMENT_3D ( 'NONE', #361, #11, #5318 ) ;
#5465 = ORIENTED_EDGE ( 'NONE', *, *, #3821, .T. ) ;
#5466 = VERTEX_POINT ( 'NONE', #3174 ) ;
#5467 = ADVANCED_FACE ( 'NONE', ( #154 ), #181, .F. ) ;
#5468 = AXIS2_PLACEMENT_3D ( 'NONE', #22, #5423, #5398 ) ;
#5469 = CARTESIAN_POINT ( 'NONE',  ( -26.63995126535550284, 0.000000000000000000, -42.95490477169965260 ) ) ;
#5470 = DIRECTION ( 'NONE',  ( -1.000000000000000000, 0.000000000000000000, 2.478176394252579662E-16 ) ) ;
#5471 = CYLINDRICAL_SURFACE ( 'NONE', #3218, 2.125000000000001776 ) ;
#5472 = LINE ( 'NONE', #3208, #3487 ) ;
#5473 = ORIENTED_EDGE ( 'NONE', *, *, #3334, .T. ) ;
#5474 = VECTOR ( 'NONE', #4651, 1000.000000000000000 ) ;
#5475 = ORIENTED_EDGE ( 'NONE', *, *, #372, .T. ) ;
#5476 = DIRECTION ( 'NONE',  ( -0.000000000000000000, 0.7071067811865499042, -0.7071067811865451302 ) ) ;
#5477 = CARTESIAN_POINT ( 'NONE',  ( 12.49999999999999822, 13.00000000000000000, 28.55499999999999616 ) ) ;
#5478 = ORIENTED_EDGE ( 'NONE', *, *, #3067, .T. ) ;
#5479 = VECTOR ( 'NONE', #2774, 1000.000000000000000 ) ;
#5480 = EDGE_LOOP ( 'NONE', ( #1750, #327, #3673, #3115, #3808 ) ) ;
#5481 = CARTESIAN_POINT ( 'NONE',  ( 26.93999999999998352, 23.00000000000000000, -74.55500000000000682 ) ) ;
#5482 = VECTOR ( 'NONE', #1296, 1000.000000000000000 ) ;
#5483 = CIRCLE ( 'NONE', #1298, 1.000000000000000888 ) ;
#5484 = DIRECTION ( 'NONE',  ( 0.000000000000000000, 1.000000000000000000, 0.000000000000000000 ) ) ;
#5485 = CYLINDRICAL_SURFACE ( 'NONE', #2734, 2.125000000000001776 ) ;
#5486 = CARTESIAN_POINT ( 'NONE',  ( 13.37382107369570683, 10.99999999999999467, 31.05143636095054660 ) ) ;
#5487 = DIRECTION ( 'NONE',  ( 0.000000000000000000, -1.000000000000000000, 0.000000000000000000 ) ) ;
#5488 = ORIENTED_EDGE ( 'NONE', *, *, #4656, .T. ) ;
#5489 = VECTOR ( 'NONE', #1058, 1000.000000000000000 ) ;
#5490 = VERTEX_POINT ( 'NONE', #863 ) ;
#5491 = VECTOR ( 'NONE', #6, 1000.000000000000000 ) ;
#5492 = EDGE_CURVE ( 'NONE', #1101, #848, #2695, .T. ) ;
#5493 = VERTEX_POINT ( 'NONE', #510 ) ;
#5494 = VECTOR ( 'NONE', #343, 1000.000000000000000 ) ;
#5495 = CARTESIAN_POINT ( 'NONE',  ( -12.49999999999986677, 12.99999999999999822, -51.55500000000002814 ) ) ;
#5496 = DIRECTION ( 'NONE',  ( 0.000000000000000000, 1.000000000000000000, 0.000000000000000000 ) ) ;
#5497 = DIRECTION ( 'NONE',  ( 0.000000000000000000, -1.000000000000000000, 0.000000000000000000 ) ) ;
#5498 = FACE_OUTER_BOUND ( 'NONE', #2696, .T. ) ;
#5499 = ORIENTED_EDGE ( 'NONE', *, *, #4472, .F. ) ;
#5500 = DIRECTION ( 'NONE',  ( -0.000000000000000000, -1.000000000000000000, -0.000000000000000000 ) ) ;
#5501 = ORIENTED_EDGE ( 'NONE', *, *, #3143, .T. ) ;
#5502 = ORIENTED_EDGE ( 'NONE', *, *, #2887, .T. ) ;
#5503 = VECTOR ( 'NONE', #3512, 1000.000000000000227 ) ;
#5504 = EDGE_CURVE ( 'NONE', #1240, #5030, #448, .T. ) ;
#5505 = CARTESIAN_POINT ( 'NONE',  ( 31.43999999999999417, 19.99999999999999645, -34.94500000000000739 ) ) ;
#5506 = DIRECTION ( 'NONE',  ( 0.000000000000000000, -1.000000000000000000, 0.000000000000000000 ) ) ;
#5507 = AXIS2_PLACEMENT_3D ( 'NONE', #3620, #4989, #2292 ) ;
#5508 = CYLINDRICAL_SURFACE ( 'NONE', #739, 4.000000000000003553 ) ;
#5509 = ORIENTED_EDGE ( 'NONE', *, *, #2159, .F. ) ;
#5510 = ORIENTED_EDGE ( 'NONE', *, *, #4733, .T. ) ;
#5511 = PLANE ( 'NONE',  #3184 ) ;
#5512 = FACE_BOUND ( 'NONE', #147, .T. ) ;
#5513 = CARTESIAN_POINT ( 'NONE',  ( 33.38999999999999346, 23.00000000000000000, 70.05500000000000682 ) ) ;
#5514 = ORIENTED_EDGE ( 'NONE', *, *, #2701, .T. ) ;
#5515 = VERTEX_POINT ( 'NONE', #5441 ) ;
#5516 = EDGE_CURVE ( 'NONE', #4489, #3621, #2261, .T. ) ;
#5517 = CARTESIAN_POINT ( 'NONE',  ( -13.37372469124649221, 10.99999999999999645, -57.05876690084902236 ) ) ;
#5518 = CARTESIAN_POINT ( 'NONE',  ( -35.44000000000001194, 13.00000000000001421, -70.05500000000002103 ) ) ;
#5519 = CARTESIAN_POINT ( 'NONE',  ( 21.64049541977133373, 13.00000000000000000, 59.55499999999999972 ) ) ;
#5520 = ADVANCED_FACE ( 'NONE', ( #13 ), #2763, .T. ) ;
#5521 = FACE_OUTER_BOUND ( 'NONE', #3254, .T. ) ;
#5522 = CARTESIAN_POINT ( 'NONE',  ( 15.04050172409921515, 19.50000000000000000, 64.94780718755065152 ) ) ;
#5523 = ORIENTED_EDGE ( 'NONE', *, *, #1115, .F. ) ;
#5524 = ORIENTED_EDGE ( 'NONE', *, *, #4379, .F. ) ;
#5525 = EDGE_CURVE ( 'NONE', #199, #5443, #4101, .T. ) ;
#5526 = DIRECTION ( 'NONE',  ( 1.000000000000000000, 0.000000000000000000, 0.000000000000000000 ) ) ;
#5527 = CARTESIAN_POINT ( 'NONE',  ( -26.94000000000001194, -152.0796411894638993, -76.50500000000002387 ) ) ;
#5528 = DIRECTION ( 'NONE',  ( -3.548507008875382065E-17, -0.3420201433256539469, 0.9396926207859138680 ) ) ;
#5529 = DIRECTION ( 'NONE',  ( -1.000000000000000000, -0.000000000000000000, 1.387778780781447401E-16 ) ) ;
#5530 = ORIENTED_EDGE ( 'NONE', *, *, #1706, .F. ) ;
#5531 = PLANE ( 'NONE',  #4727 ) ;
#5532 = ORIENTED_EDGE ( 'NONE', *, *, #3145, .F. ) ;
#5533 = ORIENTED_EDGE ( 'NONE', *, *, #70, .T. ) ;
#5534 = ADVANCED_FACE ( 'NONE', ( #3645 ), #5471, .F. ) ;
#5535 = CARTESIAN_POINT ( 'NONE',  ( 26.64049541977133728, 33.66370849898476791, 55.55499999999999261 ) ) ;
#5536 = LINE ( 'NONE', #159, #8 ) ;
#5537 = CARTESIAN_POINT ( 'NONE',  ( -13.37382107369559492, 10.99999999999999467, 40.05856363904941730 ) ) ;
#5538 = VERTEX_POINT ( 'NONE', #5137 ) ;
#5539 = VERTEX_POINT ( 'NONE', #619 ) ;
#5540 = CARTESIAN_POINT ( 'NONE',  ( -26.64049541977133728, 33.66370849898476791, 55.55499999999999261 ) ) ;
#5541 = VECTOR ( 'NONE', #2688, 1000.000000000000000 ) ;
#5542 = CYLINDRICAL_SURFACE ( 'NONE', #5184, 8.500000000000007105 ) ;
#5543 =( BOUNDED_SURFACE ( )  B_SPLINE_SURFACE ( 3, 1, ( 
 ( #786, #707 ),
 ( #1605, #3418 ),
 ( #1176, #2547 ),
 ( #2126, #3466 ) ),
 .UNSPECIFIED., .F., .F., .T. ) 
 B_SPLINE_SURFACE_WITH_KNOTS ( ( 4, 4 ),
 ( 2, 2 ),
 ( 0.000000000000000000, 1.000000000000000000 ),
 ( 0.000000000000000000, 1.000000000000000000 ),
 .UNSPECIFIED. ) 
 GEOMETRIC_REPRESENTATION_ITEM ( )  RATIONAL_B_SPLINE_SURFACE ( (
 ( 1.000000000000000000, 1.000000000000000000),
 ( 0.3333333333333222681, 0.3333333333333222681),
 ( 0.3333333333333222681, 0.3333333333333222681),
 ( 1.000000000000000000, 1.000000000000000000) ) ) 
 REPRESENTATION_ITEM ( '' )  SURFACE ( )  );
#5544 = DIRECTION ( 'NONE',  ( -1.000000000000000000, 0.000000000000000000, 1.485738470610355032E-16 ) ) ;
#5545 = ORIENTED_EDGE ( 'NONE', *, *, #1395, .T. ) ;
#5546 = ORIENTED_EDGE ( 'NONE', *, *, #4228, .T. ) ;
#5547 = CARTESIAN_POINT ( 'NONE',  ( -12.76239797598388037, 10.99999999999999467, 36.55499999999997129 ) ) ;
#5548 = EDGE_CURVE ( 'NONE', #406, #2886, #5618, .T. ) ;
#5549 = DIRECTION ( 'NONE',  ( -0.000000000000000000, 0.7071067811865499042, -0.7071067811865451302 ) ) ;
#5550 = CARTESIAN_POINT ( 'NONE',  ( 13.02194494116037404, 10.99999999999999645, 38.66272398817996248 ) ) ;
#5551 = DIRECTION ( 'NONE',  ( 0.000000000000000000, 0.000000000000000000, -1.000000000000000000 ) ) ;
#5552 = VERTEX_POINT ( 'NONE', #234 ) ;
#5553 = EDGE_CURVE ( 'NONE', #229, #5404, #3822, .T. ) ;
#5554 = ORIENTED_EDGE ( 'NONE', *, *, #3578, .F. ) ;
#5555 = DIRECTION ( 'NONE',  ( 0.000000000000000000, 0.000000000000000000, -1.000000000000000000 ) ) ;
#5556 = CARTESIAN_POINT ( 'NONE',  ( 12.49999999999999112, 12.99999999999999822, -61.55500000000002814 ) ) ;
#5557 = DIRECTION ( 'NONE',  ( 0.000000000000000000, 0.000000000000000000, 1.000000000000000000 ) ) ;
#5558 = AXIS2_PLACEMENT_3D ( 'NONE', #4366, #3801, #2432 ) ;
#5559 = CARTESIAN_POINT ( 'NONE',  ( 22.50000000000000711, 17.00000000000000000, 70.68000000000000682 ) ) ;
#5560 = LINE ( 'NONE', #5107, #4524 ) ;
#5561 = VERTEX_POINT ( 'NONE', #5671 ) ;
#5562 = EDGE_LOOP ( 'NONE', ( #4789, #4661, #4399, #1123 ) ) ;
#5563 = CARTESIAN_POINT ( 'NONE',  ( -14.49999999999991473, 12.99999999999999822, -55.55500000000003524 ) ) ;
#5564 = DIRECTION ( 'NONE',  ( 0.000000000000000000, 1.000000000000000000, 0.000000000000000000 ) ) ;
#5565 = ORIENTED_EDGE ( 'NONE', *, *, #1766, .T. ) ;
#5566 = VECTOR ( 'NONE', #1369, 1000.000000000000000 ) ;
#5567 = VERTEX_POINT ( 'NONE', #2486 ) ;
#5568 = EDGE_CURVE ( 'NONE', #3076, #2325, #1221, .T. ) ;
#5569 = FACE_OUTER_BOUND ( 'NONE', #3642, .T. ) ;
#5570 = FACE_OUTER_BOUND ( 'NONE', #1157, .T. ) ;
#5571 = DIRECTION ( 'NONE',  ( 0.000000000000000000, 0.000000000000000000, 1.000000000000000000 ) ) ;
#5572 = VERTEX_POINT ( 'NONE', #4722 ) ;
#5573 = VERTEX_POINT ( 'NONE', #650 ) ;
#5574 = B_SPLINE_CURVE_WITH_KNOTS ( 'NONE', 3,
 ( #5355, #1933, #2203, #801, #4128, #1906, #5053, #3646, #1875, #5537, #3064, #3093, #4014, #4913 ),
 .UNSPECIFIED., .F., .F.,
 ( 4, 2, 2, 2, 2, 2, 4 ),
 ( 1.734723475976807094E-18, 0.0007844752485839996030, 0.001176712872876007482, 0.001568950497168015686, 0.001961188121460023890, 0.002353425745752031444, 0.003137900994336066500 ),
 .UNSPECIFIED. ) ;
#5575 = LINE ( 'NONE', #1500, #5087 ) ;
#5576 = AXIS2_PLACEMENT_3D ( 'NONE', #1880, #45, #3717 ) ;
#5577 = EDGE_CURVE ( 'NONE', #5404, #4398, #4753, .T. ) ;
#5578 = AXIS2_PLACEMENT_3D ( 'NONE', #1975, #3726, #5551 ) ;
#5579 = CARTESIAN_POINT ( 'NONE',  ( -13.47400153435550507, 10.99999999999999467, -48.29335019877653679 ) ) ;
#5580 = AXIS2_PLACEMENT_3D ( 'NONE', #3735, #5592, #5224 ) ;
#5581 = CARTESIAN_POINT ( 'NONE',  ( -31.43999999999999417, 13.00000000000000000, -39.55490477169965402 ) ) ;
#5582 = DIRECTION ( 'NONE',  ( -1.000000000000000000, -0.000000000000000000, 2.775557561562894802E-16 ) ) ;
#5583 = ORIENTED_EDGE ( 'NONE', *, *, #4201, .F. ) ;
#5584 = CIRCLE ( 'NONE', #1297, 4.999999999999997335 ) ;
#5585 = ORIENTED_EDGE ( 'NONE', *, *, #9, .F. ) ;
#5586 = AXIS2_PLACEMENT_3D ( 'NONE', #5064, #5636, #119 ) ;
#5587 = DIRECTION ( 'NONE',  ( 0.000000000000000000, -1.000000000000000000, 0.000000000000000000 ) ) ;
#5588 = DIRECTION ( 'NONE',  ( -0.000000000000000000, 0.7071067811865499042, -0.7071067811865451302 ) ) ;
#5589 = CARTESIAN_POINT ( 'NONE',  ( -12.76239797598379688, 10.99999999999999467, 44.55499999999998550 ) ) ;
#5590 = DIRECTION ( 'NONE',  ( -0.000000000000000000, -1.000000000000000000, -0.000000000000000000 ) ) ;
#5591 = CIRCLE ( 'NONE', #2063, 5.163867599186813706 ) ;
#5592 = DIRECTION ( 'NONE',  ( 0.000000000000000000, -1.000000000000000000, 0.000000000000000000 ) ) ;
#5593 = VECTOR ( 'NONE', #2330, 1000.000000000000000 ) ;
#5594 = ORIENTED_EDGE ( 'NONE', *, *, #5794, .F. ) ;
#5595 = VERTEX_POINT ( 'NONE', #5644 ) ;
#5596 = ADVANCED_FACE ( 'NONE', ( #211 ), #5162, .F. ) ;
#5597 = VECTOR ( 'NONE', #3436, 999.9999999999998863 ) ;
#5598 = LINE ( 'NONE', #1905, #3557 ) ;
#5599 = ORIENTED_EDGE ( 'NONE', *, *, #2591, .F. ) ;
#5600 = VECTOR ( 'NONE', #245, 1000.000000000000000 ) ;
#5601 = CARTESIAN_POINT ( 'NONE',  ( -26.63995126535550284, 22.35000000000000142, -44.55490477169965402 ) ) ;
#5602 = AXIS2_PLACEMENT_3D ( 'NONE', #1953, #887, #3121 ) ;
#5603 = FACE_BOUND ( 'NONE', #1417, .T. ) ;
#5604 = CARTESIAN_POINT ( 'NONE',  ( -26.63995126535550284, 22.35000000000000142, -44.55490477169965402 ) ) ;
#5605 = ORIENTED_EDGE ( 'NONE', *, *, #1651, .T. ) ;
#5606 = EDGE_LOOP ( 'NONE', ( #2929, #3974, #745, #4230 ) ) ;
#5607 = AXIS2_PLACEMENT_3D ( 'NONE', #3302, #2823, #539 ) ;
#5608 = CARTESIAN_POINT ( 'NONE',  ( -13.50000354745526465, 11.00000000000000000, -56.42427622551530675 ) ) ;
#5609 = ADVANCED_FACE ( 'NONE', ( #2010 ), #1566, .F. ) ;
#5610 = CARTESIAN_POINT ( 'NONE',  ( -22.49999999999998224, 17.00000000000000000, 8.555000000000006821 ) ) ;
#5611 = CARTESIAN_POINT ( 'NONE',  ( -26.94000000000001194, 23.00000000000000000, -70.05500000000002103 ) ) ;
#5612 = DIRECTION ( 'NONE',  ( 1.000000000000000000, 0.000000000000000000, 0.000000000000000000 ) ) ;
#5613 = VERTEX_POINT ( 'NONE', #5191 ) ;
#5614 = ORIENTED_EDGE ( 'NONE', *, *, #1265, .F. ) ;
#5615 = CARTESIAN_POINT ( 'NONE',  ( -12.49999999999998757, 10.99999999999999645, 32.55499999999995708 ) ) ;
#5616 = DIRECTION ( 'NONE',  ( 0.000000000000000000, -1.000000000000000000, 0.000000000000000000 ) ) ;
#5617 = DIRECTION ( 'NONE',  ( 0.000000000000000000, 0.000000000000000000, -1.000000000000000000 ) ) ;
#5618 = LINE ( 'NONE', #4298, #2172 ) ;
#5619 = DIRECTION ( 'NONE',  ( 1.000000000000000000, 0.000000000000000000, -2.523444162107242208E-15 ) ) ;
#5620 = EDGE_LOOP ( 'NONE', ( #5375, #2465, #526, #160 ) ) ;
#5621 = ORIENTED_EDGE ( 'NONE', *, *, #4127, .F. ) ;
#5622 = VECTOR ( 'NONE', #4, 1000.000000000000000 ) ;
#5623 = PLANE ( 'NONE',  #1364 ) ;
#5624 = DIRECTION ( 'NONE',  ( 0.000000000000000000, -1.000000000000000000, 0.000000000000000000 ) ) ;
#5625 = CARTESIAN_POINT ( 'NONE',  ( -26.63995126535550284, 12.00000000000005862, -40.55490477169965402 ) ) ;
#5626 = VERTEX_POINT ( 'NONE', #1119 ) ;
#5627 = EDGE_CURVE ( 'NONE', #3464, #3434, #376, .T. ) ;
#5628 = EDGE_CURVE ( 'NONE', #102, #1055, #5347, .T. ) ;
#5629 = EDGE_CURVE ( 'NONE', #3127, #1055, #1841, .T. ) ;
#5630 = CARTESIAN_POINT ( 'NONE',  ( -12.49999999999986677, -59.05500000000003524, 20.49999999999951683 ) ) ;
#5631 = PLANE ( 'NONE',  #5021 ) ;
#5632 = EDGE_LOOP ( 'NONE', ( #1334, #2938, #3468, #2230 ) ) ;
#5633 = EDGE_LOOP ( 'NONE', ( #3081, #3937, #1013, #2995 ) ) ;
#5634 = DIRECTION ( 'NONE',  ( -0.000000000000000000, -1.000000000000000000, -0.000000000000000000 ) ) ;
#5635 = CARTESIAN_POINT ( 'NONE',  ( 26.94000000000000483, 23.00000000000000000, 70.05500000000000682 ) ) ;
#5636 = DIRECTION ( 'NONE',  ( -0.000000000000000000, -1.000000000000000000, -0.000000000000000000 ) ) ;
#5637 = CARTESIAN_POINT ( 'NONE',  ( 12.50000000000003197, 11.00000000000000000, -55.55500000000003524 ) ) ;
#5638 = ORIENTED_EDGE ( 'NONE', *, *, #3050, .F. ) ;
#5639 = ORIENTED_EDGE ( 'NONE', *, *, #4330, .T. ) ;
#5640 = EDGE_CURVE ( 'NONE', #2421, #1306, #2270, .T. ) ;
#5641 = FACE_OUTER_BOUND ( 'NONE', #5294, .T. ) ;
#5642 = CARTESIAN_POINT ( 'NONE',  ( 13.29970886751950410, 10.99999999999999645, 42.94049900087230043 ) ) ;
#5643 = CARTESIAN_POINT ( 'NONE',  ( 15.04050172409921515, 13.00000000000000000, 59.78393958836383604 ) ) ;
#5644 = CARTESIAN_POINT ( 'NONE',  ( -12.49999999999988809, 10.99999999999999645, 38.55500000000000682 ) ) ;
#5645 = CARTESIAN_POINT ( 'NONE',  ( 13.47400153435563652, 10.99999999999999645, -60.81664980122352659 ) ) ;
#5646 = ORIENTED_EDGE ( 'NONE', *, *, #70, .F. ) ;
#5647 = ORIENTED_EDGE ( 'NONE', *, *, #532, .T. ) ;
#5648 = ADVANCED_FACE ( 'NONE', ( #1270 ), #4070, .T. ) ;
#5649 = DIRECTION ( 'NONE',  ( 0.000000000000000000, 1.000000000000000000, 0.000000000000000000 ) ) ;
#5650 = DIRECTION ( 'NONE',  ( -0.000000000000000000, 0.7071067811865499042, -0.7071067811865451302 ) ) ;
#5651 = DIRECTION ( 'NONE',  ( -1.000000000000000000, 0.000000000000000000, 0.000000000000000000 ) ) ;
#5652 = VERTEX_POINT ( 'NONE', #4988 ) ;
#5653 = ADVANCED_FACE ( 'NONE', ( #4871 ), #912, .T. ) ;
#5654 = DIRECTION ( 'NONE',  ( -0.000000000000000000, 1.000000000000000000, 0.000000000000000000 ) ) ;
#5655 = CARTESIAN_POINT ( 'NONE',  ( -26.64049541977133728, 12.00000000000005862, 59.55499999999999972 ) ) ;
#5656 = ORIENTED_EDGE ( 'NONE', *, *, #1095, .T. ) ;
#5657 = AXIS2_PLACEMENT_3D ( 'NONE', #1331, #3530, #4935 ) ;
#5658 = DIRECTION ( 'NONE',  ( -0.000000000000000000, -1.000000000000000000, -0.000000000000000000 ) ) ;
#5659 = VECTOR ( 'NONE', #1592, 1000.000000000000000 ) ;
#5660 = CARTESIAN_POINT ( 'NONE',  ( -26.93999999999999773, 13.00000000000000000, 74.55499999999999261 ) ) ;
#5661 = CARTESIAN_POINT ( 'NONE',  ( -26.63995126535550284, 19.35000000000000142, -44.55490477169965402 ) ) ;
#5662 = DIRECTION ( 'NONE',  ( 0.000000000000000000, 0.000000000000000000, 1.000000000000000000 ) ) ;
#5663 = CARTESIAN_POINT ( 'NONE',  ( -33.39000000000001478, 15.00000000000000000, 13.27499999999999503 ) ) ;
#5664 = ORIENTED_EDGE ( 'NONE', *, *, #4466, .F. ) ;
#5665 = AXIS2_PLACEMENT_3D ( 'NONE', #454, #2645, #3955 ) ;
#5666 = DIRECTION ( 'NONE',  ( 0.000000000000000000, 0.000000000000000000, 1.000000000000000000 ) ) ;
#5667 = VECTOR ( 'NONE', #2585, 1000.000000000000000 ) ;
#5668 = DIRECTION ( 'NONE',  ( 0.000000000000000000, 0.000000000000000000, -1.000000000000000000 ) ) ;
#5669 = CARTESIAN_POINT ( 'NONE',  ( 13.47400153435576087, 10.99999999999999467, 43.29335019877649415 ) ) ;
#5670 = DIRECTION ( 'NONE',  ( 1.000000000000000000, -0.000000000000000000, 0.000000000000000000 ) ) ;
#5671 = CARTESIAN_POINT ( 'NONE',  ( -33.38999999999999346, 14.99999999999998579, 70.05499999999999261 ) ) ;
#5672 = DIRECTION ( 'NONE',  ( 0.000000000000000000, -0.000000000000000000, -1.000000000000000000 ) ) ;
#5673 = ORIENTED_EDGE ( 'NONE', *, *, #2419, .F. ) ;
#5674 = CIRCLE ( 'NONE', #916, 2.124999999999999112 ) ;
#5675 = ORIENTED_EDGE ( 'NONE', *, *, #5577, .F. ) ;
#5676 = VECTOR ( 'NONE', #3156, 1000.000000000000000 ) ;
#5677 = AXIS2_PLACEMENT_3D ( 'NONE', #1596, #4886, #1198 ) ;
#5678 = DIRECTION ( 'NONE',  ( 0.000000000000000000, 0.000000000000000000, 1.000000000000000000 ) ) ;
#5679 = CYLINDRICAL_SURFACE ( 'NONE', #47, 4.500000000000017764 ) ;
#5680 = FACE_OUTER_BOUND ( 'NONE', #3073, .T. ) ;
#5681 = VECTOR ( 'NONE', #511, 1000.000000000000000 ) ;
#5682 = CARTESIAN_POINT ( 'NONE',  ( 26.94000000000000483, -152.0796411894638993, 76.50500000000000966 ) ) ;
#5683 = VERTEX_POINT ( 'NONE', #4100 ) ;
#5684 = VECTOR ( 'NONE', #1973, 1000.000000000000000 ) ;
#5685 = DIRECTION ( 'NONE',  ( -0.000000000000000000, -1.000000000000000000, -0.000000000000000000 ) ) ;
#5686 = VECTOR ( 'NONE', #3987, 1000.000000000000000 ) ;
#5687 = LINE ( 'NONE', #5149, #5210 ) ;
#5688 = ORIENTED_EDGE ( 'NONE', *, *, #4339, .T. ) ;
#5689 = VECTOR ( 'NONE', #2196, 1000.000000000000000 ) ;
#5690 =( LENGTH_UNIT ( ) NAMED_UNIT ( * ) SI_UNIT ( .MILLI., .METRE. ) );
#5691 = ADVANCED_FACE ( 'NONE', ( #40 ), #3083, .F. ) ;
#5692 = CARTESIAN_POINT ( 'NONE',  ( -26.64049541977133728, 22.35000000000000142, 54.55499999999999972 ) ) ;
#5693 = CARTESIAN_POINT ( 'NONE',  ( -13.49999645180830399, 10.99999999999999645, -48.68577804291734878 ) ) ;
#5694 = DIRECTION ( 'NONE',  ( -1.000000000000000000, 0.000000000000000000, 2.523444162107242208E-15 ) ) ;
#5695 = VECTOR ( 'NONE', #3033, 1000.000000000000000 ) ;
#5696 = DIRECTION ( 'NONE',  ( 0.000000000000000000, -1.000000000000000000, 0.000000000000000000 ) ) ;
#5697 = ORIENTED_EDGE ( 'NONE', *, *, #1838, .F. ) ;
#5698 = EDGE_CURVE ( 'NONE', #5822, #2494, #2694, .T. ) ;
#5699 = DIRECTION ( 'NONE',  ( -0.000000000000000000, -1.000000000000000000, -0.000000000000000000 ) ) ;
#5700 = ADVANCED_FACE ( 'NONE', ( #5818 ), #1722, .F. ) ;
#5701 = CARTESIAN_POINT ( 'NONE',  ( -14.49999999999999289, 12.99999999999999822, 30.55499999999997129 ) ) ;
#5702 = CARTESIAN_POINT ( 'NONE',  ( 35.44000000000000483, 13.00000000000001776, 103.4778435033146593 ) ) ;
#5703 = PLANE ( 'NONE',  #5292 ) ;
#5704 = FACE_OUTER_BOUND ( 'NONE', #1656, .T. ) ;
#5705 = VERTEX_POINT ( 'NONE', #5440 ) ;
#5706 = ORIENTED_EDGE ( 'NONE', *, *, #1948, .F. ) ;
#5707 = ADVANCED_FACE ( 'NONE', ( #1243 ), #42, .F. ) ;
#5708 = CARTESIAN_POINT ( 'NONE',  ( -26.94000000000001194, 11.00000000000000000, -70.05500000000002103 ) ) ;
#5709 = CARTESIAN_POINT ( 'NONE',  ( -12.49999999999995026, 10.99999999999998224, -55.55500000000003524 ) ) ;
#5710 = CARTESIAN_POINT ( 'NONE',  ( -12.49999999999994493, 12.99999999999999822, 34.55499999999997129 ) ) ;
#5711 = ORIENTED_EDGE ( 'NONE', *, *, #2959, .F. ) ;
#5712 = DIRECTION ( 'NONE',  ( 0.000000000000000000, 0.000000000000000000, 1.000000000000000000 ) ) ;
#5713 = CARTESIAN_POINT ( 'NONE',  ( 33.44000000000000483, 11.00000000000000000, -78.55500000000003524 ) ) ;
#5714 = ORIENTED_EDGE ( 'NONE', *, *, #3939, .F. ) ;
#5715 = FACE_OUTER_BOUND ( 'NONE', #5278, .T. ) ;
#5716 = CARTESIAN_POINT ( 'NONE',  ( 5.000000000000002665, 15.00000000000000000, 78.00500000000000966 ) ) ;
#5717 = CARTESIAN_POINT ( 'NONE',  ( 5.268721683069861328, 10.99998800000000188, 71.66791309392607445 ) ) ;
#5718 = DIRECTION ( 'NONE',  ( -0.000000000000000000, 1.000000000000000000, 0.000000000000000000 ) ) ;
#5719 = DIRECTION ( 'NONE',  ( 0.000000000000000000, 1.000000000000000000, -0.000000000000000000 ) ) ;
#5720 = EDGE_LOOP ( 'NONE', ( #605, #2817, #5859, #4706 ) ) ;
#5721 = ADVANCED_FACE ( 'NONE', ( #2224 ), #677, .F. ) ;
#5722 = EDGE_CURVE ( 'NONE', #3370, #58, #4550, .T. ) ;
#5723 = LINE ( 'NONE', #1228, #5659 ) ;
#5724 = CARTESIAN_POINT ( 'NONE',  ( -26.64049541977133728, 22.35000000000000142, 59.55499999999999972 ) ) ;
#5725 = CARTESIAN_POINT ( 'NONE',  ( 12.50000000000004086, 13.00000000000000000, 32.55500000000000682 ) ) ;
#5726 = DIRECTION ( 'NONE',  ( 0.000000000000000000, 0.000000000000000000, 1.000000000000000000 ) ) ;
#5727 = DIRECTION ( 'NONE',  ( 0.000000000000000000, 1.000000000000000000, 0.000000000000000000 ) ) ;
#5728 = ORIENTED_EDGE ( 'NONE', *, *, #178, .F. ) ;
#5729 = ADVANCED_FACE ( 'NONE', ( #3559 ), #5381, .F. ) ;
#5730 = ORIENTED_EDGE ( 'NONE', *, *, #723, .T. ) ;
#5731 = DIRECTION ( 'NONE',  ( -0.000000000000000000, 0.7071067811865499042, -0.7071067811865451302 ) ) ;
#5732 = CARTESIAN_POINT ( 'NONE',  ( 15.04050172409921515, 19.50000000000000000, 59.78393958836383604 ) ) ;
#5733 = EDGE_LOOP ( 'NONE', ( #3161, #3297, #4717, #5614 ) ) ;
#5734 = AXIS2_PLACEMENT_3D ( 'NONE', #1862, #5496, #1476 ) ;
#5735 = ORIENTED_EDGE ( 'NONE', *, *, #1358, .F. ) ;
#5736 = CIRCLE ( 'NONE', #1170, 1.000000000000000888 ) ;
#5737 = VECTOR ( 'NONE', #2907, 1000.000000000000000 ) ;
#5738 = DIRECTION ( 'NONE',  ( 0.000000000000000000, 0.000000000000000000, -1.000000000000000000 ) ) ;
#5739 = DIRECTION ( 'NONE',  ( -1.050575747638314193E-16, -0.7071067811865461294, -0.7071067811865489050 ) ) ;
#5740 = ORIENTED_EDGE ( 'NONE', *, *, #5548, .T. ) ;
#5741 = EDGE_CURVE ( 'NONE', #3528, #1496, #936, .T. ) ;
#5742 = VERTEX_POINT ( 'NONE', #4699 ) ;
#5743 = CARTESIAN_POINT ( 'NONE',  ( -35.44000000000000483, 11.00000000000000000, -76.55500000000002103 ) ) ;
#5744 = CARTESIAN_POINT ( 'NONE',  ( 4.336170917683935144, 10.99998799999999832, 76.35616238516291787 ) ) ;
#5745 = LINE ( 'NONE', #2952, #269 ) ;
#5746 = CARTESIAN_POINT ( 'NONE',  ( 31.44000000000000128, 13.00000000000000000, 70.05500000000000682 ) ) ;
#5747 = EDGE_LOOP ( 'NONE', ( #1434, #3175, #634, #3354 ) ) ;
#5748 = EDGE_CURVE ( 'NONE', #2053, #1323, #1486, .T. ) ;
#5749 = LINE ( 'NONE', #1017, #1184 ) ;
#5750 = CARTESIAN_POINT ( 'NONE',  ( 26.63995126535550284, 33.66370849898476791, -44.55490477169965402 ) ) ;
#5751 = CARTESIAN_POINT ( 'NONE',  ( -13.37382107369561446, 10.99999999999999467, -52.05143636095058213 ) ) ;
#5752 = CARTESIAN_POINT ( 'NONE',  ( -14.49999999999990763, 12.99999999999999645, 38.55499999999998550 ) ) ;
#5753 = CARTESIAN_POINT ( 'NONE',  ( -26.94000000000001194, 23.00000000000000000, -70.05500000000002103 ) ) ;
#5754 = ORIENTED_EDGE ( 'NONE', *, *, #3171, .F. ) ;
#5755 = AXIS2_PLACEMENT_3D ( 'NONE', #867, #891, #1817 ) ;
#5756 = EDGE_LOOP ( 'NONE', ( #149, #2741, #5565, #686 ) ) ;
#5757 = FACE_OUTER_BOUND ( 'NONE', #5747, .T. ) ;
#5758 = CARTESIAN_POINT ( 'NONE',  ( 22.50000000000000711, 18.00000000000000000, 68.55500000000000682 ) ) ;
#5759 = VECTOR ( 'NONE', #4207, 1000.000000000000000 ) ;
#5760 = ORIENTED_EDGE ( 'NONE', *, *, #725, .F. ) ;
#5761 = ORIENTED_EDGE ( 'NONE', *, *, #582, .F. ) ;
#5762 = EDGE_CURVE ( 'NONE', #1323, #4489, #5023, .T. ) ;
#5763 = VECTOR ( 'NONE', #5526, 1000.000000000000000 ) ;
#5764 = CIRCLE ( 'NONE', #3862, 6.449999999999997513 ) ;
#5765 = CARTESIAN_POINT ( 'NONE',  ( -26.64049541977133728, 12.00000000000005862, 59.55499999999999972 ) ) ;
#5766 = ORIENTED_EDGE ( 'NONE', *, *, #1654, .T. ) ;
#5767 = VECTOR ( 'NONE', #710, 1000.000000000000114 ) ;
#5768 = ORIENTED_EDGE ( 'NONE', *, *, #330, .T. ) ;
#5769 = DIRECTION ( 'NONE',  ( -2.312964634635742957E-16, 0.000000000000000000, -1.000000000000000000 ) ) ;
#5770 = CIRCLE ( 'NONE', #2541, 4.999999999999997335 ) ;
#5771 = CARTESIAN_POINT ( 'NONE',  ( 4.685593297436580151, 10.99998799999999832, 76.12268581540126888 ) ) ;
#5772 = LINE ( 'NONE', #1702, #827 ) ;
#5773 = DIRECTION ( 'NONE',  ( 0.000000000000000000, 0.000000000000000000, -1.000000000000000000 ) ) ;
#5774 = ORIENTED_EDGE ( 'NONE', *, *, #925, .T. ) ;
#5775 = AXIS2_PLACEMENT_3D ( 'NONE', #2441, #5208, #5571 ) ;
#5776 = EDGE_CURVE ( 'NONE', #5075, #1590, #5536, .T. ) ;
#5777 = CARTESIAN_POINT ( 'NONE',  ( -33.38999999999999346, 23.00000000000000000, 70.05499999999999261 ) ) ;
#5778 = VECTOR ( 'NONE', #5260, 1000.000000000000114 ) ;
#5779 = DIRECTION ( 'NONE',  ( -0.000000000000000000, -1.000000000000000000, -0.000000000000000000 ) ) ;
#5780 = CARTESIAN_POINT ( 'NONE',  ( -33.39000000000001478, 23.00000000000000000, -70.05500000000002103 ) ) ;
#5781 = CARTESIAN_POINT ( 'NONE',  ( 12.50000000000007283, 10.99999999999999645, -51.55500000000004235 ) ) ;
#5782 = ORIENTED_EDGE ( 'NONE', *, *, #3714, .T. ) ;
#5783 = FACE_BOUND ( 'NONE', #580, .T. ) ;
#5784 = ORIENTED_EDGE ( 'NONE', *, *, #1914, .F. ) ;
#5785 = VERTEX_POINT ( 'NONE', #1004 ) ;
#5786 = DIRECTION ( 'NONE',  ( -0.000000000000000000, 1.000000000000000000, -0.000000000000000000 ) ) ;
#5787 = CARTESIAN_POINT ( 'NONE',  ( 26.64049541977133728, 0.000000000000000000, 57.95499999999998408 ) ) ;
#5788 = ORIENTED_EDGE ( 'NONE', *, *, #2726, .T. ) ;
#5789 = VERTEX_POINT ( 'NONE', #509 ) ;
#5790 = EDGE_CURVE ( 'NONE', #2109, #2306, #4363, .T. ) ;
#5791 = EDGE_CURVE ( 'NONE', #384, #1183, #1521, .T. ) ;
#5792 = FACE_OUTER_BOUND ( 'NONE', #5826, .T. ) ;
#5793 = DIRECTION ( 'NONE',  ( 0.000000000000000000, -1.000000000000000000, 0.000000000000000000 ) ) ;
#5794 = EDGE_CURVE ( 'NONE', #3720, #301, #4191, .T. ) ;
#5795 = LINE ( 'NONE', #793, #3787 ) ;
#5796 = EDGE_LOOP ( 'NONE', ( #3388, #870 ) ) ;
#5797 = EDGE_CURVE ( 'NONE', #3621, #4464, #4253, .T. ) ;
#5798 = ORIENTED_EDGE ( 'NONE', *, *, #958, .F. ) ;
#5799 = CARTESIAN_POINT ( 'NONE',  ( -26.64049541977133728, 0.000000000000000000, 57.95499999999998408 ) ) ;
#5800 = CARTESIAN_POINT ( 'NONE',  ( 5.000000000000002665, 13.00000000000000000, 78.00500000000000966 ) ) ;
#5801 = CARTESIAN_POINT ( 'NONE',  ( -12.49999999999987388, 13.00000000000000000, -50.55500000000002814 ) ) ;
#5802 = CARTESIAN_POINT ( 'NONE',  ( -4.336170917683947579, 10.99998799999999832, 76.35616238516290366 ) ) ;
#5803 = ORIENTED_EDGE ( 'NONE', *, *, #3570, .F. ) ;
#5804 = FACE_BOUND ( 'NONE', #1313, .T. ) ;
#5805 = CARTESIAN_POINT ( 'NONE',  ( -12.49999999999986677, 10.99999999999999645, -49.55500000000004235 ) ) ;
#5806 = CARTESIAN_POINT ( 'NONE',  ( -12.76239797598386438, 10.99999999999999645, -51.55500000000006366 ) ) ;
#5807 = CARTESIAN_POINT ( 'NONE',  ( 12.49999999999999822, 10.99999999999999645, 30.55499999999998550 ) ) ;
#5808 = VERTEX_POINT ( 'NONE', #2761 ) ;
#5809 = CARTESIAN_POINT ( 'NONE',  ( 26.94000000000000483, 14.99999999999998579, 76.50500000000000966 ) ) ;
#5810 = ORIENTED_EDGE ( 'NONE', *, *, #5267, .T. ) ;
#5811 = EDGE_CURVE ( 'NONE', #2463, #4147, #4076, .T. ) ;
#5812 = ORIENTED_EDGE ( 'NONE', *, *, #3451, .T. ) ;
#5813 = CARTESIAN_POINT ( 'NONE',  ( 31.43999999999998352, 23.00000000000000000, -70.05500000000000682 ) ) ;
#5814 = ORIENTED_EDGE ( 'NONE', *, *, #2307, .F. ) ;
#5815 = VERTEX_POINT ( 'NONE', #1991 ) ;
#5816 = EDGE_CURVE ( 'NONE', #5552, #36, #1571, .T. ) ;
#5817 = CARTESIAN_POINT ( 'NONE',  ( 26.63995126535550284, 33.66370849898476791, -44.55490477169965402 ) ) ;
#5818 = FACE_OUTER_BOUND ( 'NONE', #4123, .T. ) ;
#5819 = DIRECTION ( 'NONE',  ( 0.000000000000000000, 0.000000000000000000, -1.000000000000000000 ) ) ;
#5820 = ORIENTED_EDGE ( 'NONE', *, *, #4976, .T. ) ;
#5821 = ADVANCED_FACE ( 'NONE', ( #5680 ), #3710, .F. ) ;
#5822 = VERTEX_POINT ( 'NONE', #4391 ) ;
#5823 = DIRECTION ( 'NONE',  ( 0.000000000000000000, 0.000000000000000000, 1.000000000000000000 ) ) ;
#5824 = DIRECTION ( 'NONE',  ( -9.904923137402368115E-17, 0.000000000000000000, -1.000000000000000000 ) ) ;
#5825 = CARTESIAN_POINT ( 'NONE',  ( -26.64049541977133728, 33.66370849898476791, 59.55499999999999972 ) ) ;
#5826 = EDGE_LOOP ( 'NONE', ( #5110, #3929, #215, #4566 ) ) ;
#5827 = CARTESIAN_POINT ( 'NONE',  ( -26.93999999999999773, 13.00000000000000000, 70.05500000000000682 ) ) ;
#5828 = VECTOR ( 'NONE', #5685, 1000.000000000000000 ) ;
#5829 = FACE_OUTER_BOUND ( 'NONE', #5422, .T. ) ;
#5830 = CARTESIAN_POINT ( 'NONE',  ( -13.02202945409734625, 10.99999999999999467, 30.66283544631621893 ) ) ;
#5831 = CARTESIAN_POINT ( 'NONE',  ( 26.63995126535550284, 11.00000000000000000, -44.55490477169965402 ) ) ;
#5832 = LINE ( 'NONE', #5040, #2055 ) ;
#5833 = ORIENTED_EDGE ( 'NONE', *, *, #4847, .T. ) ;
#5834 = ORIENTED_EDGE ( 'NONE', *, *, #2683, .F. ) ;
#5835 = AXIS2_PLACEMENT_3D ( 'NONE', #4355, #2031, #1561 ) ;
#5836 = VERTEX_POINT ( 'NONE', #1151 ) ;
#5837 = DIRECTION ( 'NONE',  ( -0.000000000000000000, -1.000000000000000000, -0.000000000000000000 ) ) ;
#5838 = CARTESIAN_POINT ( 'NONE',  ( 26.63995126535550284, 19.35000000000000142, -42.95490477169965260 ) ) ;
#5839 = AXIS2_PLACEMENT_3D ( 'NONE', #3896, #2975, #1159 ) ;
#5840 = CARTESIAN_POINT ( 'NONE',  ( 13.47403207297545080, 10.99999999999999467, 35.81660551848165142 ) ) ;
#5841 = B_SPLINE_CURVE_WITH_KNOTS ( 'NONE', 3,
 ( #4053, #3577, #5401, #1319, #3131, #3187, #2747, #4476, #5865, #5486, #2276, #4949, #3159, #5807 ),
 .UNSPECIFIED., .F., .F.,
 ( 4, 2, 2, 2, 2, 2, 4 ),
 ( 1.734723475976807094E-18, 0.0007844752485840136976, 0.001176712872876026997, 0.001568950497168040189, 0.001961188121460053380, 0.002353425745752057031, 0.003137900994336064765 ),
 .UNSPECIFIED. ) ;
#5842 = CYLINDRICAL_SURFACE ( 'NONE', #832, 1.000000000000000888 ) ;
#5843 = VERTEX_POINT ( 'NONE', #2967 ) ;
#5844 = ORIENTED_EDGE ( 'NONE', *, *, #185, .F. ) ;
#5845 = VECTOR ( 'NONE', #1070, 1000.000000000000000 ) ;
#5846 = VECTOR ( 'NONE', #3041, 1000.000000000000000 ) ;
#5847 = LINE ( 'NONE', #3082, #4707 ) ;
#5848 = CARTESIAN_POINT ( 'NONE',  ( -22.49999999999998224, 18.00000000000000000, 8.555000000000006821 ) ) ;
#5849 = VECTOR ( 'NONE', #1954, 1000.000000000000000 ) ;
#5850 = CARTESIAN_POINT ( 'NONE',  ( -26.64049541977133728, 12.00000000000005862, 55.55499999999999261 ) ) ;
#5851 = ORIENTED_EDGE ( 'NONE', *, *, #2872, .T. ) ;
#5852 = VECTOR ( 'NONE', #3038, 1000.000000000000000 ) ;
#5853 = AXIS2_PLACEMENT_3D ( 'NONE', #987, #5062, #2805 ) ;
#5854 = EDGE_LOOP ( 'NONE', ( #1428, #3270, #3626, #3851 ) ) ;
#5855 = DIRECTION ( 'NONE',  ( 1.324974967330003438E-16, 0.000000000000000000, 1.000000000000000000 ) ) ;
#5856 = CONICAL_SURFACE ( 'NONE', #1302, 1.000000000000000888, 0.7853981633974460586 ) ;
#5857 = CARTESIAN_POINT ( 'NONE',  ( -12.49999999999986677, 13.00000000000000000, -49.55500000000003524 ) ) ;
#5858 = VECTOR ( 'NONE', #2434, 1000.000000000000000 ) ;
#5859 = ORIENTED_EDGE ( 'NONE', *, *, #3025, .T. ) ;
#5860 = VECTOR ( 'NONE', #808, 1000.000000000000000 ) ;
#5861 = FACE_BOUND ( 'NONE', #2818, .T. ) ;
#5862 = EDGE_CURVE ( 'NONE', #301, #4595, #3802, .T. ) ;
#5863 = DIRECTION ( 'NONE',  ( 0.000000000000000000, 0.000000000000000000, 1.000000000000000000 ) ) ;
#5864 = LINE ( 'NONE', #1801, #4538 ) ;
#5865 = CARTESIAN_POINT ( 'NONE',  ( 13.47400153435563830, 10.99999999999999467, 31.29335019877648705 ) ) ;
#5866 = EDGE_CURVE ( 'NONE', #4687, #1524, #4837, .T. ) ;
#5867 = AXIS2_PLACEMENT_3D ( 'NONE', #2356, #1012, #2322 ) ;
#5868 = EDGE_CURVE ( 'NONE', #2314, #5173, #1207, .T. ) ;
#5869 = CARTESIAN_POINT ( 'NONE',  ( -26.63995126535550284, 22.35000000000000142, -44.55490477169965402 ) ) ;
#5870 = VERTEX_POINT ( 'NONE', #2908 ) ;
ENDSEC;
END-ISO-10303-21;
