ISO-10303-21;
HEADER;
FILE_DESCRIPTION (( 'STEP AP214' ),
    '1' );
FILE_NAME ('FrontLid.STEP',
    '2026-09-27T20:08:33',
    ( '' ),
    ( '' ),
    'SwSTEP 2.0',
    'SolidWorks 2026',
    '' );
FILE_SCHEMA (( 'AUTOMOTIVE_DESIGN' ));
ENDSEC;

DATA;
#1 = FACE_OUTER_BOUND ( 'NONE', #4766, .T. ) ;
#2 = DIRECTION ( 'NONE',  ( 0.000000000000000000, 0.000000000000000000, -1.000000000000000000 ) ) ;
#3 = EDGE_CURVE ( 'NONE', #811, #3876, #2994, .T. ) ;
#4 = PLANE ( 'NONE',  #277 ) ;
#5 = ORIENTED_EDGE ( 'NONE', *, *, #1147, .T. ) ;
#6 = VERTEX_POINT ( 'NONE', #637 ) ;
#7 = LINE ( 'NONE', #5346, #2974 ) ;
#8 = CYLINDRICAL_SURFACE ( 'NONE', #4122, 3.949999999999953548 ) ;
#9 = ORIENTED_EDGE ( 'NONE', *, *, #4748, .F. ) ;
#10 = EDGE_CURVE ( 'NONE', #824, #2532, #2309, .T. ) ;
#11 = VERTEX_POINT ( 'NONE', #2234 ) ;
#12 = DIRECTION ( 'NONE',  ( -0.000000000000000000, 0.000000000000000000, -1.000000000000000000 ) ) ;
#13 = ORIENTED_EDGE ( 'NONE', *, *, #2795, .T. ) ;
#14 = CYLINDRICAL_SURFACE ( 'NONE', #1073, 2.125000000000001776 ) ;
#15 = CARTESIAN_POINT ( 'NONE',  ( -11.57500000000002061, 5.549999999999998934, -70.55499999999999261 ) ) ;
#16 = CARTESIAN_POINT ( 'NONE',  ( 26.63999999999995083, 1.049999999999999822, -55.43000000000001393 ) ) ;
#17 = CARTESIAN_POINT ( 'NONE',  ( 11.57499999999998685, 2.000000000000000000, -70.55499999999996419 ) ) ;
#18 = ORIENTED_EDGE ( 'NONE', *, *, #5241, .F. ) ;
#19 = AXIS2_PLACEMENT_3D ( 'NONE', #3782, #5333, #485 ) ;
#20 = EDGE_LOOP ( 'NONE', ( #2205, #5244, #4982, #1541 ) ) ;
#21 = VERTEX_POINT ( 'NONE', #3147 ) ;
#22 = AXIS2_PLACEMENT_3D ( 'NONE', #2690, #989, #2642 ) ;
#23 = AXIS2_PLACEMENT_3D ( 'NONE', #5214, #2406, #1529 ) ;
#24 = VECTOR ( 'NONE', #1923, 1000.000000000000000 ) ;
#25 = DIRECTION ( 'NONE',  ( 0.000000000000000000, 0.000000000000000000, 1.000000000000000000 ) ) ;
#26 = DIRECTION ( 'NONE',  ( 0.000000000000000000, 0.000000000000000000, 1.000000000000000000 ) ) ;
#27 = LINE ( 'NONE', #3868, #2117 ) ;
#28 = AXIS2_PLACEMENT_3D ( 'NONE', #4964, #2894, #30 ) ;
#29 = ORIENTED_EDGE ( 'NONE', *, *, #371, .F. ) ;
#30 = DIRECTION ( 'NONE',  ( 0.000000000000000000, 0.000000000000000000, 1.000000000000000000 ) ) ;
#31 = DIRECTION ( 'NONE',  ( 1.000000000000000000, 0.000000000000000000, 0.000000000000000000 ) ) ;
#32 = FACE_BOUND ( 'NONE', #40, .T. ) ;
#33 = LINE ( 'NONE', #3011, #2264 ) ;
#34 = VERTEX_POINT ( 'NONE', #3881 ) ;
#35 = AXIS2_PLACEMENT_3D ( 'NONE', #2089, #3730, #1740 ) ;
#36 = EDGE_CURVE ( 'NONE', #193, #2709, #3124, .T. ) ;
#37 = CARTESIAN_POINT ( 'NONE',  ( -13.57500000000001883, 2.000000000000000000, -85.55499999999999261 ) ) ;
#38 = FACE_OUTER_BOUND ( 'NONE', #736, .T. ) ;
#39 = EDGE_CURVE ( 'NONE', #2672, #4865, #1421, .T. ) ;
#40 = EDGE_LOOP ( 'NONE', ( #755, #662 ) ) ;
#41 = EDGE_CURVE ( 'NONE', #417, #4518, #1067, .T. ) ;
#42 = EDGE_LOOP ( 'NONE', ( #2648, #4630, #556, #4174 ) ) ;
#43 = CARTESIAN_POINT ( 'NONE',  ( 26.93999999999998352, -62.43188131373440797, 75.05500000000000682 ) ) ;
#44 = AXIS2_PLACEMENT_3D ( 'NONE', #5340, #4226, #4169 ) ;
#45 = VERTEX_POINT ( 'NONE', #2687 ) ;
#46 = LINE ( 'NONE', #1289, #2446 ) ;
#47 = CYLINDRICAL_SURFACE ( 'NONE', #125, 6.499999999999992006 ) ;
#48 = DIRECTION ( 'NONE',  ( 0.000000000000000000, 0.000000000000000000, 1.000000000000000000 ) ) ;
#49 = FACE_OUTER_BOUND ( 'NONE', #1209, .T. ) ;
#50 = EDGE_LOOP ( 'NONE', ( #2509, #1699, #5228, #1599 ) ) ;
#51 = VERTEX_POINT ( 'NONE', #3958 ) ;
#52 = EDGE_CURVE ( 'NONE', #4106, #2595, #3629, .T. ) ;
#53 = CARTESIAN_POINT ( 'NONE',  ( 30.43999999999998707, 6.049999999999999822, 44.14460584136124055 ) ) ;
#54 = PLANE ( 'NONE',  #5266 ) ;
#55 = DIRECTION ( 'NONE',  ( -1.234385775125811727E-16, 0.000000000000000000, -1.000000000000000000 ) ) ;
#56 = VERTEX_POINT ( 'NONE', #579 ) ;
#57 = CARTESIAN_POINT ( 'NONE',  ( -5.999999999999999112, 2.000000000000001776, -66.55499999999999261 ) ) ;
#58 = CARTESIAN_POINT ( 'NONE',  ( -30.43999999999998707, 2.000000000000001776, 44.14460584136111265 ) ) ;
#59 = FACE_OUTER_BOUND ( 'NONE', #194, .T. ) ;
#60 = DIRECTION ( 'NONE',  ( 1.000000000000000000, 0.000000000000000000, -0.000000000000000000 ) ) ;
#61 = VERTEX_POINT ( 'NONE', #252 ) ;
#62 = EDGE_CURVE ( 'NONE', #4124, #2644, #4772, .T. ) ;
#63 = FACE_OUTER_BOUND ( 'NONE', #986, .T. ) ;
#64 = DIRECTION ( 'NONE',  ( -1.000000000000000000, 0.000000000000000000, 0.000000000000000000 ) ) ;
#65 = AXIS2_PLACEMENT_3D ( 'NONE', #1552, #760, #4033 ) ;
#66 = ORIENTED_EDGE ( 'NONE', *, *, #4851, .T. ) ;
#67 = ORIENTED_EDGE ( 'NONE', *, *, #431, .T. ) ;
#68 = CARTESIAN_POINT ( 'NONE',  ( -16.76499999999999702, 7.000000000000000000, -62.55499999999999972 ) ) ;
#69 = ORIENTED_EDGE ( 'NONE', *, *, #3859, .T. ) ;
#70 = AXIS2_PLACEMENT_3D ( 'NONE', #4195, #2170, #4658 ) ;
#71 = DIRECTION ( 'NONE',  ( 0.000000000000000000, 0.000000000000000000, 1.000000000000000000 ) ) ;
#72 = DIRECTION ( 'NONE',  ( 0.000000000000000000, 0.000000000000000000, 1.000000000000000000 ) ) ;
#73 = DIRECTION ( 'NONE',  ( 0.000000000000000000, 0.000000000000000000, -1.000000000000000000 ) ) ;
#74 = EDGE_CURVE ( 'NONE', #1899, #4075, #1934, .T. ) ;
#75 = ORIENTED_EDGE ( 'NONE', *, *, #1756, .F. ) ;
#76 = CARTESIAN_POINT ( 'NONE',  ( 18.07499999999997797, 2.000000000000000000, -75.05499999999994998 ) ) ;
#77 = DIRECTION ( 'NONE',  ( 0.000000000000000000, 0.000000000000000000, 1.000000000000000000 ) ) ;
#78 = CARTESIAN_POINT ( 'NONE',  ( -29.14000000000004320, 0.000000000000000000, -51.38499999999997669 ) ) ;
#79 = ADVANCED_FACE ( 'NONE', ( #3938 ), #4390, .T. ) ;
#80 = ORIENTED_EDGE ( 'NONE', *, *, #1460, .F. ) ;
#81 = AXIS2_PLACEMENT_3D ( 'NONE', #5008, #2854, #1213 ) ;
#82 = DIRECTION ( 'NONE',  ( 1.284980352575415460E-15, -0.000000000000000000, -1.000000000000000000 ) ) ;
#83 = DIRECTION ( 'NONE',  ( 0.000000000000000000, 0.000000000000000000, 1.000000000000000000 ) ) ;
#84 = DIRECTION ( 'NONE',  ( -0.000000000000000000, -1.000000000000000000, -0.000000000000000000 ) ) ;
#85 = DIRECTION ( 'NONE',  ( 0.000000000000000000, 0.000000000000000000, -1.000000000000000000 ) ) ;
#86 = VERTEX_POINT ( 'NONE', #2739 ) ;
#87 = VERTEX_POINT ( 'NONE', #3983 ) ;
#88 = EDGE_CURVE ( 'NONE', #91, #796, #3579, .T. ) ;
#89 = DIRECTION ( 'NONE',  ( -0.000000000000000000, -0.000000000000000000, -1.000000000000000000 ) ) ;
#90 = DIRECTION ( 'NONE',  ( -1.000000000000000000, -0.000000000000000000, -0.000000000000000000 ) ) ;
#91 = VERTEX_POINT ( 'NONE', #5166 ) ;
#92 = CIRCLE ( 'NONE', #1218, 2.625000000000043965 ) ;
#93 = ORIENTED_EDGE ( 'NONE', *, *, #39, .T. ) ;
#94 = ORIENTED_EDGE ( 'NONE', *, *, #1714, .F. ) ;
#95 = ORIENTED_EDGE ( 'NONE', *, *, #1516, .F. ) ;
#96 = DIRECTION ( 'NONE',  ( 0.000000000000000000, 0.000000000000000000, 1.000000000000000000 ) ) ;
#97 = CARTESIAN_POINT ( 'NONE',  ( -11.57500000000002238, -0.001999999999999831773, -82.55499999999999261 ) ) ;
#98 = CARTESIAN_POINT ( 'NONE',  ( -11.57500000000001883, 7.649999999999999467, -83.55499999999999261 ) ) ;
#99 = LINE ( 'NONE', #2479, #3449 ) ;
#100 = ORIENTED_EDGE ( 'NONE', *, *, #3975, .F. ) ;
#101 = CARTESIAN_POINT ( 'NONE',  ( 5.999999999999998224, 6.650000000000027001, -85.55499999999999261 ) ) ;
#102 = EDGE_CURVE ( 'NONE', #4475, #3543, #4307, .T. ) ;
#103 = CARTESIAN_POINT ( 'NONE',  ( -6.625251798232977940, 15.00000000000000178, 63.55499999999999972 ) ) ;
#104 = DIRECTION ( 'NONE',  ( 0.000000000000000000, 1.000000000000000000, 0.000000000000000000 ) ) ;
#105 = EDGE_CURVE ( 'NONE', #2793, #3699, #4829, .T. ) ;
#106 = VECTOR ( 'NONE', #4081, 1000.000000000000114 ) ;
#107 = ORIENTED_EDGE ( 'NONE', *, *, #2673, .T. ) ;
#108 = CIRCLE ( 'NONE', #4336, 4.369999999999978790 ) ;
#109 = VECTOR ( 'NONE', #1914, 1000.000000000000000 ) ;
#110 = CARTESIAN_POINT ( 'NONE',  ( -13.57500000000001883, 7.649999999999999467, -85.55499999999999261 ) ) ;
#111 = FACE_OUTER_BOUND ( 'NONE', #4131, .T. ) ;
#112 = AXIS2_PLACEMENT_3D ( 'NONE', #439, #5026, #2072 ) ;
#113 = CARTESIAN_POINT ( 'NONE',  ( 9.075000000000025935, -0.001999999999999831773, -70.55499999999999261 ) ) ;
#114 = CARTESIAN_POINT ( 'NONE',  ( 6.624748585550039870, 9.274437486377925310, 80.38914619115534776 ) ) ;
#115 = EDGE_LOOP ( 'NONE', ( #2273, #18, #5052, #3969 ) ) ;
#116 = ORIENTED_EDGE ( 'NONE', *, *, #3087, .F. ) ;
#117 = DIRECTION ( 'NONE',  ( -0.000000000000000000, 1.000000000000000000, -0.000000000000000000 ) ) ;
#118 = ADVANCED_FACE ( 'NONE', ( #4724 ), #2659, .T. ) ;
#119 = CARTESIAN_POINT ( 'NONE',  ( -26.64000000000003610, -104.7725234327390211, 46.55499999999999972 ) ) ;
#120 = EDGE_CURVE ( 'NONE', #2672, #1234, #5192, .T. ) ;
#121 = ORIENTED_EDGE ( 'NONE', *, *, #4922, .F. ) ;
#122 = VECTOR ( 'NONE', #458, 1000.000000000000000 ) ;
#123 = ORIENTED_EDGE ( 'NONE', *, *, #1616, .T. ) ;
#124 = ORIENTED_EDGE ( 'NONE', *, *, #4007, .T. ) ;
#125 = AXIS2_PLACEMENT_3D ( 'NONE', #4651, #4625, #1703 ) ;
#126 = VECTOR ( 'NONE', #4040, 1000.000000000000000 ) ;
#127 = EDGE_CURVE ( 'NONE', #1573, #2115, #1636, .T. ) ;
#128 = LINE ( 'NONE', #4127, #466 ) ;
#129 = CARTESIAN_POINT ( 'NONE',  ( -18.11499999999999488, 7.000000000000000000, -69.55500000000000682 ) ) ;
#130 = CARTESIAN_POINT ( 'NONE',  ( 26.63999999999995083, 2.000000000000000000, -57.55500000000001393 ) ) ;
#131 = AXIS2_PLACEMENT_3D ( 'NONE', #4610, #2203, #3351 ) ;
#132 = ORIENTED_EDGE ( 'NONE', *, *, #795, .F. ) ;
#133 = VECTOR ( 'NONE', #4466, 1000.000000000000000 ) ;
#134 = LINE ( 'NONE', #4710, #4260 ) ;
#135 = FACE_OUTER_BOUND ( 'NONE', #1215, .T. ) ;
#136 = LINE ( 'NONE', #2269, #1422 ) ;
#137 = ORIENTED_EDGE ( 'NONE', *, *, #2059, .T. ) ;
#138 = EDGE_CURVE ( 'NONE', #1638, #4321, #1200, .T. ) ;
#139 = ADVANCED_FACE ( 'NONE', ( #3196 ), #5341, .F. ) ;
#140 = LINE ( 'NONE', #4715, #2111 ) ;
#141 = DIRECTION ( 'NONE',  ( 0.000000000000000000, 1.000000000000000000, 0.000000000000000000 ) ) ;
#142 = DIRECTION ( 'NONE',  ( -0.000000000000000000, -1.000000000000000000, -0.000000000000000000 ) ) ;
#143 = CARTESIAN_POINT ( 'NONE',  ( 26.93999999999993733, 15.00000000000000000, 87.20578397184708308 ) ) ;
#144 = ORIENTED_EDGE ( 'NONE', *, *, #1559, .T. ) ;
#145 = ORIENTED_EDGE ( 'NONE', *, *, #3086, .F. ) ;
#146 = EDGE_CURVE ( 'NONE', #2785, #2609, #4493, .T. ) ;
#147 = FACE_OUTER_BOUND ( 'NONE', #465, .T. ) ;
#148 = CARTESIAN_POINT ( 'NONE',  ( -33.43999999999997641, -62.43188131373440797, 75.05500000000004945 ) ) ;
#149 = ORIENTED_EDGE ( 'NONE', *, *, #3960, .T. ) ;
#150 = ADVANCED_FACE ( 'NONE', ( #4522, #3299, #816, #2465, #4034 ), #2405, .T. ) ;
#151 = ORIENTED_EDGE ( 'NONE', *, *, #4984, .F. ) ;
#152 = VERTEX_POINT ( 'NONE', #2067 ) ;
#153 = VECTOR ( 'NONE', #4941, 1000.000000000000000 ) ;
#154 = DIRECTION ( 'NONE',  ( 0.000000000000000000, 0.000000000000000000, 1.000000000000000000 ) ) ;
#155 = DIRECTION ( 'NONE',  ( -1.000000000000000000, 0.000000000000000000, -0.000000000000000000 ) ) ;
#156 = CYLINDRICAL_SURFACE ( 'NONE', #4312, 4.500000000000017764 ) ;
#157 = ORIENTED_EDGE ( 'NONE', *, *, #265, .F. ) ;
#158 = PLANE ( 'NONE',  #1677 ) ;
#159 = CARTESIAN_POINT ( 'NONE',  ( -30.58999999999998920, 6.499999999999977796, 46.55499999999999972 ) ) ;
#160 = DIRECTION ( 'NONE',  ( -4.952461568701184058E-17, 0.000000000000000000, 1.000000000000000000 ) ) ;
#161 = EDGE_LOOP ( 'NONE', ( #3589, #369, #4942, #4565 ) ) ;
#162 = CARTESIAN_POINT ( 'NONE',  ( -28.14000000000004320, 0.000000000000000000, 33.93500000000000938 ) ) ;
#163 = AXIS2_PLACEMENT_3D ( 'NONE', #1248, #486, #26 ) ;
#164 = CARTESIAN_POINT ( 'NONE',  ( 24.22960584136115969, -97.28932498801881934, 50.35499999999995424 ) ) ;
#165 = CARTESIAN_POINT ( 'NONE',  ( -33.43999999999997641, 6.999999999999992006, 75.05500000000004945 ) ) ;
#166 = CARTESIAN_POINT ( 'NONE',  ( 30.58999999999998920, 2.000000000000001776, 44.14460584136112686 ) ) ;
#167 = EDGE_LOOP ( 'NONE', ( #1080, #488 ) ) ;
#168 = ORIENTED_EDGE ( 'NONE', *, *, #4937, .T. ) ;
#169 = AXIS2_PLACEMENT_3D ( 'NONE', #4421, #4862, #4837 ) ;
#170 = LINE ( 'NONE', #3422, #2786 ) ;
#171 = EDGE_CURVE ( 'NONE', #2281, #1821, #738, .T. ) ;
#172 = DIRECTION ( 'NONE',  ( -0.000000000000000000, -1.000000000000000000, -0.000000000000000000 ) ) ;
#173 = DIRECTION ( 'NONE',  ( 0.000000000000000000, -0.000000000000000000, 1.000000000000000000 ) ) ;
#174 = ORIENTED_EDGE ( 'NONE', *, *, #455, .T. ) ;
#175 = VERTEX_POINT ( 'NONE', #1611 ) ;
#176 = CARTESIAN_POINT ( 'NONE',  ( 26.93999999999999773, 7.000000000000006217, -87.55499999999999261 ) ) ;
#177 = ADVANCED_FACE ( 'NONE', ( #5283 ), #3270, .T. ) ;
#178 = FACE_OUTER_BOUND ( 'NONE', #3230, .T. ) ;
#179 = LINE ( 'NONE', #1044, #1127 ) ;
#180 = ORIENTED_EDGE ( 'NONE', *, *, #404, .T. ) ;
#181 = ADVANCED_FACE ( 'NONE', ( #346 ), #3222, .F. ) ;
#182 = EDGE_CURVE ( 'NONE', #2617, #4881, #1993, .T. ) ;
#183 = DIRECTION ( 'NONE',  ( 0.000000000000000000, 0.7071067811865430208, 0.7071067811865521247 ) ) ;
#184 = DIRECTION ( 'NONE',  ( 0.000000000000000000, 0.000000000000000000, 1.000000000000000000 ) ) ;
#185 = DIRECTION ( 'NONE',  ( -0.000000000000000000, 1.000000000000000000, -0.000000000000000000 ) ) ;
#186 = ORIENTED_EDGE ( 'NONE', *, *, #4890, .T. ) ;
#187 = DIRECTION ( 'NONE',  ( -0.000000000000000000, -0.000000000000000000, -1.000000000000000000 ) ) ;
#188 = PLANE ( 'NONE',  #734 ) ;
#189 = DIRECTION ( 'NONE',  ( -1.000000000000000000, 0.000000000000000000, 2.135044278125304893E-15 ) ) ;
#190 = DIRECTION ( 'NONE',  ( 1.000000000000000000, 0.000000000000000000, 0.000000000000000000 ) ) ;
#191 = VECTOR ( 'NONE', #2759, 1000.000000000000000 ) ;
#192 = ORIENTED_EDGE ( 'NONE', *, *, #4919, .F. ) ;
#193 = VERTEX_POINT ( 'NONE', #2814 ) ;
#194 = EDGE_LOOP ( 'NONE', ( #168, #2654, #1143, #2745 ) ) ;
#195 = CIRCLE ( 'NONE', #3136, 2.125000000000001776 ) ;
#196 = CIRCLE ( 'NONE', #969, 4.500000000000003553 ) ;
#197 = AXIS2_PLACEMENT_3D ( 'NONE', #4652, #3959, #562 ) ;
#198 = VECTOR ( 'NONE', #2524, 1000.000000000000000 ) ;
#199 = CARTESIAN_POINT ( 'NONE',  ( -26.64000000000005031, 1.049999999999999822, -55.42999999999999261 ) ) ;
#200 = AXIS2_PLACEMENT_3D ( 'NONE', #4516, #3265, #1141 ) ;
#201 = CARTESIAN_POINT ( 'NONE',  ( -22.43999999999999773, 2.000000000000000000, -61.20500000000000540 ) ) ;
#202 = AXIS2_PLACEMENT_3D ( 'NONE', #2418, #4070, #1650 ) ;
#203 = CARTESIAN_POINT ( 'NONE',  ( 0.000000000000000000, 5.549999999999998934, 0.000000000000000000 ) ) ;
#204 = VERTEX_POINT ( 'NONE', #4013 ) ;
#205 = ADVANCED_FACE ( 'NONE', ( #302 ), #1959, .F. ) ;
#206 = CIRCLE ( 'NONE', #3743, 4.500000000000010658 ) ;
#207 = VERTEX_POINT ( 'NONE', #5261 ) ;
#208 = CARTESIAN_POINT ( 'NONE',  ( -26.64000000000003610, -104.7725234327390211, 50.50499999999995282 ) ) ;
#209 = EDGE_CURVE ( 'NONE', #223, #1530, #4804, .T. ) ;
#210 = EDGE_CURVE ( 'NONE', #1973, #2236, #4854, .T. ) ;
#211 = CARTESIAN_POINT ( 'NONE',  ( 33.43999999999999773, 7.000000000000006217, -83.05499999999999261 ) ) ;
#212 = CARTESIAN_POINT ( 'NONE',  ( -11.57500000000001883, 5.549999999999998934, -82.55499999999999261 ) ) ;
#213 = VERTEX_POINT ( 'NONE', #4446 ) ;
#214 = DIRECTION ( 'NONE',  ( -0.000000000000000000, -1.000000000000000000, -0.000000000000000000 ) ) ;
#215 = CARTESIAN_POINT ( 'NONE',  ( -26.64000000000005031, 2.000000000000000000, -57.55499999999999261 ) ) ;
#216 = DIRECTION ( 'NONE',  ( -1.000000000000000000, -0.000000000000000000, -0.000000000000000000 ) ) ;
#217 = CIRCLE ( 'NONE', #2801, 6.500000000000005329 ) ;
#218 = VERTEX_POINT ( 'NONE', #3626 ) ;
#219 = CARTESIAN_POINT ( 'NONE',  ( -26.93999999999999062, 15.00000000000000000, -89.55499999999999261 ) ) ;
#220 = PLANE ( 'NONE',  #4800 ) ;
#221 = DIRECTION ( 'NONE',  ( 0.000000000000000000, 0.000000000000000000, 1.000000000000000000 ) ) ;
#222 = CARTESIAN_POINT ( 'NONE',  ( 6.624748585550039870, 9.274437486377925310, 65.95499999999999829 ) ) ;
#223 = VERTEX_POINT ( 'NONE', #2431 ) ;
#224 = VERTEX_POINT ( 'NONE', #2385 ) ;
#225 = ORIENTED_EDGE ( 'NONE', *, *, #4190, .T. ) ;
#226 = CARTESIAN_POINT ( 'NONE',  ( -30.43999999999998707, 2.000000000000001776, 44.14460584136111265 ) ) ;
#227 = DIRECTION ( 'NONE',  ( -0.7071067811865401342, 0.7071067811865549002, 0.000000000000000000 ) ) ;
#228 = CARTESIAN_POINT ( 'NONE',  ( 11.57500000000002416, 0.5000000000000000000, -70.55499999999999261 ) ) ;
#229 = DIRECTION ( 'NONE',  ( 1.000000000000000000, 1.182247010237517153E-10, 0.000000000000000000 ) ) ;
#230 = EDGE_CURVE ( 'NONE', #2760, #5104, #1513, .T. ) ;
#231 = ORIENTED_EDGE ( 'NONE', *, *, #2515, .F. ) ;
#232 = DIRECTION ( 'NONE',  ( 0.000000000000000000, 1.000000000000000000, 0.000000000000000000 ) ) ;
#233 = CARTESIAN_POINT ( 'NONE',  ( 6.257172443908130433, 6.499999999999977796, 50.50499999999995282 ) ) ;
#234 = CARTESIAN_POINT ( 'NONE',  ( -12.43999999999999595, 6.500000000000000000, -61.20500000000000540 ) ) ;
#235 = ORIENTED_EDGE ( 'NONE', *, *, #4927, .T. ) ;
#236 = EDGE_CURVE ( 'NONE', #4453, #4054, #380, .T. ) ;
#237 = ORIENTED_EDGE ( 'NONE', *, *, #2567, .F. ) ;
#238 = DIRECTION ( 'NONE',  ( -1.000000000000000000, 0.000000000000000000, 2.891205793294679312E-16 ) ) ;
#239 = DIRECTION ( 'NONE',  ( -0.000000000000000000, -0.000000000000000000, -1.000000000000000000 ) ) ;
#240 = ORIENTED_EDGE ( 'NONE', *, *, #5111, .F. ) ;
#241 = VECTOR ( 'NONE', #2593, 1000.000000000000000 ) ;
#242 = CARTESIAN_POINT ( 'NONE',  ( -18.07499999999997797, 7.649999999999999467, -75.05499999999994998 ) ) ;
#243 = EDGE_CURVE ( 'NONE', #2728, #1401, #4629, .T. ) ;
#244 = DIRECTION ( 'NONE',  ( -0.000000000000000000, -1.000000000000000000, -0.000000000000000000 ) ) ;
#245 = CARTESIAN_POINT ( 'NONE',  ( 11.57499999999998508, 0.5000000000000004441, -83.55499999999999261 ) ) ;
#246 = CARTESIAN_POINT ( 'NONE',  ( 26.93999999999999773, 6.999999999999999112, -83.05499999999999261 ) ) ;
#247 = ORIENTED_EDGE ( 'NONE', *, *, #41, .F. ) ;
#248 = VECTOR ( 'NONE', #2506, 1000.000000000000000 ) ;
#249 = B_SPLINE_CURVE_WITH_KNOTS ( 'NONE', 3,
 ( #2076, #1645, #3280, #4944 ),
 .UNSPECIFIED., .F., .F.,
 ( 4, 4 ),
 ( 1.289425922572927010E-17, 0.0007572439979196191181 ),
 .UNSPECIFIED. ) ;
#250 = LINE ( 'NONE', #1907, #886 ) ;
#251 = DIRECTION ( 'NONE',  ( 0.7071067811865527908, -0.7071067811865422437, 0.000000000000000000 ) ) ;
#252 = CARTESIAN_POINT ( 'NONE',  ( 13.57499999999998330, 7.649999999999999467, -64.55499999999999261 ) ) ;
#253 = ADVANCED_FACE ( 'NONE', ( #3790 ), #515, .F. ) ;
#254 = DIRECTION ( 'NONE',  ( 0.000000000000000000, 0.000000000000000000, 1.000000000000000000 ) ) ;
#255 = ORIENTED_EDGE ( 'NONE', *, *, #2165, .F. ) ;
#256 = LINE ( 'NONE', #5169, #4092 ) ;
#257 = DIRECTION ( 'NONE',  ( -1.000000000000000000, -1.514893490246249550E-16, 0.000000000000000000 ) ) ;
#258 = LINE ( 'NONE', #1915, #3457 ) ;
#259 = EDGE_LOOP ( 'NONE', ( #493, #4147, #1368, #414 ) ) ;
#260 = EDGE_LOOP ( 'NONE', ( #2810, #2258, #5330, #2128 ) ) ;
#261 = LINE ( 'NONE', #1919, #2966 ) ;
#262 = DIRECTION ( 'NONE',  ( -0.000000000000000000, 1.000000000000000000, -0.000000000000000000 ) ) ;
#263 = CIRCLE ( 'NONE', #4242, 2.125000000000001776 ) ;
#264 = EDGE_LOOP ( 'NONE', ( #1092, #4350, #3419, #4302 ) ) ;
#265 = EDGE_CURVE ( 'NONE', #1234, #3282, #4664, .T. ) ;
#266 = PLANE ( 'NONE',  #3668 ) ;
#267 = EDGE_CURVE ( 'NONE', #550, #4192, #2601, .T. ) ;
#268 = DIRECTION ( 'NONE',  ( 1.000000000000000000, 0.000000000000000000, -1.232923579230140113E-16 ) ) ;
#269 = LINE ( 'NONE', #2226, #5297 ) ;
#270 = DIRECTION ( 'NONE',  ( 0.000000000000000000, 1.000000000000000000, 0.000000000000000000 ) ) ;
#271 = ORIENTED_EDGE ( 'NONE', *, *, #4392, .T. ) ;
#272 = CARTESIAN_POINT ( 'NONE',  ( 26.63999999999995083, 6.049999999999999822, -57.55500000000001393 ) ) ;
#273 = CARTESIAN_POINT ( 'NONE',  ( 22.43999999999999773, 7.000000000000000000, -62.55499999999999972 ) ) ;
#274 = CARTESIAN_POINT ( 'NONE',  ( -26.64000000000003610, 6.499999999999977796, 50.50499999999995282 ) ) ;
#275 = LINE ( 'NONE', #1124, #2784 ) ;
#276 = ORIENTED_EDGE ( 'NONE', *, *, #4039, .F. ) ;
#277 = AXIS2_PLACEMENT_3D ( 'NONE', #114, #4967, #85 ) ;
#278 = AXIS2_PLACEMENT_3D ( 'NONE', #4491, #3376, #4142 ) ;
#279 = EDGE_CURVE ( 'NONE', #3770, #3817, #4577, .T. ) ;
#280 = VECTOR ( 'NONE', #399, 1000.000000000000000 ) ;
#281 = DIRECTION ( 'NONE',  ( -0.000000000000000000, 1.000000000000000000, -0.000000000000000000 ) ) ;
#282 = CARTESIAN_POINT ( 'NONE',  ( -11.57500000000002238, 5.549999999999998934, -82.55499999999999261 ) ) ;
#283 = ORIENTED_EDGE ( 'NONE', *, *, #2842, .T. ) ;
#284 = CIRCLE ( 'NONE', #3219, 2.125000000000001776 ) ;
#285 = CARTESIAN_POINT ( 'NONE',  ( 16.76499999999999702, 7.000000000000000000, -69.55500000000000682 ) ) ;
#286 = ORIENTED_EDGE ( 'NONE', *, *, #455, .F. ) ;
#287 = DIRECTION ( 'NONE',  ( -8.260587980841936314E-17, -0.000000000000000000, -1.000000000000000000 ) ) ;
#288 = LINE ( 'NONE', #4430, #957 ) ;
#289 = VECTOR ( 'NONE', #5097, 1000.000000000000000 ) ;
#290 = VERTEX_POINT ( 'NONE', #1775 ) ;
#291 = ORIENTED_EDGE ( 'NONE', *, *, #1616, .F. ) ;
#292 = AXIS2_PLACEMENT_3D ( 'NONE', #3520, #5182, #1950 ) ;
#293 = VECTOR ( 'NONE', #3557, 1000.000000000000000 ) ;
#294 = CARTESIAN_POINT ( 'NONE',  ( 26.93999999999998352, 6.999999999999992006, 75.05500000000000682 ) ) ;
#295 = DIRECTION ( 'NONE',  ( -0.000000000000000000, -1.000000000000000000, -0.000000000000000000 ) ) ;
#296 = LINE ( 'NONE', #1952, #1816 ) ;
#297 = CARTESIAN_POINT ( 'NONE',  ( 26.93999999999999773, 7.000000000000006217, -83.05499999999999261 ) ) ;
#298 = ORIENTED_EDGE ( 'NONE', *, *, #3987, .T. ) ;
#299 = ORIENTED_EDGE ( 'NONE', *, *, #4346, .T. ) ;
#300 = CARTESIAN_POINT ( 'NONE',  ( 26.63999999999995083, 5.549999999999965183, -57.55500000000001393 ) ) ;
#301 = CARTESIAN_POINT ( 'NONE',  ( -11.57500000000001883, 7.649999999999999467, -83.55499999999999261 ) ) ;
#302 = FACE_OUTER_BOUND ( 'NONE', #4303, .T. ) ;
#303 = EDGE_CURVE ( 'NONE', #2793, #1013, #1360, .T. ) ;
#304 = LINE ( 'NONE', #2337, #3391 ) ;
#305 = ORIENTED_EDGE ( 'NONE', *, *, #3843, .T. ) ;
#306 = DIRECTION ( 'NONE',  ( 1.239088197126290570E-16, -0.000000000000000000, 1.000000000000000000 ) ) ;
#307 = LINE ( 'NONE', #767, #1763 ) ;
#308 = VERTEX_POINT ( 'NONE', #4251 ) ;
#309 = DIRECTION ( 'NONE',  ( -0.000000000000000000, -1.000000000000000000, -0.000000000000000000 ) ) ;
#310 = ORIENTED_EDGE ( 'NONE', *, *, #4074, .F. ) ;
#311 = CARTESIAN_POINT ( 'NONE',  ( 12.43999999999999417, 2.000000000000000000, -62.55499999999999972 ) ) ;
#312 = CARTESIAN_POINT ( 'NONE',  ( 13.57499999999998153, 2.000000000000000000, -79.55499999999996419 ) ) ;
#313 = EDGE_CURVE ( 'NONE', #2247, #4699, #435, .T. ) ;
#314 = VERTEX_POINT ( 'NONE', #547 ) ;
#315 = VECTOR ( 'NONE', #2901, 1000.000000000000000 ) ;
#316 = DIRECTION ( 'NONE',  ( 1.000000000000000000, 0.000000000000000000, -1.234385775125811727E-16 ) ) ;
#317 = DIRECTION ( 'NONE',  ( 0.000000000000000000, 1.000000000000000000, 0.000000000000000000 ) ) ;
#318 = FACE_OUTER_BOUND ( 'NONE', #1621, .T. ) ;
#319 = EDGE_LOOP ( 'NONE', ( #5211, #5085, #3348, #4073 ) ) ;
#320 = VERTEX_POINT ( 'NONE', #2126 ) ;
#321 = CARTESIAN_POINT ( 'NONE',  ( -26.64000000000005031, 6.049999999999999822, -53.05499999999997840 ) ) ;
#322 = FACE_OUTER_BOUND ( 'NONE', #4798, .T. ) ;
#323 = CARTESIAN_POINT ( 'NONE',  ( 18.07499999999997797, 2.000000000000000000, -75.05499999999994998 ) ) ;
#324 = CARTESIAN_POINT ( 'NONE',  ( -11.57499999999998685, 2.000000000000000000, -70.55499999999996419 ) ) ;
#325 = EDGE_LOOP ( 'NONE', ( #2241, #3076, #4622, #2184 ) ) ;
#326 = PLANE ( 'NONE',  #1597 ) ;
#327 = DIRECTION ( 'NONE',  ( 0.000000000000000000, 0.000000000000000000, 1.000000000000000000 ) ) ;
#328 = AXIS2_PLACEMENT_3D ( 'NONE', #4438, #3596, #5255 ) ;
#329 = EDGE_CURVE ( 'NONE', #2026, #2331, #4100, .T. ) ;
#330 = ORIENTED_EDGE ( 'NONE', *, *, #4573, .T. ) ;
#331 = LINE ( 'NONE', #4398, #4400 ) ;
#332 = ORIENTED_EDGE ( 'NONE', *, *, #4401, .T. ) ;
#333 = CIRCLE ( 'NONE', #5196, 4.499999999999997335 ) ;
#334 = LINE ( 'NONE', #1108, #1156 ) ;
#335 = DIRECTION ( 'NONE',  ( 1.000000000000000000, 0.000000000000000000, 0.000000000000000000 ) ) ;
#336 = VERTEX_POINT ( 'NONE', #1254 ) ;
#337 = EDGE_CURVE ( 'NONE', #3359, #2953, #5067, .T. ) ;
#338 = VECTOR ( 'NONE', #3530, 1000.000000000000000 ) ;
#339 = FACE_OUTER_BOUND ( 'NONE', #1658, .T. ) ;
#340 = CARTESIAN_POINT ( 'NONE',  ( -31.43999999999998707, 119.8157865726246172, -57.55499999999999261 ) ) ;
#341 = PLANE ( 'NONE',  #540 ) ;
#342 = ORIENTED_EDGE ( 'NONE', *, *, #2684, .T. ) ;
#343 = ORIENTED_EDGE ( 'NONE', *, *, #1879, .T. ) ;
#344 = EDGE_CURVE ( 'NONE', #481, #1280, #3844, .T. ) ;
#345 = DIRECTION ( 'NONE',  ( -1.000000000000000000, 0.000000000000000000, 0.000000000000000000 ) ) ;
#346 = FACE_OUTER_BOUND ( 'NONE', #4072, .T. ) ;
#347 = CARTESIAN_POINT ( 'NONE',  ( -11.57500000000001883, 7.649999999999999467, -83.55499999999999261 ) ) ;
#348 = ORIENTED_EDGE ( 'NONE', *, *, #3878, .F. ) ;
#349 = EDGE_CURVE ( 'NONE', #91, #4785, #4359, .T. ) ;
#350 = CARTESIAN_POINT ( 'NONE',  ( -26.93999999999993022, 15.00000000000000000, 68.55500000000000682 ) ) ;
#351 = CARTESIAN_POINT ( 'NONE',  ( -10.18999999999979345, 39.33000000000025409, -4.394999999999954277 ) ) ;
#352 = ORIENTED_EDGE ( 'NONE', *, *, #386, .F. ) ;
#353 = ADVANCED_FACE ( 'NONE', ( #59 ), #5049, .F. ) ;
#354 = VERTEX_POINT ( 'NONE', #1334 ) ;
#355 = CARTESIAN_POINT ( 'NONE',  ( -28.14000000000004320, 2.000000000000000000, 33.93500000000000938 ) ) ;
#356 = VECTOR ( 'NONE', #4718, 1000.000000000000000 ) ;
#357 = ORIENTED_EDGE ( 'NONE', *, *, #4709, .F. ) ;
#358 = CIRCLE ( 'NONE', #1239, 8.500000000000007105 ) ;
#359 = ADVANCED_FACE ( 'NONE', ( #4201 ), #1718, .F. ) ;
#360 = ADVANCED_FACE ( 'NONE', ( #1746, #32 ), #3378, .T. ) ;
#361 = VECTOR ( 'NONE', #3049, 1000.000000000000000 ) ;
#362 = AXIS2_PLACEMENT_3D ( 'NONE', #3365, #2613, #229 ) ;
#363 = VECTOR ( 'NONE', #2495, 1000.000000000000000 ) ;
#364 = AXIS2_PLACEMENT_3D ( 'NONE', #1387, #4280, #189 ) ;
#365 = CARTESIAN_POINT ( 'NONE',  ( -11.57499999999998508, 7.649999999999999467, -79.55499999999996419 ) ) ;
#366 = DIRECTION ( 'NONE',  ( 0.000000000000000000, 0.000000000000000000, 1.000000000000000000 ) ) ;
#367 = ADVANCED_FACE ( 'NONE', ( #2178 ), #2922, .F. ) ;
#368 = VERTEX_POINT ( 'NONE', #1303 ) ;
#369 = ORIENTED_EDGE ( 'NONE', *, *, #605, .T. ) ;
#370 = AXIS2_PLACEMENT_3D ( 'NONE', #1240, #4236, #2079 ) ;
#371 = EDGE_CURVE ( 'NONE', #5285, #2263, #648, .T. ) ;
#372 = LINE ( 'NONE', #1709, #1404 ) ;
#373 = CARTESIAN_POINT ( 'NONE',  ( -11.57500000000001883, 7.649999999999999467, -83.55499999999999261 ) ) ;
#374 = LINE ( 'NONE', #2000, #4511 ) ;
#375 = ORIENTED_EDGE ( 'NONE', *, *, #3127, .F. ) ;
#376 = CIRCLE ( 'NONE', #3404, 2.625000000000043965 ) ;
#377 = LINE ( 'NONE', #4991, #4177 ) ;
#378 = AXIS2_PLACEMENT_3D ( 'NONE', #676, #4760, #701 ) ;
#379 = CARTESIAN_POINT ( 'NONE',  ( 26.63999999999995083, 5.549999999999965183, -55.43000000000001393 ) ) ;
#380 = LINE ( 'NONE', #2039, #2718 ) ;
#381 = VECTOR ( 'NONE', #2491, 1000.000000000000000 ) ;
#382 = CARTESIAN_POINT ( 'NONE',  ( 26.64000000000003610, 6.499999999999977796, 46.55499999999999972 ) ) ;
#383 = ORIENTED_EDGE ( 'NONE', *, *, #1345, .T. ) ;
#384 = CIRCLE ( 'NONE', #2124, 2.125000000000001776 ) ;
#385 = DIRECTION ( 'NONE',  ( 1.000000000000000000, 0.000000000000000000, -2.575684448369424473E-16 ) ) ;
#386 = EDGE_CURVE ( 'NONE', #4679, #2321, #269, .T. ) ;
#387 = DIRECTION ( 'NONE',  ( 0.000000000000000000, 1.000000000000000000, 0.000000000000000000 ) ) ;
#388 = ORIENTED_EDGE ( 'NONE', *, *, #2292, .T. ) ;
#389 = ORIENTED_EDGE ( 'NONE', *, *, #3054, .F. ) ;
#390 = DIRECTION ( 'NONE',  ( 0.000000000000000000, 0.000000000000000000, -1.000000000000000000 ) ) ;
#391 = ORIENTED_EDGE ( 'NONE', *, *, #1168, .F. ) ;
#392 = CARTESIAN_POINT ( 'NONE',  ( 26.93999999999999773, 2.000000000000001776, -83.05499999999999261 ) ) ;
#393 = FACE_OUTER_BOUND ( 'NONE', #3316, .T. ) ;
#394 = CARTESIAN_POINT ( 'NONE',  ( -18.07499999999997797, -4.010407640085659864, -72.92999999999994998 ) ) ;
#395 = ORIENTED_EDGE ( 'NONE', *, *, #3033, .T. ) ;
#396 = ORIENTED_EDGE ( 'NONE', *, *, #3801, .F. ) ;
#397 = ORIENTED_EDGE ( 'NONE', *, *, #1563, .F. ) ;
#398 = EDGE_CURVE ( 'NONE', #3674, #3256, #3142, .T. ) ;
#399 = DIRECTION ( 'NONE',  ( -0.000000000000000000, -1.000000000000000000, -0.000000000000000000 ) ) ;
#400 = CYLINDRICAL_SURFACE ( 'NONE', #2578, 4.499999999999990230 ) ;
#401 = LINE ( 'NONE', #1221, #3226 ) ;
#402 = ORIENTED_EDGE ( 'NONE', *, *, #583, .T. ) ;
#403 = VECTOR ( 'NONE', #4556, 1000.000000000000000 ) ;
#404 = EDGE_CURVE ( 'NONE', #2808, #3858, #3523, .T. ) ;
#405 = CARTESIAN_POINT ( 'NONE',  ( -30.43999999999998707, 6.049999999999999822, -55.14460584136107713 ) ) ;
#406 = LINE ( 'NONE', #1660, #906 ) ;
#407 = EDGE_CURVE ( 'NONE', #1827, #3906, #634, .T. ) ;
#408 = DIRECTION ( 'NONE',  ( -1.000000000000000000, 0.000000000000000000, 8.260587980841937547E-17 ) ) ;
#409 = CARTESIAN_POINT ( 'NONE',  ( -33.43999999999999773, 7.000000000000006217, -83.05499999999999261 ) ) ;
#410 = ORIENTED_EDGE ( 'NONE', *, *, #230, .F. ) ;
#411 = LINE ( 'NONE', #2130, #2287 ) ;
#412 = EDGE_CURVE ( 'NONE', #6, #86, #2329, .T. ) ;
#413 = DIRECTION ( 'NONE',  ( 0.000000000000000000, 0.000000000000000000, 1.000000000000000000 ) ) ;
#414 = ORIENTED_EDGE ( 'NONE', *, *, #1543, .T. ) ;
#415 = VERTEX_POINT ( 'NONE', #1415 ) ;
#416 = DIRECTION ( 'NONE',  ( 1.000000000000000000, 0.000000000000000000, -0.000000000000000000 ) ) ;
#417 = VERTEX_POINT ( 'NONE', #165 ) ;
#418 = AXIS2_PLACEMENT_3D ( 'NONE', #696, #4981, #831 ) ;
#419 = CARTESIAN_POINT ( 'NONE',  ( -6.000000000000001776, 6.650000000000027001, -85.55499999999999261 ) ) ;
#420 = FACE_OUTER_BOUND ( 'NONE', #167, .T. ) ;
#421 = CARTESIAN_POINT ( 'NONE',  ( 2.255260741850635853, 4.904437486911201738, 65.95499999999999829 ) ) ;
#422 = CARTESIAN_POINT ( 'NONE',  ( 2.254748570678834163, 9.274437471375676978, 50.50499999999995282 ) ) ;
#423 = ORIENTED_EDGE ( 'NONE', *, *, #407, .F. ) ;
#424 = AXIS2_PLACEMENT_3D ( 'NONE', #4730, #2691, #3836 ) ;
#425 = ORIENTED_EDGE ( 'NONE', *, *, #4468, .F. ) ;
#426 = CARTESIAN_POINT ( 'NONE',  ( -18.11499999999999488, 7.000000000000000000, -69.55500000000000682 ) ) ;
#427 = EDGE_CURVE ( 'NONE', #2321, #3829, #2733, .T. ) ;
#428 = DIRECTION ( 'NONE',  ( 0.000000000000000000, 1.000000000000000000, 0.000000000000000000 ) ) ;
#429 = CARTESIAN_POINT ( 'NONE',  ( -30.58999999999998920, -97.28932498801881934, 44.14460584136111976 ) ) ;
#430 = VERTEX_POINT ( 'NONE', #3066 ) ;
#431 = EDGE_CURVE ( 'NONE', #3699, #1683, #1489, .T. ) ;
#432 = EDGE_CURVE ( 'NONE', #1936, #1707, #3873, .T. ) ;
#433 = LINE ( 'NONE', #2428, #2357 ) ;
#434 = DIRECTION ( 'NONE',  ( 0.000000000000000000, -1.000000000000000000, 0.000000000000000000 ) ) ;
#435 = LINE ( 'NONE', #2950, #2456 ) ;
#436 = DIRECTION ( 'NONE',  ( 1.000000000000000000, 0.000000000000000000, -0.000000000000000000 ) ) ;
#437 = ORIENTED_EDGE ( 'NONE', *, *, #847, .F. ) ;
#438 = ORIENTED_EDGE ( 'NONE', *, *, #2447, .F. ) ;
#439 = CARTESIAN_POINT ( 'NONE',  ( -18.11499999999999488, 7.000000000000000000, -69.55500000000000682 ) ) ;
#440 = DIRECTION ( 'NONE',  ( 0.000000000000000000, 1.000000000000000000, 0.000000000000000000 ) ) ;
#441 = ORIENTED_EDGE ( 'NONE', *, *, #2488, .T. ) ;
#442 = ORIENTED_EDGE ( 'NONE', *, *, #4725, .F. ) ;
#443 = CARTESIAN_POINT ( 'NONE',  ( 26.64000000000003254, -104.7725234327390211, 50.50499999999995282 ) ) ;
#444 = ORIENTED_EDGE ( 'NONE', *, *, #1502, .F. ) ;
#445 = EDGE_CURVE ( 'NONE', #11, #2211, #3652, .T. ) ;
#446 = CYLINDRICAL_SURFACE ( 'NONE', #4349, 2.125000000000001776 ) ;
#447 = AXIS2_PLACEMENT_3D ( 'NONE', #1195, #5233, #781 ) ;
#448 = CARTESIAN_POINT ( 'NONE',  ( 30.58999999999998920, 6.499999999999977796, 46.55499999999999972 ) ) ;
#449 = DIRECTION ( 'NONE',  ( -1.000000000000000000, 0.000000000000000000, 2.575684448369424473E-16 ) ) ;
#450 = AXIS2_PLACEMENT_3D ( 'NONE', #4027, #316, #2484 ) ;
#451 = VERTEX_POINT ( 'NONE', #2278 ) ;
#452 = EDGE_LOOP ( 'NONE', ( #1346, #2972, #2298, #2735, #2919, #2222, #3163, #2584, #2924, #763 ) ) ;
#453 = VECTOR ( 'NONE', #4129, 1000.000000000000000 ) ;
#454 = AXIS2_PLACEMENT_3D ( 'NONE', #1266, #2824, #1242 ) ;
#455 = EDGE_CURVE ( 'NONE', #368, #4054, #2630, .T. ) ;
#456 = CARTESIAN_POINT ( 'NONE',  ( 26.93999999999993733, 6.999999999999992006, 68.55500000000000682 ) ) ;
#457 = DIRECTION ( 'NONE',  ( -0.000000000000000000, -1.000000000000000000, -0.000000000000000000 ) ) ;
#458 = DIRECTION ( 'NONE',  ( -0.000000000000000000, -1.000000000000000000, -0.000000000000000000 ) ) ;
#459 = VECTOR ( 'NONE', #5365, 1000.000000000000000 ) ;
#460 = ORIENTED_EDGE ( 'NONE', *, *, #1531, .T. ) ;
#461 = CARTESIAN_POINT ( 'NONE',  ( 6.000000000000000888, -22.18677324489565095, -64.55499999999999261 ) ) ;
#462 = DIRECTION ( 'NONE',  ( 0.000000000000000000, 0.000000000000000000, 1.000000000000000000 ) ) ;
#463 = DIRECTION ( 'NONE',  ( 0.000000000000000000, 0.000000000000000000, 1.000000000000000000 ) ) ;
#464 = DIRECTION ( 'NONE',  ( -1.000000000000000000, 0.000000000000000000, -0.000000000000000000 ) ) ;
#465 = EDGE_LOOP ( 'NONE', ( #2462, #5019, #1019, #2167 ) ) ;
#466 = VECTOR ( 'NONE', #2535, 1000.000000000000000 ) ;
#467 = APPLICATION_CONTEXT ( 'automotive_design' ) ;
#468 = CIRCLE ( 'NONE', #4444, 2.125000000000001776 ) ;
#469 = LINE ( 'NONE', #37, #363 ) ;
#470 = ADVANCED_FACE ( 'NONE', ( #3443 ), #1462, .T. ) ;
#471 = LINE ( 'NONE', #4149, #5088 ) ;
#472 = ORIENTED_EDGE ( 'NONE', *, *, #2662, .F. ) ;
#473 = ORIENTED_EDGE ( 'NONE', *, *, #2451, .F. ) ;
#474 = DIRECTION ( 'NONE',  ( -0.000000000000000000, 1.000000000000000000, -0.000000000000000000 ) ) ;
#475 = VECTOR ( 'NONE', #4088, 1000.000000000000000 ) ;
#476 = ORIENTED_EDGE ( 'NONE', *, *, #2638, .T. ) ;
#477 = CARTESIAN_POINT ( 'NONE',  ( 12.43999999999999417, 7.000000000000000000, -62.55499999999999972 ) ) ;
#478 = LINE ( 'NONE', #15, #4098 ) ;
#479 = DIRECTION ( 'NONE',  ( -1.000000000000000000, -1.182247010237517153E-10, 0.000000000000000000 ) ) ;
#480 = DIRECTION ( 'NONE',  ( -0.000000000000000000, 1.000000000000000000, -0.000000000000000000 ) ) ;
#481 = VERTEX_POINT ( 'NONE', #3898 ) ;
#482 = EDGE_LOOP ( 'NONE', ( #874, #4208, #395, #2679 ) ) ;
#483 = ORIENTED_EDGE ( 'NONE', *, *, #543, .F. ) ;
#484 = ADVANCED_FACE ( 'NONE', ( #4300 ), #1851, .F. ) ;
#485 = DIRECTION ( 'NONE',  ( 1.239088197126290570E-16, -0.000000000000000000, 1.000000000000000000 ) ) ;
#486 = DIRECTION ( 'NONE',  ( 0.000000000000000000, 1.000000000000000000, 0.000000000000000000 ) ) ;
#487 = CARTESIAN_POINT ( 'NONE',  ( -26.64000000000003610, 6.049999999999999822, 46.55499999999999972 ) ) ;
#488 = ORIENTED_EDGE ( 'NONE', *, *, #1542, .T. ) ;
#489 = CARTESIAN_POINT ( 'NONE',  ( 28.13999999999995083, 2.000000000000000000, -50.38499999999999091 ) ) ;
#490 = PLANE ( 'NONE',  #3758 ) ;
#491 = CARTESIAN_POINT ( 'NONE',  ( 26.63999999999996504, 2.000000000000000000, 46.55499999999999261 ) ) ;
#492 = LINE ( 'NONE', #2069, #3643 ) ;
#493 = ORIENTED_EDGE ( 'NONE', *, *, #4963, .T. ) ;
#494 = ORIENTED_EDGE ( 'NONE', *, *, #3556, .F. ) ;
#495 = CARTESIAN_POINT ( 'NONE',  ( 28.13999999999996149, 1.000000000000000888, 33.93500000000000227 ) ) ;
#496 = LINE ( 'NONE', #5056, #3437 ) ;
#497 = ORIENTED_EDGE ( 'NONE', *, *, #4814, .F. ) ;
#498 = ORIENTED_EDGE ( 'NONE', *, *, #1937, .F. ) ;
#499 = ORIENTED_EDGE ( 'NONE', *, *, #4769, .T. ) ;
#500 = ORIENTED_EDGE ( 'NONE', *, *, #337, .T. ) ;
#501 = VECTOR ( 'NONE', #3704, 1000.000000000000000 ) ;
#502 = ADVANCED_FACE ( 'NONE', ( #5102 ), #597, .F. ) ;
#503 = DIRECTION ( 'NONE',  ( 0.000000000000000000, 0.000000000000000000, -1.000000000000000000 ) ) ;
#504 = ADVANCED_FACE ( 'NONE', ( #3500 ), #3930, .F. ) ;
#505 = CARTESIAN_POINT ( 'NONE',  ( -11.57500000000001883, 0.5000000000000004441, -83.55499999999999261 ) ) ;
#506 = CARTESIAN_POINT ( 'NONE',  ( 87.67289328631230205, 63.58289328631308734, -57.55499999999999261 ) ) ;
#507 = ORIENTED_EDGE ( 'NONE', *, *, #3308, .T. ) ;
#508 = CARTESIAN_POINT ( 'NONE',  ( 6.624748585550039870, 9.274437486377925310, 63.55499999999999972 ) ) ;
#509 = CARTESIAN_POINT ( 'NONE',  ( 31.43999999999999417, 182.0796411894638993, 57.05499999999999261 ) ) ;
#510 = LINE ( 'NONE', #2977, #1329 ) ;
#511 = ORIENTED_EDGE ( 'NONE', *, *, #3787, .T. ) ;
#512 = EDGE_CURVE ( 'NONE', #2252, #2617, #1439, .T. ) ;
#513 = DIRECTION ( 'NONE',  ( 0.000000000000000000, 0.000000000000000000, 1.000000000000000000 ) ) ;
#514 = DIRECTION ( 'NONE',  ( 0.000000000000000000, 1.000000000000000000, 0.000000000000000000 ) ) ;
#515 = PLANE ( 'NONE',  #3154 ) ;
#516 = DIRECTION ( 'NONE',  ( 0.000000000000000000, -0.000000000000000000, 1.000000000000000000 ) ) ;
#517 = ORIENTED_EDGE ( 'NONE', *, *, #3374, .T. ) ;
#518 = VERTEX_POINT ( 'NONE', #2677 ) ;
#519 = EDGE_CURVE ( 'NONE', #2953, #11, #655, .T. ) ;
#520 = LINE ( 'NONE', #2606, #3915 ) ;
#521 = DIRECTION ( 'NONE',  ( 0.000000000000000000, -0.000000000000000000, 1.000000000000000000 ) ) ;
#522 = VECTOR ( 'NONE', #1553, 1000.000000000000000 ) ;
#523 = ORIENTED_EDGE ( 'NONE', *, *, #4859, .F. ) ;
#524 = VECTOR ( 'NONE', #1405, 1000.000000000000000 ) ;
#525 = ORIENTED_EDGE ( 'NONE', *, *, #912, .F. ) ;
#526 = ADVANCED_FACE ( 'NONE', ( #2859 ), #1628, .T. ) ;
#527 = EDGE_LOOP ( 'NONE', ( #1955, #4001, #1941, #532 ) ) ;
#528 = DIRECTION ( 'NONE',  ( 0.000000000000000000, 1.000000000000000000, 0.000000000000000000 ) ) ;
#529 = EDGE_CURVE ( 'NONE', #518, #2526, #4823, .T. ) ;
#530 = DIRECTION ( 'NONE',  ( -1.000000000000000000, 0.000000000000000000, 0.000000000000000000 ) ) ;
#531 = CARTESIAN_POINT ( 'NONE',  ( 5.999999999999998224, -22.18677324489565095, -85.55499999999999261 ) ) ;
#532 = ORIENTED_EDGE ( 'NONE', *, *, #52, .T. ) ;
#533 = EDGE_LOOP ( 'NONE', ( #644, #2030, #2576, #2958 ) ) ;
#534 = EDGE_CURVE ( 'NONE', #3341, #4935, #1546, .T. ) ;
#535 = EDGE_CURVE ( 'NONE', #4719, #368, #1171, .T. ) ;
#536 = EDGE_CURVE ( 'NONE', #2487, #2401, #4080, .T. ) ;
#537 = CARTESIAN_POINT ( 'NONE',  ( 26.63999999999996504, 1.049999999999999822, 46.55499999999999261 ) ) ;
#538 = LINE ( 'NONE', #2696, #524 ) ;
#539 = DIRECTION ( 'NONE',  ( -0.000000000000000000, -0.000000000000000000, -1.000000000000000000 ) ) ;
#540 = AXIS2_PLACEMENT_3D ( 'NONE', #733, #1172, #2807 ) ;
#541 = VERTEX_POINT ( 'NONE', #3647 ) ;
#542 = VECTOR ( 'NONE', #4656, 1000.000000000000114 ) ;
#543 = EDGE_CURVE ( 'NONE', #1076, #4495, #1194, .T. ) ;
#544 = DIRECTION ( 'NONE',  ( -0.000000000000000000, -1.000000000000000000, -0.000000000000000000 ) ) ;
#545 = DIRECTION ( 'NONE',  ( 0.000000000000000000, 0.000000000000000000, -1.000000000000000000 ) ) ;
#546 = AXIS2_PLACEMENT_3D ( 'NONE', #162, #4662, #3467 ) ;
#547 = CARTESIAN_POINT ( 'NONE',  ( 26.63999999999996504, 6.049999999999999822, 42.05499999999999261 ) ) ;
#548 = LINE ( 'NONE', #1463, #356 ) ;
#549 = ORIENTED_EDGE ( 'NONE', *, *, #127, .F. ) ;
#550 = VERTEX_POINT ( 'NONE', #373 ) ;
#551 = CARTESIAN_POINT ( 'NONE',  ( 22.43999999999999773, 6.500000000000000000, -61.20500000000000540 ) ) ;
#552 = DIRECTION ( 'NONE',  ( 0.000000000000000000, -0.000000000000000000, 1.000000000000000000 ) ) ;
#553 = ORIENTED_EDGE ( 'NONE', *, *, #2029, .F. ) ;
#554 = EDGE_CURVE ( 'NONE', #1827, #2331, #3620, .T. ) ;
#555 = VECTOR ( 'NONE', #3347, 1000.000000000000000 ) ;
#556 = ORIENTED_EDGE ( 'NONE', *, *, #4905, .T. ) ;
#557 = ORIENTED_EDGE ( 'NONE', *, *, #3576, .T. ) ;
#558 = VECTOR ( 'NONE', #4674, 1000.000000000000000 ) ;
#559 = ADVANCED_FACE ( 'NONE', ( #1114 ), #4461, .F. ) ;
#560 = FACE_OUTER_BOUND ( 'NONE', #4175, .T. ) ;
#561 = CARTESIAN_POINT ( 'NONE',  ( -6.625251798232977940, 15.00000000000000178, 80.38914619115534776 ) ) ;
#562 = DIRECTION ( 'NONE',  ( -1.000000000000000000, 0.000000000000000000, -4.625929269271460552E-14 ) ) ;
#563 = CARTESIAN_POINT ( 'NONE',  ( -26.64000000000005031, 5.549999999999965183, -55.42999999999999261 ) ) ;
#564 = ORIENTED_EDGE ( 'NONE', *, *, #621, .T. ) ;
#565 = CARTESIAN_POINT ( 'NONE',  ( -35.43999999999999773, 14.99999999999999822, 91.20578397184708308 ) ) ;
#566 = DIRECTION ( 'NONE',  ( 0.000000000000000000, 0.000000000000000000, 1.000000000000000000 ) ) ;
#567 = DIRECTION ( 'NONE',  ( 0.000000000000000000, 0.000000000000000000, -1.000000000000000000 ) ) ;
#568 = ORIENTED_EDGE ( 'NONE', *, *, #4431, .F. ) ;
#569 = EDGE_CURVE ( 'NONE', #354, #993, #2034, .T. ) ;
#570 = CARTESIAN_POINT ( 'NONE',  ( -11.57500000000001705, 5.549999999999998934, -70.55499999999999261 ) ) ;
#571 = CARTESIAN_POINT ( 'NONE',  ( -29.14000000000004675, 0.000000000000000000, -83.05499999999999261 ) ) ;
#572 = CARTESIAN_POINT ( 'NONE',  ( -35.43999999999999062, 15.00000000000000000, -83.05499999999999261 ) ) ;
#573 = CARTESIAN_POINT ( 'NONE',  ( -26.64000000000005031, 5.549999999999965183, -55.42999999999999261 ) ) ;
#574 = EDGE_LOOP ( 'NONE', ( #5109, #1319, #500, #4211 ) ) ;
#575 = ORIENTED_EDGE ( 'NONE', *, *, #386, .T. ) ;
#576 = EDGE_CURVE ( 'NONE', #4375, #1642, #4901, .T. ) ;
#577 = CARTESIAN_POINT ( 'NONE',  ( -30.43999999999998707, 6.049999999999999822, -55.14460584136107713 ) ) ;
#578 = DIRECTION ( 'NONE',  ( 0.000000000000000000, 1.000000000000000000, 0.000000000000000000 ) ) ;
#579 = CARTESIAN_POINT ( 'NONE',  ( 26.93999999999993733, 6.999999999999992006, 87.20578397184708308 ) ) ;
#580 = ORIENTED_EDGE ( 'NONE', *, *, #926, .T. ) ;
#581 = ORIENTED_EDGE ( 'NONE', *, *, #5012, .T. ) ;
#582 = EDGE_CURVE ( 'NONE', #3420, #1752, #595, .T. ) ;
#583 = EDGE_CURVE ( 'NONE', #3665, #3864, #1980, .T. ) ;
#584 = VECTOR ( 'NONE', #2157, 1000.000000000000000 ) ;
#585 = DIRECTION ( 'NONE',  ( -8.260587980841937547E-17, 0.000000000000000000, -1.000000000000000000 ) ) ;
#586 = FACE_OUTER_BOUND ( 'NONE', #259, .T. ) ;
#587 = CARTESIAN_POINT ( 'NONE',  ( -26.64000000000003610, 6.499999999999977796, 46.55499999999999972 ) ) ;
#588 = VERTEX_POINT ( 'NONE', #1220 ) ;
#589 = CARTESIAN_POINT ( 'NONE',  ( -30.58999999999998920, -97.28932498801881934, -55.14460584136107002 ) ) ;
#590 = LINE ( 'NONE', #997, #4936 ) ;
#591 = CYLINDRICAL_SURFACE ( 'NONE', #2022, 4.500000000000010658 ) ;
#592 = ORIENTED_EDGE ( 'NONE', *, *, #4922, .T. ) ;
#593 = EDGE_CURVE ( 'NONE', #1642, #627, #4110, .T. ) ;
#594 = CARTESIAN_POINT ( 'NONE',  ( 18.11499999999999488, 7.000000000000000000, -62.55499999999999972 ) ) ;
#595 = CIRCLE ( 'NONE', #1550, 6.500000000000005329 ) ;
#596 = DIRECTION ( 'NONE',  ( 0.000000000000000000, 0.000000000000000000, -1.000000000000000000 ) ) ;
#597 = PLANE ( 'NONE',  #364 ) ;
#598 = DIRECTION ( 'NONE',  ( -1.000000000000000000, 0.000000000000000000, 4.625929269271460552E-14 ) ) ;
#599 = VERTEX_POINT ( 'NONE', #4847 ) ;
#600 = ORIENTED_EDGE ( 'NONE', *, *, #2844, .T. ) ;
#601 = ORIENTED_EDGE ( 'NONE', *, *, #2835, .T. ) ;
#602 = EDGE_CURVE ( 'NONE', #3573, #4123, #2758, .T. ) ;
#603 = ADVANCED_FACE ( 'NONE', ( #1522 ), #703, .T. ) ;
#604 = VECTOR ( 'NONE', #2053, 1000.000000000000000 ) ;
#605 = EDGE_CURVE ( 'NONE', #1591, #5288, #296, .T. ) ;
#606 = DIRECTION ( 'NONE',  ( 0.000000000000000000, 0.000000000000000000, -1.000000000000000000 ) ) ;
#607 = PLANE ( 'NONE',  #4471 ) ;
#608 = CARTESIAN_POINT ( 'NONE',  ( -6.000000000000001776, -22.18677324489565095, -85.55499999999999261 ) ) ;
#609 = ORIENTED_EDGE ( 'NONE', *, *, #2283, .T. ) ;
#610 = ORIENTED_EDGE ( 'NONE', *, *, #4205, .T. ) ;
#611 = AXIS2_PLACEMENT_3D ( 'NONE', #4932, #786, #1178 ) ;
#612 = CARTESIAN_POINT ( 'NONE',  ( -11.57500000000002061, -0.001999999999999831773, -70.55499999999999261 ) ) ;
#613 = DIRECTION ( 'NONE',  ( 1.000000000000000000, -0.000000000000000000, 0.000000000000000000 ) ) ;
#614 = CARTESIAN_POINT ( 'NONE',  ( 26.63999999999995083, 6.049999999999999822, -54.92999999999997129 ) ) ;
#615 = ORIENTED_EDGE ( 'NONE', *, *, #36, .T. ) ;
#616 = EDGE_CURVE ( 'NONE', #1855, #4423, #3453, .T. ) ;
#617 = DIRECTION ( 'NONE',  ( 1.000000000000000000, 0.000000000000000000, -0.000000000000000000 ) ) ;
#618 = LINE ( 'NONE', #3867, #3260 ) ;
#619 = CARTESIAN_POINT ( 'NONE',  ( 2.255260741850635853, 4.904437486911201738, 65.95499999999999829 ) ) ;
#620 = EDGE_LOOP ( 'NONE', ( #3218, #4953, #1954, #75 ) ) ;
#621 = EDGE_CURVE ( 'NONE', #21, #4875, #1120, .T. ) ;
#622 = DIRECTION ( 'NONE',  ( -1.000000000000000000, -0.000000000000000000, -0.000000000000000000 ) ) ;
#623 = CARTESIAN_POINT ( 'NONE',  ( -33.43999999999997641, 15.00000000000000000, 75.05500000000004945 ) ) ;
#624 = DIRECTION ( 'NONE',  ( -8.260587980841936314E-17, -0.000000000000000000, -1.000000000000000000 ) ) ;
#625 = DIRECTION ( 'NONE',  ( 0.000000000000000000, 1.000000000000000000, 0.000000000000000000 ) ) ;
#626 = AXIS2_PLACEMENT_3D ( 'NONE', #246, #625, #4355 ) ;
#627 = VERTEX_POINT ( 'NONE', #4634 ) ;
#628 = EDGE_LOOP ( 'NONE', ( #4026, #851, #1792, #1948 ) ) ;
#629 = VERTEX_POINT ( 'NONE', #4570 ) ;
#630 = VECTOR ( 'NONE', #4569, 1000.000000000000000 ) ;
#631 = AXIS2_PLACEMENT_3D ( 'NONE', #1068, #2564, #4365 ) ;
#632 = AXIS2_PLACEMENT_3D ( 'NONE', #2737, #2333, #1932 ) ;
#633 = CARTESIAN_POINT ( 'NONE',  ( 26.64000000000003610, 6.499999999999977796, 46.55499999999999972 ) ) ;
#634 = CIRCLE ( 'NONE', #2700, 4.500000000000003553 ) ;
#635 = CARTESIAN_POINT ( 'NONE',  ( -26.64000000000003610, 6.049999999999999822, 46.55499999999999972 ) ) ;
#636 = AXIS2_PLACEMENT_3D ( 'NONE', #3613, #1566, #3204 ) ;
#637 = CARTESIAN_POINT ( 'NONE',  ( 11.57499999999998508, 0.5000000000000004441, -83.55499999999999261 ) ) ;
#638 = ORIENTED_EDGE ( 'NONE', *, *, #2292, .F. ) ;
#639 = EDGE_CURVE ( 'NONE', #5059, #1573, #2546, .T. ) ;
#640 = DIRECTION ( 'NONE',  ( -0.000000000000000000, 1.000000000000000000, -0.000000000000000000 ) ) ;
#641 = VECTOR ( 'NONE', #4215, 1000.000000000000000 ) ;
#642 = DIRECTION ( 'NONE',  ( 0.000000000000000000, 0.000000000000000000, 1.000000000000000000 ) ) ;
#643 = DIRECTION ( 'NONE',  ( 1.000000000000000000, 0.000000000000000000, -1.239088197126290570E-16 ) ) ;
#644 = ORIENTED_EDGE ( 'NONE', *, *, #5315, .T. ) ;
#645 = AXIS2_PLACEMENT_3D ( 'NONE', #4582, #4555, #2927 ) ;
#646 = EDGE_CURVE ( 'NONE', #4875, #218, #2494, .T. ) ;
#647 = AXIS2_PLACEMENT_3D ( 'NONE', #242, #1544, #5354 ) ;
#648 = CIRCLE ( 'NONE', #3670, 4.499999999999997335 ) ;
#649 = DIRECTION ( 'NONE',  ( 0.000000000000000000, 0.000000000000000000, -1.000000000000000000 ) ) ;
#650 = DIRECTION ( 'NONE',  ( -8.359761034704329406E-11, 0.7071067811865451302, 0.7071067811865500152 ) ) ;
#651 = AXIS2_PLACEMENT_3D ( 'NONE', #737, #2813, #4885 ) ;
#652 = ORIENTED_EDGE ( 'NONE', *, *, #2934, .T. ) ;
#653 = EDGE_CURVE ( 'NONE', #1683, #2281, #4161, .T. ) ;
#654 = LINE ( 'NONE', #2757, #3386 ) ;
#655 = LINE ( 'NONE', #4324, #3393 ) ;
#656 = CARTESIAN_POINT ( 'NONE',  ( -26.93999999999996930, 15.00000000000000000, 63.55499999999999972 ) ) ;
#657 = EDGE_LOOP ( 'NONE', ( #5364, #3198, #2498, #330, #2708 ) ) ;
#658 = VERTEX_POINT ( 'NONE', #2944 ) ;
#659 = ORIENTED_EDGE ( 'NONE', *, *, #2195, .F. ) ;
#660 = FILL_AREA_STYLE_COLOUR ( '', #4955 ) ;
#661 = FACE_OUTER_BOUND ( 'NONE', #4380, .T. ) ;
#662 = ORIENTED_EDGE ( 'NONE', *, *, #3955, .T. ) ;
#663 = LINE ( 'NONE', #4391, #2271 ) ;
#664 = ORIENTED_EDGE ( 'NONE', *, *, #576, .F. ) ;
#665 = DIRECTION ( 'NONE',  ( -1.000000000000000000, -0.000000000000000000, -0.000000000000000000 ) ) ;
#666 = LINE ( 'NONE', #4751, #361 ) ;
#667 = CARTESIAN_POINT ( 'NONE',  ( -26.93999999999996930, 15.00000000000000000, 63.55499999999999972 ) ) ;
#668 = ORIENTED_EDGE ( 'NONE', *, *, #4246, .T. ) ;
#669 = ADVANCED_FACE ( 'NONE', ( #4136 ), #54, .T. ) ;
#670 = VECTOR ( 'NONE', #4696, 1000.000000000000000 ) ;
#671 = EDGE_CURVE ( 'NONE', #4106, #3767, #3372, .T. ) ;
#672 = EDGE_LOOP ( 'NONE', ( #1162, #1443, #2042, #2554, #3539, #472 ) ) ;
#673 = FACE_OUTER_BOUND ( 'NONE', #2985, .T. ) ;
#674 = LINE ( 'NONE', #2024, #2851 ) ;
#675 = ORIENTED_EDGE ( 'NONE', *, *, #1519, .F. ) ;
#676 = CARTESIAN_POINT ( 'NONE',  ( -18.07499999999997797, -4.010407640085659864, -75.05499999999994998 ) ) ;
#677 = CARTESIAN_POINT ( 'NONE',  ( 26.63999999999996504, 2.000000000000000000, 46.55499999999999261 ) ) ;
#678 = CARTESIAN_POINT ( 'NONE',  ( -39.69666666666662991, -10.55666666666669862, -61.94166666666653498 ) ) ;
#679 = CARTESIAN_POINT ( 'NONE',  ( -26.93999999999996930, 6.999999999999999112, 63.55499999999999972 ) ) ;
#680 = ORIENTED_EDGE ( 'NONE', *, *, #2311, .F. ) ;
#681 = CONICAL_SURFACE ( 'NONE', #4918, 4.870000014740182515, 0.7853981633974447263 ) ;
#682 = EDGE_CURVE ( 'NONE', #2785, #3543, #2890, .T. ) ;
#683 = EDGE_CURVE ( 'NONE', #4935, #4701, #1656, .T. ) ;
#684 = CARTESIAN_POINT ( 'NONE',  ( -26.93999999999999062, 182.0796411894638993, -87.55499999999997840 ) ) ;
#685 = CARTESIAN_POINT ( 'NONE',  ( -18.07499999999997797, 7.649999999999999467, -79.55499999999996419 ) ) ;
#686 = CARTESIAN_POINT ( 'NONE',  ( 0.000000000000000000, 5.549999999999998934, 0.000000000000000000 ) ) ;
#687 = LINE ( 'NONE', #3532, #3914 ) ;
#688 = ORIENTED_EDGE ( 'NONE', *, *, #236, .T. ) ;
#689 = CIRCLE ( 'NONE', #1556, 4.500000000000017764 ) ;
#690 = CARTESIAN_POINT ( 'NONE',  ( -33.43999999999997641, 15.00000000000000000, 75.05500000000006366 ) ) ;
#691 = CARTESIAN_POINT ( 'NONE',  ( 26.93999999999999773, 0.000000000000000000, -83.05499999999999261 ) ) ;
#692 = ORIENTED_EDGE ( 'NONE', *, *, #1190, .F. ) ;
#693 = CARTESIAN_POINT ( 'NONE',  ( -2.287500000000150635, -1.637500000000002620, -66.55499999999999261 ) ) ;
#694 = ORIENTED_EDGE ( 'NONE', *, *, #4047, .F. ) ;
#695 = LINE ( 'NONE', #5202, #1586 ) ;
#696 = CARTESIAN_POINT ( 'NONE',  ( 11.57499999999998685, -12.21267040355189515, -70.55499999999996419 ) ) ;
#697 = ADVANCED_FACE ( 'NONE', ( #4597 ), #5039, .T. ) ;
#698 = EDGE_CURVE ( 'NONE', #5058, #308, #4987, .T. ) ;
#699 = ORIENTED_EDGE ( 'NONE', *, *, #1011, .T. ) ;
#700 = EDGE_CURVE ( 'NONE', #4310, #3555, #3322, .T. ) ;
#701 = DIRECTION ( 'NONE',  ( 0.000000000000000000, 0.000000000000000000, 1.000000000000000000 ) ) ;
#702 = CARTESIAN_POINT ( 'NONE',  ( 30.58999999999998920, -104.7725234327390211, 46.55499999999999972 ) ) ;
#703 = CYLINDRICAL_SURFACE ( 'NONE', #2667, 8.500000000000007105 ) ;
#704 = CARTESIAN_POINT ( 'NONE',  ( 30.58999999999997499, 6.499999999999977796, -57.55500000000000682 ) ) ;
#705 = ORIENTED_EDGE ( 'NONE', *, *, #2044, .T. ) ;
#706 = ORIENTED_EDGE ( 'NONE', *, *, #5328, .F. ) ;
#707 = DIRECTION ( 'NONE',  ( 8.659560562354990790E-17, 0.7071067811865430208, -0.7071067811865521247 ) ) ;
#708 = CONICAL_SURFACE ( 'NONE', #5129, 2.125000000000001776, 0.7853981633974539411 ) ;
#709 = FACE_OUTER_BOUND ( 'NONE', #2855, .T. ) ;
#710 = DIRECTION ( 'NONE',  ( -0.000000000000000000, -1.000000000000000000, -0.000000000000000000 ) ) ;
#711 = LINE ( 'NONE', #4523, #4168 ) ;
#712 = ORIENTED_EDGE ( 'NONE', *, *, #39, .F. ) ;
#713 = VECTOR ( 'NONE', #244, 1000.000000000000000 ) ;
#714 = AXIS2_PLACEMENT_3D ( 'NONE', #1104, #5350, #3772 ) ;
#715 = AXIS2_PLACEMENT_3D ( 'NONE', #5065, #3125, #72 ) ;
#716 = VECTOR ( 'NONE', #954, 1000.000000000000000 ) ;
#717 = VECTOR ( 'NONE', #3108, 1000.000000000000000 ) ;
#718 = PLANE ( 'NONE',  #4271 ) ;
#719 = EDGE_CURVE ( 'NONE', #3906, #2026, #4546, .T. ) ;
#720 = CARTESIAN_POINT ( 'NONE',  ( 11.57499999999998153, 7.649999999999999467, -83.55499999999999261 ) ) ;
#721 = VERTEX_POINT ( 'NONE', #1325 ) ;
#722 = AXIS2_PLACEMENT_3D ( 'NONE', #4113, #2149, #2517 ) ;
#723 = DIRECTION ( 'NONE',  ( 0.7071067811865526798, 0.7071067811865423547, 0.000000000000000000 ) ) ;
#724 = VERTEX_POINT ( 'NONE', #2976 ) ;
#725 = CARTESIAN_POINT ( 'NONE',  ( -11.57500000000002238, -0.001999999999999831773, -82.55499999999999261 ) ) ;
#726 = DIRECTION ( 'NONE',  ( -1.000000000000000000, 0.000000000000000000, 1.232923579230140113E-16 ) ) ;
#727 = VECTOR ( 'NONE', #539, 1000.000000000000000 ) ;
#728 = ORIENTED_EDGE ( 'NONE', *, *, #1780, .F. ) ;
#729 = VECTOR ( 'NONE', #4821, 1000.000000000000000 ) ;
#730 = DIRECTION ( 'NONE',  ( -0.000000000000000000, -1.000000000000000000, -0.000000000000000000 ) ) ;
#731 = PLANE ( 'NONE',  #450 ) ;
#732 = CARTESIAN_POINT ( 'NONE',  ( -30.43999999999998707, 6.049999999999999822, 44.14460584136111265 ) ) ;
#733 = CARTESIAN_POINT ( 'NONE',  ( -26.93999999999999062, 2.000000000000001776, -91.55499999999999261 ) ) ;
#734 = AXIS2_PLACEMENT_3D ( 'NONE', #4738, #545, #3897 ) ;
#735 = ORIENTED_EDGE ( 'NONE', *, *, #1996, .F. ) ;
#736 = EDGE_LOOP ( 'NONE', ( #1876, #3250, #2762, #1572 ) ) ;
#737 = CARTESIAN_POINT ( 'NONE',  ( -8.996316141079112140E-16, 24.63976451416709068, 87.69719662335474197 ) ) ;
#738 = LINE ( 'NONE', #5312, #1742 ) ;
#739 = LINE ( 'NONE', #1226, #4082 ) ;
#740 = ORIENTED_EDGE ( 'NONE', *, *, #519, .F. ) ;
#741 = CARTESIAN_POINT ( 'NONE',  ( 18.07499999999997797, 7.649999999999999467, -75.05499999999994998 ) ) ;
#742 = FACE_OUTER_BOUND ( 'NONE', #4277, .T. ) ;
#743 = VERTEX_POINT ( 'NONE', #838 ) ;
#744 = LINE ( 'NONE', #1185, #2756 ) ;
#745 = EDGE_CURVE ( 'NONE', #3793, #4706, #3962, .T. ) ;
#746 = VERTEX_POINT ( 'NONE', #3760 ) ;
#747 = ADVANCED_FACE ( 'NONE', ( #1272 ), #400, .F. ) ;
#748 = DIRECTION ( 'NONE',  ( 1.332992777621213689E-16, -0.000000000000000000, 1.000000000000000000 ) ) ;
#749 = DIRECTION ( 'NONE',  ( 1.000000000000000000, 0.000000000000000000, 0.000000000000000000 ) ) ;
#750 = VERTEX_POINT ( 'NONE', #103 ) ;
#751 = VECTOR ( 'NONE', #1527, 1000.000000000000114 ) ;
#752 = DIRECTION ( 'NONE',  ( 0.000000000000000000, 0.000000000000000000, -1.000000000000000000 ) ) ;
#753 = DIRECTION ( 'NONE',  ( 0.000000000000000000, 0.000000000000000000, -1.000000000000000000 ) ) ;
#754 = CARTESIAN_POINT ( 'NONE',  ( -18.07499999999997797, 7.150000000000006573, -75.05499999999994998 ) ) ;
#755 = ORIENTED_EDGE ( 'NONE', *, *, #2071, .T. ) ;
#756 = VERTEX_POINT ( 'NONE', #3406 ) ;
#757 = VECTOR ( 'NONE', #3947, 999.9999999999998863 ) ;
#758 = ADVANCED_FACE ( 'NONE', ( #3346 ), #2512, .F. ) ;
#759 = FACE_OUTER_BOUND ( 'NONE', #4262, .T. ) ;
#760 = DIRECTION ( 'NONE',  ( 1.182247010237517153E-10, -1.000000000000000000, 0.000000000000000000 ) ) ;
#761 = CARTESIAN_POINT ( 'NONE',  ( 13.57499999999998153, 7.649999999999999467, -85.55499999999999261 ) ) ;
#762 = DIRECTION ( 'NONE',  ( -0.000000000000000000, 1.000000000000000000, -0.000000000000000000 ) ) ;
#763 = ORIENTED_EDGE ( 'NONE', *, *, #953, .F. ) ;
#764 = EDGE_CURVE ( 'NONE', #3732, #21, #944, .T. ) ;
#765 = EDGE_CURVE ( 'NONE', #2965, #1069, #2485, .T. ) ;
#766 = FACE_OUTER_BOUND ( 'NONE', #4404, .T. ) ;
#767 = CARTESIAN_POINT ( 'NONE',  ( 9.075000000000022382, -0.001999999999999831773, -82.55499999999999261 ) ) ;
#768 = ORIENTED_EDGE ( 'NONE', *, *, #5241, .T. ) ;
#769 = ORIENTED_EDGE ( 'NONE', *, *, #2041, .T. ) ;
#770 = DIRECTION ( 'NONE',  ( 1.284980352575415460E-15, 0.000000000000000000, 1.000000000000000000 ) ) ;
#771 = ORIENTED_EDGE ( 'NONE', *, *, #4055, .T. ) ;
#772 = AXIS2_PLACEMENT_3D ( 'NONE', #285, #2746, #2371 ) ;
#773 = FACE_OUTER_BOUND ( 'NONE', #3598, .T. ) ;
#774 = LINE ( 'NONE', #1995, #940 ) ;
#775 = ORIENTED_EDGE ( 'NONE', *, *, #3877, .T. ) ;
#776 = ORIENTED_EDGE ( 'NONE', *, *, #210, .T. ) ;
#777 = VECTOR ( 'NONE', #1148, 1000.000000000000000 ) ;
#778 = AXIS2_PLACEMENT_3D ( 'NONE', #2196, #2300, #1381 ) ;
#779 = DIRECTION ( 'NONE',  ( -0.000000000000000000, 0.000000000000000000, 1.000000000000000000 ) ) ;
#780 = DIRECTION ( 'NONE',  ( -0.000000000000000000, -1.000000000000000000, -0.000000000000000000 ) ) ;
#781 = DIRECTION ( 'NONE',  ( 8.260587980841937547E-17, 0.000000000000000000, 1.000000000000000000 ) ) ;
#782 = ORIENTED_EDGE ( 'NONE', *, *, #3281, .T. ) ;
#783 = EDGE_CURVE ( 'NONE', #1663, #4123, #3059, .T. ) ;
#784 = FACE_OUTER_BOUND ( 'NONE', #2480, .T. ) ;
#785 = PLANE ( 'NONE',  #2295 ) ;
#786 = DIRECTION ( 'NONE',  ( -0.000000000000000000, -1.000000000000000000, -0.000000000000000000 ) ) ;
#787 = DIRECTION ( 'NONE',  ( -1.239088197126290570E-16, 0.000000000000000000, -1.000000000000000000 ) ) ;
#788 = ORIENTED_EDGE ( 'NONE', *, *, #2084, .F. ) ;
#789 = DIRECTION ( 'NONE',  ( -0.000000000000000000, -0.000000000000000000, -1.000000000000000000 ) ) ;
#790 = CARTESIAN_POINT ( 'NONE',  ( 6.624748585550039870, 9.274437486377925310, 63.55499999999999972 ) ) ;
#791 = ORIENTED_EDGE ( 'NONE', *, *, #4655, .T. ) ;
#792 = ORIENTED_EDGE ( 'NONE', *, *, #3371, .F. ) ;
#793 = FACE_OUTER_BOUND ( 'NONE', #2772, .T. ) ;
#794 = AXIS2_PLACEMENT_3D ( 'NONE', #2833, #3597, #3212 ) ;
#795 = EDGE_CURVE ( 'NONE', #5360, #1056, #1197, .T. ) ;
#796 = VERTEX_POINT ( 'NONE', #966 ) ;
#797 = VECTOR ( 'NONE', #2423, 1000.000000000000000 ) ;
#798 = AXIS2_PLACEMENT_3D ( 'NONE', #1988, #2017, #4064 ) ;
#799 = AXIS2_PLACEMENT_3D ( 'NONE', #4695, #4305, #3473 ) ;
#800 = FACE_OUTER_BOUND ( 'NONE', #452, .T. ) ;
#801 = LINE ( 'NONE', #506, #1376 ) ;
#802 = ORIENTED_EDGE ( 'NONE', *, *, #2893, .F. ) ;
#803 = VERTEX_POINT ( 'NONE', #1084 ) ;
#804 = EDGE_CURVE ( 'NONE', #2604, #3420, #3518, .T. ) ;
#805 = ORIENTED_EDGE ( 'NONE', *, *, #2597, .T. ) ;
#806 = VECTOR ( 'NONE', #2197, 1000.000000000000000 ) ;
#807 = FACE_OUTER_BOUND ( 'NONE', #260, .T. ) ;
#808 = CARTESIAN_POINT ( 'NONE',  ( -18.07499999999997797, -12.21267040355189515, -79.55499999999996419 ) ) ;
#809 = DIRECTION ( 'NONE',  ( -0.000000000000000000, -1.000000000000000000, -0.000000000000000000 ) ) ;
#810 = AXIS2_PLACEMENT_3D ( 'NONE', #4352, #2779, #1922 ) ;
#811 = VERTEX_POINT ( 'NONE', #5177 ) ;
#812 = EDGE_CURVE ( 'NONE', #3167, #3131, #2318, .T. ) ;
#813 = AXIS2_PLACEMENT_3D ( 'NONE', #1041, #2689, #585 ) ;
#814 = CARTESIAN_POINT ( 'NONE',  ( 26.93999999999999773, 15.00000000000000000, -83.05499999999999261 ) ) ;
#815 = DIRECTION ( 'NONE',  ( 1.067522139062651855E-15, 0.000000000000000000, 1.000000000000000000 ) ) ;
#816 = FACE_BOUND ( 'NONE', #628, .T. ) ;
#817 = AXIS2_PLACEMENT_3D ( 'NONE', #323, #4908, #4089 ) ;
#818 = DIRECTION ( 'NONE',  ( -0.000000000000000000, -1.000000000000000000, -0.000000000000000000 ) ) ;
#819 = EDGE_LOOP ( 'NONE', ( #4183, #3150, #1708, #3214, #3380 ) ) ;
#820 = ORIENTED_EDGE ( 'NONE', *, *, #3987, .F. ) ;
#821 = VECTOR ( 'NONE', #2384, 1000.000000000000000 ) ;
#822 = CARTESIAN_POINT ( 'NONE',  ( 2.255260741850635853, 4.904437486911201738, 65.95499999999999829 ) ) ;
#823 = DIRECTION ( 'NONE',  ( 0.000000000000000000, 0.7071067811865475727, 0.7071067811865475727 ) ) ;
#824 = VERTEX_POINT ( 'NONE', #4681 ) ;
#825 = ORIENTED_EDGE ( 'NONE', *, *, #3119, .F. ) ;
#826 = CARTESIAN_POINT ( 'NONE',  ( 33.43999999999998352, -62.43188131373440797, 75.05500000000004945 ) ) ;
#827 = EDGE_LOOP ( 'NONE', ( #4553, #1357, #4613, #2254 ) ) ;
#828 = DIRECTION ( 'NONE',  ( -1.000000000000000000, 0.000000000000000000, 0.000000000000000000 ) ) ;
#829 = CYLINDRICAL_SURFACE ( 'NONE', #378, 2.125000000000001776 ) ;
#830 = CARTESIAN_POINT ( 'NONE',  ( -11.57500000000001883, 7.649999999999999467, -83.55499999999999261 ) ) ;
#831 = DIRECTION ( 'NONE',  ( 1.000000000000000000, 0.000000000000000000, 2.135044278125304893E-15 ) ) ;
#832 = VERTEX_POINT ( 'NONE', #5151 ) ;
#833 = ADVANCED_FACE ( 'NONE', ( #135 ), #4734, .F. ) ;
#834 = ORIENTED_EDGE ( 'NONE', *, *, #4598, .F. ) ;
#835 = EDGE_CURVE ( 'NONE', #1076, #3359, #618, .T. ) ;
#836 = EDGE_LOOP ( 'NONE', ( #776, #1590, #688, #3056 ) ) ;
#837 = CARTESIAN_POINT ( 'NONE',  ( 26.93999999999999773, 15.00000000000000000, -83.05499999999999261 ) ) ;
#838 = CARTESIAN_POINT ( 'NONE',  ( -22.43999999999999773, 7.000000000000000000, -61.70500000000000540 ) ) ;
#839 = DIRECTION ( 'NONE',  ( -0.000000000000000000, -1.000000000000000000, -0.000000000000000000 ) ) ;
#840 = ORIENTED_EDGE ( 'NONE', *, *, #646, .F. ) ;
#841 = VECTOR ( 'NONE', #902, 1000.000000000000000 ) ;
#842 = CARTESIAN_POINT ( 'NONE',  ( 16.76499999999999702, 7.000000000000000000, -69.55500000000000682 ) ) ;
#843 = CARTESIAN_POINT ( 'NONE',  ( 26.93999999999997996, 7.000000000000006217, 57.05499999999999261 ) ) ;
#844 = DIRECTION ( 'NONE',  ( 0.000000000000000000, 0.000000000000000000, 1.000000000000000000 ) ) ;
#845 = DIRECTION ( 'NONE',  ( 0.000000000000000000, 1.000000000000000000, 0.000000000000000000 ) ) ;
#846 = EDGE_LOOP ( 'NONE', ( #4743, #4234, #3478, #3741, #3077, #904 ) ) ;
#847 = EDGE_CURVE ( 'NONE', #2441, #1855, #3084, .T. ) ;
#848 = CARTESIAN_POINT ( 'NONE',  ( -18.07499999999997797, -12.21267040355189515, -75.05499999999994998 ) ) ;
#849 = CARTESIAN_POINT ( 'NONE',  ( -13.57500000000001705, 2.000000000000000000, -70.55499999999996419 ) ) ;
#850 = VERTEX_POINT ( 'NONE', #2268 ) ;
#851 = ORIENTED_EDGE ( 'NONE', *, *, #4387, .F. ) ;
#852 = CYLINDRICAL_SURFACE ( 'NONE', #3831, 6.500000000000005329 ) ;
#853 = EDGE_LOOP ( 'NONE', ( #3289, #1457, #2166, #1183 ) ) ;
#854 = LINE ( 'NONE', #2995, #3402 ) ;
#855 = CARTESIAN_POINT ( 'NONE',  ( 33.43999999999998352, 15.00000000000000000, 57.05499999999999261 ) ) ;
#856 = LINE ( 'NONE', #3399, #248 ) ;
#857 = ORIENTED_EDGE ( 'NONE', *, *, #5319, .F. ) ;
#858 = ORIENTED_EDGE ( 'NONE', *, *, #1780, .T. ) ;
#859 = AXIS2_PLACEMENT_3D ( 'NONE', #1651, #73, #3286 ) ;
#860 = ORIENTED_EDGE ( 'NONE', *, *, #3119, .T. ) ;
#861 = DIRECTION ( 'NONE',  ( -0.000000000000000000, -1.000000000000000000, -0.000000000000000000 ) ) ;
#862 = CARTESIAN_POINT ( 'NONE',  ( -18.11499999999999488, 7.000000000000000000, -62.55499999999999972 ) ) ;
#863 = LINE ( 'NONE', #2918, #122 ) ;
#864 = ORIENTED_EDGE ( 'NONE', *, *, #3973, .F. ) ;
#865 = EDGE_CURVE ( 'NONE', #2798, #2617, #1456, .T. ) ;
#866 = DIRECTION ( 'NONE',  ( 8.659560562354990790E-17, 0.7071067811865430208, -0.7071067811865521247 ) ) ;
#867 = DIRECTION ( 'NONE',  ( -1.000000000000000000, 0.000000000000000000, 0.000000000000000000 ) ) ;
#868 = CARTESIAN_POINT ( 'NONE',  ( -22.43999999999999773, 7.000000000000000000, -62.55499999999999972 ) ) ;
#869 = FACE_OUTER_BOUND ( 'NONE', #5141, .T. ) ;
#870 = ORIENTED_EDGE ( 'NONE', *, *, #2029, .T. ) ;
#871 = DIRECTION ( 'NONE',  ( 0.000000000000000000, 0.000000000000000000, 1.000000000000000000 ) ) ;
#872 = CARTESIAN_POINT ( 'NONE',  ( -29.14000000000003254, 0.000000000000000000, 34.93500000000000227 ) ) ;
#873 = ORIENTED_EDGE ( 'NONE', *, *, #3890, .F. ) ;
#874 = ORIENTED_EDGE ( 'NONE', *, *, #5033, .F. ) ;
#875 = DIRECTION ( 'NONE',  ( -0.000000000000000000, -1.000000000000000000, -0.000000000000000000 ) ) ;
#876 = ORIENTED_EDGE ( 'NONE', *, *, #3481, .F. ) ;
#877 = CARTESIAN_POINT ( 'NONE',  ( 18.07499999999997797, -4.010407640085659864, -75.05499999999994998 ) ) ;
#878 = CARTESIAN_POINT ( 'NONE',  ( 18.07499999999997797, -4.010407640085659864, -77.17999999999994998 ) ) ;
#879 = DIRECTION ( 'NONE',  ( 1.284980352575415460E-15, -0.000000000000000000, -1.000000000000000000 ) ) ;
#880 = ORIENTED_EDGE ( 'NONE', *, *, #1345, .F. ) ;
#881 = AXIS2_PLACEMENT_3D ( 'NONE', #2732, #4460, #2351 ) ;
#882 = ORIENTED_EDGE ( 'NONE', *, *, #3521, .F. ) ;
#883 = ORIENTED_EDGE ( 'NONE', *, *, #4779, .F. ) ;
#884 = AXIS2_PLACEMENT_3D ( 'NONE', #2315, #3537, #1887 ) ;
#885 = VECTOR ( 'NONE', #2714, 1000.000000000000000 ) ;
#886 = VECTOR ( 'NONE', #4827, 1000.000000000000000 ) ;
#887 = VECTOR ( 'NONE', #2424, 1000.000000000000000 ) ;
#888 = LINE ( 'NONE', #3002, #2957 ) ;
#889 = CARTESIAN_POINT ( 'NONE',  ( 24.22960584136112416, 6.049999999999999822, 50.35499999999995424 ) ) ;
#890 = CARTESIAN_POINT ( 'NONE',  ( 11.57499999999998153, 5.549999999999998934, -82.55499999999999261 ) ) ;
#891 = VECTOR ( 'NONE', #544, 1000.000000000000000 ) ;
#892 = EDGE_LOOP ( 'NONE', ( #342, #5278, #2253, #3173 ) ) ;
#893 = CIRCLE ( 'NONE', #35, 8.500000000000007105 ) ;
#894 = CARTESIAN_POINT ( 'NONE',  ( -26.64000000000005031, 1.049999999999999822, -57.55499999999999261 ) ) ;
#895 = DIRECTION ( 'NONE',  ( 0.000000000000000000, 0.000000000000000000, 1.000000000000000000 ) ) ;
#896 = DIRECTION ( 'NONE',  ( 0.000000000000000000, -0.000000000000000000, 1.000000000000000000 ) ) ;
#897 = DIRECTION ( 'NONE',  ( -1.000000000000000000, 0.000000000000000000, -0.000000000000000000 ) ) ;
#898 = VERTEX_POINT ( 'NONE', #1794 ) ;
#899 = VECTOR ( 'NONE', #3816, 1000.000000000000000 ) ;
#900 = EDGE_CURVE ( 'NONE', #213, #4453, #4295, .T. ) ;
#901 = DIRECTION ( 'NONE',  ( 2.575684448369424473E-16, -0.000000000000000000, 1.000000000000000000 ) ) ;
#902 = DIRECTION ( 'NONE',  ( -1.000000000000000000, -0.000000000000000000, -0.000000000000000000 ) ) ;
#903 = ORIENTED_EDGE ( 'NONE', *, *, #3794, .F. ) ;
#904 = ORIENTED_EDGE ( 'NONE', *, *, #1231, .T. ) ;
#905 = FACE_OUTER_BOUND ( 'NONE', #3424, .T. ) ;
#906 = VECTOR ( 'NONE', #31, 1000.000000000000000 ) ;
#907 = ORIENTED_EDGE ( 'NONE', *, *, #671, .T. ) ;
#908 = DIRECTION ( 'NONE',  ( -0.000000000000000000, 1.000000000000000000, -0.000000000000000000 ) ) ;
#909 = DIRECTION ( 'NONE',  ( 1.234385775125811480E-16, 0.000000000000000000, 1.000000000000000000 ) ) ;
#910 = CARTESIAN_POINT ( 'NONE',  ( -31.43999999999998707, 2.000000000000001776, -83.05499999999999261 ) ) ;
#911 = LINE ( 'NONE', #17, #3963 ) ;
#912 = EDGE_CURVE ( 'NONE', #4593, #1663, #4062, .T. ) ;
#913 = ORIENTED_EDGE ( 'NONE', *, *, #3435, .F. ) ;
#914 = ADVANCED_FACE ( 'NONE', ( #4711 ), #5096, .T. ) ;
#915 = LINE ( 'NONE', #2645, #3997 ) ;
#916 = CARTESIAN_POINT ( 'NONE',  ( 6.999999999999985789, 7.649999999999999467, -83.55499999999999261 ) ) ;
#917 = DIRECTION ( 'NONE',  ( 0.000000000000000000, 0.000000000000000000, 1.000000000000000000 ) ) ;
#918 = ORIENTED_EDGE ( 'NONE', *, *, #835, .T. ) ;
#919 = DIRECTION ( 'NONE',  ( 1.000000000000000000, 0.000000000000000000, -0.000000000000000000 ) ) ;
#920 = EDGE_CURVE ( 'NONE', #4699, #4042, #538, .T. ) ;
#921 = CARTESIAN_POINT ( 'NONE',  ( 0.000000000000000000, 7.000000000000000000, -61.70500000000000540 ) ) ;
#922 = CARTESIAN_POINT ( 'NONE',  ( 26.63999999999995083, 6.049999999999999822, -57.55500000000001393 ) ) ;
#923 = PLANE ( 'NONE',  #1926 ) ;
#924 = ORIENTED_EDGE ( 'NONE', *, *, #4673, .T. ) ;
#925 = ORIENTED_EDGE ( 'NONE', *, *, #4769, .F. ) ;
#926 = EDGE_CURVE ( 'NONE', #3604, #3045, #590, .T. ) ;
#927 = LINE ( 'NONE', #4178, #3138 ) ;
#928 = FACE_BOUND ( 'NONE', #2521, .T. ) ;
#929 = ORIENTED_EDGE ( 'NONE', *, *, #3259, .F. ) ;
#930 = EDGE_CURVE ( 'NONE', #4503, #4518, #1042, .T. ) ;
#931 = EDGE_CURVE ( 'NONE', #721, #2252, #5205, .T. ) ;
#932 = ORIENTED_EDGE ( 'NONE', *, *, #543, .T. ) ;
#933 = EDGE_LOOP ( 'NONE', ( #473, #1784, #568, #4969 ) ) ;
#934 = EDGE_CURVE ( 'NONE', #4983, #4463, #2220, .T. ) ;
#935 = VECTOR ( 'NONE', #2119, 1000.000000000000000 ) ;
#936 = DIRECTION ( 'NONE',  ( 0.000000000000000000, -0.000000000000000000, 1.000000000000000000 ) ) ;
#937 =( LENGTH_UNIT ( ) NAMED_UNIT ( * ) SI_UNIT ( .MILLI., .METRE. ) );
#938 = DIRECTION ( 'NONE',  ( 0.000000000000000000, -0.000000000000000000, 1.000000000000000000 ) ) ;
#939 = LINE ( 'NONE', #4752, #3708 ) ;
#940 = VECTOR ( 'NONE', #3258, 1000.000000000000000 ) ;
#941 = ORIENTED_EDGE ( 'NONE', *, *, #5060, .T. ) ;
#942 = EDGE_CURVE ( 'NONE', #4785, #417, #3464, .T. ) ;
#943 = CARTESIAN_POINT ( 'NONE',  ( -26.93999999999996930, 15.00000000000000000, 63.55499999999999972 ) ) ;
#944 = LINE ( 'NONE', #2061, #501 ) ;
#945 = CARTESIAN_POINT ( 'NONE',  ( 35.43999999999999062, 15.00000000000000000, -83.05499999999999261 ) ) ;
#946 = ORIENTED_EDGE ( 'NONE', *, *, #4451, .T. ) ;
#947 = CARTESIAN_POINT ( 'NONE',  ( -12.43999999999999417, 7.000000000000000000, -62.55499999999999972 ) ) ;
#948 = PLANE ( 'NONE',  #1839 ) ;
#949 = DIRECTION ( 'NONE',  ( 0.000000000000000000, 1.000000000000000000, 0.000000000000000000 ) ) ;
#950 = LINE ( 'NONE', #3952, #5041 ) ;
#951 = ORIENTED_EDGE ( 'NONE', *, *, #4032, .T. ) ;
#952 = ORIENTED_EDGE ( 'NONE', *, *, #303, .T. ) ;
#953 = EDGE_CURVE ( 'NONE', #2228, #6, #4403, .T. ) ;
#954 = DIRECTION ( 'NONE',  ( 1.234385775125811480E-16, 0.000000000000000000, 1.000000000000000000 ) ) ;
#955 = CARTESIAN_POINT ( 'NONE',  ( 12.43999999999999595, 2.000000000000000000, -61.20500000000000540 ) ) ;
#956 = ORIENTED_EDGE ( 'NONE', *, *, #1447, .F. ) ;
#957 = VECTOR ( 'NONE', #3236, 1000.000000000000000 ) ;
#958 = VERTEX_POINT ( 'NONE', #312 ) ;
#959 = ORIENTED_EDGE ( 'NONE', *, *, #535, .T. ) ;
#960 = CARTESIAN_POINT ( 'NONE',  ( 0.000000000000000000, 7.000000000000000000, 0.000000000000000000 ) ) ;
#961 = CARTESIAN_POINT ( 'NONE',  ( -13.57500000000001705, 7.649999999999999467, -70.55499999999996419 ) ) ;
#962 = PLANE ( 'NONE',  #4750 ) ;
#963 = EDGE_CURVE ( 'NONE', #4731, #34, #92, .T. ) ;
#964 = ORIENTED_EDGE ( 'NONE', *, *, #10, .F. ) ;
#965 = CARTESIAN_POINT ( 'NONE',  ( -9.287500000000035172, 9.937500000000015987, -66.55499999999999261 ) ) ;
#966 = CARTESIAN_POINT ( 'NONE',  ( -26.93999999999993022, 15.00000000000000000, 87.20578397184708308 ) ) ;
#967 = CARTESIAN_POINT ( 'NONE',  ( -26.64000000000003610, 6.049999999999999822, 46.55499999999999972 ) ) ;
#968 = EDGE_CURVE ( 'NONE', #3837, #5358, #4481, .T. ) ;
#969 = AXIS2_PLACEMENT_3D ( 'NONE', #3104, #2294, #642 ) ;
#970 = VECTOR ( 'NONE', #1800, 1000.000000000000000 ) ;
#971 = VECTOR ( 'NONE', #3624, 1000.000000000000000 ) ;
#972 = ORIENTED_EDGE ( 'NONE', *, *, #1330, .T. ) ;
#973 = VECTOR ( 'NONE', #4732, 1000.000000000000000 ) ;
#974 = CARTESIAN_POINT ( 'NONE',  ( -13.57500000000001883, 2.000000000000000000, -79.55499999999996419 ) ) ;
#975 = LINE ( 'NONE', #571, #1429 ) ;
#976 = VECTOR ( 'NONE', #3186, 1000.000000000000000 ) ;
#977 = DIRECTION ( 'NONE',  ( 0.000000000000000000, 1.000000000000000000, 0.000000000000000000 ) ) ;
#978 = FACE_OUTER_BOUND ( 'NONE', #2077, .T. ) ;
#979 = ORIENTED_EDGE ( 'NONE', *, *, #1308, .F. ) ;
#980 = ORIENTED_EDGE ( 'NONE', *, *, #1888, .T. ) ;
#981 = EDGE_CURVE ( 'NONE', #803, #2070, #674, .T. ) ;
#982 = FACE_OUTER_BOUND ( 'NONE', #3823, .T. ) ;
#983 = CARTESIAN_POINT ( 'NONE',  ( 30.43999999999998707, 6.049999999999999822, -55.14460584136128318 ) ) ;
#984 = EDGE_LOOP ( 'NONE', ( #3623, #1625, #820, #2160 ) ) ;
#985 = VECTOR ( 'NONE', #185, 1000.000000000000000 ) ;
#986 = EDGE_LOOP ( 'NONE', ( #4253, #375, #2493, #4126 ) ) ;
#987 = ORIENTED_EDGE ( 'NONE', *, *, #1937, .T. ) ;
#988 = DIRECTION ( 'NONE',  ( 1.000000000000000000, -0.000000000000000000, 4.625929269271460552E-14 ) ) ;
#989 = DIRECTION ( 'NONE',  ( -0.000000000000000000, 1.000000000000000000, -0.000000000000000000 ) ) ;
#990 = CONICAL_SURFACE ( 'NONE', #3671, 4.869999999999983231, 0.7853981633974447263 ) ;
#991 = DIRECTION ( 'NONE',  ( 0.000000000000000000, 1.000000000000000000, 0.000000000000000000 ) ) ;
#992 = VERTEX_POINT ( 'NONE', #1971 ) ;
#993 = VERTEX_POINT ( 'NONE', #2419 ) ;
#994 = EDGE_CURVE ( 'NONE', #756, #1723, #3162, .T. ) ;
#995 = DIRECTION ( 'NONE',  ( 0.7071067811865527908, -0.7071067811865422437, 0.000000000000000000 ) ) ;
#996 = EDGE_CURVE ( 'NONE', #5358, #3719, #263, .T. ) ;
#997 = CARTESIAN_POINT ( 'NONE',  ( -2.255251798173884659, 4.404437486377942967, 50.50499999999995282 ) ) ;
#998 = CARTESIAN_POINT ( 'NONE',  ( -11.57500000000001883, 0.5000000000000004441, -83.55499999999999261 ) ) ;
#999 = EDGE_CURVE ( 'NONE', #2609, #746, #4457, .T. ) ;
#1000 = ORIENTED_EDGE ( 'NONE', *, *, #4927, .F. ) ;
#1001 = DIRECTION ( 'NONE',  ( 0.000000000000000000, 0.000000000000000000, 1.000000000000000000 ) ) ;
#1002 = DIRECTION ( 'NONE',  ( 1.000000000000000000, 0.000000000000000000, -1.284980352575415460E-15 ) ) ;
#1003 = DIRECTION ( 'NONE',  ( -0.5773502691896242878, -0.5773502691896305050, -0.5773502691896225114 ) ) ;
#1004 = FACE_OUTER_BOUND ( 'NONE', #1144, .T. ) ;
#1005 = ORIENTED_EDGE ( 'NONE', *, *, #1150, .T. ) ;
#1006 = ORIENTED_EDGE ( 'NONE', *, *, #4387, .T. ) ;
#1007 = EDGE_LOOP ( 'NONE', ( #5001, #2902, #3013, #4213 ) ) ;
#1008 = CARTESIAN_POINT ( 'NONE',  ( -13.57500000000001883, 7.649999999999999467, -85.55499999999999261 ) ) ;
#1009 = CARTESIAN_POINT ( 'NONE',  ( 26.63999999999995083, 6.049999999999999822, -62.05500000000001393 ) ) ;
#1010 = DIRECTION ( 'NONE',  ( 0.000000000000000000, 0.000000000000000000, 1.000000000000000000 ) ) ;
#1011 = EDGE_CURVE ( 'NONE', #5160, #336, #288, .T. ) ;
#1012 = ORIENTED_EDGE ( 'NONE', *, *, #2862, .T. ) ;
#1013 = VERTEX_POINT ( 'NONE', #4921 ) ;
#1014 = VECTOR ( 'NONE', #3123, 1000.000000000000000 ) ;
#1015 = DIRECTION ( 'NONE',  ( 0.7071067811865462405, -0.7071067811865489050, 0.000000000000000000 ) ) ;
#1016 = CARTESIAN_POINT ( 'NONE',  ( 11.57500000000002238, 0.5000000000000000000, -82.55499999999999261 ) ) ;
#1017 = CARTESIAN_POINT ( 'NONE',  ( 26.93999999999998352, 6.999999999999992006, 80.70578397184708308 ) ) ;
#1018 = EDGE_LOOP ( 'NONE', ( #2856, #959, #3185, #1509 ) ) ;
#1019 = ORIENTED_EDGE ( 'NONE', *, *, #2947, .F. ) ;
#1020 = ADVANCED_FACE ( 'NONE', ( #3183 ), #1164, .F. ) ;
#1021 = DIRECTION ( 'NONE',  ( 1.000000000000000000, -0.000000000000000000, 0.000000000000000000 ) ) ;
#1022 = CARTESIAN_POINT ( 'NONE',  ( 33.43999999999998352, 15.00000000000000000, 75.05500000000004945 ) ) ;
#1023 = PLANE ( 'NONE',  #4789 ) ;
#1024 = ORIENTED_EDGE ( 'NONE', *, *, #999, .F. ) ;
#1025 = CARTESIAN_POINT ( 'NONE',  ( 22.43999999999999773, 7.000000000000000000, -61.70500000000000540 ) ) ;
#1026 = AXIS2_PLACEMENT_3D ( 'NONE', #5334, #4051, #4926 ) ;
#1027 = CARTESIAN_POINT ( 'NONE',  ( 26.93999999999999773, 15.00000000000000000, -83.05499999999999261 ) ) ;
#1028 = DIRECTION ( 'NONE',  ( 0.000000000000000000, -0.7071067811865474617, 0.7071067811865474617 ) ) ;
#1029 = CARTESIAN_POINT ( 'NONE',  ( 26.63999999999996504, 5.549999999999965183, 48.67999999999999261 ) ) ;
#1030 = ORIENTED_EDGE ( 'NONE', *, *, #3412, .T. ) ;
#1031 = ORIENTED_EDGE ( 'NONE', *, *, #3425, .T. ) ;
#1032 = ORIENTED_EDGE ( 'NONE', *, *, #3019, .F. ) ;
#1033 = EDGE_CURVE ( 'NONE', #336, #5073, #3566, .T. ) ;
#1034 = CIRCLE ( 'NONE', #1643, 2.125000000000001776 ) ;
#1035 = DIRECTION ( 'NONE',  ( -0.000000000000000000, -1.000000000000000000, -0.000000000000000000 ) ) ;
#1036 = CARTESIAN_POINT ( 'NONE',  ( -11.57500000000001883, 0.5000000000000004441, -82.55499999999999261 ) ) ;
#1037 = ORIENTED_EDGE ( 'NONE', *, *, #4055, .F. ) ;
#1038 = VERTEX_POINT ( 'NONE', #4816 ) ;
#1039 = EDGE_CURVE ( 'NONE', #415, #1966, #1947, .T. ) ;
#1040 = AXIS2_PLACEMENT_3D ( 'NONE', #2713, #3905, #1010 ) ;
#1041 = CARTESIAN_POINT ( 'NONE',  ( -13.57500000000001883, 7.649999999999999467, -85.55499999999999261 ) ) ;
#1042 = CIRCLE ( 'NONE', #778, 6.499999999999992006 ) ;
#1043 = LINE ( 'NONE', #1016, #3913 ) ;
#1044 = CARTESIAN_POINT ( 'NONE',  ( -11.57499999999998508, 2.000000000000000000, -79.55499999999996419 ) ) ;
#1045 = ORIENTED_EDGE ( 'NONE', *, *, #3193, .F. ) ;
#1046 = EDGE_CURVE ( 'NONE', #4691, #4719, #3614, .T. ) ;
#1047 = PRODUCT ( 'FrontLid', 'FrontLid', '', ( #2588 ) ) ;
#1048 = CARTESIAN_POINT ( 'NONE',  ( 26.93999999999997641, 15.00000000000000000, 63.55499999999999972 ) ) ;
#1049 = DIRECTION ( 'NONE',  ( -0.000000000000000000, -1.000000000000000000, -0.000000000000000000 ) ) ;
#1050 = ORIENTED_EDGE ( 'NONE', *, *, #646, .T. ) ;
#1051 = PLANE ( 'NONE',  #292 ) ;
#1052 = FACE_OUTER_BOUND ( 'NONE', #4914, .T. ) ;
#1053 = DIRECTION ( 'NONE',  ( -4.952461568701184058E-17, 0.000000000000000000, -1.000000000000000000 ) ) ;
#1054 = DIRECTION ( 'NONE',  ( -4.625929269271460552E-14, 0.000000000000000000, -1.000000000000000000 ) ) ;
#1055 = AXIS2_PLACEMENT_3D ( 'NONE', #3115, #1054, #598 ) ;
#1056 = VERTEX_POINT ( 'NONE', #1623 ) ;
#1057 = EDGE_LOOP ( 'NONE', ( #3715, #4995, #3727, #1216, #712, #4030, #4559, #4641, #5180, #1132, #2001, #5344 ) ) ;
#1058 = ORIENTED_EDGE ( 'NONE', *, *, #4535, .T. ) ;
#1059 = VECTOR ( 'NONE', #3547, 1000.000000000000000 ) ;
#1060 = VECTOR ( 'NONE', #3484, 1000.000000000000000 ) ;
#1061 = CIRCLE ( 'NONE', #1843, 4.499999999999997335 ) ;
#1062 = UNCERTAINTY_MEASURE_WITH_UNIT (LENGTH_MEASURE( 1.000000000000000082E-05 ), #3655, 'distance_accuracy_value', 'NONE');
#1063 = DIRECTION ( 'NONE',  ( 0.000000000000000000, 0.000000000000000000, 1.000000000000000000 ) ) ;
#1064 = VECTOR ( 'NONE', #624, 1000.000000000000000 ) ;
#1065 = FACE_OUTER_BOUND ( 'NONE', #4759, .T. ) ;
#1066 = VECTOR ( 'NONE', #1817, 1000.000000000000000 ) ;
#1067 = LINE ( 'NONE', #3075, #2809 ) ;
#1068 = CARTESIAN_POINT ( 'NONE',  ( 30.43999999999998707, -97.28932498801881934, -55.14460584136107713 ) ) ;
#1069 = VERTEX_POINT ( 'NONE', #1109 ) ;
#1070 = EDGE_CURVE ( 'NONE', #1961, #3953, #4046, .T. ) ;
#1071 = EDGE_CURVE ( 'NONE', #2532, #1562, #2068, .T. ) ;
#1072 = PLANE ( 'NONE',  #1339 ) ;
#1073 = AXIS2_PLACEMENT_3D ( 'NONE', #877, #908, #3313 ) ;
#1074 = CARTESIAN_POINT ( 'NONE',  ( -30.43999999999998707, 2.000000000000001776, -55.14460584136107713 ) ) ;
#1075 = FACE_BOUND ( 'NONE', #4397, .T. ) ;
#1076 = VERTEX_POINT ( 'NONE', #2774 ) ;
#1077 = AXIS2_PLACEMENT_3D ( 'NONE', #741, #5219, #4808 ) ;
#1078 = AXIS2_PLACEMENT_3D ( 'NONE', #294, #730, #3112 ) ;
#1079 = VECTOR ( 'NONE', #1693, 1000.000000000000000 ) ;
#1080 = ORIENTED_EDGE ( 'NONE', *, *, #4940, .T. ) ;
#1081 = EDGE_CURVE ( 'NONE', #4223, #3020, #774, .T. ) ;
#1082 = DIRECTION ( 'NONE',  ( -9.086183209975570827E-16, 0.7071067811865474617, -0.7071067811865474617 ) ) ;
#1083 = EDGE_CURVE ( 'NONE', #1642, #2583, #4897, .T. ) ;
#1084 = CARTESIAN_POINT ( 'NONE',  ( -22.43999999999999773, 6.500000000000000000, -61.20500000000000540 ) ) ;
#1085 = AXIS2_PLACEMENT_3D ( 'NONE', #1027, #4762, #4279 ) ;
#1086 = ORIENTED_EDGE ( 'NONE', *, *, #3877, .F. ) ;
#1087 = EDGE_CURVE ( 'NONE', #1961, #1663, #2727, .T. ) ;
#1088 = FACE_OUTER_BOUND ( 'NONE', #827, .T. ) ;
#1089 = LINE ( 'NONE', #702, #4777 ) ;
#1090 = DIRECTION ( 'NONE',  ( 0.000000000000000000, 1.000000000000000000, 0.000000000000000000 ) ) ;
#1091 = DIRECTION ( 'NONE',  ( 0.000000000000000000, 0.000000000000000000, 1.000000000000000000 ) ) ;
#1092 = ORIENTED_EDGE ( 'NONE', *, *, #3580, .F. ) ;
#1093 = ADVANCED_FACE ( 'NONE', ( #2323 ), #1515, .T. ) ;
#1094 = CARTESIAN_POINT ( 'NONE',  ( -26.64000000000003610, 6.049999999999999822, 42.05499999999998550 ) ) ;
#1095 = CARTESIAN_POINT ( 'NONE',  ( -2.255251798232997817, 9.274437486377925310, 50.50499999999995282 ) ) ;
#1096 = DIRECTION ( 'NONE',  ( 0.000000000000000000, -0.000000000000000000, 1.000000000000000000 ) ) ;
#1097 = CARTESIAN_POINT ( 'NONE',  ( -26.93999999999993022, 6.999999999999992006, 87.20578397184708308 ) ) ;
#1098 = ORIENTED_EDGE ( 'NONE', *, *, #2289, .T. ) ;
#1099 = DIRECTION ( 'NONE',  ( -1.000000000000000000, 0.000000000000000000, -0.000000000000000000 ) ) ;
#1100 = EDGE_CURVE ( 'NONE', #1056, #5360, #3702, .T. ) ;
#1101 = EDGE_CURVE ( 'NONE', #3858, #824, #801, .T. ) ;
#1102 = DIRECTION ( 'NONE',  ( 1.000000000000000000, -0.000000000000000000, 0.000000000000000000 ) ) ;
#1103 = ORIENTED_EDGE ( 'NONE', *, *, #1411, .F. ) ;
#1104 = CARTESIAN_POINT ( 'NONE',  ( -26.64000000000005031, 1.049999999999999822, -57.55499999999999261 ) ) ;
#1105 = ADVANCED_FACE ( 'NONE', ( #49 ), #681, .F. ) ;
#1106 = VERTEX_POINT ( 'NONE', #5036 ) ;
#1107 = VECTOR ( 'NONE', #5138, 1000.000000000000000 ) ;
#1108 = CARTESIAN_POINT ( 'NONE',  ( 28.13999999999995083, 0.000000000000000000, -50.38499999999999091 ) ) ;
#1109 = CARTESIAN_POINT ( 'NONE',  ( 2.255260741850635853, 4.904437486911201738, 51.00499999999995993 ) ) ;
#1110 = EDGE_CURVE ( 'NONE', #2822, #5057, #99, .T. ) ;
#1111 = ORIENTED_EDGE ( 'NONE', *, *, #1083, .T. ) ;
#1112 = CARTESIAN_POINT ( 'NONE',  ( -22.43999999999999773, 6.500000000000000000, -61.20500000000000540 ) ) ;
#1113 = CARTESIAN_POINT ( 'NONE',  ( 26.93999999999997996, 15.00000000000000000, 57.05499999999999261 ) ) ;
#1114 = FACE_OUTER_BOUND ( 'NONE', #574, .T. ) ;
#1115 = CARTESIAN_POINT ( 'NONE',  ( 9.075000000000020606, 0.5000000000000000000, -82.55499999999999261 ) ) ;
#1116 = ORIENTED_EDGE ( 'NONE', *, *, #2411, .T. ) ;
#1117 = VECTOR ( 'NONE', #2375, 1000.000000000000000 ) ;
#1118 = ORIENTED_EDGE ( 'NONE', *, *, #682, .T. ) ;
#1119 = PRODUCT_RELATED_PRODUCT_CATEGORY ( 'part', '', ( #1047 ) ) ;
#1120 = CIRCLE ( 'NONE', #4137, 4.499999999999997335 ) ;
#1121 = CARTESIAN_POINT ( 'NONE',  ( -10.44666666666686794, 18.69333333333336711, 16.24166666666676662 ) ) ;
#1122 = CARTESIAN_POINT ( 'NONE',  ( 26.63999999999996504, 2.000000000000000000, 42.05499999999999261 ) ) ;
#1123 = DIRECTION ( 'NONE',  ( 4.952461568701184058E-17, -0.000000000000000000, -1.000000000000000000 ) ) ;
#1124 = CARTESIAN_POINT ( 'NONE',  ( -13.57500000000001705, 7.649999999999999467, -64.55499999999999261 ) ) ;
#1125 = EDGE_CURVE ( 'NONE', #588, #850, #2164, .T. ) ;
#1126 = ORIENTED_EDGE ( 'NONE', *, *, #534, .T. ) ;
#1127 = VECTOR ( 'NONE', #4239, 1000.000000000000000 ) ;
#1128 = CARTESIAN_POINT ( 'NONE',  ( 26.64000000000003610, 6.049999999999999822, 46.55499999999999972 ) ) ;
#1129 = CARTESIAN_POINT ( 'NONE',  ( -26.93999999999999062, 2.000000000000001776, -91.55499999999999261 ) ) ;
#1130 = ORIENTED_EDGE ( 'NONE', *, *, #3833, .F. ) ;
#1131 = CARTESIAN_POINT ( 'NONE',  ( 0.000000000000000000, 7.649999999999999467, 0.000000000000000000 ) ) ;
#1132 = ORIENTED_EDGE ( 'NONE', *, *, #2058, .F. ) ;
#1133 = ADVANCED_BREP_SHAPE_REPRESENTATION ( 'FrontLid', ( #4864, #5064 ), #4011 ) ;
#1134 = EDGE_CURVE ( 'NONE', #1966, #5187, #3807, .T. ) ;
#1135 = CARTESIAN_POINT ( 'NONE',  ( 5.986214009032964078, 6.999999999999999112, 65.95499999999999829 ) ) ;
#1136 = DIRECTION ( 'NONE',  ( 2.338953001317063753E-15, 0.000000000000000000, 1.000000000000000000 ) ) ;
#1137 = ORIENTED_EDGE ( 'NONE', *, *, #3811, .T. ) ;
#1138 = CARTESIAN_POINT ( 'NONE',  ( 26.93999999999997641, 6.999999999999999112, 63.55499999999999972 ) ) ;
#1139 = EDGE_CURVE ( 'NONE', #5058, #4455, #4628, .T. ) ;
#1140 = DIRECTION ( 'NONE',  ( -0.000000000000000000, 1.000000000000000000, -0.000000000000000000 ) ) ;
#1141 = DIRECTION ( 'NONE',  ( 0.000000000000000000, 0.000000000000000000, -1.000000000000000000 ) ) ;
#1142 = DIRECTION ( 'NONE',  ( 0.000000000000000000, 1.000000000000000000, 0.000000000000000000 ) ) ;
#1143 = ORIENTED_EDGE ( 'NONE', *, *, #4482, .T. ) ;
#1144 = EDGE_LOOP ( 'NONE', ( #858, #5303, #343, #802 ) ) ;
#1145 = SURFACE_STYLE_USAGE ( .BOTH. , #4852 ) ;
#1146 = FACE_OUTER_BOUND ( 'NONE', #3985, .T. ) ;
#1147 = EDGE_CURVE ( 'NONE', #2199, #3573, #5356, .T. ) ;
#1148 = DIRECTION ( 'NONE',  ( 1.000000000000000000, 0.000000000000000000, -1.232923579230140113E-16 ) ) ;
#1149 = DIRECTION ( 'NONE',  ( 0.000000000000000000, 0.000000000000000000, 1.000000000000000000 ) ) ;
#1150 = EDGE_CURVE ( 'NONE', #4484, #2365, #911, .T. ) ;
#1151 = ORIENTED_EDGE ( 'NONE', *, *, #5331, .T. ) ;
#1152 = VECTOR ( 'NONE', #4633, 1000.000000000000000 ) ;
#1153 = AXIS2_PLACEMENT_3D ( 'NONE', #3335, #4097, #4182 ) ;
#1154 = VECTOR ( 'NONE', #254, 1000.000000000000000 ) ;
#1155 = VECTOR ( 'NONE', #4906, 1000.000000000000000 ) ;
#1156 = VECTOR ( 'NONE', #4815, 1000.000000000000000 ) ;
#1157 = CARTESIAN_POINT ( 'NONE',  ( 18.07499999999997797, -12.21267040355189515, -75.05499999999994998 ) ) ;
#1158 = CARTESIAN_POINT ( 'NONE',  ( -31.43999999999998707, 119.8157865726246172, -57.55499999999999261 ) ) ;
#1159 = EDGE_LOOP ( 'NONE', ( #107, #3388, #4345, #860, #4975, #4844, #3635, #4945 ) ) ;
#1160 = AXIS2_PLACEMENT_3D ( 'NONE', #814, #3788, #1659 ) ;
#1161 = LINE ( 'NONE', #4894, #5106 ) ;
#1162 = ORIENTED_EDGE ( 'NONE', *, *, #3895, .T. ) ;
#1163 = LINE ( 'NONE', #4456, #3217 ) ;
#1164 = CYLINDRICAL_SURFACE ( 'NONE', #3121, 6.500000000000005329 ) ;
#1165 = AXIS2_PLACEMENT_3D ( 'NONE', #4562, #528, #936 ) ;
#1166 = EDGE_CURVE ( 'NONE', #1707, #5239, #856, .T. ) ;
#1167 = ORIENTED_EDGE ( 'NONE', *, *, #313, .F. ) ;
#1168 = EDGE_CURVE ( 'NONE', #3454, #1682, #4591, .T. ) ;
#1169 = EDGE_CURVE ( 'NONE', #658, #4503, #3755, .T. ) ;
#1170 = LINE ( 'NONE', #2328, #24 ) ;
#1171 = LINE ( 'NONE', #1975, #887 ) ;
#1172 = DIRECTION ( 'NONE',  ( 0.000000000000000000, 0.7071067811865475727, 0.7071067811865475727 ) ) ;
#1173 = AXIS2_PLACEMENT_3D ( 'NONE', #1692, #3377, #815 ) ;
#1174 = ORIENTED_EDGE ( 'NONE', *, *, #4675, .T. ) ;
#1175 = ORIENTED_EDGE ( 'NONE', *, *, #2649, .F. ) ;
#1176 = CARTESIAN_POINT ( 'NONE',  ( 5.999999999999998224, 7.649999999999999467, -83.55499999999999261 ) ) ;
#1177 = LINE ( 'NONE', #5236, #2461 ) ;
#1178 = DIRECTION ( 'NONE',  ( 0.000000000000000000, 0.000000000000000000, -1.000000000000000000 ) ) ;
#1179 = FACE_OUTER_BOUND ( 'NONE', #1695, .T. ) ;
#1180 = ORIENTED_EDGE ( 'NONE', *, *, #512, .T. ) ;
#1181 = LINE ( 'NONE', #2817, #126 ) ;
#1182 = FACE_OUTER_BOUND ( 'NONE', #1749, .T. ) ;
#1183 = ORIENTED_EDGE ( 'NONE', *, *, #4434, .F. ) ;
#1184 = EDGE_LOOP ( 'NONE', ( #2086, #3980 ) ) ;
#1185 = CARTESIAN_POINT ( 'NONE',  ( 35.43999999999999773, 14.99999999999999822, 91.20578397184708308 ) ) ;
#1186 = ORIENTED_EDGE ( 'NONE', *, *, #2988, .T. ) ;
#1187 = DIRECTION ( 'NONE',  ( -0.000000000000000000, -1.000000000000000000, -0.000000000000000000 ) ) ;
#1188 = CARTESIAN_POINT ( 'NONE',  ( -13.57500000000001705, 7.649999999999999467, -64.55499999999999261 ) ) ;
#1189 = ORIENTED_EDGE ( 'NONE', *, *, #764, .T. ) ;
#1190 = EDGE_CURVE ( 'NONE', #3290, #832, #1681, .T. ) ;
#1191 = ORIENTED_EDGE ( 'NONE', *, *, #1867, .T. ) ;
#1192 = ORIENTED_EDGE ( 'NONE', *, *, #2886, .F. ) ;
#1193 = LINE ( 'NONE', #4407, #4602 ) ;
#1194 = LINE ( 'NONE', #4408, #3883 ) ;
#1195 = CARTESIAN_POINT ( 'NONE',  ( 13.57499999999998153, 7.649999999999999467, -85.55499999999999261 ) ) ;
#1196 = ORIENTED_EDGE ( 'NONE', *, *, #1087, .T. ) ;
#1197 = CIRCLE ( 'NONE', #4220, 2.125000000000001776 ) ;
#1198 = DIRECTION ( 'NONE',  ( 0.000000000000000000, 1.000000000000000000, 0.000000000000000000 ) ) ;
#1199 = LINE ( 'NONE', #1958, #1517 ) ;
#1200 = LINE ( 'NONE', #3248, #3808 ) ;
#1201 = ADVANCED_FACE ( 'NONE', ( #2450 ), #4217, .T. ) ;
#1202 = VECTOR ( 'NONE', #3778, 1000.000000000000000 ) ;
#1203 = DIRECTION ( 'NONE',  ( -1.000000000000000000, 0.000000000000000000, 0.000000000000000000 ) ) ;
#1204 = ORIENTED_EDGE ( 'NONE', *, *, #2596, .T. ) ;
#1205 = LINE ( 'NONE', #2843, #1251 ) ;
#1206 = FACE_OUTER_BOUND ( 'NONE', #1378, .T. ) ;
#1207 = EDGE_LOOP ( 'NONE', ( #1269, #2582, #1748, #3725 ) ) ;
#1208 = EDGE_CURVE ( 'NONE', #430, #4223, #4104, .T. ) ;
#1209 = EDGE_LOOP ( 'NONE', ( #1944, #3495, #4036, #4008 ) ) ;
#1210 = DIRECTION ( 'NONE',  ( -0.000000000000000000, -0.000000000000000000, -1.000000000000000000 ) ) ;
#1211 = ORIENTED_EDGE ( 'NONE', *, *, #4819, .F. ) ;
#1212 = DIRECTION ( 'NONE',  ( -0.000000000000000000, -1.000000000000000000, -0.000000000000000000 ) ) ;
#1213 = DIRECTION ( 'NONE',  ( -4.952461568701184058E-17, 0.000000000000000000, -1.000000000000000000 ) ) ;
#1214 = EDGE_CURVE ( 'NONE', #2103, #4192, #2909, .T. ) ;
#1215 = EDGE_LOOP ( 'NONE', ( #3206, #3633, #3502, #3232, #3748, #3773, #511, #3510, #4892, #4533, #332, #4742 ) ) ;
#1216 = ORIENTED_EDGE ( 'NONE', *, *, #3585, .F. ) ;
#1217 = ORIENTED_EDGE ( 'NONE', *, *, #2795, .F. ) ;
#1218 = AXIS2_PLACEMENT_3D ( 'NONE', #3205, #1540, #366 ) ;
#1219 = CARTESIAN_POINT ( 'NONE',  ( 2.254748570678834163, 9.274437471375676978, 50.50499999999995282 ) ) ;
#1220 = CARTESIAN_POINT ( 'NONE',  ( 26.93999999999999773, 2.000000000000001776, -87.55499999999997840 ) ) ;
#1221 = CARTESIAN_POINT ( 'NONE',  ( 29.13999999999993307, 0.000000000000000000, -83.05499999999999261 ) ) ;
#1222 = ORIENTED_EDGE ( 'NONE', *, *, #653, .F. ) ;
#1223 = LINE ( 'NONE', #405, #459 ) ;
#1224 = DIRECTION ( 'NONE',  ( 0.000000000000000000, 0.000000000000000000, 1.000000000000000000 ) ) ;
#1225 = CARTESIAN_POINT ( 'NONE',  ( -18.11499999999999488, 7.000000000000000000, -62.55499999999999972 ) ) ;
#1226 = CARTESIAN_POINT ( 'NONE',  ( 22.43999999999999773, 7.000000000000000000, -61.20500000000000540 ) ) ;
#1227 = ORIENTED_EDGE ( 'NONE', *, *, #3944, .T. ) ;
#1228 = ORIENTED_EDGE ( 'NONE', *, *, #900, .F. ) ;
#1229 = CARTESIAN_POINT ( 'NONE',  ( 31.09000000000000341, 6.999999999999999112, 46.55499999999999972 ) ) ;
#1230 = FACE_OUTER_BOUND ( 'NONE', #2213, .T. ) ;
#1231 = EDGE_CURVE ( 'NONE', #1844, #2905, #1294, .T. ) ;
#1232 = ORIENTED_EDGE ( 'NONE', *, *, #2143, .F. ) ;
#1233 = EDGE_CURVE ( 'NONE', #898, #218, #4157, .T. ) ;
#1234 = VERTEX_POINT ( 'NONE', #2883 ) ;
#1235 = DIRECTION ( 'NONE',  ( -0.000000000000000000, 1.000000000000000000, -0.000000000000000000 ) ) ;
#1236 = AXIS2_PLACEMENT_3D ( 'NONE', #2492, #2553, #4116 ) ;
#1237 = VECTOR ( 'NONE', #2763, 1000.000000000000114 ) ;
#1238 = VERTEX_POINT ( 'NONE', #4540 ) ;
#1239 = AXIS2_PLACEMENT_3D ( 'NONE', #837, #2087, #2458 ) ;
#1240 = CARTESIAN_POINT ( 'NONE',  ( -13.57500000000001705, 7.649999999999999467, -64.55499999999999261 ) ) ;
#1241 = DIRECTION ( 'NONE',  ( -0.000000000000000000, 1.000000000000000000, -0.000000000000000000 ) ) ;
#1242 = DIRECTION ( 'NONE',  ( -0.000000000000000000, 0.000000000000000000, 1.000000000000000000 ) ) ;
#1243 = DIRECTION ( 'NONE',  ( -0.000000000000000000, -1.000000000000000000, -0.000000000000000000 ) ) ;
#1244 = VERTEX_POINT ( 'NONE', #1705 ) ;
#1245 = ORIENTED_EDGE ( 'NONE', *, *, #682, .F. ) ;
#1246 = CIRCLE ( 'NONE', #1594, 4.499999999999997335 ) ;
#1247 = CARTESIAN_POINT ( 'NONE',  ( 16.76499999999999702, 2.000000000000000000, -69.55500000000000682 ) ) ;
#1248 = CARTESIAN_POINT ( 'NONE',  ( 26.63999999999995083, 2.000000000000000000, -57.55500000000001393 ) ) ;
#1249 = LINE ( 'NONE', #2120, #3145 ) ;
#1250 = ORIENTED_EDGE ( 'NONE', *, *, #3975, .T. ) ;
#1251 = VECTOR ( 'NONE', #789, 1000.000000000000000 ) ;
#1252 = CARTESIAN_POINT ( 'NONE',  ( 24.22960584136115969, 2.000000000000001776, 50.35499999999995424 ) ) ;
#1253 = DIRECTION ( 'NONE',  ( 0.000000000000000000, 1.000000000000000000, 0.000000000000000000 ) ) ;
#1254 = CARTESIAN_POINT ( 'NONE',  ( 12.43999999999999595, 7.000000000000000000, -61.70500000000000540 ) ) ;
#1255 = DIRECTION ( 'NONE',  ( 0.000000000000000000, 0.000000000000000000, -1.000000000000000000 ) ) ;
#1256 = VERTEX_POINT ( 'NONE', #1292 ) ;
#1257 = ORIENTED_EDGE ( 'NONE', *, *, #1282, .F. ) ;
#1258 = CARTESIAN_POINT ( 'NONE',  ( -26.64000000000005031, 2.000000000000000000, -62.05500000000001393 ) ) ;
#1259 = LINE ( 'NONE', #2131, #403 ) ;
#1260 = ORIENTED_EDGE ( 'NONE', *, *, #4434, .T. ) ;
#1261 = ORIENTED_EDGE ( 'NONE', *, *, #4768, .F. ) ;
#1262 = DIRECTION ( 'NONE',  ( -0.000000000000000000, -1.000000000000000000, -0.000000000000000000 ) ) ;
#1263 = ORIENTED_EDGE ( 'NONE', *, *, #1480, .F. ) ;
#1264 = EDGE_CURVE ( 'NONE', #3426, #2571, #4678, .T. ) ;
#1265 = LINE ( 'NONE', #3128, #1506 ) ;
#1266 = CARTESIAN_POINT ( 'NONE',  ( -30.58999999999998920, -104.7725234327390211, 46.55499999999999972 ) ) ;
#1267 = DIRECTION ( 'NONE',  ( 0.000000000000000000, 1.000000000000000000, 0.000000000000000000 ) ) ;
#1268 = ADVANCED_FACE ( 'NONE', ( #5172 ), #156, .T. ) ;
#1269 = ORIENTED_EDGE ( 'NONE', *, *, #230, .T. ) ;
#1270 = VERTEX_POINT ( 'NONE', #2998 ) ;
#1271 = CARTESIAN_POINT ( 'NONE',  ( 26.63999999999996504, 5.549999999999965183, 46.55499999999999261 ) ) ;
#1272 = FACE_OUTER_BOUND ( 'NONE', #2412, .T. ) ;
#1273 = DIRECTION ( 'NONE',  ( -1.000000000000000000, 0.000000000000000000, 0.000000000000000000 ) ) ;
#1274 = EDGE_LOOP ( 'NONE', ( #3302, #5068, #3792, #5199 ) ) ;
#1275 = VECTOR ( 'NONE', #1420, 1000.000000000000000 ) ;
#1276 = LINE ( 'NONE', #4575, #4700 ) ;
#1277 = DIRECTION ( 'NONE',  ( 0.000000000000000000, 0.7071067811865425767, -0.7071067811865524577 ) ) ;
#1278 = DIRECTION ( 'NONE',  ( 0.000000000000000000, 1.000000000000000000, 0.000000000000000000 ) ) ;
#1279 = CARTESIAN_POINT ( 'NONE',  ( -9.075000000000022382, -0.001999999999999831773, -82.55499999999999261 ) ) ;
#1280 = VERTEX_POINT ( 'NONE', #614 ) ;
#1281 = ORIENTED_EDGE ( 'NONE', *, *, #1814, .F. ) ;
#1282 = EDGE_CURVE ( 'NONE', #3719, #4731, #1813, .T. ) ;
#1283 = FACE_OUTER_BOUND ( 'NONE', #3948, .T. ) ;
#1284 = CARTESIAN_POINT ( 'NONE',  ( -13.57500000000001883, 7.649999999999999467, -79.55499999999996419 ) ) ;
#1285 = ORIENTED_EDGE ( 'NONE', *, *, #5093, .F. ) ;
#1286 = ORIENTED_EDGE ( 'NONE', *, *, #3371, .T. ) ;
#1287 = CYLINDRICAL_SURFACE ( 'NONE', #2528, 2.125000000000001776 ) ;
#1288 = VERTEX_POINT ( 'NONE', #3942 ) ;
#1289 = CARTESIAN_POINT ( 'NONE',  ( 26.64000000000003254, 6.499999999999977796, 50.50499999999995282 ) ) ;
#1290 = VECTOR ( 'NONE', #5232, 1000.000000000000000 ) ;
#1291 = CARTESIAN_POINT ( 'NONE',  ( -11.57499999999998685, 7.649999999999999467, -70.55499999999996419 ) ) ;
#1292 = CARTESIAN_POINT ( 'NONE',  ( -18.07499999999997797, 2.000000000000000000, -77.17999999999994998 ) ) ;
#1293 = ORIENTED_EDGE ( 'NONE', *, *, #2811, .T. ) ;
#1294 = CIRCLE ( 'NONE', #859, 4.370000014740178074 ) ;
#1295 = ORIENTED_EDGE ( 'NONE', *, *, #1166, .F. ) ;
#1296 = DIRECTION ( 'NONE',  ( 0.000000000000000000, 0.000000000000000000, 1.000000000000000000 ) ) ;
#1297 = CARTESIAN_POINT ( 'NONE',  ( -24.22960584136115969, 6.049999999999999822, 50.35499999999995424 ) ) ;
#1298 = CARTESIAN_POINT ( 'NONE',  ( 13.57499999999998153, 7.649999999999999467, -85.55499999999999261 ) ) ;
#1299 = ORIENTED_EDGE ( 'NONE', *, *, #4984, .T. ) ;
#1300 = AXIS2_PLACEMENT_3D ( 'NONE', #2791, #4886, #2765 ) ;
#1301 = DIRECTION ( 'NONE',  ( 0.000000000000000000, 0.000000000000000000, 1.000000000000000000 ) ) ;
#1302 = CARTESIAN_POINT ( 'NONE',  ( -26.93999999999996930, 15.00000000000000000, 63.55499999999999972 ) ) ;
#1303 = CARTESIAN_POINT ( 'NONE',  ( -28.14000000000005386, 1.000000000000000888, -50.38499999999999091 ) ) ;
#1304 = DIRECTION ( 'NONE',  ( 0.000000000000000000, 0.000000000000000000, 1.000000000000000000 ) ) ;
#1305 = ORIENTED_EDGE ( 'NONE', *, *, #3434, .F. ) ;
#1306 = ORIENTED_EDGE ( 'NONE', *, *, #1033, .T. ) ;
#1307 = DIRECTION ( 'NONE',  ( 0.000000000000000000, 1.000000000000000000, 0.000000000000000000 ) ) ;
#1308 = EDGE_CURVE ( 'NONE', #1270, #2075, #3026, .T. ) ;
#1309 = CARTESIAN_POINT ( 'NONE',  ( -18.07499999999997797, 7.150000000000006573, -77.17999999999994998 ) ) ;
#1310 = ORIENTED_EDGE ( 'NONE', *, *, #3425, .F. ) ;
#1311 = ORIENTED_EDGE ( 'NONE', *, *, #3617, .F. ) ;
#1312 = CARTESIAN_POINT ( 'NONE',  ( 11.57500000000002416, 5.549999999999998934, -70.55499999999999261 ) ) ;
#1313 = ORIENTED_EDGE ( 'NONE', *, *, #349, .F. ) ;
#1314 = FACE_OUTER_BOUND ( 'NONE', #3279, .T. ) ;
#1315 = AXIS2_PLACEMENT_3D ( 'NONE', #2602, #3470, #1388 ) ;
#1316 = FACE_OUTER_BOUND ( 'NONE', #2388, .T. ) ;
#1317 = DIRECTION ( 'NONE',  ( -1.239088197126290570E-16, 0.000000000000000000, -1.000000000000000000 ) ) ;
#1318 = AXIS2_PLACEMENT_3D ( 'NONE', #537, #1868, #3814 ) ;
#1319 = ORIENTED_EDGE ( 'NONE', *, *, #3384, .F. ) ;
#1320 = AXIS2_PLACEMENT_3D ( 'NONE', #5197, #3861, #155 ) ;
#1321 = AXIS2_PLACEMENT_3D ( 'NONE', #300, #1575, #4443 ) ;
#1322 = VECTOR ( 'NONE', #4763, 1000.000000000000000 ) ;
#1323 = CIRCLE ( 'NONE', #636, 2.125000000000001776 ) ;
#1324 = DIRECTION ( 'NONE',  ( -0.000000000000000000, 1.000000000000000000, -0.000000000000000000 ) ) ;
#1325 = CARTESIAN_POINT ( 'NONE',  ( 35.43999999999999062, 2.000000000000001776, -83.05499999999999261 ) ) ;
#1326 = EDGE_CURVE ( 'NONE', #4042, #1899, #939, .T. ) ;
#1327 = LINE ( 'NONE', #1298, #3751 ) ;
#1328 = ORIENTED_EDGE ( 'NONE', *, *, #2702, .F. ) ;
#1329 = VECTOR ( 'NONE', #2945, 1000.000000000000000 ) ;
#1330 = EDGE_CURVE ( 'NONE', #5187, #1827, #179, .T. ) ;
#1331 = EDGE_CURVE ( 'NONE', #1836, #2798, #5117, .T. ) ;
#1332 = DIRECTION ( 'NONE',  ( 0.000000000000000000, 0.000000000000000000, 1.000000000000000000 ) ) ;
#1333 = CARTESIAN_POINT ( 'NONE',  ( 13.57499999999998330, 2.000000000000000000, -70.55499999999996419 ) ) ;
#1334 = CARTESIAN_POINT ( 'NONE',  ( -9.075000000000020606, 0.5000000000000000000, -70.55499999999999261 ) ) ;
#1335 = FACE_OUTER_BOUND ( 'NONE', #4509, .T. ) ;
#1336 = ORIENTED_EDGE ( 'NONE', *, *, #942, .T. ) ;
#1337 = VERTEX_POINT ( 'NONE', #234 ) ;
#1338 = EDGE_CURVE ( 'NONE', #2820, #3504, #4486, .T. ) ;
#1339 = AXIS2_PLACEMENT_3D ( 'NONE', #1371, #3536, #2611 ) ;
#1340 = CIRCLE ( 'NONE', #647, 2.625000000000002220 ) ;
#1341 = PLANE ( 'NONE',  #5296 ) ;
#1342 = VECTOR ( 'NONE', #2983, 1000.000000000000000 ) ;
#1343 = CARTESIAN_POINT ( 'NONE',  ( -31.43999999999999417, 7.000000000000006217, -83.05499999999999261 ) ) ;
#1344 = VERTEX_POINT ( 'NONE', #2643 ) ;
#1345 = EDGE_CURVE ( 'NONE', #5073, #4746, #1791, .T. ) ;
#1346 = ORIENTED_EDGE ( 'NONE', *, *, #4946, .T. ) ;
#1347 = AXIS2_PLACEMENT_3D ( 'NONE', #4992, #1277, #867 ) ;
#1348 = VERTEX_POINT ( 'NONE', #1430 ) ;
#1349 = DIRECTION ( 'NONE',  ( -0.000000000000000000, 1.000000000000000000, -0.000000000000000000 ) ) ;
#1350 = CARTESIAN_POINT ( 'NONE',  ( -26.93999999999999062, 2.000000000000001776, -91.55499999999999261 ) ) ;
#1351 = DIRECTION ( 'NONE',  ( 0.000000000000000000, -0.000000000000000000, 1.000000000000000000 ) ) ;
#1352 = ORIENTED_EDGE ( 'NONE', *, *, #3516, .F. ) ;
#1353 = EDGE_CURVE ( 'NONE', #4463, #193, #1383, .T. ) ;
#1354 = DIRECTION ( 'NONE',  ( -7.709882115452470278E-16, 0.000000000000000000, 1.000000000000000000 ) ) ;
#1355 = CARTESIAN_POINT ( 'NONE',  ( 26.63999999999995083, 1.049999999999999822, -57.55500000000001393 ) ) ;
#1356 = CARTESIAN_POINT ( 'NONE',  ( 26.63999999999995083, 6.049999999999999822, -57.55500000000001393 ) ) ;
#1357 = ORIENTED_EDGE ( 'NONE', *, *, #5082, .T. ) ;
#1358 = FACE_OUTER_BOUND ( 'NONE', #2666, .T. ) ;
#1359 = CARTESIAN_POINT ( 'NONE',  ( 11.57500000000002416, -0.001999999999999831773, -70.55499999999999261 ) ) ;
#1360 = LINE ( 'NONE', #4144, #1342 ) ;
#1361 = PLANE ( 'NONE',  #1674 ) ;
#1362 = ORIENTED_EDGE ( 'NONE', *, *, #700, .T. ) ;
#1363 = ORIENTED_EDGE ( 'NONE', *, *, #2911, .F. ) ;
#1364 = VECTOR ( 'NONE', #2471, 1000.000000000000000 ) ;
#1365 = CARTESIAN_POINT ( 'NONE',  ( 26.93999999999999773, 2.000000000000000000, -83.05499999999999261 ) ) ;
#1366 = ADVANCED_FACE ( 'NONE', ( #1865 ), #962, .F. ) ;
#1367 = DIRECTION ( 'NONE',  ( 0.000000000000000000, 0.000000000000000000, 1.000000000000000000 ) ) ;
#1368 = ORIENTED_EDGE ( 'NONE', *, *, #4554, .F. ) ;
#1369 = ORIENTED_EDGE ( 'NONE', *, *, #1208, .F. ) ;
#1370 = ORIENTED_EDGE ( 'NONE', *, *, #804, .T. ) ;
#1371 = CARTESIAN_POINT ( 'NONE',  ( -11.57500000000001705, 7.649999999999999467, -66.55499999999999261 ) ) ;
#1372 = EDGE_CURVE ( 'NONE', #3786, #2116, #2665, .T. ) ;
#1373 = FACE_OUTER_BOUND ( 'NONE', #1417, .T. ) ;
#1374 = CARTESIAN_POINT ( 'NONE',  ( -35.43999999999999062, 2.000000000000001776, -83.05499999999999261 ) ) ;
#1375 = DIRECTION ( 'NONE',  ( 0.000000000000000000, 0.000000000000000000, 1.000000000000000000 ) ) ;
#1376 = VECTOR ( 'NONE', #3366, 1000.000000000000114 ) ;
#1377 = ORIENTED_EDGE ( 'NONE', *, *, #4839, .T. ) ;
#1378 = EDGE_LOOP ( 'NONE', ( #1630, #1186, #2500, #3700 ) ) ;
#1379 = EDGE_CURVE ( 'NONE', #4705, #1961, #689, .T. ) ;
#1380 = CARTESIAN_POINT ( 'NONE',  ( -26.64000000000005031, 2.000000000000000000, -53.05499999999997840 ) ) ;
#1381 = DIRECTION ( 'NONE',  ( 0.000000000000000000, 0.000000000000000000, 1.000000000000000000 ) ) ;
#1382 = CARTESIAN_POINT ( 'NONE',  ( 5.999999999999998224, -22.18677324489565095, -85.55499999999999261 ) ) ;
#1383 = CIRCLE ( 'NONE', #2499, 3.949999999999953548 ) ;
#1384 = ORIENTED_EDGE ( 'NONE', *, *, #3152, .F. ) ;
#1385 = FACE_OUTER_BOUND ( 'NONE', #1808, .T. ) ;
#1386 = CARTESIAN_POINT ( 'NONE',  ( 31.09000000000000341, 6.999999999999999112, 46.55499999999999972 ) ) ;
#1387 = CARTESIAN_POINT ( 'NONE',  ( -11.57499999999998685, -12.21267040355189515, -70.55499999999996419 ) ) ;
#1388 = DIRECTION ( 'NONE',  ( 0.000000000000000000, 0.000000000000000000, 1.000000000000000000 ) ) ;
#1389 = VERTEX_POINT ( 'NONE', #2190 ) ;
#1390 = ORIENTED_EDGE ( 'NONE', *, *, #1231, .F. ) ;
#1391 = CARTESIAN_POINT ( 'NONE',  ( 24.22960584136115969, 6.049999999999999822, 50.50499999999995282 ) ) ;
#1392 = DIRECTION ( 'NONE',  ( 0.000000000000000000, 0.000000000000000000, 1.000000000000000000 ) ) ;
#1393 = ORIENTED_EDGE ( 'NONE', *, *, #2544, .F. ) ;
#1394 = ORIENTED_EDGE ( 'NONE', *, *, #4214, .F. ) ;
#1395 = VERTEX_POINT ( 'NONE', #4267 ) ;
#1396 = ADVANCED_FACE ( 'NONE', ( #1889 ), #3080, .F. ) ;
#1397 = CARTESIAN_POINT ( 'NONE',  ( -28.14000000000004320, 2.000000000000000000, 33.93500000000000938 ) ) ;
#1398 = EDGE_CURVE ( 'NONE', #2571, #56, #2671, .T. ) ;
#1399 = FACE_OUTER_BOUND ( 'NONE', #4164, .T. ) ;
#1400 = CARTESIAN_POINT ( 'NONE',  ( -26.93999999999999062, 2.000000000000001776, -91.55499999999999261 ) ) ;
#1401 = VERTEX_POINT ( 'NONE', #5066 ) ;
#1402 = CONICAL_SURFACE ( 'NONE', #4256, 8.500000000000007105, 0.7853981633974473908 ) ;
#1403 = CYLINDRICAL_SURFACE ( 'NONE', #1318, 2.125000000000001776 ) ;
#1404 = VECTOR ( 'NONE', #4514, 1000.000000000000000 ) ;
#1405 = DIRECTION ( 'NONE',  ( -1.000000000000000000, 0.000000000000000000, 0.000000000000000000 ) ) ;
#1406 = DIRECTION ( 'NONE',  ( -1.000000000000000000, 0.000000000000000000, -4.952461568701184058E-17 ) ) ;
#1407 = AXIS2_PLACEMENT_3D ( 'NONE', #691, #387, #4094 ) ;
#1408 = VECTOR ( 'NONE', #3862, 1000.000000000000000 ) ;
#1409 = VERTEX_POINT ( 'NONE', #212 ) ;
#1410 = AXIS2_PLACEMENT_3D ( 'NONE', #830, #5355, #3257 ) ;
#1411 = EDGE_CURVE ( 'NONE', #218, #4455, #333, .T. ) ;
#1412 = CARTESIAN_POINT ( 'NONE',  ( -24.22960584136115969, -97.28932498801881934, 50.35499999999995424 ) ) ;
#1413 = DIRECTION ( 'NONE',  ( 0.000000000000000000, 1.000000000000000000, 0.000000000000000000 ) ) ;
#1414 = VECTOR ( 'NONE', #3763, 1000.000000000000000 ) ;
#1415 = CARTESIAN_POINT ( 'NONE',  ( -13.57500000000001883, 7.649999999999999467, -85.55499999999999261 ) ) ;
#1416 = DIRECTION ( 'NONE',  ( 0.000000000000000000, 1.000000000000000000, -0.000000000000000000 ) ) ;
#1417 = EDGE_LOOP ( 'NONE', ( #4806, #3369, #5123, #247 ) ) ;
#1418 = ORIENTED_EDGE ( 'NONE', *, *, #2134, .T. ) ;
#1419 = LINE ( 'NONE', #2685, #4512 ) ;
#1420 = DIRECTION ( 'NONE',  ( 0.000000000000000000, 1.000000000000000000, 0.000000000000000000 ) ) ;
#1421 = LINE ( 'NONE', #1501, #5164 ) ;
#1422 = VECTOR ( 'NONE', #216, 1000.000000000000000 ) ;
#1423 = EDGE_CURVE ( 'NONE', #51, #3650, #5268, .T. ) ;
#1424 = ORIENTED_EDGE ( 'NONE', *, *, #3152, .T. ) ;
#1425 = ORIENTED_EDGE ( 'NONE', *, *, #3320, .F. ) ;
#1426 = VECTOR ( 'NONE', #4382, 1000.000000000000000 ) ;
#1427 = CARTESIAN_POINT ( 'NONE',  ( -26.93999999999993022, 15.00000000000000000, 68.55500000000000682 ) ) ;
#1428 = CARTESIAN_POINT ( 'NONE',  ( 11.57500000000002238, 5.549999999999998934, -82.55499999999999261 ) ) ;
#1429 = VECTOR ( 'NONE', #2225, 1000.000000000000000 ) ;
#1430 = CARTESIAN_POINT ( 'NONE',  ( 18.07499999999997797, 7.649999999999999467, -70.55499999999994998 ) ) ;
#1431 = ORIENTED_EDGE ( 'NONE', *, *, #576, .T. ) ;
#1432 = EDGE_CURVE ( 'NONE', #56, #3692, #2392, .T. ) ;
#1433 = LINE ( 'NONE', #589, #2192 ) ;
#1434 = DIRECTION ( 'NONE',  ( -1.000000000000000000, 0.000000000000000000, 0.000000000000000000 ) ) ;
#1435 = PLANE ( 'NONE',  #4970 ) ;
#1436 = VERTEX_POINT ( 'NONE', #3636 ) ;
#1437 = FACE_OUTER_BOUND ( 'NONE', #933, .T. ) ;
#1438 = LINE ( 'NONE', #5183, #3003 ) ;
#1439 = LINE ( 'NONE', #3091, #1845 ) ;
#1440 = LINE ( 'NONE', #3037, #2864 ) ;
#1441 = ORIENTED_EDGE ( 'NONE', *, *, #2893, .T. ) ;
#1442 = ORIENTED_EDGE ( 'NONE', *, *, #2436, .T. ) ;
#1443 = ORIENTED_EDGE ( 'NONE', *, *, #2585, .T. ) ;
#1444 = CARTESIAN_POINT ( 'NONE',  ( -26.64000000000003610, 1.049999999999999822, 46.55499999999999972 ) ) ;
#1445 = DIRECTION ( 'NONE',  ( -0.000000000000000000, -1.000000000000000000, -0.000000000000000000 ) ) ;
#1446 = DIRECTION ( 'NONE',  ( 0.000000000000000000, 1.000000000000000000, 0.000000000000000000 ) ) ;
#1447 = EDGE_CURVE ( 'NONE', #3094, #2401, #1478, .T. ) ;
#1448 = ORIENTED_EDGE ( 'NONE', *, *, #4748, .T. ) ;
#1449 = VECTOR ( 'NONE', #90, 1000.000000000000000 ) ;
#1450 = DIRECTION ( 'NONE',  ( -0.000000000000000000, 1.000000000000000000, -0.000000000000000000 ) ) ;
#1451 = CARTESIAN_POINT ( 'NONE',  ( 26.63999999999995083, 5.549999999999965183, -55.43000000000001393 ) ) ;
#1452 = DIRECTION ( 'NONE',  ( 0.000000000000000000, 0.000000000000000000, 1.000000000000000000 ) ) ;
#1453 = ORIENTED_EDGE ( 'NONE', *, *, #2954, .T. ) ;
#1454 = VECTOR ( 'NONE', #1687, 1000.000000000000000 ) ;
#1455 = FACE_OUTER_BOUND ( 'NONE', #1007, .T. ) ;
#1456 = LINE ( 'NONE', #3109, #4474 ) ;
#1457 = ORIENTED_EDGE ( 'NONE', *, *, #1900, .F. ) ;
#1458 = ADVANCED_FACE ( 'NONE', ( #1075, #1561 ), #1510, .T. ) ;
#1459 = DIRECTION ( 'NONE',  ( 0.000000000000000000, 0.000000000000000000, -1.000000000000000000 ) ) ;
#1460 = EDGE_CURVE ( 'NONE', #824, #1936, #2821, .T. ) ;
#1461 = DIRECTION ( 'NONE',  ( -0.000000000000000000, 1.000000000000000000, -0.000000000000000000 ) ) ;
#1462 = PLANE ( 'NONE',  #4611 ) ;
#1463 = CARTESIAN_POINT ( 'NONE',  ( -5.999999999999999112, 7.649999999999999467, -66.55499999999999261 ) ) ;
#1464 = ORIENTED_EDGE ( 'NONE', *, *, #3794, .T. ) ;
#1465 = VERTEX_POINT ( 'NONE', #1592 ) ;
#1466 = ORIENTED_EDGE ( 'NONE', *, *, #1737, .T. ) ;
#1467 = VECTOR ( 'NONE', #2316, 1000.000000000000000 ) ;
#1468 = CARTESIAN_POINT ( 'NONE',  ( 26.63999999999996504, 1.049999999999999822, 48.67999999999999261 ) ) ;
#1469 = CARTESIAN_POINT ( 'NONE',  ( 5.999999999999998224, 6.650000000000027001, -83.55499999999999261 ) ) ;
#1470 = DIRECTION ( 'NONE',  ( 0.000000000000000000, 0.000000000000000000, 1.000000000000000000 ) ) ;
#1471 = LINE ( 'NONE', #129, #1154 ) ;
#1472 = ORIENTED_EDGE ( 'NONE', *, *, #1326, .T. ) ;
#1473 = EDGE_CURVE ( 'NONE', #2716, #4042, #2771, .T. ) ;
#1474 = VECTOR ( 'NONE', #1661, 1000.000000000000000 ) ;
#1475 = LINE ( 'NONE', #4749, #2710 ) ;
#1476 = AXIS2_PLACEMENT_3D ( 'NONE', #3030, #4274, #566 ) ;
#1477 = CARTESIAN_POINT ( 'NONE',  ( -26.93999999999999062, 0.000000000000000000, -83.05499999999999261 ) ) ;
#1478 = LINE ( 'NONE', #4021, #4840 ) ;
#1479 = ORIENTED_EDGE ( 'NONE', *, *, #329, .F. ) ;
#1480 = EDGE_CURVE ( 'NONE', #1337, #3290, #1535, .T. ) ;
#1481 = ORIENTED_EDGE ( 'NONE', *, *, #5010, .F. ) ;
#1482 = DIRECTION ( 'NONE',  ( -1.000000000000000000, 0.000000000000000000, -0.000000000000000000 ) ) ;
#1483 = DIRECTION ( 'NONE',  ( 0.000000000000000000, 1.000000000000000000, 0.000000000000000000 ) ) ;
#1484 = ADVANCED_FACE ( 'NONE', ( #2722 ), #2415, .F. ) ;
#1485 = EDGE_LOOP ( 'NONE', ( #929, #3939, #4247, #2754 ) ) ;
#1486 = DIRECTION ( 'NONE',  ( 9.904923137402368115E-17, -0.000000000000000000, 1.000000000000000000 ) ) ;
#1487 = EDGE_CURVE ( 'NONE', #5263, #3273, #331, .T. ) ;
#1488 = CARTESIAN_POINT ( 'NONE',  ( -5.986717210180249715, 6.999999999999999112, 63.55499999999999972 ) ) ;
#1489 = LINE ( 'NONE', #5209, #2274 ) ;
#1490 = DIRECTION ( 'NONE',  ( -1.000000000000000000, 0.000000000000000000, 0.000000000000000000 ) ) ;
#1491 = VECTOR ( 'NONE', #818, 1000.000000000000000 ) ;
#1492 = ORIENTED_EDGE ( 'NONE', *, *, #3061, .T. ) ;
#1493 = VECTOR ( 'NONE', #2579, 1000.000000000000000 ) ;
#1494 = AXIS2_PLACEMENT_3D ( 'NONE', #5361, #2510, #3291 ) ;
#1495 = ADVANCED_FACE ( 'NONE', ( #3159 ), #4372, .T. ) ;
#1496 = ADVANCED_FACE ( 'NONE', ( #2799 ), #5271, .F. ) ;
#1497 = AXIS2_PLACEMENT_3D ( 'NONE', #2136, #2444, #3255 ) ;
#1498 = AXIS2_PLACEMENT_3D ( 'NONE', #2635, #3041, #4329 ) ;
#1499 = LINE ( 'NONE', #1526, #4083 ) ;
#1500 = DIRECTION ( 'NONE',  ( 0.000000000000000000, 0.000000000000000000, 1.000000000000000000 ) ) ;
#1501 = CARTESIAN_POINT ( 'NONE',  ( 11.57499999999998508, 0.5000000000000004441, -83.55499999999999261 ) ) ;
#1502 = EDGE_CURVE ( 'NONE', #2472, #3622, #1990, .T. ) ;
#1503 = DIRECTION ( 'NONE',  ( 0.000000000000000000, 1.000000000000000000, 0.000000000000000000 ) ) ;
#1504 = ORIENTED_EDGE ( 'NONE', *, *, #1150, .F. ) ;
#1505 = CARTESIAN_POINT ( 'NONE',  ( -26.93999999999993022, -62.43188131373440797, 68.55500000000000682 ) ) ;
#1506 = VECTOR ( 'NONE', #3428, 1000.000000000000000 ) ;
#1507 = EDGE_CURVE ( 'NONE', #3451, #4358, #2930, .T. ) ;
#1508 = DIRECTION ( 'NONE',  ( -0.000000000000000000, -1.000000000000000000, -0.000000000000000000 ) ) ;
#1509 = ORIENTED_EDGE ( 'NONE', *, *, #4807, .T. ) ;
#1510 = PLANE ( 'NONE',  #2408 ) ;
#1511 = VERTEX_POINT ( 'NONE', #355 ) ;
#1512 = VECTOR ( 'NONE', #4472, 1000.000000000000000 ) ;
#1513 = CIRCLE ( 'NONE', #817, 2.125000000000001776 ) ;
#1514 = CARTESIAN_POINT ( 'NONE',  ( 6.999999999999987566, 7.649999999999999467, -64.55499999999999261 ) ) ;
#1515 = PLANE ( 'NONE',  #418 ) ;
#1516 = EDGE_CURVE ( 'NONE', #4223, #2541, #1034, .T. ) ;
#1517 = VECTOR ( 'NONE', #3221, 1000.000000000000000 ) ;
#1518 = ORIENTED_EDGE ( 'NONE', *, *, #4304, .F. ) ;
#1519 = EDGE_CURVE ( 'NONE', #5360, #204, #1161, .T. ) ;
#1520 = DIRECTION ( 'NONE',  ( 1.000000000000000000, -0.000000000000000000, -0.000000000000000000 ) ) ;
#1521 = CARTESIAN_POINT ( 'NONE',  ( 26.93999999999999773, 0.000000000000000000, -89.55499999999999261 ) ) ;
#1522 = FACE_OUTER_BOUND ( 'NONE', #4996, .T. ) ;
#1523 = DIRECTION ( 'NONE',  ( 4.952461568701184058E-17, 0.000000000000000000, -1.000000000000000000 ) ) ;
#1524 = ORIENTED_EDGE ( 'NONE', *, *, #2999, .T. ) ;
#1525 = ORIENTED_EDGE ( 'NONE', *, *, #1714, .T. ) ;
#1526 = CARTESIAN_POINT ( 'NONE',  ( -24.22960584136115969, -97.28932498801881934, 50.50499999999995282 ) ) ;
#1527 = DIRECTION ( 'NONE',  ( -0.7071067811865474617, -0.7071067811865474617, 0.000000000000000000 ) ) ;
#1528 = DIRECTION ( 'NONE',  ( 0.000000000000000000, 1.000000000000000000, 0.000000000000000000 ) ) ;
#1529 = DIRECTION ( 'NONE',  ( 0.000000000000000000, 0.000000000000000000, 1.000000000000000000 ) ) ;
#1530 = VERTEX_POINT ( 'NONE', #4454 ) ;
#1531 = EDGE_CURVE ( 'NONE', #2281, #2153, #744, .T. ) ;
#1532 = LINE ( 'NONE', #1912, #293 ) ;
#1533 = CARTESIAN_POINT ( 'NONE',  ( 18.11499999999999488, 7.000000000000000000, -69.55500000000000682 ) ) ;
#1534 = ORIENTED_EDGE ( 'NONE', *, *, #2059, .F. ) ;
#1535 = LINE ( 'NONE', #2342, #5359 ) ;
#1536 = ORIENTED_EDGE ( 'NONE', *, *, #953, .T. ) ;
#1537 = AXIS2_PLACEMENT_3D ( 'NONE', #2285, #578, #3074 ) ;
#1538 = EDGE_CURVE ( 'NONE', #21, #1707, #258, .T. ) ;
#1539 = PLANE ( 'NONE',  #5299 ) ;
#1540 = DIRECTION ( 'NONE',  ( -0.000000000000000000, -1.000000000000000000, -0.000000000000000000 ) ) ;
#1541 = ORIENTED_EDGE ( 'NONE', *, *, #931, .F. ) ;
#1542 = EDGE_CURVE ( 'NONE', #3837, #224, #4166, .T. ) ;
#1543 = EDGE_CURVE ( 'NONE', #152, #175, #5002, .T. ) ;
#1544 = DIRECTION ( 'NONE',  ( -0.000000000000000000, -1.000000000000000000, -0.000000000000000000 ) ) ;
#1545 = CARTESIAN_POINT ( 'NONE',  ( -31.08999999999999986, 6.999999999999999112, -57.55499999999999261 ) ) ;
#1546 = LINE ( 'NONE', #1570, #4172 ) ;
#1547 = CARTESIAN_POINT ( 'NONE',  ( 35.43999999999999062, 2.000000000000001776, -83.05499999999999261 ) ) ;
#1548 = ORIENTED_EDGE ( 'NONE', *, *, #243, .F. ) ;
#1549 = ORIENTED_EDGE ( 'NONE', *, *, #1892, .T. ) ;
#1550 = AXIS2_PLACEMENT_3D ( 'NONE', #3679, #2831, #4488 ) ;
#1551 = DIRECTION ( 'NONE',  ( 1.000000000000000000, 0.000000000000000000, -8.260587980841937547E-17 ) ) ;
#1552 = CARTESIAN_POINT ( 'NONE',  ( 2.255260741850635853, 4.904437486911201738, 65.95499999999999829 ) ) ;
#1553 = DIRECTION ( 'NONE',  ( -0.7071067811865526798, -0.7071067811865423547, 0.000000000000000000 ) ) ;
#1554 = CARTESIAN_POINT ( 'NONE',  ( 26.93999999999998352, -62.43188131373440797, 80.70578397184708308 ) ) ;
#1555 = ORIENTED_EDGE ( 'NONE', *, *, #2064, .F. ) ;
#1556 = AXIS2_PLACEMENT_3D ( 'NONE', #5146, #2615, #3431 ) ;
#1557 = LINE ( 'NONE', #1938, #1512 ) ;
#1558 = DIRECTION ( 'NONE',  ( -0.000000000000000000, -0.000000000000000000, -1.000000000000000000 ) ) ;
#1559 = EDGE_CURVE ( 'NONE', #1280, #481, #3485, .T. ) ;
#1560 = ORIENTED_EDGE ( 'NONE', *, *, #1039, .F. ) ;
#1561 = FACE_OUTER_BOUND ( 'NONE', #1653, .T. ) ;
#1562 = VERTEX_POINT ( 'NONE', #3749 ) ;
#1563 = EDGE_CURVE ( 'NONE', #3282, #2558, #4504, .T. ) ;
#1564 = ADVANCED_FACE ( 'NONE', ( #4212 ), #852, .F. ) ;
#1565 = EDGE_CURVE ( 'NONE', #3762, #599, #3362, .T. ) ;
#1566 = DIRECTION ( 'NONE',  ( 0.000000000000000000, 1.000000000000000000, 0.000000000000000000 ) ) ;
#1567 = DIRECTION ( 'NONE',  ( -0.000000000000000000, -1.000000000000000000, -0.000000000000000000 ) ) ;
#1568 = ORIENTED_EDGE ( 'NONE', *, *, #407, .T. ) ;
#1569 = CARTESIAN_POINT ( 'NONE',  ( -2.255251798232997817, 9.274437486377925310, 65.95499999999999829 ) ) ;
#1570 = CARTESIAN_POINT ( 'NONE',  ( 24.22960584136115969, 2.000000000000001776, 50.35499999999995424 ) ) ;
#1571 = LINE ( 'NONE', #3680, #106 ) ;
#1572 = ORIENTED_EDGE ( 'NONE', *, *, #243, .T. ) ;
#1573 = VERTEX_POINT ( 'NONE', #2529 ) ;
#1574 = EDGE_CURVE ( 'NONE', #2108, #4618, #249, .T. ) ;
#1575 = DIRECTION ( 'NONE',  ( 0.000000000000000000, 1.000000000000000000, 0.000000000000000000 ) ) ;
#1576 = VECTOR ( 'NONE', #4855, 1000.000000000000000 ) ;
#1577 = CARTESIAN_POINT ( 'NONE',  ( 5.999999999999998224, 2.000000000000001776, -85.55499999999999261 ) ) ;
#1578 = CARTESIAN_POINT ( 'NONE',  ( 26.93999999999999773, 2.000000000000000000, -83.05499999999999261 ) ) ;
#1579 = CARTESIAN_POINT ( 'NONE',  ( 18.07499999999997797, 7.150000000000006573, -72.92999999999994998 ) ) ;
#1580 = EDGE_LOOP ( 'NONE', ( #438, #1626, #1313, #4146, #3344, #3706, #3106, #3533 ) ) ;
#1581 = AXIS2_PLACEMENT_3D ( 'NONE', #4595, #2144, #3759 ) ;
#1582 = VECTOR ( 'NONE', #875, 1000.000000000000000 ) ;
#1583 = VECTOR ( 'NONE', #530, 1000.000000000000000 ) ;
#1584 = CIRCLE ( 'NONE', #632, 2.125000000000001776 ) ;
#1585 = VECTOR ( 'NONE', #1003, 1000.000000000000000 ) ;
#1586 = VECTOR ( 'NONE', #2751, 1000.000000000000000 ) ;
#1587 = CARTESIAN_POINT ( 'NONE',  ( -18.11499999999999488, 2.000000000000000000, -69.55500000000000682 ) ) ;
#1588 = ADVANCED_FACE ( 'NONE', ( #4621 ), #3720, .F. ) ;
#1589 = CARTESIAN_POINT ( 'NONE',  ( -6.000000000000001776, 2.000000000000001776, -85.55499999999999261 ) ) ;
#1590 = ORIENTED_EDGE ( 'NONE', *, *, #3954, .T. ) ;
#1591 = VERTEX_POINT ( 'NONE', #2474 ) ;
#1592 = CARTESIAN_POINT ( 'NONE',  ( 22.43999999999999773, 2.000000000000000000, -62.55499999999999972 ) ) ;
#1593 = ORIENTED_EDGE ( 'NONE', *, *, #2835, .F. ) ;
#1594 = AXIS2_PLACEMENT_3D ( 'NONE', #1629, #4635, #4517 ) ;
#1595 = LINE ( 'NONE', #2908, #3395 ) ;
#1596 = CARTESIAN_POINT ( 'NONE',  ( -26.64000000000005031, 5.549999999999965183, -57.55499999999999261 ) ) ;
#1597 = AXIS2_PLACEMENT_3D ( 'NONE', #1505, #4018, #1099 ) ;
#1598 = VERTEX_POINT ( 'NONE', #4152 ) ;
#1599 = ORIENTED_EDGE ( 'NONE', *, *, #1962, .T. ) ;
#1600 = VECTOR ( 'NONE', #4538, 1000.000000000000227 ) ;
#1601 = EDGE_CURVE ( 'NONE', #3454, #1288, #4867, .T. ) ;
#1602 = FACE_OUTER_BOUND ( 'NONE', #4667, .T. ) ;
#1603 = CARTESIAN_POINT ( 'NONE',  ( 12.43999999999999595, 7.000000000000000000, -61.20500000000000540 ) ) ;
#1604 = DIRECTION ( 'NONE',  ( 0.000000000000000000, 0.000000000000000000, 1.000000000000000000 ) ) ;
#1605 = VECTOR ( 'NONE', #4521, 1000.000000000000000 ) ;
#1606 = B_SPLINE_CURVE_WITH_KNOTS ( 'NONE', 3,
 ( #2792, #3223, #5314, #2387 ),
 .UNSPECIFIED., .F., .F.,
 ( 4, 4 ),
 ( 0.000000000000000000, 0.0007572439986094535924 ),
 .UNSPECIFIED. ) ;
#1607 = ORIENTED_EDGE ( 'NONE', *, *, #2777, .F. ) ;
#1608 = ADVANCED_FACE ( 'NONE', ( #793 ), #1287, .F. ) ;
#1609 = LINE ( 'NONE', #3246, #3563 ) ;
#1610 = CARTESIAN_POINT ( 'NONE',  ( 18.11499999999999488, 2.000000000000000000, -69.55500000000000682 ) ) ;
#1611 = CARTESIAN_POINT ( 'NONE',  ( -16.76499999999999346, 2.000000000000000000, -62.55499999999999972 ) ) ;
#1612 = CARTESIAN_POINT ( 'NONE',  ( -12.43999999999999417, 7.000000000000000000, -62.55499999999999972 ) ) ;
#1613 = ORIENTED_EDGE ( 'NONE', *, *, #3972, .T. ) ;
#1614 = CLOSED_SHELL ( 'NONE', ( #2442, #3707, #4513, #2457, #4737, #3151, #5178, #4134, #4316, #2914, #1771, #205, #1495, #1847, #1632, #526, #1268, #4117, #1906, #1588, #2675, #4140, #1963, #1803, #4568, #4086, #360, #1917, #1897, #150, #3237, #5325, #914, #2841, #4416, #4841, #3926, #4333, #5162, #4286, #2326, #1805, #4255, #4977, #2987, #603, #484, #2511, #5179, #559, #1201, #1020, #3804, #2661, #4604, #2230, #3239, #2717, #5171, #5332, #3001, #1608, #5280, #758, #3306, #3448, #4792, #504, #4818, #1496, #3870, #4834, #3966, #5250, #2683, #2448, #3022, #4684, #747, #697, #181, #2154, #1458, #2483, #139, #4596, #4374, #3245, #4209, #3040, #2925, #79, #1898, #3575, #3008, #118, #1396, #1366, #353, #1727, #2761, #4541, #3531, #4276, #2587, #2496, #2332, #4476, #4273, #2730, #1484, #3606, #2534, #3663, #4650, #1633, #367, #1735, #3240, #1652, #1668, #4370, #3639, #1093, #4519, #502, #359, #4632, #5269, #4773, #4334, #3853, #3920, #2181, #3509, #4379, #833, #1929, #3224, #669, #4758, #470, #177, #5025, #2003, #2470, #5174, #2468, #3813, #2556, #3413, #3278, #2223, #3775, #4754, #3632, #1713, #2293, #3396, #1105, #2516, #5248, #3852, #3638, #4938, #2265, #5353, #4502, #1564, #1648, #3497, #253, #2621, #2129, #3677 ) ) ;
#1615 = DIRECTION ( 'NONE',  ( 0.000000000000000000, -1.000000000000000000, 0.000000000000000000 ) ) ;
#1616 = EDGE_CURVE ( 'NONE', #34, #4731, #3389, .T. ) ;
#1617 = DIRECTION ( 'NONE',  ( 0.000000000000000000, 1.000000000000000000, 0.000000000000000000 ) ) ;
#1618 = EDGE_LOOP ( 'NONE', ( #1211, #5343, #5154, #5118 ) ) ;
#1619 = ORIENTED_EDGE ( 'NONE', *, *, #2862, .F. ) ;
#1620 = CARTESIAN_POINT ( 'NONE',  ( -9.075000000000022382, 5.549999999999998934, -70.55499999999999261 ) ) ;
#1621 = EDGE_LOOP ( 'NONE', ( #1180, #1644, #2356, #4150 ) ) ;
#1622 = LINE ( 'NONE', #3235, #2015 ) ;
#1623 = CARTESIAN_POINT ( 'NONE',  ( -26.64000000000003610, 1.049999999999999822, 44.42999999999999972 ) ) ;
#1624 = AXIS2_PLACEMENT_3D ( 'NONE', #635, #3474, #2712 ) ;
#1625 = ORIENTED_EDGE ( 'NONE', *, *, #931, .T. ) ;
#1626 = ORIENTED_EDGE ( 'NONE', *, *, #942, .F. ) ;
#1627 = CARTESIAN_POINT ( 'NONE',  ( -26.64000000000003610, 6.049999999999999822, 50.50499999999995282 ) ) ;
#1628 = CYLINDRICAL_SURFACE ( 'NONE', #200, 4.500000000000017764 ) ;
#1629 = CARTESIAN_POINT ( 'NONE',  ( 26.63999999999995083, 6.049999999999999822, -57.55500000000001393 ) ) ;
#1630 = ORIENTED_EDGE ( 'NONE', *, *, #569, .F. ) ;
#1631 = VECTOR ( 'NONE', #5071, 1000.000000000000000 ) ;
#1632 = ADVANCED_FACE ( 'NONE', ( #905 ), #2020, .T. ) ;
#1633 = ADVANCED_FACE ( 'NONE', ( #4125 ), #2848, .F. ) ;
#1634 = CARTESIAN_POINT ( 'NONE',  ( -11.57500000000001883, 7.649999999999999467, -83.55499999999999261 ) ) ;
#1635 = DIRECTION ( 'NONE',  ( 1.000000000000000000, 0.000000000000000000, -4.625929269271460552E-14 ) ) ;
#1636 = LINE ( 'NONE', #3712, #522 ) ;
#1637 = DIRECTION ( 'NONE',  ( 0.000000000000000000, 0.000000000000000000, 1.000000000000000000 ) ) ;
#1638 = VERTEX_POINT ( 'NONE', #1620 ) ;
#1639 = ORIENTED_EDGE ( 'NONE', *, *, #4351, .F. ) ;
#1640 = DIRECTION ( 'NONE',  ( -1.000000000000000000, 0.000000000000000000, -4.952461568701184058E-17 ) ) ;
#1641 = LINE ( 'NONE', #351, #4294 ) ;
#1642 = VERTEX_POINT ( 'NONE', #4916 ) ;
#1643 = AXIS2_PLACEMENT_3D ( 'NONE', #3179, #3610, #3967 ) ;
#1644 = ORIENTED_EDGE ( 'NONE', *, *, #865, .F. ) ;
#1645 = CARTESIAN_POINT ( 'NONE',  ( -6.079876052893183669, 6.834116616831642510, 50.83911661683161753 ) ) ;
#1646 = ORIENTED_EDGE ( 'NONE', *, *, #4105, .F. ) ;
#1647 = EDGE_CURVE ( 'NONE', #2903, #2472, #2904, .T. ) ;
#1648 = ADVANCED_FACE ( 'NONE', ( #2048 ), #3694, .F. ) ;
#1649 = FACE_OUTER_BOUND ( 'NONE', #1018, .T. ) ;
#1650 = DIRECTION ( 'NONE',  ( 0.000000000000000000, 0.000000000000000000, -1.000000000000000000 ) ) ;
#1651 = CARTESIAN_POINT ( 'NONE',  ( 2.254748570678834163, 9.274437471375676978, 63.55499999999999972 ) ) ;
#1652 = ADVANCED_FACE ( 'NONE', ( #1673 ), #3912, .F. ) ;
#1653 = EDGE_LOOP ( 'NONE', ( #4485, #2019, #1425, #1787, #271, #3329, #1877, #1479, #1384, #1431, #1111, #2655 ) ) ;
#1654 = ORIENTED_EDGE ( 'NONE', *, *, #2386, .T. ) ;
#1655 = LINE ( 'NONE', #53, #280 ) ;
#1656 = LINE ( 'NONE', #889, #241 ) ;
#1657 = DIRECTION ( 'NONE',  ( -0.000000000000000000, -1.000000000000000000, -0.000000000000000000 ) ) ;
#1658 = EDGE_LOOP ( 'NONE', ( #2186, #5098, #4817, #2096 ) ) ;
#1659 = DIRECTION ( 'NONE',  ( 0.000000000000000000, 0.000000000000000000, -1.000000000000000000 ) ) ;
#1660 = CARTESIAN_POINT ( 'NONE',  ( -11.57500000000001705, 7.649999999999999467, -66.55499999999999261 ) ) ;
#1661 = DIRECTION ( 'NONE',  ( -1.000000000000000000, 0.000000000000000000, 0.000000000000000000 ) ) ;
#1662 = LINE ( 'NONE', #4612, #1491 ) ;
#1663 = VERTEX_POINT ( 'NONE', #3558 ) ;
#1664 = ORIENTED_EDGE ( 'NONE', *, *, #981, .T. ) ;
#1665 = EDGE_CURVE ( 'NONE', #87, #1465, #666, .T. ) ;
#1666 = EDGE_CURVE ( 'NONE', #850, #3353, #196, .T. ) ;
#1667 = CARTESIAN_POINT ( 'NONE',  ( -6.625251798232977940, 15.00000000000000178, 80.38914619115534776 ) ) ;
#1668 = ADVANCED_FACE ( 'NONE', ( #586 ), #3941, .F. ) ;
#1669 = LINE ( 'NONE', #1751, #2313 ) ;
#1670 = ORIENTED_EDGE ( 'NONE', *, *, #120, .F. ) ;
#1671 = ORIENTED_EDGE ( 'NONE', *, *, #5124, .T. ) ;
#1672 = AXIS2_PLACEMENT_3D ( 'NONE', #720, #4396, #2845 ) ;
#1673 = FACE_OUTER_BOUND ( 'NONE', #892, .T. ) ;
#1674 = AXIS2_PLACEMENT_3D ( 'NONE', #2923, #3379, #60 ) ;
#1675 = AXIS2_PLACEMENT_3D ( 'NONE', #894, #1198, #1301 ) ;
#1676 = ORIENTED_EDGE ( 'NONE', *, *, #4655, .F. ) ;
#1677 = AXIS2_PLACEMENT_3D ( 'NONE', #2219, #4293, #617 ) ;
#1678 = DIRECTION ( 'NONE',  ( -1.000000000000000000, 0.000000000000000000, -0.000000000000000000 ) ) ;
#1679 = VECTOR ( 'NONE', #3295, 1000.000000000000000 ) ;
#1680 = CARTESIAN_POINT ( 'NONE',  ( -31.43999999999999417, 182.0796411894638993, -83.05499999999999261 ) ) ;
#1681 = LINE ( 'NONE', #3315, #5352 ) ;
#1682 = VERTEX_POINT ( 'NONE', #2238 ) ;
#1683 = VERTEX_POINT ( 'NONE', #5220 ) ;
#1684 = EDGE_CURVE ( 'NONE', #1013, #2798, #2435, .T. ) ;
#1685 = CIRCLE ( 'NONE', #3574, 2.625000000000043965 ) ;
#1686 = DIRECTION ( 'NONE',  ( 1.000000000000000000, 0.000000000000000000, -0.000000000000000000 ) ) ;
#1687 = DIRECTION ( 'NONE',  ( 0.000000000000000000, 1.000000000000000000, 0.000000000000000000 ) ) ;
#1688 = DIRECTION ( 'NONE',  ( 0.000000000000000000, 1.000000000000000000, 0.000000000000000000 ) ) ;
#1689 = ORIENTED_EDGE ( 'NONE', *, *, #930, .F. ) ;
#1690 = CARTESIAN_POINT ( 'NONE',  ( -28.14000000000005386, 0.000000000000000000, -50.38499999999999091 ) ) ;
#1691 = AXIS2_PLACEMENT_3D ( 'NONE', #2764, #2362, #1500 ) ;
#1692 = CARTESIAN_POINT ( 'NONE',  ( -26.93999999999997641, 6.999999999999992006, 75.05499999999999261 ) ) ;
#1693 = DIRECTION ( 'NONE',  ( -0.000000000000000000, -1.000000000000000000, -0.000000000000000000 ) ) ;
#1694 = CARTESIAN_POINT ( 'NONE',  ( -26.93999999999999062, 2.000000000000001776, -83.05499999999999261 ) ) ;
#1695 = EDGE_LOOP ( 'NONE', ( #1815, #1086, #1448, #600 ) ) ;
#1696 = DIRECTION ( 'NONE',  ( 0.000000000000000000, 1.000000000000000000, 0.000000000000000000 ) ) ;
#1697 = CARTESIAN_POINT ( 'NONE',  ( -18.07499999999997797, 7.649999999999999467, -70.55499999999994998 ) ) ;
#1698 = ORIENTED_EDGE ( 'NONE', *, *, #267, .F. ) ;
#1699 = ORIENTED_EDGE ( 'NONE', *, *, #2297, .T. ) ;
#1700 = CARTESIAN_POINT ( 'NONE',  ( 18.07499999999997797, 7.150000000000006573, -75.05499999999994998 ) ) ;
#1701 = ORIENTED_EDGE ( 'NONE', *, *, #3018, .F. ) ;
#1702 = DIRECTION ( 'NONE',  ( -0.000000000000000000, -1.000000000000000000, -0.000000000000000000 ) ) ;
#1703 = DIRECTION ( 'NONE',  ( 0.000000000000000000, 0.000000000000000000, 1.000000000000000000 ) ) ;
#1704 = FACE_OUTER_BOUND ( 'NONE', #5349, .T. ) ;
#1705 = CARTESIAN_POINT ( 'NONE',  ( -11.57500000000001705, 7.649999999999999467, -66.55499999999999261 ) ) ;
#1706 = EDGE_LOOP ( 'NONE', ( #4714, #771, #4736, #3781 ) ) ;
#1707 = VERTEX_POINT ( 'NONE', #3458 ) ;
#1708 = ORIENTED_EDGE ( 'NONE', *, *, #3072, .F. ) ;
#1709 = CARTESIAN_POINT ( 'NONE',  ( -26.93999999999996930, 7.000000000000006217, 63.55499999999999972 ) ) ;
#1710 = DIRECTION ( 'NONE',  ( -0.7071067811865524577, 0.7071067811865425767, 9.425682323286582756E-17 ) ) ;
#1711 = CARTESIAN_POINT ( 'NONE',  ( -9.075000000000022382, -0.001999999999999831773, -82.55499999999999261 ) ) ;
#1712 = ORIENTED_EDGE ( 'NONE', *, *, #1264, .T. ) ;
#1713 = ADVANCED_FACE ( 'NONE', ( #3513 ), #3887, .F. ) ;
#1714 = EDGE_CURVE ( 'NONE', #2558, #3968, #3129, .T. ) ;
#1715 = AXIS2_PLACEMENT_3D ( 'NONE', #2581, #823, #64 ) ;
#1716 = CARTESIAN_POINT ( 'NONE',  ( 30.58999999999998920, 2.000000000000001776, -55.14460584136107002 ) ) ;
#1717 = LINE ( 'NONE', #2490, #1605 ) ;
#1718 = PLANE ( 'NONE',  #3411 ) ;
#1719 = FACE_OUTER_BOUND ( 'NONE', #5042, .T. ) ;
#1720 = EDGE_LOOP ( 'NONE', ( #144, #2816 ) ) ;
#1721 = DIRECTION ( 'NONE',  ( -1.239088197126290570E-16, 0.000000000000000000, -1.000000000000000000 ) ) ;
#1722 = LINE ( 'NONE', #5084, #1449 ) ;
#1723 = VERTEX_POINT ( 'NONE', #211 ) ;
#1724 = ORIENTED_EDGE ( 'NONE', *, *, #3355, .T. ) ;
#1725 = DIRECTION ( 'NONE',  ( -0.000000000000000000, -1.000000000000000000, -0.000000000000000000 ) ) ;
#1726 = ORIENTED_EDGE ( 'NONE', *, *, #1542, .F. ) ;
#1727 = ADVANCED_FACE ( 'NONE', ( #4290 ), #4338, .F. ) ;
#1728 = FACE_BOUND ( 'NONE', #4910, .T. ) ;
#1729 = EDGE_CURVE ( 'NONE', #3933, #86, #1043, .T. ) ;
#1730 = DIRECTION ( 'NONE',  ( 1.000000000000000000, -0.000000000000000000, 0.000000000000000000 ) ) ;
#1731 = DIRECTION ( 'NONE',  ( 0.000000000000000000, 1.000000000000000000, 0.000000000000000000 ) ) ;
#1732 = CARTESIAN_POINT ( 'NONE',  ( 26.93999999999999773, 2.000000000000000000, -87.55499999999999261 ) ) ;
#1733 = ORIENTED_EDGE ( 'NONE', *, *, #1559, .F. ) ;
#1734 = ORIENTED_EDGE ( 'NONE', *, *, #1574, .T. ) ;
#1735 = ADVANCED_FACE ( 'NONE', ( #178 ), #2744, .F. ) ;
#1736 = AXIS2_PLACEMENT_3D ( 'NONE', #4811, #1967, #3990 ) ;
#1737 = EDGE_CURVE ( 'NONE', #5057, #3786, #5145, .T. ) ;
#1738 = CARTESIAN_POINT ( 'NONE',  ( -18.07499999999997797, -4.010407640085659864, -77.17999999999994998 ) ) ;
#1739 = CARTESIAN_POINT ( 'NONE',  ( 35.43999999999999773, 2.000000000000001776, 95.93739701730761738 ) ) ;
#1740 = DIRECTION ( 'NONE',  ( 0.000000000000000000, 0.000000000000000000, 1.000000000000000000 ) ) ;
#1741 = ORIENTED_EDGE ( 'NONE', *, *, #445, .T. ) ;
#1742 = VECTOR ( 'NONE', #1123, 1000.000000000000000 ) ;
#1743 = VECTOR ( 'NONE', #1818, 1000.000000000000000 ) ;
#1744 = LINE ( 'NONE', #2037, #4874 ) ;
#1745 = FACE_OUTER_BOUND ( 'NONE', #4399, .T. ) ;
#1746 = FACE_OUTER_BOUND ( 'NONE', #3842, .T. ) ;
#1747 = DIRECTION ( 'NONE',  ( -0.000000000000000000, 1.000000000000000000, -0.000000000000000000 ) ) ;
#1748 = ORIENTED_EDGE ( 'NONE', *, *, #5345, .T. ) ;
#1749 = EDGE_LOOP ( 'NONE', ( #4118, #1328, #1418, #1050 ) ) ;
#1750 = PLANE ( 'NONE',  #645 ) ;
#1751 = CARTESIAN_POINT ( 'NONE',  ( -24.22960584136115969, 2.000000000000001776, 50.35499999999995424 ) ) ;
#1752 = VERTEX_POINT ( 'NONE', #2261 ) ;
#1753 = VERTEX_POINT ( 'NONE', #233 ) ;
#1754 = ORIENTED_EDGE ( 'NONE', *, *, #4367, .T. ) ;
#1755 = ORIENTED_EDGE ( 'NONE', *, *, #3617, .T. ) ;
#1756 = EDGE_CURVE ( 'NONE', #2571, #2604, #3079, .T. ) ;
#1757 = CARTESIAN_POINT ( 'NONE',  ( 11.57500000000002238, -0.001999999999999831773, -82.55499999999999261 ) ) ;
#1758 = CIRCLE ( 'NONE', #2097, 4.500000000000017764 ) ;
#1759 = CARTESIAN_POINT ( 'NONE',  ( 26.63999999999995083, 1.049999999999999822, -57.55500000000001393 ) ) ;
#1760 = DIRECTION ( 'NONE',  ( -1.000000000000000000, 0.000000000000000000, -2.135044278125304893E-15 ) ) ;
#1761 = AXIS2_PLACEMENT_3D ( 'NONE', #1113, #295, #752 ) ;
#1762 = EDGE_LOOP ( 'NONE', ( #410, #4328 ) ) ;
#1763 = VECTOR ( 'NONE', #1617, 1000.000000000000000 ) ;
#1764 = VECTOR ( 'NONE', #2163, 1000.000000000000000 ) ;
#1765 = VECTOR ( 'NONE', #89, 1000.000000000000000 ) ;
#1766 = CIRCLE ( 'NONE', #4784, 4.499999999999997335 ) ;
#1767 = FACE_OUTER_BOUND ( 'NONE', #4132, .T. ) ;
#1768 = DIRECTION ( 'NONE',  ( 1.332992777621213689E-16, -0.000000000000000000, 1.000000000000000000 ) ) ;
#1769 = FACE_OUTER_BOUND ( 'NONE', #2692, .T. ) ;
#1770 = ORIENTED_EDGE ( 'NONE', *, *, #2427, .T. ) ;
#1771 = ADVANCED_FACE ( 'NONE', ( #1399 ), #4729, .F. ) ;
#1772 = AXIS2_PLACEMENT_3D ( 'NONE', #2547, #1688, #3373 ) ;
#1773 = LINE ( 'NONE', #594, #4961 ) ;
#1774 = DIRECTION ( 'NONE',  ( 0.000000000000000000, 0.000000000000000000, -1.000000000000000000 ) ) ;
#1775 = CARTESIAN_POINT ( 'NONE',  ( -6.625251798232977940, 15.00000000000000178, 65.95499999999999829 ) ) ;
#1776 = CARTESIAN_POINT ( 'NONE',  ( 26.93999999999997641, 15.00000000000000000, 63.55499999999999972 ) ) ;
#1777 = ORIENTED_EDGE ( 'NONE', *, *, #2195, .T. ) ;
#1778 = ORIENTED_EDGE ( 'NONE', *, *, #4644, .F. ) ;
#1779 = AXIS2_PLACEMENT_3D ( 'NONE', #960, #5144, #4337 ) ;
#1780 = EDGE_CURVE ( 'NONE', #3256, #1344, #1834, .T. ) ;
#1781 = DIRECTION ( 'NONE',  ( 0.000000000000000000, 1.000000000000000000, -0.000000000000000000 ) ) ;
#1782 = VECTOR ( 'NONE', #949, 1000.000000000000000 ) ;
#1783 = DIRECTION ( 'NONE',  ( 8.260587980841936314E-17, 0.000000000000000000, 1.000000000000000000 ) ) ;
#1784 = ORIENTED_EDGE ( 'NONE', *, *, #847, .T. ) ;
#1785 = ORIENTED_EDGE ( 'NONE', *, *, #1502, .T. ) ;
#1786 = AXIS2_PLACEMENT_3D ( 'NONE', #301, #4492, #3601 ) ;
#1787 = ORIENTED_EDGE ( 'NONE', *, *, #1308, .T. ) ;
#1788 = EDGE_CURVE ( 'NONE', #2338, #1280, #2664, .T. ) ;
#1789 = CARTESIAN_POINT ( 'NONE',  ( -18.07499999999997797, 7.150000000000006573, -72.92999999999994998 ) ) ;
#1790 = CARTESIAN_POINT ( 'NONE',  ( 9.075000000000025935, 5.549999999999998934, -70.55499999999999261 ) ) ;
#1791 = LINE ( 'NONE', #4291, #3360 ) ;
#1792 = ORIENTED_EDGE ( 'NONE', *, *, #4807, .F. ) ;
#1793 = LINE ( 'NONE', #3436, #2616 ) ;
#1794 = CARTESIAN_POINT ( 'NONE',  ( 26.63999999999995083, 6.049999999999999822, -53.05500000000002103 ) ) ;
#1795 = CARTESIAN_POINT ( 'NONE',  ( -6.000000000000001776, 6.650000000000027001, -85.55499999999999261 ) ) ;
#1796 = ORIENTED_EDGE ( 'NONE', *, *, #536, .T. ) ;
#1797 = DIRECTION ( 'NONE',  ( 1.000000000000000000, 0.000000000000000000, 0.000000000000000000 ) ) ;
#1798 = FACE_OUTER_BOUND ( 'NONE', #4898, .T. ) ;
#1799 = DIRECTION ( 'NONE',  ( 0.000000000000000000, 0.000000000000000000, -1.000000000000000000 ) ) ;
#1800 = DIRECTION ( 'NONE',  ( 0.000000000000000000, 0.000000000000000000, -1.000000000000000000 ) ) ;
#1801 = ORIENTED_EDGE ( 'NONE', *, *, #1972, .T. ) ;
#1802 = ORIENTED_EDGE ( 'NONE', *, *, #3890, .T. ) ;
#1803 = ADVANCED_FACE ( 'NONE', ( #4313, #1230 ), #2818, .F. ) ;
#1804 = AXIS2_PLACEMENT_3D ( 'NONE', #3228, #4833, #4891 ) ;
#1805 = ADVANCED_FACE ( 'NONE', ( #742 ), #4499, .T. ) ;
#1806 = DIRECTION ( 'NONE',  ( 0.000000000000000000, -0.000000000000000000, 1.000000000000000000 ) ) ;
#1807 = CARTESIAN_POINT ( 'NONE',  ( -12.43999999999999595, 7.000000000000000000, -61.70500000000000540 ) ) ;
#1808 = EDGE_LOOP ( 'NONE', ( #4579, #483, #918, #3515 ) ) ;
#1809 = ORIENTED_EDGE ( 'NONE', *, *, #3412, .F. ) ;
#1810 = ORIENTED_EDGE ( 'NONE', *, *, #4406, .F. ) ;
#1811 = LINE ( 'NONE', #4702, #4791 ) ;
#1812 = CARTESIAN_POINT ( 'NONE',  ( -11.57500000000001705, 2.000000000000000000, -66.55499999999999261 ) ) ;
#1813 = LINE ( 'NONE', #563, #3886 ) ;
#1814 = EDGE_CURVE ( 'NONE', #223, #4470, #5320, .T. ) ;
#1815 = ORIENTED_EDGE ( 'NONE', *, *, #2488, .F. ) ;
#1816 = VECTOR ( 'NONE', #4028, 1000.000000000000000 ) ;
#1817 = DIRECTION ( 'NONE',  ( -0.000000000000000000, -1.000000000000000000, -0.000000000000000000 ) ) ;
#1818 = DIRECTION ( 'NONE',  ( 0.000000000000000000, 0.000000000000000000, 1.000000000000000000 ) ) ;
#1819 = CARTESIAN_POINT ( 'NONE',  ( -26.64000000000003610, 5.549999999999965183, 44.42999999999999972 ) ) ;
#1820 = VECTOR ( 'NONE', #4783, 1000.000000000000000 ) ;
#1821 = VERTEX_POINT ( 'NONE', #2045 ) ;
#1822 = CARTESIAN_POINT ( 'NONE',  ( -9.287500000000038725, 9.937500000000015987, -83.55499999999999261 ) ) ;
#1823 = CARTESIAN_POINT ( 'NONE',  ( 33.43999999999998352, 6.999999999999992006, 80.70578397184704045 ) ) ;
#1824 = DIRECTION ( 'NONE',  ( 0.000000000000000000, 0.000000000000000000, 1.000000000000000000 ) ) ;
#1825 = DIRECTION ( 'NONE',  ( 0.000000000000000000, 0.000000000000000000, -1.000000000000000000 ) ) ;
#1826 = ORIENTED_EDGE ( 'NONE', *, *, #3745, .F. ) ;
#1827 = VERTEX_POINT ( 'NONE', #3690 ) ;
#1828 = DIRECTION ( 'NONE',  ( 0.000000000000000000, 0.7071067811865474617, -0.7071067811865474617 ) ) ;
#1829 = LINE ( 'NONE', #2233, #3866 ) ;
#1830 = DIRECTION ( 'NONE',  ( 4.952461568701184058E-17, 0.000000000000000000, -1.000000000000000000 ) ) ;
#1831 = ORIENTED_EDGE ( 'NONE', *, *, #10, .T. ) ;
#1832 = EDGE_CURVE ( 'NONE', #3882, #2153, #1940, .T. ) ;
#1833 = DIRECTION ( 'NONE',  ( -0.000000000000000000, -1.000000000000000000, -0.000000000000000000 ) ) ;
#1834 = LINE ( 'NONE', #1074, #1060 ) ;
#1835 = DIRECTION ( 'NONE',  ( 0.000000000000000000, -0.7071067811865474617, 0.7071067811865474617 ) ) ;
#1836 = VERTEX_POINT ( 'NONE', #1129 ) ;
#1837 = VECTOR ( 'NONE', #4552, 1000.000000000000000 ) ;
#1838 = LINE ( 'NONE', #101, #3480 ) ;
#1839 = AXIS2_PLACEMENT_3D ( 'NONE', #3065, #1002, #1849 ) ;
#1840 = DIRECTION ( 'NONE',  ( 0.000000000000000000, 0.000000000000000000, -1.000000000000000000 ) ) ;
#1841 = FACE_OUTER_BOUND ( 'NONE', #325, .T. ) ;
#1842 = VECTOR ( 'NONE', #4677, 1000.000000000000000 ) ;
#1843 = AXIS2_PLACEMENT_3D ( 'NONE', #272, #2307, #3956 ) ;
#1844 = VERTEX_POINT ( 'NONE', #790 ) ;
#1845 = VECTOR ( 'NONE', #1028, 1000.000000000000114 ) ;
#1846 = AXIS2_PLACEMENT_3D ( 'NONE', #2081, #2538, #3697 ) ;
#1847 = ADVANCED_FACE ( 'NONE', ( #1182 ), #2769, .T. ) ;
#1848 = PLANE ( 'NONE',  #546 ) ;
#1849 = DIRECTION ( 'NONE',  ( -1.284980352575415460E-15, 0.000000000000000000, -1.000000000000000000 ) ) ;
#1850 = CIRCLE ( 'NONE', #722, 4.370000014740178074 ) ;
#1851 = PLANE ( 'NONE',  #4343 ) ;
#1852 = CARTESIAN_POINT ( 'NONE',  ( 30.58999999999998920, 6.049999999999999822, 44.14460584136111976 ) ) ;
#1853 = ORIENTED_EDGE ( 'NONE', *, *, #445, .F. ) ;
#1854 = EDGE_LOOP ( 'NONE', ( #2142, #1568, #2381, #2137 ) ) ;
#1855 = VERTEX_POINT ( 'NONE', #3608 ) ;
#1856 = DIRECTION ( 'NONE',  ( 0.000000000000000000, 1.000000000000000000, 0.000000000000000000 ) ) ;
#1857 = LINE ( 'NONE', #1009, #2656 ) ;
#1858 = CARTESIAN_POINT ( 'NONE',  ( -26.93999999999993022, -62.43188131373440797, 87.20578397184708308 ) ) ;
#1859 = VECTOR ( 'NONE', #3893, 999.9999999999998863 ) ;
#1860 = ORIENTED_EDGE ( 'NONE', *, *, #2427, .F. ) ;
#1861 = ORIENTED_EDGE ( 'NONE', *, *, #1379, .T. ) ;
#1862 = VECTOR ( 'NONE', #4186, 1000.000000000000000 ) ;
#1863 = LINE ( 'NONE', #3964, #3149 ) ;
#1864 = DIRECTION ( 'NONE',  ( 0.000000000000000000, -0.000000000000000000, 1.000000000000000000 ) ) ;
#1865 = FACE_OUTER_BOUND ( 'NONE', #3919, .T. ) ;
#1866 = VERTEX_POINT ( 'NONE', #3988 ) ;
#1867 = EDGE_CURVE ( 'NONE', #3933, #2173, #307, .T. ) ;
#1868 = DIRECTION ( 'NONE',  ( -0.000000000000000000, 1.000000000000000000, -0.000000000000000000 ) ) ;
#1869 = DIRECTION ( 'NONE',  ( 0.000000000000000000, 1.000000000000000000, 0.000000000000000000 ) ) ;
#1870 = CARTESIAN_POINT ( 'NONE',  ( -18.07499999999997797, 7.649999999999999467, -77.67999999999996419 ) ) ;
#1871 = ORIENTED_EDGE ( 'NONE', *, *, #4814, .T. ) ;
#1872 = CARTESIAN_POINT ( 'NONE',  ( 16.76499999999999702, 7.000000000000000000, -69.55500000000000682 ) ) ;
#1873 = CARTESIAN_POINT ( 'NONE',  ( 11.57499999999998508, 5.549999999999998934, -70.55499999999999261 ) ) ;
#1874 = CARTESIAN_POINT ( 'NONE',  ( -26.64000000000003610, 1.049999999999999822, 46.55499999999999972 ) ) ;
#1875 = LINE ( 'NONE', #4764, #3731 ) ;
#1876 = ORIENTED_EDGE ( 'NONE', *, *, #3561, .T. ) ;
#1877 = ORIENTED_EDGE ( 'NONE', *, *, #3132, .F. ) ;
#1878 = ORIENTED_EDGE ( 'NONE', *, *, #2094, .T. ) ;
#1879 = EDGE_CURVE ( 'NONE', #4726, #3932, #4452, .T. ) ;
#1880 = LINE ( 'NONE', #199, #2013 ) ;
#1881 = LINE ( 'NONE', #3529, #1014 ) ;
#1882 = CARTESIAN_POINT ( 'NONE',  ( -33.43999999999998352, 0.000000000000000000, 96.66533748584001273 ) ) ;
#1883 = DIRECTION ( 'NONE',  ( 1.000000000000000000, 0.000000000000000000, 0.000000000000000000 ) ) ;
#1884 = EDGE_CURVE ( 'NONE', #1409, #5147, #2797, .T. ) ;
#1885 = ORIENTED_EDGE ( 'NONE', *, *, #3421, .T. ) ;
#1886 = FACE_OUTER_BOUND ( 'NONE', #3253, .T. ) ;
#1887 = DIRECTION ( 'NONE',  ( 0.000000000000000000, 0.000000000000000000, 1.000000000000000000 ) ) ;
#1888 = EDGE_CURVE ( 'NONE', #3020, #4153, #2104, .T. ) ;
#1889 = FACE_OUTER_BOUND ( 'NONE', #2009, .T. ) ;
#1890 = EDGE_LOOP ( 'NONE', ( #2561, #2453, #2180, #1257 ) ) ;
#1891 = AXIS2_PLACEMENT_3D ( 'NONE', #2669, #4788, #3840 ) ;
#1892 = EDGE_CURVE ( 'NONE', #2236, #4691, #1641, .T. ) ;
#1893 = VECTOR ( 'NONE', #4130, 1000.000000000000000 ) ;
#1894 = ORIENTED_EDGE ( 'NONE', *, *, #1460, .T. ) ;
#1895 = DIRECTION ( 'NONE',  ( 1.239088197126290570E-16, 0.000000000000000000, 1.000000000000000000 ) ) ;
#1896 = DIRECTION ( 'NONE',  ( 1.000000000000000000, 0.000000000000000000, 0.000000000000000000 ) ) ;
#1897 = ADVANCED_FACE ( 'NONE', ( #4019 ), #1965, .T. ) ;
#1898 = ADVANCED_FACE ( 'NONE', ( #1206 ), #4041, .T. ) ;
#1899 = VERTEX_POINT ( 'NONE', #1589 ) ;
#1900 = EDGE_CURVE ( 'NONE', #3817, #4567, #4473, .T. ) ;
#1901 = CARTESIAN_POINT ( 'NONE',  ( 30.43999999999998707, 6.049999999999999822, -55.14460584136107713 ) ) ;
#1902 = CYLINDRICAL_SURFACE ( 'NONE', #881, 6.500000000000005329 ) ;
#1903 = DIRECTION ( 'NONE',  ( -1.000000000000000000, -0.000000000000000000, -0.000000000000000000 ) ) ;
#1904 = LINE ( 'NONE', #5186, #4776 ) ;
#1905 = ORIENTED_EDGE ( 'NONE', *, *, #4482, .F. ) ;
#1906 = ADVANCED_FACE ( 'NONE', ( #5243 ), #4860, .T. ) ;
#1907 = CARTESIAN_POINT ( 'NONE',  ( -26.93999999999993022, 15.00000000000000000, 87.20578397184708308 ) ) ;
#1908 = DIRECTION ( 'NONE',  ( 0.000000000000000000, 1.000000000000000000, 0.000000000000000000 ) ) ;
#1909 = DIRECTION ( 'NONE',  ( 1.332992777621213689E-16, 0.000000000000000000, 1.000000000000000000 ) ) ;
#1910 = CARTESIAN_POINT ( 'NONE',  ( -6.000000000000000888, 6.650000000000028777, -64.55499999999999261 ) ) ;
#1911 = EDGE_LOOP ( 'NONE', ( #2788, #2445, #3317, #2959 ) ) ;
#1912 = CARTESIAN_POINT ( 'NONE',  ( 22.43999999999999773, 7.000000000000000000, -62.55499999999999972 ) ) ;
#1913 = VECTOR ( 'NONE', #1567, 1000.000000000000000 ) ;
#1914 = DIRECTION ( 'NONE',  ( -1.445602896647339656E-16, 0.000000000000000000, -1.000000000000000000 ) ) ;
#1915 = CARTESIAN_POINT ( 'NONE',  ( 31.43999999999998707, 2.000000000000000000, -57.55499999999999261 ) ) ;
#1916 = ORIENTED_EDGE ( 'NONE', *, *, #4038, .F. ) ;
#1917 = ADVANCED_FACE ( 'NONE', ( #4419 ), #2369, .F. ) ;
#1918 = ORIENTED_EDGE ( 'NONE', *, *, #2888, .T. ) ;
#1919 = CARTESIAN_POINT ( 'NONE',  ( 24.22960584136115969, 6.049999999999999822, 50.35499999999995424 ) ) ;
#1920 = DIRECTION ( 'NONE',  ( 0.000000000000000000, 1.000000000000000000, 0.000000000000000000 ) ) ;
#1921 = VERTEX_POINT ( 'NONE', #1343 ) ;
#1922 = DIRECTION ( 'NONE',  ( -1.000000000000000000, 0.000000000000000000, 0.000000000000000000 ) ) ;
#1923 = DIRECTION ( 'NONE',  ( -1.000000000000000000, 0.000000000000000000, 0.000000000000000000 ) ) ;
#1924 = DIRECTION ( 'NONE',  ( 0.000000000000000000, -1.000000000000000000, -0.000000000000000000 ) ) ;
#1925 = CARTESIAN_POINT ( 'NONE',  ( -18.07499999999997797, 2.000000000000000000, -70.55499999999994998 ) ) ;
#1926 = AXIS2_PLACEMENT_3D ( 'NONE', #2575, #516, #436 ) ;
#1927 = ORIENTED_EDGE ( 'NONE', *, *, #1214, .T. ) ;
#1928 = AXIS2_PLACEMENT_3D ( 'NONE', #3826, #1781, #606 ) ;
#1929 = ADVANCED_FACE ( 'NONE', ( #38 ), #8, .F. ) ;
#1930 = CIRCLE ( 'NONE', #3828, 4.870000014740182515 ) ;
#1931 = CONICAL_SURFACE ( 'NONE', #2620, 2.125000000000001776, 0.7853981633974548293 ) ;
#1932 = DIRECTION ( 'NONE',  ( 0.000000000000000000, 0.000000000000000000, 1.000000000000000000 ) ) ;
#1933 = DIRECTION ( 'NONE',  ( 0.000000000000000000, 0.000000000000000000, 1.000000000000000000 ) ) ;
#1934 = LINE ( 'NONE', #608, #4061 ) ;
#1935 = CARTESIAN_POINT ( 'NONE',  ( 5.999999999999999112, 6.650000000000026112, -64.55499999999999261 ) ) ;
#1936 = VERTEX_POINT ( 'NONE', #4207 ) ;
#1937 = EDGE_CURVE ( 'NONE', #3021, #4679, #2525, .T. ) ;
#1938 = CARTESIAN_POINT ( 'NONE',  ( -13.57500000000001705, 2.000000000000000000, -64.55499999999999261 ) ) ;
#1939 = AXIS2_PLACEMENT_3D ( 'NONE', #4111, #839, #917 ) ;
#1940 = LINE ( 'NONE', #3586, #2352 ) ;
#1941 = ORIENTED_EDGE ( 'NONE', *, *, #671, .F. ) ;
#1942 = DIRECTION ( 'NONE',  ( 0.000000000000000000, 0.000000000000000000, 1.000000000000000000 ) ) ;
#1943 = AXIS2_PLACEMENT_3D ( 'NONE', #2969, #4676, #909 ) ;
#1944 = ORIENTED_EDGE ( 'NONE', *, *, #765, .T. ) ;
#1945 = VECTOR ( 'NONE', #3885, 1000.000000000000000 ) ;
#1946 = LINE ( 'NONE', #1135, #4176 ) ;
#1947 = LINE ( 'NONE', #3971, #3535 ) ;
#1948 = ORIENTED_EDGE ( 'NONE', *, *, #2627, .F. ) ;
#1949 = ORIENTED_EDGE ( 'NONE', *, *, #1134, .F. ) ;
#1950 = DIRECTION ( 'NONE',  ( 0.000000000000000000, -0.000000000000000000, 1.000000000000000000 ) ) ;
#1951 = DIRECTION ( 'NONE',  ( -0.000000000000000000, 0.000000000000000000, -1.000000000000000000 ) ) ;
#1952 = CARTESIAN_POINT ( 'NONE',  ( -5.999999999999999112, 6.650000000000027001, -64.55499999999999261 ) ) ;
#1953 = LINE ( 'NONE', #3190, #191 ) ;
#1954 = ORIENTED_EDGE ( 'NONE', *, *, #4768, .T. ) ;
#1955 = ORIENTED_EDGE ( 'NONE', *, *, #5114, .F. ) ;
#1956 = EDGE_CURVE ( 'NONE', #3762, #4721, #2928, .T. ) ;
#1957 = CARTESIAN_POINT ( 'NONE',  ( 18.07499999999997797, 7.649999999999999467, -77.67999999999996419 ) ) ;
#1958 = CARTESIAN_POINT ( 'NONE',  ( 28.13999999999995083, 1.000000000000000666, -50.38499999999999091 ) ) ;
#1959 = CYLINDRICAL_SURFACE ( 'NONE', #5028, 2.125000000000001776 ) ;
#1960 = CARTESIAN_POINT ( 'NONE',  ( 31.43999999999999417, 7.000000000000006217, -83.05499999999999261 ) ) ;
#1961 = VERTEX_POINT ( 'NONE', #2497 ) ;
#1962 = EDGE_CURVE ( 'NONE', #2036, #4934, #471, .T. ) ;
#1963 = ADVANCED_FACE ( 'NONE', ( #3332, #928, #4121 ), #2183, .T. ) ;
#1964 = DIRECTION ( 'NONE',  ( 0.000000000000000000, 1.000000000000000000, 0.000000000000000000 ) ) ;
#1965 = PLANE ( 'NONE',  #5252 ) ;
#1966 = VERTEX_POINT ( 'NONE', #1284 ) ;
#1967 = DIRECTION ( 'NONE',  ( 0.000000000000000000, 1.000000000000000000, 0.000000000000000000 ) ) ;
#1968 = ORIENTED_EDGE ( 'NONE', *, *, #3100, .F. ) ;
#1969 = VECTOR ( 'NONE', #3855, 1000.000000000000000 ) ;
#1970 = CARTESIAN_POINT ( 'NONE',  ( 11.57499999999998685, 7.649999999999999467, -70.55499999999996419 ) ) ;
#1971 = CARTESIAN_POINT ( 'NONE',  ( 13.57499999999998330, 7.649999999999999467, -70.55499999999996419 ) ) ;
#1972 = EDGE_CURVE ( 'NONE', #2002, #627, #2990, .T. ) ;
#1973 = VERTEX_POINT ( 'NONE', #872 ) ;
#1974 = CARTESIAN_POINT ( 'NONE',  ( -33.43999999999999062, 15.00000000000000000, -83.05499999999999261 ) ) ;
#1975 = CARTESIAN_POINT ( 'NONE',  ( -28.14000000000005386, 1.000000000000000888, -50.38499999999999091 ) ) ;
#1976 = DIRECTION ( 'NONE',  ( 0.000000000000000000, -0.000000000000000000, 1.000000000000000000 ) ) ;
#1977 = ORIENTED_EDGE ( 'NONE', *, *, #236, .F. ) ;
#1978 = ORIENTED_EDGE ( 'NONE', *, *, #3, .T. ) ;
#1979 = EDGE_CURVE ( 'NONE', #4495, #2820, #1259, .T. ) ;
#1980 = CIRCLE ( 'NONE', #1026, 2.125000000000001776 ) ;
#1981 = CARTESIAN_POINT ( 'NONE',  ( 26.63999999999995083, 2.000000000000000000, -62.05500000000001393 ) ) ;
#1982 = DIRECTION ( 'NONE',  ( -0.000000000000000000, -0.000000000000000000, -1.000000000000000000 ) ) ;
#1983 = DIRECTION ( 'NONE',  ( -0.000000000000000000, -1.000000000000000000, -0.000000000000000000 ) ) ;
#1984 = FACE_OUTER_BOUND ( 'NONE', #2887, .T. ) ;
#1985 = EDGE_LOOP ( 'NONE', ( #5030, #95, #3714, #5173 ) ) ;
#1986 = AXIS2_PLACEMENT_3D ( 'NONE', #2217, #991, #1452 ) ;
#1987 = CARTESIAN_POINT ( 'NONE',  ( 18.07499999999997797, -4.010407640085659864, -75.05499999999994998 ) ) ;
#1988 = CARTESIAN_POINT ( 'NONE',  ( 26.63999999999995083, 6.049999999999999822, -57.55500000000001393 ) ) ;
#1989 = ORIENTED_EDGE ( 'NONE', *, *, #3233, .F. ) ;
#1990 = LINE ( 'NONE', #667, #1467 ) ;
#1991 = EDGE_CURVE ( 'NONE', #3882, #1436, #496, .T. ) ;
#1992 = ORIENTED_EDGE ( 'NONE', *, *, #4761, .T. ) ;
#1993 = CIRCLE ( 'NONE', #2417, 6.500000000000005329 ) ;
#1994 = DIRECTION ( 'NONE',  ( 2.891205793294679312E-16, 0.000000000000000000, 1.000000000000000000 ) ) ;
#1995 = CARTESIAN_POINT ( 'NONE',  ( -18.07499999999997797, 7.150000000000006573, -72.92999999999994998 ) ) ;
#1996 = EDGE_CURVE ( 'NONE', #1288, #4836, #3769, .T. ) ;
#1997 = EDGE_LOOP ( 'NONE', ( #1032, #3503, #4254, #4204, #4505, #5105 ) ) ;
#1998 = LINE ( 'NONE', #1545, #2870 ) ;
#1999 = DIRECTION ( 'NONE',  ( 1.000000000000000000, -0.000000000000000000, -4.625929269271459921E-14 ) ) ;
#2000 = CARTESIAN_POINT ( 'NONE',  ( -2.255251798232997373, 4.904437486377947408, 65.95499999999999829 ) ) ;
#2001 = ORIENTED_EDGE ( 'NONE', *, *, #1214, .F. ) ;
#2002 = VERTEX_POINT ( 'NONE', #849 ) ;
#2003 = ADVANCED_FACE ( 'NONE', ( #4529 ), #3796, .T. ) ;
#2004 = DIRECTION ( 'NONE',  ( -0.000000000000000000, 1.000000000000000000, 0.000000000000000000 ) ) ;
#2005 = CIRCLE ( 'NONE', #1236, 6.500000000000005329 ) ;
#2006 = LINE ( 'NONE', #2430, #475 ) ;
#2007 = CARTESIAN_POINT ( 'NONE',  ( 18.11499999999999488, 7.000000000000000000, -62.55499999999999972 ) ) ;
#2008 = DIRECTION ( 'NONE',  ( 1.000000000000000000, 0.000000000000000000, -2.135044278125304893E-15 ) ) ;
#2009 = EDGE_LOOP ( 'NONE', ( #4861, #2083, #4332, #1472 ) ) ;
#2010 = VECTOR ( 'NONE', #596, 1000.000000000000000 ) ;
#2011 = VECTOR ( 'NONE', #5116, 1000.000000000000000 ) ;
#2012 = VECTOR ( 'NONE', #2740, 1000.000000000000000 ) ;
#2013 = VECTOR ( 'NONE', #117, 1000.000000000000000 ) ;
#2014 = AXIS2_PLACEMENT_3D ( 'NONE', #2652, #4384, #2304 ) ;
#2015 = VECTOR ( 'NONE', #4187, 1000.000000000000000 ) ;
#2016 = FACE_OUTER_BOUND ( 'NONE', #4856, .T. ) ;
#2017 = DIRECTION ( 'NONE',  ( -0.000000000000000000, -1.000000000000000000, -0.000000000000000000 ) ) ;
#2018 = ORIENTED_EDGE ( 'NONE', *, *, #432, .T. ) ;
#2019 = ORIENTED_EDGE ( 'NONE', *, *, #3477, .F. ) ;
#2020 = CYLINDRICAL_SURFACE ( 'NONE', #5134, 4.499999999999997335 ) ;
#2021 = ORIENTED_EDGE ( 'NONE', *, *, #4957, .F. ) ;
#2022 = AXIS2_PLACEMENT_3D ( 'NONE', #967, #5072, #567 ) ;
#2023 = DIRECTION ( 'NONE',  ( -1.000000000000000000, 0.000000000000000000, -1.284980352575415460E-15 ) ) ;
#2024 = CARTESIAN_POINT ( 'NONE',  ( -22.43999999999999773, 7.000000000000000000, -61.20500000000000540 ) ) ;
#2025 = AXIS2_PLACEMENT_3D ( 'NONE', #2237, #5195, #4368 ) ;
#2026 = VERTEX_POINT ( 'NONE', #1697 ) ;
#2027 = EDGE_CURVE ( 'NONE', #207, #2247, #1722, .T. ) ;
#2028 = ORIENTED_EDGE ( 'NONE', *, *, #4675, .F. ) ;
#2029 = EDGE_CURVE ( 'NONE', #3719, #5358, #5338, .T. ) ;
#2030 = ORIENTED_EDGE ( 'NONE', *, *, #4074, .T. ) ;
#2031 = AXIS2_PLACEMENT_3D ( 'NONE', #392, #1241, #3949 ) ;
#2032 = AXIS2_PLACEMENT_3D ( 'NONE', #4993, #2552, #3821 ) ;
#2033 = LINE ( 'NONE', #4109, #2434 ) ;
#2034 = LINE ( 'NONE', #2459, #3184 ) ;
#2035 = FACE_OUTER_BOUND ( 'NONE', #1985, .T. ) ;
#2036 = VERTEX_POINT ( 'NONE', #3385 ) ;
#2037 = CARTESIAN_POINT ( 'NONE',  ( -35.43999999999999773, 2.000000000000001776, 95.93739701730761738 ) ) ;
#2038 = LINE ( 'NONE', #5213, #821 ) ;
#2039 = CARTESIAN_POINT ( 'NONE',  ( 26.93999999999999773, 0.000000000000000000, -51.38499999999997669 ) ) ;
#2040 = DIRECTION ( 'NONE',  ( 0.000000000000000000, 1.000000000000000000, 0.000000000000000000 ) ) ;
#2041 = EDGE_CURVE ( 'NONE', #2541, #4153, #2073, .T. ) ;
#2042 = ORIENTED_EDGE ( 'NONE', *, *, #3544, .T. ) ;
#2043 = CARTESIAN_POINT ( 'NONE',  ( 24.22960584136115969, 6.049999999999999822, 50.35499999999995424 ) ) ;
#2044 = EDGE_CURVE ( 'NONE', #4470, #4181, #2956, .T. ) ;
#2045 = CARTESIAN_POINT ( 'NONE',  ( 35.43999999999999062, 15.00000000000000000, -83.05499999999999261 ) ) ;
#2046 = ORIENTED_EDGE ( 'NONE', *, *, #2386, .F. ) ;
#2047 = ORIENTED_EDGE ( 'NONE', *, *, #765, .F. ) ;
#2048 = FACE_OUTER_BOUND ( 'NONE', #2878, .T. ) ;
#2049 = EDGE_LOOP ( 'NONE', ( #1701, #3088, #3192, #1006 ) ) ;
#2050 = EDGE_CURVE ( 'NONE', #1038, #4106, #1669, .T. ) ;
#2051 = LINE ( 'NONE', #1112, #1426 ) ;
#2052 = CYLINDRICAL_SURFACE ( 'NONE', #202, 4.499999999999997335 ) ;
#2053 = DIRECTION ( 'NONE',  ( -1.020425574104004246E-16, 0.000000000000000000, -1.000000000000000000 ) ) ;
#2054 = ORIENTED_EDGE ( 'NONE', *, *, #209, .F. ) ;
#2055 = VECTOR ( 'NONE', #251, 1000.000000000000000 ) ;
#2056 = ORIENTED_EDGE ( 'NONE', *, *, #3689, .T. ) ;
#2057 = ORIENTED_EDGE ( 'NONE', *, *, #2289, .F. ) ;
#2058 = EDGE_CURVE ( 'NONE', #4192, #6, #4973, .T. ) ;
#2059 = EDGE_CURVE ( 'NONE', #4455, #5321, #2686, .T. ) ;
#2060 = CARTESIAN_POINT ( 'NONE',  ( -26.93999999999999062, 6.999999999999999112, -89.55499999999999261 ) ) ;
#2061 = CARTESIAN_POINT ( 'NONE',  ( 31.13999999999994728, 6.049999999999999822, -57.55499999999999261 ) ) ;
#2062 = DIRECTION ( 'NONE',  ( 0.000000000000000000, 1.000000000000000000, 0.000000000000000000 ) ) ;
#2063 = ORIENTED_EDGE ( 'NONE', *, *, #1071, .T. ) ;
#2064 = EDGE_CURVE ( 'NONE', #61, #1238, #1829, .T. ) ;
#2065 = CARTESIAN_POINT ( 'NONE',  ( -30.58999999999998920, 6.499999999999977796, -57.55499999999999261 ) ) ;
#2066 = CARTESIAN_POINT ( 'NONE',  ( 12.43999999999999595, 2.000000000000000000, -61.20500000000000540 ) ) ;
#2067 = CARTESIAN_POINT ( 'NONE',  ( -16.76499999999999702, 7.000000000000000000, -62.55499999999999972 ) ) ;
#2068 = CIRCLE ( 'NONE', #4224, 4.449999999999961098 ) ;
#2069 = CARTESIAN_POINT ( 'NONE',  ( 11.57500000000002238, -0.001999999999999831773, -82.55499999999999261 ) ) ;
#2070 = VERTEX_POINT ( 'NONE', #201 ) ;
#2071 = EDGE_CURVE ( 'NONE', #4951, #4096, #4999, .T. ) ;
#2072 = DIRECTION ( 'NONE',  ( 0.000000000000000000, 0.000000000000000000, -1.000000000000000000 ) ) ;
#2073 = LINE ( 'NONE', #1309, #315 ) ;
#2074 = VERTEX_POINT ( 'NONE', #1807 ) ;
#2075 = VERTEX_POINT ( 'NONE', #4670 ) ;
#2076 = CARTESIAN_POINT ( 'NONE',  ( -5.986717210180248827, 6.999999999999997335, 51.00499999999997414 ) ) ;
#2077 = EDGE_LOOP ( 'NONE', ( #4417, #1785, #1492, #1593, #1390 ) ) ;
#2078 = PRODUCT_DEFINITION ( 'UNKNOWN', '', #3153, #2736 ) ;
#2079 = DIRECTION ( 'NONE',  ( -1.000000000000000000, 0.000000000000000000, -0.000000000000000000 ) ) ;
#2080 = DIRECTION ( 'NONE',  ( 1.000000000000000000, 0.000000000000000000, 0.000000000000000000 ) ) ;
#2081 = CARTESIAN_POINT ( 'NONE',  ( 26.63999999999995083, 5.549999999999965183, -57.55500000000001393 ) ) ;
#2082 = CARTESIAN_POINT ( 'NONE',  ( -31.43999999999998707, 7.000000000000006217, -57.55499999999999261 ) ) ;
#2083 = ORIENTED_EDGE ( 'NONE', *, *, #4436, .T. ) ;
#2084 = EDGE_CURVE ( 'NONE', #724, #4705, #2148, .T. ) ;
#2085 = ORIENTED_EDGE ( 'NONE', *, *, #5302, .F. ) ;
#2086 = ORIENTED_EDGE ( 'NONE', *, *, #812, .T. ) ;
#2087 = DIRECTION ( 'NONE',  ( 0.000000000000000000, 1.000000000000000000, 0.000000000000000000 ) ) ;
#2088 = DIRECTION ( 'NONE',  ( 0.000000000000000000, 0.000000000000000000, 1.000000000000000000 ) ) ;
#2089 = CARTESIAN_POINT ( 'NONE',  ( -26.93999999999999062, 2.000000000000001776, -83.05499999999999261 ) ) ;
#2090 = ORIENTED_EDGE ( 'NONE', *, *, #4598, .T. ) ;
#2091 = LINE ( 'NONE', #4606, #3057 ) ;
#2092 = FACE_OUTER_BOUND ( 'NONE', #4524, .T. ) ;
#2093 = CARTESIAN_POINT ( 'NONE',  ( -26.93999999999993022, -62.43188131373440797, 87.20578397184708308 ) ) ;
#2094 = EDGE_CURVE ( 'NONE', #314, #2263, #5191, .T. ) ;
#2095 = FACE_OUTER_BOUND ( 'NONE', #5009, .T. ) ;
#2096 = ORIENTED_EDGE ( 'NONE', *, *, #88, .F. ) ;
#2097 = AXIS2_PLACEMENT_3D ( 'NONE', #2706, #2305, #3243 ) ;
#2098 = LINE ( 'NONE', #3275, #1493 ) ;
#2099 = DIRECTION ( 'NONE',  ( 0.000000000000000000, 0.000000000000000000, 1.000000000000000000 ) ) ;
#2100 = AXIS2_PLACEMENT_3D ( 'NONE', #1271, #2916, #1296 ) ;
#2101 = ORIENTED_EDGE ( 'NONE', *, *, #1814, .T. ) ;
#2102 = EDGE_CURVE ( 'NONE', #2401, #87, #4723, .T. ) ;
#2103 = VERTEX_POINT ( 'NONE', #1036 ) ;
#2104 = CIRCLE ( 'NONE', #5176, 2.625000000000002220 ) ;
#2105 = DIRECTION ( 'NONE',  ( -0.000000000000000000, 1.000000000000000000, -0.000000000000000000 ) ) ;
#2106 = AXIS2_PLACEMENT_3D ( 'NONE', #1554, #762, #1149 ) ;
#2107 = AXIS2_PLACEMENT_3D ( 'NONE', #1365, #4770, #1806 ) ;
#2108 = VERTEX_POINT ( 'NONE', #2607 ) ;
#2109 = VECTOR ( 'NONE', #2322, 1000.000000000000000 ) ;
#2110 = FACE_OUTER_BOUND ( 'NONE', #5274, .T. ) ;
#2111 = VECTOR ( 'NONE', #1797, 1000.000000000000000 ) ;
#2112 = FACE_OUTER_BOUND ( 'NONE', #853, .T. ) ;
#2113 = DIRECTION ( 'NONE',  ( -1.000000000000000000, 0.000000000000000000, 0.000000000000000000 ) ) ;
#2114 = EDGE_CURVE ( 'NONE', #2709, #2834, #4381, .T. ) ;
#2115 = VERTEX_POINT ( 'NONE', #1469 ) ;
#2116 = VERTEX_POINT ( 'NONE', #3098 ) ;
#2117 = VECTOR ( 'NONE', #3841, 1000.000000000000000 ) ;
#2118 = PLANE ( 'NONE',  #3910 ) ;
#2119 = DIRECTION ( 'NONE',  ( -0.000000000000000000, -1.000000000000000000, -0.000000000000000000 ) ) ;
#2120 = CARTESIAN_POINT ( 'NONE',  ( 11.57499999999998508, 2.000000000000000000, -79.55499999999996419 ) ) ;
#2121 = CIRCLE ( 'NONE', #4884, 4.500000000000017764 ) ;
#2122 = EDGE_LOOP ( 'NONE', ( #2382, #768, #5270, #1861, #4282, #5029 ) ) ;
#2123 = CARTESIAN_POINT ( 'NONE',  ( -26.64000000000003610, 6.999999999999999112, 51.00499999999996703 ) ) ;
#2124 = AXIS2_PLACEMENT_3D ( 'NONE', #5101, #141, #5126 ) ;
#2125 = FACE_OUTER_BOUND ( 'NONE', #1706, .T. ) ;
#2126 = CARTESIAN_POINT ( 'NONE',  ( -26.93999999999999062, 15.00000000000000000, -91.55499999999999261 ) ) ;
#2127 = FACE_OUTER_BOUND ( 'NONE', #1580, .T. ) ;
#2128 = ORIENTED_EDGE ( 'NONE', *, *, #3180, .T. ) ;
#2129 = ADVANCED_FACE ( 'NONE', ( #4259 ), #607, .F. ) ;
#2130 = CARTESIAN_POINT ( 'NONE',  ( 12.43999999999999417, 7.000000000000000000, -62.55499999999999972 ) ) ;
#2131 = CARTESIAN_POINT ( 'NONE',  ( 26.93999999999999773, 7.000000000000006217, -89.55499999999999261 ) ) ;
#2132 = EDGE_LOOP ( 'NONE', ( #1905, #4636, #4895, #149, #5037, #3527, #2608, #1012, #2874, #1466 ) ) ;
#2133 = EDGE_CURVE ( 'NONE', #2075, #4075, #3042, .T. ) ;
#2134 = EDGE_CURVE ( 'NONE', #5113, #4875, #1857, .T. ) ;
#2135 = ORIENTED_EDGE ( 'NONE', *, *, #2618, .F. ) ;
#2136 = CARTESIAN_POINT ( 'NONE',  ( -26.64000000000005031, 6.049999999999999822, -57.55499999999999261 ) ) ;
#2137 = ORIENTED_EDGE ( 'NONE', *, *, #329, .T. ) ;
#2138 = LINE ( 'NONE', #2476, #5148 ) ;
#2139 = DIRECTION ( 'NONE',  ( -0.000000000000000000, -1.000000000000000000, -0.000000000000000000 ) ) ;
#2140 = DIRECTION ( 'NONE',  ( -0.000000000000000000, 1.000000000000000000, -0.000000000000000000 ) ) ;
#2141 = ORIENTED_EDGE ( 'NONE', *, *, #3107, .T. ) ;
#2142 = ORIENTED_EDGE ( 'NONE', *, *, #554, .F. ) ;
#2143 = EDGE_CURVE ( 'NONE', #3191, #2728, #5165, .T. ) ;
#2144 = DIRECTION ( 'NONE',  ( 0.000000000000000000, 1.000000000000000000, 0.000000000000000000 ) ) ;
#2145 = DIRECTION ( 'NONE',  ( -0.000000000000000000, -1.000000000000000000, -0.000000000000000000 ) ) ;
#2146 = CARTESIAN_POINT ( 'NONE',  ( -6.000000000000001776, 2.000000000000000000, -83.55499999999999261 ) ) ;
#2147 = ORIENTED_EDGE ( 'NONE', *, *, #3521, .T. ) ;
#2148 = CIRCLE ( 'NONE', #1537, 4.500000000000017764 ) ;
#2149 = DIRECTION ( 'NONE',  ( -0.000000000000000000, -0.000000000000000000, -1.000000000000000000 ) ) ;
#2150 = DIRECTION ( 'NONE',  ( -1.000000000000000000, 0.000000000000000000, 0.000000000000000000 ) ) ;
#2151 = DIRECTION ( 'NONE',  ( -0.000000000000000000, -1.000000000000000000, -0.000000000000000000 ) ) ;
#2152 = CARTESIAN_POINT ( 'NONE',  ( 5.999999987092584419, 4.404437487353918712, 50.50499999999995282 ) ) ;
#2153 = VERTEX_POINT ( 'NONE', #2658 ) ;
#2154 = ADVANCED_FACE ( 'NONE', ( #1065 ), #3904, .T. ) ;
#2155 = VECTOR ( 'NONE', #3542, 1000.000000000000000 ) ;
#2156 = CARTESIAN_POINT ( 'NONE',  ( 5.999999999999998224, 2.000000000000001776, -83.55499999999999261 ) ) ;
#2157 = DIRECTION ( 'NONE',  ( 0.000000000000000000, 1.000000000000000000, 0.000000000000000000 ) ) ;
#2158 = ORIENTED_EDGE ( 'NONE', *, *, #1033, .F. ) ;
#2159 = ORIENTED_EDGE ( 'NONE', *, *, #2877, .F. ) ;
#2160 = ORIENTED_EDGE ( 'NONE', *, *, #2748, .F. ) ;
#2161 = ORIENTED_EDGE ( 'NONE', *, *, #4230, .F. ) ;
#2162 = DIRECTION ( 'NONE',  ( 1.000000000000000000, 0.000000000000000000, 0.000000000000000000 ) ) ;
#2163 = DIRECTION ( 'NONE',  ( -1.020425574104004246E-16, 0.000000000000000000, -1.000000000000000000 ) ) ;
#2164 = LINE ( 'NONE', #1732, #2320 ) ;
#2165 = EDGE_CURVE ( 'NONE', #4463, #2834, #4330, .T. ) ;
#2166 = ORIENTED_EDGE ( 'NONE', *, *, #279, .F. ) ;
#2167 = ORIENTED_EDGE ( 'NONE', *, *, #1071, .F. ) ;
#2168 = AXIS2_PLACEMENT_3D ( 'NONE', #3231, #5222, #1942 ) ;
#2169 = LINE ( 'NONE', #2266, #2358 ) ;
#2170 = DIRECTION ( 'NONE',  ( 0.000000000000000000, 0.000000000000000000, -1.000000000000000000 ) ) ;
#2171 = DIRECTION ( 'NONE',  ( 1.000000000000000000, -0.000000000000000000, 0.000000000000000000 ) ) ;
#2172 = EDGE_CURVE ( 'NONE', #3767, #3191, #1881, .T. ) ;
#2173 = VERTEX_POINT ( 'NONE', #4363 ) ;
#2174 = VECTOR ( 'NONE', #3171, 1000.000000000000000 ) ;
#2175 = VECTOR ( 'NONE', #4025, 1000.000000000000000 ) ;
#2176 = CARTESIAN_POINT ( 'NONE',  ( 22.43999999999999773, 7.000000000000000000, -62.55499999999999972 ) ) ;
#2177 = DIRECTION ( 'NONE',  ( 1.000000000000000000, 0.000000000000000000, 0.000000000000000000 ) ) ;
#2178 = FACE_OUTER_BOUND ( 'NONE', #3101, .T. ) ;
#2179 = CARTESIAN_POINT ( 'NONE',  ( -30.58999999999998920, -104.7725234327390211, 46.55499999999999972 ) ) ;
#2180 = ORIENTED_EDGE ( 'NONE', *, *, #963, .F. ) ;
#2181 = ADVANCED_FACE ( 'NONE', ( #661 ), #4037, .F. ) ;
#2182 = LINE ( 'NONE', #5083, #3651 ) ;
#2183 = PLANE ( 'NONE',  #3691 ) ;
#2184 = ORIENTED_EDGE ( 'NONE', *, *, #4107, .F. ) ;
#2185 = ORIENTED_EDGE ( 'NONE', *, *, #2436, .F. ) ;
#2186 = ORIENTED_EDGE ( 'NONE', *, *, #349, .T. ) ;
#2187 = DIRECTION ( 'NONE',  ( -1.239088197126290570E-16, 0.000000000000000000, -1.000000000000000000 ) ) ;
#2188 = FACE_OUTER_BOUND ( 'NONE', #1184, .T. ) ;
#2189 = MECHANICAL_DESIGN_GEOMETRIC_PRESENTATION_REPRESENTATION (  '', ( #2437 ), #2866 ) ;
#2190 = CARTESIAN_POINT ( 'NONE',  ( 30.58999999999998920, 6.049999999999999822, 46.55499999999999972 ) ) ;
#2191 = ORIENTED_EDGE ( 'NONE', *, *, #4573, .F. ) ;
#2192 = VECTOR ( 'NONE', #3891, 1000.000000000000000 ) ;
#2193 = ORIENTED_EDGE ( 'NONE', *, *, #3981, .F. ) ;
#2194 = DIRECTION ( 'NONE',  ( 0.000000000000000000, -0.000000000000000000, 1.000000000000000000 ) ) ;
#2195 = EDGE_CURVE ( 'NONE', #1069, #3045, #3016, .T. ) ;
#2196 = CARTESIAN_POINT ( 'NONE',  ( -26.93999999999997641, 15.00000000000000000, 75.05499999999999261 ) ) ;
#2197 = DIRECTION ( 'NONE',  ( -9.904923137402368115E-17, 0.000000000000000000, -1.000000000000000000 ) ) ;
#2198 = EDGE_CURVE ( 'NONE', #721, #4881, #4907, .T. ) ;
#2199 = VERTEX_POINT ( 'NONE', #3656 ) ;
#2200 = AXIS2_PLACEMENT_3D ( 'NONE', #1757, #503, #1678 ) ;
#2201 = CARTESIAN_POINT ( 'NONE',  ( 6.624748585550039870, 15.00000000000000000, 65.95499999999999829 ) ) ;
#2202 = CARTESIAN_POINT ( 'NONE',  ( 35.43999999999999062, 2.000000000000001776, -83.05499999999999261 ) ) ;
#2203 = DIRECTION ( 'NONE',  ( 0.000000000000000000, 1.000000000000000000, 0.000000000000000000 ) ) ;
#2204 = DIRECTION ( 'NONE',  ( -1.000000000000000000, 0.000000000000000000, -0.000000000000000000 ) ) ;
#2205 = ORIENTED_EDGE ( 'NONE', *, *, #2198, .T. ) ;
#2206 = ORIENTED_EDGE ( 'NONE', *, *, #4214, .T. ) ;
#2207 = AXIS2_PLACEMENT_3D ( 'NONE', #1157, #3986, #4832 ) ;
#2208 = CARTESIAN_POINT ( 'NONE',  ( -28.14000000000004320, 1.000000000000000888, 33.93500000000000938 ) ) ;
#2209 = AXIS2_PLACEMENT_3D ( 'NONE', #3848, #142, #463 ) ;
#2210 = CARTESIAN_POINT ( 'NONE',  ( 2.255260741850635853, 4.904437486911201738, 51.00499999999995993 ) ) ;
#2211 = VERTEX_POINT ( 'NONE', #3170 ) ;
#2212 = EDGE_LOOP ( 'NONE', ( #4308, #2632, #255, #2376 ) ) ;
#2213 = EDGE_LOOP ( 'NONE', ( #2359, #2577, #952, #2846, #5289, #3999 ) ) ;
#2214 = PLANE ( 'NONE',  #813 ) ;
#2215 = CARTESIAN_POINT ( 'NONE',  ( -6.000000000000001776, -22.18677324489565095, -85.55499999999999261 ) ) ;
#2216 = LINE ( 'NONE', #98, #2012 ) ;
#2217 = CARTESIAN_POINT ( 'NONE',  ( -26.93999999999999062, 7.000000000000006217, -83.05499999999999261 ) ) ;
#2218 = ORIENTED_EDGE ( 'NONE', *, *, #683, .T. ) ;
#2219 = CARTESIAN_POINT ( 'NONE',  ( -26.93999999999999062, 15.00000000000000000, -91.55499999999999261 ) ) ;
#2220 = LINE ( 'NONE', #159, #1743 ) ;
#2221 = CARTESIAN_POINT ( 'NONE',  ( 33.43999999999998352, 15.00000000000000000, 57.05499999999999261 ) ) ;
#2222 = ORIENTED_EDGE ( 'NONE', *, *, #5081, .T. ) ;
#2223 = ADVANCED_FACE ( 'NONE', ( #1146 ), #2738, .F. ) ;
#2224 = DIRECTION ( 'NONE',  ( 1.000000000000000000, 0.000000000000000000, -0.000000000000000000 ) ) ;
#2225 = DIRECTION ( 'NONE',  ( 1.234385775125811480E-16, 0.000000000000000000, 1.000000000000000000 ) ) ;
#2226 = CARTESIAN_POINT ( 'NONE',  ( 11.57499999999998508, 7.649999999999999467, -79.55499999999996419 ) ) ;
#2227 = DIRECTION ( 'NONE',  ( -0.000000000000000000, -1.000000000000000000, -0.000000000000000000 ) ) ;
#2228 = VERTEX_POINT ( 'NONE', #3195 ) ;
#2229 = ORIENTED_EDGE ( 'NONE', *, *, #5240, .F. ) ;
#2230 = ADVANCED_FACE ( 'NONE', ( #4445 ), #2404, .T. ) ;
#2231 = AXIS2_PLACEMENT_3D ( 'NONE', #1158, #413, #4584 ) ;
#2232 = DIRECTION ( 'NONE',  ( 0.000000000000000000, 0.000000000000000000, 1.000000000000000000 ) ) ;
#2233 = CARTESIAN_POINT ( 'NONE',  ( 13.57499999999998330, 7.649999999999999467, -64.55499999999999261 ) ) ;
#2234 = CARTESIAN_POINT ( 'NONE',  ( -33.43999999999998352, 15.00000000000000000, 57.05499999999999261 ) ) ;
#2235 = ORIENTED_EDGE ( 'NONE', *, *, #1788, .T. ) ;
#2236 = VERTEX_POINT ( 'NONE', #5282 ) ;
#2237 = CARTESIAN_POINT ( 'NONE',  ( 26.64000000000003610, -104.7725234327390211, 46.55499999999999972 ) ) ;
#2238 = CARTESIAN_POINT ( 'NONE',  ( 18.07499999999997797, 7.649999999999999467, -72.42999999999994998 ) ) ;
#2239 = DIRECTION ( 'NONE',  ( 0.000000000000000000, 1.000000000000000000, 0.000000000000000000 ) ) ;
#2240 = ORIENTED_EDGE ( 'NONE', *, *, #5043, .F. ) ;
#2241 = ORIENTED_EDGE ( 'NONE', *, *, #3944, .F. ) ;
#2242 = VECTOR ( 'NONE', #5016, 1000.000000000000114 ) ;
#2243 = LINE ( 'NONE', #565, #542 ) ;
#2244 = CARTESIAN_POINT ( 'NONE',  ( 2.255319342671044947, 4.404437486911204402, 50.50499999999995282 ) ) ;
#2245 = FACE_BOUND ( 'NONE', #1720, .T. ) ;
#2246 = VECTOR ( 'NONE', #723, 1000.000000000000000 ) ;
#2247 = VERTEX_POINT ( 'NONE', #1577 ) ;
#2248 = DIRECTION ( 'NONE',  ( 0.000000000000000000, 0.000000000000000000, 1.000000000000000000 ) ) ;
#2249 = LINE ( 'NONE', #3035, #2373 ) ;
#2250 = CARTESIAN_POINT ( 'NONE',  ( -18.07499999999997797, 2.000000000000000000, -75.05499999999994998 ) ) ;
#2251 = CARTESIAN_POINT ( 'NONE',  ( 11.57499999999998153, 7.649999999999999467, -83.55499999999999261 ) ) ;
#2252 = VERTEX_POINT ( 'NONE', #4057 ) ;
#2253 = ORIENTED_EDGE ( 'NONE', *, *, #4007, .F. ) ;
#2254 = ORIENTED_EDGE ( 'NONE', *, *, #1516, .T. ) ;
#2255 = CARTESIAN_POINT ( 'NONE',  ( -33.43999999999997641, 6.999999999999992006, 80.70578397184705466 ) ) ;
#2256 = DIRECTION ( 'NONE',  ( 0.000000000000000000, 0.000000000000000000, 1.000000000000000000 ) ) ;
#2257 = DIRECTION ( 'NONE',  ( -0.000000000000000000, 1.000000000000000000, -0.000000000000000000 ) ) ;
#2258 = ORIENTED_EDGE ( 'NONE', *, *, #5012, .F. ) ;
#2259 = ORIENTED_EDGE ( 'NONE', *, *, #812, .F. ) ;
#2260 = CARTESIAN_POINT ( 'NONE',  ( 29.13999999999993662, 0.000000000000000000, -51.38499999999997669 ) ) ;
#2261 = CARTESIAN_POINT ( 'NONE',  ( 26.93999999999993733, 15.00000000000000000, 68.55500000000000682 ) ) ;
#2262 = DIRECTION ( 'NONE',  ( -0.000000000000000000, -1.000000000000000000, -0.000000000000000000 ) ) ;
#2263 = VERTEX_POINT ( 'NONE', #1122 ) ;
#2264 = VECTOR ( 'NONE', #5023, 1000.000000000000000 ) ;
#2265 = ADVANCED_FACE ( 'NONE', ( #709 ), #3578, .T. ) ;
#2266 = CARTESIAN_POINT ( 'NONE',  ( -9.075000000000022382, -0.001999999999999831773, -70.55499999999999261 ) ) ;
#2267 = VECTOR ( 'NONE', #4986, 1000.000000000000000 ) ;
#2268 = CARTESIAN_POINT ( 'NONE',  ( -26.93999999999999062, 2.000000000000000000, -87.55499999999999261 ) ) ;
#2269 = CARTESIAN_POINT ( 'NONE',  ( 18.11499999999999488, 2.000000000000000000, -62.55499999999999972 ) ) ;
#2270 = AXIS2_PLACEMENT_3D ( 'NONE', #4560, #1725, #2932 ) ;
#2271 = VECTOR ( 'NONE', #1883, 1000.000000000000000 ) ;
#2272 = AXIS2_PLACEMENT_3D ( 'NONE', #2657, #4258, #5190 ) ;
#2273 = ORIENTED_EDGE ( 'NONE', *, *, #4851, .F. ) ;
#2274 = VECTOR ( 'NONE', #3469, 1000.000000000000114 ) ;
#2275 = VECTOR ( 'NONE', #1082, 1000.000000000000114 ) ;
#2276 = DIRECTION ( 'NONE',  ( 0.000000000000000000, 1.000000000000000000, 0.000000000000000000 ) ) ;
#2277 = FACE_OUTER_BOUND ( 'NONE', #3593, .T. ) ;
#2278 = CARTESIAN_POINT ( 'NONE',  ( -2.255251798232997373, 4.904437486377947408, 65.95499999999999829 ) ) ;
#2279 = LINE ( 'NONE', #3931, #4335 ) ;
#2280 = ORIENTED_EDGE ( 'NONE', *, *, #4904, .F. ) ;
#2281 = VERTEX_POINT ( 'NONE', #3146 ) ;
#2282 = ORIENTED_EDGE ( 'NONE', *, *, #1788, .F. ) ;
#2283 = EDGE_CURVE ( 'NONE', #1530, #2931, #4803, .T. ) ;
#2284 = FACE_OUTER_BOUND ( 'NONE', #3526, .T. ) ;
#2285 = CARTESIAN_POINT ( 'NONE',  ( -26.64000000000005031, 6.049999999999999822, -57.55499999999999261 ) ) ;
#2286 = CARTESIAN_POINT ( 'NONE',  ( 31.09000000000000341, 6.999999999999999112, 46.55499999999999972 ) ) ;
#2287 = VECTOR ( 'NONE', #3716, 1000.000000000000000 ) ;
#2288 = ORIENTED_EDGE ( 'NONE', *, *, #3895, .F. ) ;
#2289 = EDGE_CURVE ( 'NONE', #4705, #4593, #2038, .T. ) ;
#2290 = AXIS2_PLACEMENT_3D ( 'NONE', #3739, #2896, #4551 ) ;
#2291 = LINE ( 'NONE', #1397, #4972 ) ;
#2292 = EDGE_CURVE ( 'NONE', #2338, #4660, #3846, .T. ) ;
#2293 = ADVANCED_FACE ( 'NONE', ( #322 ), #990, .F. ) ;
#2294 = DIRECTION ( 'NONE',  ( 0.000000000000000000, 1.000000000000000000, 0.000000000000000000 ) ) ;
#2295 = AXIS2_PLACEMENT_3D ( 'NONE', #273, #345, #1933 ) ;
#2296 = DIRECTION ( 'NONE',  ( -1.239088197126290570E-16, 0.000000000000000000, -1.000000000000000000 ) ) ;
#2297 = EDGE_CURVE ( 'NONE', #213, #4691, #1199, .T. ) ;
#2298 = ORIENTED_EDGE ( 'NONE', *, *, #4890, .F. ) ;
#2299 = FACE_OUTER_BOUND ( 'NONE', #3666, .T. ) ;
#2300 = DIRECTION ( 'NONE',  ( 0.000000000000000000, 1.000000000000000000, 0.000000000000000000 ) ) ;
#2301 = ORIENTED_EDGE ( 'NONE', *, *, #398, .T. ) ;
#2302 = CARTESIAN_POINT ( 'NONE',  ( 30.43999999999998707, 6.049999999999999822, -55.14460584136107713 ) ) ;
#2303 = DIRECTION ( 'NONE',  ( 1.000000000000000000, 0.000000000000000000, 0.000000000000000000 ) ) ;
#2304 = DIRECTION ( 'NONE',  ( 0.000000000000000000, 0.000000000000000000, 1.000000000000000000 ) ) ;
#2305 = DIRECTION ( 'NONE',  ( 0.000000000000000000, 1.000000000000000000, 0.000000000000000000 ) ) ;
#2306 = ORIENTED_EDGE ( 'NONE', *, *, #4536, .F. ) ;
#2307 = DIRECTION ( 'NONE',  ( 0.000000000000000000, 1.000000000000000000, 0.000000000000000000 ) ) ;
#2308 = CARTESIAN_POINT ( 'NONE',  ( 18.07499999999997797, 7.150000000000006573, -75.05499999999994998 ) ) ;
#2309 = LINE ( 'NONE', #2286, #5077 ) ;
#2310 = CARTESIAN_POINT ( 'NONE',  ( 33.43999999999998352, 15.00000000000000000, 75.05500000000004945 ) ) ;
#2311 = EDGE_CURVE ( 'NONE', #3953, #4983, #1177, .T. ) ;
#2312 = ORIENTED_EDGE ( 'NONE', *, *, #4583, .F. ) ;
#2313 = VECTOR ( 'NONE', #3305, 1000.000000000000000 ) ;
#2314 = DIRECTION ( 'NONE',  ( 1.000000000000000000, 0.000000000000000000, -1.232923579230140113E-16 ) ) ;
#2315 = CARTESIAN_POINT ( 'NONE',  ( -16.76499999999999702, 7.000000000000000000, -69.55500000000000682 ) ) ;
#2316 = DIRECTION ( 'NONE',  ( 1.000000000000000000, -0.000000000000000000, 0.000000000000000000 ) ) ;
#2317 = ORIENTED_EDGE ( 'NONE', *, *, #3193, .T. ) ;
#2318 = CIRCLE ( 'NONE', #3102, 2.125000000000001776 ) ;
#2319 = EDGE_CURVE ( 'NONE', #290, #5188, #2334, .T. ) ;
#2320 = VECTOR ( 'NONE', #449, 1000.000000000000000 ) ;
#2321 = VERTEX_POINT ( 'NONE', #3247 ) ;
#2322 = DIRECTION ( 'NONE',  ( -1.000000000000000000, -0.000000000000000000, -0.000000000000000000 ) ) ;
#2323 = FACE_OUTER_BOUND ( 'NONE', #3433, .T. ) ;
#2324 = ORIENTED_EDGE ( 'NONE', *, *, #1531, .F. ) ;
#2325 = CARTESIAN_POINT ( 'NONE',  ( 31.43999999999998352, 2.000000000000000000, -83.05499999999999261 ) ) ;
#2326 = ADVANCED_FACE ( 'NONE', ( #2837 ), #4012, .T. ) ;
#2327 = VECTOR ( 'NONE', #4478, 1000.000000000000000 ) ;
#2328 = CARTESIAN_POINT ( 'NONE',  ( -12.43999999999999417, 2.000000000000000000, -62.55499999999999972 ) ) ;
#2329 = LINE ( 'NONE', #245, #1322 ) ;
#2330 = DIRECTION ( 'NONE',  ( 0.000000000000000000, 0.000000000000000000, 1.000000000000000000 ) ) ;
#2331 = VERTEX_POINT ( 'NONE', #685 ) ;
#2332 = ADVANCED_FACE ( 'NONE', ( #3982 ), #785, .F. ) ;
#2333 = DIRECTION ( 'NONE',  ( -0.000000000000000000, -1.000000000000000000, -0.000000000000000000 ) ) ;
#2334 = LINE ( 'NONE', #4389, #133 ) ;
#2335 = CARTESIAN_POINT ( 'NONE',  ( 33.43999999999999062, 15.00000000000000000, -83.05499999999999261 ) ) ;
#2336 = EDGE_CURVE ( 'NONE', #4746, #2487, #2006, .T. ) ;
#2337 = CARTESIAN_POINT ( 'NONE',  ( 26.93999999999999773, 7.000000000000006217, -87.55499999999999261 ) ) ;
#2338 = VERTEX_POINT ( 'NONE', #379 ) ;
#2339 = LINE ( 'NONE', #5286, #5061 ) ;
#2340 = DIRECTION ( 'NONE',  ( 4.952461568701184058E-17, 0.000000000000000000, 1.000000000000000000 ) ) ;
#2341 = ORIENTED_EDGE ( 'NONE', *, *, #2102, .T. ) ;
#2342 = CARTESIAN_POINT ( 'NONE',  ( -12.43999999999999595, 7.000000000000000000, -61.20500000000000540 ) ) ;
#2343 = ORIENTED_EDGE ( 'NONE', *, *, #41, .T. ) ;
#2344 = PLANE ( 'NONE',  #2701 ) ;
#2345 = CARTESIAN_POINT ( 'NONE',  ( -26.93999999999997286, 15.00000000000000000, 57.05499999999999261 ) ) ;
#2346 = EDGE_LOOP ( 'NONE', ( #298, #507, #4671, #3519 ) ) ;
#2347 = CIRCLE ( 'NONE', #794, 4.500000000000017764 ) ;
#2348 = EDGE_CURVE ( 'NONE', #3622, #4124, #217, .T. ) ;
#2349 = DIRECTION ( 'NONE',  ( 0.000000000000000000, 0.000000000000000000, 1.000000000000000000 ) ) ;
#2350 = EDGE_CURVE ( 'NONE', #3650, #45, #406, .T. ) ;
#2351 = DIRECTION ( 'NONE',  ( 0.000000000000000000, 0.000000000000000000, 1.000000000000000000 ) ) ;
#2352 = VECTOR ( 'NONE', #2340, 1000.000000000000000 ) ;
#2353 = CARTESIAN_POINT ( 'NONE',  ( -26.93999999999999062, 15.00000000000000000, -83.05499999999999261 ) ) ;
#2354 = DIRECTION ( 'NONE',  ( 0.000000000000000000, 1.000000000000000000, 0.000000000000000000 ) ) ;
#2355 = VECTOR ( 'NONE', #464, 1000.000000000000000 ) ;
#2356 = ORIENTED_EDGE ( 'NONE', *, *, #1331, .F. ) ;
#2357 = VECTOR ( 'NONE', #2948, 1000.000000000000000 ) ;
#2358 = VECTOR ( 'NONE', #3922, 1000.000000000000000 ) ;
#2359 = ORIENTED_EDGE ( 'NONE', *, *, #2967, .T. ) ;
#2360 = VECTOR ( 'NONE', #3064, 1000.000000000000000 ) ;
#2361 = CARTESIAN_POINT ( 'NONE',  ( -9.075000000000022382, 0.5000000000000000000, -82.55499999999999261 ) ) ;
#2362 = DIRECTION ( 'NONE',  ( 0.000000000000000000, 1.000000000000000000, 0.000000000000000000 ) ) ;
#2363 = DIRECTION ( 'NONE',  ( 0.000000000000000000, 0.000000000000000000, 1.000000000000000000 ) ) ;
#2364 = FACE_OUTER_BOUND ( 'NONE', #1159, .T. ) ;
#2365 = VERTEX_POINT ( 'NONE', #1333 ) ;
#2366 = CARTESIAN_POINT ( 'NONE',  ( 26.63999999999995083, 6.049999999999999822, -57.55500000000001393 ) ) ;
#2367 = VECTOR ( 'NONE', #4196, 1000.000000000000000 ) ;
#2368 = EDGE_CURVE ( 'NONE', #2609, #743, #5047, .T. ) ;
#2369 = PLANE ( 'NONE',  #2231 ) ;
#2370 = ORIENTED_EDGE ( 'NONE', *, *, #432, .F. ) ;
#2371 = DIRECTION ( 'NONE',  ( 0.000000000000000000, 0.000000000000000000, -1.000000000000000000 ) ) ;
#2372 = ORIENTED_EDGE ( 'NONE', *, *, #3811, .F. ) ;
#2373 = VECTOR ( 'NONE', #1461, 1000.000000000000000 ) ;
#2374 = LINE ( 'NONE', #1048, #717 ) ;
#2375 = DIRECTION ( 'NONE',  ( -0.000000000000000000, -1.000000000000000000, -0.000000000000000000 ) ) ;
#2376 = ORIENTED_EDGE ( 'NONE', *, *, #934, .F. ) ;
#2377 = DIRECTION ( 'NONE',  ( -1.239088197126290570E-16, 0.000000000000000000, -1.000000000000000000 ) ) ;
#2378 = DIRECTION ( 'NONE',  ( 0.000000000000000000, 1.000000000000000000, 0.000000000000000000 ) ) ;
#2379 = DIRECTION ( 'NONE',  ( 0.000000000000000000, 0.000000000000000000, -1.000000000000000000 ) ) ;
#2380 = CARTESIAN_POINT ( 'NONE',  ( 26.93999999999999773, 2.000000000000000000, -83.05499999999999261 ) ) ;
#2381 = ORIENTED_EDGE ( 'NONE', *, *, #719, .T. ) ;
#2382 = ORIENTED_EDGE ( 'NONE', *, *, #1879, .F. ) ;
#2383 = PRESENTATION_STYLE_ASSIGNMENT (( #1145 ) ) ;
#2384 = DIRECTION ( 'NONE',  ( -0.000000000000000000, -1.000000000000000000, -0.000000000000000000 ) ) ;
#2385 = CARTESIAN_POINT ( 'NONE',  ( -26.64000000000005031, 1.049999999999999822, -55.42999999999999261 ) ) ;
#2386 = EDGE_CURVE ( 'NONE', #2211, #750, #2895, .T. ) ;
#2387 = CARTESIAN_POINT ( 'NONE',  ( 5.986214009032962302, 6.999999999999995559, 51.00499999999996703 ) ) ;
#2388 = EDGE_LOOP ( 'NONE', ( #580, #659, #2047, #3201 ) ) ;
#2389 = FACE_BOUND ( 'NONE', #4410, .T. ) ;
#2390 = DIRECTION ( 'NONE',  ( -0.5773502691896221783, 0.5773502691896296168, -0.5773502691896255090 ) ) ;
#2391 = ORIENTED_EDGE ( 'NONE', *, *, #3689, .F. ) ;
#2392 = LINE ( 'NONE', #3130, #1820 ) ;
#2393 = ORIENTED_EDGE ( 'NONE', *, *, #3072, .T. ) ;
#2394 = VECTOR ( 'NONE', #227, 1000.000000000000227 ) ;
#2395 = CARTESIAN_POINT ( 'NONE',  ( 18.07499999999997797, 2.000000000000000000, -79.55499999999996419 ) ) ;
#2396 = DIRECTION ( 'NONE',  ( 8.260587980841936314E-17, 0.000000000000000000, 1.000000000000000000 ) ) ;
#2397 = ORIENTED_EDGE ( 'NONE', *, *, #621, .F. ) ;
#2398 = CARTESIAN_POINT ( 'NONE',  ( -22.43999999999999773, 7.000000000000000000, -62.55499999999999972 ) ) ;
#2399 = DIRECTION ( 'NONE',  ( 0.000000000000000000, 1.000000000000000000, 0.000000000000000000 ) ) ;
#2400 = CARTESIAN_POINT ( 'NONE',  ( 26.63999999999996504, 1.049999999999999822, 46.55499999999999261 ) ) ;
#2401 = VERTEX_POINT ( 'NONE', #2066 ) ;
#2402 = EDGE_LOOP ( 'NONE', ( #3116, #987, #2372, #100 ) ) ;
#2403 = LINE ( 'NONE', #684, #3392 ) ;
#2404 = CYLINDRICAL_SURFACE ( 'NONE', #3415, 4.499999999999997335 ) ;
#2405 = PLANE ( 'NONE',  #3368 ) ;
#2406 = DIRECTION ( 'NONE',  ( 0.000000000000000000, 1.000000000000000000, 0.000000000000000000 ) ) ;
#2407 = ORIENTED_EDGE ( 'NONE', *, *, #602, .F. ) ;
#2408 = AXIS2_PLACEMENT_3D ( 'NONE', #1131, #3202, #3588 ) ;
#2409 = CYLINDRICAL_SURFACE ( 'NONE', #2452, 2.125000000000001776 ) ;
#2410 = CARTESIAN_POINT ( 'NONE',  ( -18.07499999999997797, 7.649999999999999467, -75.05499999999994998 ) ) ;
#2411 = EDGE_CURVE ( 'NONE', #5251, #756, #4449, .T. ) ;
#2412 = EDGE_LOOP ( 'NONE', ( #1045, #3043, #13, #1860 ) ) ;
#2413 = EDGE_CURVE ( 'NONE', #4765, #3674, #3711, .T. ) ;
#2414 = ORIENTED_EDGE ( 'NONE', *, *, #1134, .T. ) ;
#2415 = PLANE ( 'NONE',  #772 ) ;
#2416 = ORIENTED_EDGE ( 'NONE', *, *, #5111, .T. ) ;
#2417 = AXIS2_PLACEMENT_3D ( 'NONE', #4414, #710, #2363 ) ;
#2418 = CARTESIAN_POINT ( 'NONE',  ( 26.63999999999995083, 6.049999999999999822, -57.55500000000001393 ) ) ;
#2419 = CARTESIAN_POINT ( 'NONE',  ( -11.57500000000001705, 0.5000000000000004441, -70.55499999999999261 ) ) ;
#2420 = EDGE_LOOP ( 'NONE', ( #283, #2507, #1285, #581 ) ) ;
#2421 = ORIENTED_EDGE ( 'NONE', *, *, #2348, .F. ) ;
#2422 = EDGE_CURVE ( 'NONE', #3968, #2173, #1717, .T. ) ;
#2423 = DIRECTION ( 'NONE',  ( -0.000000000000000000, -1.000000000000000000, -0.000000000000000000 ) ) ;
#2424 = DIRECTION ( 'NONE',  ( -1.234385775125811480E-16, 0.000000000000000000, -1.000000000000000000 ) ) ;
#2425 = CARTESIAN_POINT ( 'NONE',  ( -30.58999999999998920, 6.049999999999999822, -55.14460584136107002 ) ) ;
#2426 = ORIENTED_EDGE ( 'NONE', *, *, #1330, .F. ) ;
#2427 = EDGE_CURVE ( 'NONE', #5239, #588, #3505, .T. ) ;
#2428 = CARTESIAN_POINT ( 'NONE',  ( -13.57500000000001883, 2.000000000000000000, -85.55499999999999261 ) ) ;
#2429 = AXIS2_PLACEMENT_3D ( 'NONE', #2678, #4688, #1490 ) ;
#2430 = CARTESIAN_POINT ( 'NONE',  ( 12.43999999999999595, 6.500000000000000000, -61.20500000000000540 ) ) ;
#2431 = CARTESIAN_POINT ( 'NONE',  ( 18.11499999999999488, 7.000000000000000000, -62.55499999999999972 ) ) ;
#2432 = CARTESIAN_POINT ( 'NONE',  ( -18.11499999999999488, 2.000000000000000000, -62.55499999999999972 ) ) ;
#2433 = ORIENTED_EDGE ( 'NONE', *, *, #2619, .T. ) ;
#2434 = VECTOR ( 'NONE', #1324, 1000.000000000000000 ) ;
#2435 = CIRCLE ( 'NONE', #3646, 6.500000000000005329 ) ;
#2436 = EDGE_CURVE ( 'NONE', #2321, #958, #2982, .T. ) ;
#2437 = STYLED_ITEM ( 'NONE', ( #2383 ), #4864 ) ;
#2438 = AXIS2_PLACEMENT_3D ( 'NONE', #4402, #5247, #1482 ) ;
#2439 = FACE_OUTER_BOUND ( 'NONE', #2402, .T. ) ;
#2440 = CARTESIAN_POINT ( 'NONE',  ( -11.57500000000002061, -0.001999999999999831773, -70.55499999999999261 ) ) ;
#2441 = VERTEX_POINT ( 'NONE', #3350 ) ;
#2442 = ADVANCED_FACE ( 'NONE', ( #2092 ), #4631, .F. ) ;
#2443 = ORIENTED_EDGE ( 'NONE', *, *, #3086, .T. ) ;
#2444 = DIRECTION ( 'NONE',  ( -0.000000000000000000, -1.000000000000000000, -0.000000000000000000 ) ) ;
#2445 = ORIENTED_EDGE ( 'NONE', *, *, #2811, .F. ) ;
#2446 = VECTOR ( 'NONE', #2562, 1000.000000000000000 ) ;
#2447 = EDGE_CURVE ( 'NONE', #417, #658, #4017, .T. ) ;
#2448 = ADVANCED_FACE ( 'NONE', ( #5021 ), #3326, .F. ) ;
#2449 = CARTESIAN_POINT ( 'NONE',  ( -24.22960584136115969, 6.049999999999999822, 50.50499999999995282 ) ) ;
#2450 = FACE_OUTER_BOUND ( 'NONE', #264, .T. ) ;
#2451 = EDGE_CURVE ( 'NONE', #2441, #3756, #4361, .T. ) ;
#2452 = AXIS2_PLACEMENT_3D ( 'NONE', #1987, #281, #4395 ) ;
#2453 = ORIENTED_EDGE ( 'NONE', *, *, #5043, .T. ) ;
#2454 = ORIENTED_EDGE ( 'NONE', *, *, #2134, .F. ) ;
#2455 = ORIENTED_EDGE ( 'NONE', *, *, #1081, .F. ) ;
#2456 = VECTOR ( 'NONE', #3417, 1000.000000000000000 ) ;
#2457 = ADVANCED_FACE ( 'NONE', ( #1 ), #2518, .F. ) ;
#2458 = DIRECTION ( 'NONE',  ( 0.000000000000000000, 0.000000000000000000, 1.000000000000000000 ) ) ;
#2459 = CARTESIAN_POINT ( 'NONE',  ( -11.57500000000002061, 0.5000000000000000000, -70.55499999999999261 ) ) ;
#2460 = LINE ( 'NONE', #3293, #4619 ) ;
#2461 = VECTOR ( 'NONE', #4413, 1000.000000000000000 ) ;
#2462 = ORIENTED_EDGE ( 'NONE', *, *, #4709, .T. ) ;
#2463 = DIRECTION ( 'NONE',  ( -1.000000000000000000, -0.000000000000000000, -0.000000000000000000 ) ) ;
#2464 = DIRECTION ( 'NONE',  ( 0.000000000000000000, 0.7071067811865475727, 0.7071067811865475727 ) ) ;
#2465 = FACE_BOUND ( 'NONE', #4672, .T. ) ;
#2466 = CARTESIAN_POINT ( 'NONE',  ( 26.63999999999996504, 1.049999999999999822, 44.42999999999999261 ) ) ;
#2467 = ORIENTED_EDGE ( 'NONE', *, *, #2749, .T. ) ;
#2468 = ADVANCED_FACE ( 'NONE', ( #2125 ), #3764, .F. ) ;
#2469 = CARTESIAN_POINT ( 'NONE',  ( -6.257675643127569742, 6.499999999999977796, 50.50499999999995282 ) ) ;
#2470 = ADVANCED_FACE ( 'NONE', ( #2865 ), #490, .T. ) ;
#2471 = DIRECTION ( 'NONE',  ( 8.659560562354982162E-17, 0.7071067811865435759, -0.7071067811865515695 ) ) ;
#2472 = VERTEX_POINT ( 'NONE', #3789 ) ;
#2473 = ORIENTED_EDGE ( 'NONE', *, *, #616, .F. ) ;
#2474 = CARTESIAN_POINT ( 'NONE',  ( -5.999999999999999112, 6.650000000000027001, -66.55499999999999261 ) ) ;
#2475 = ORIENTED_EDGE ( 'NONE', *, *, #1070, .F. ) ;
#2476 = CARTESIAN_POINT ( 'NONE',  ( -22.43999999999999773, 2.000000000000000000, -62.55499999999999972 ) ) ;
#2477 = CYLINDRICAL_SURFACE ( 'NONE', #4708, 4.500000000000010658 ) ;
#2478 = LINE ( 'NONE', #878, #453 ) ;
#2479 = CARTESIAN_POINT ( 'NONE',  ( -6.000000000000001776, 2.000000000000001776, -85.55499999999999261 ) ) ;
#2480 = EDGE_LOOP ( 'NONE', ( #1754, #5087, #2559, #2929 ) ) ;
#2481 = ORIENTED_EDGE ( 'NONE', *, *, #3180, .F. ) ;
#2482 = ORIENTED_EDGE ( 'NONE', *, *, #3403, .T. ) ;
#2483 = ADVANCED_FACE ( 'NONE', ( #1745 ), #4931, .F. ) ;
#2484 = DIRECTION ( 'NONE',  ( -1.234385775125811727E-16, 0.000000000000000000, -1.000000000000000000 ) ) ;
#2485 = LINE ( 'NONE', #2244, #2155 ) ;
#2486 = FACE_OUTER_BOUND ( 'NONE', #4069, .T. ) ;
#2487 = VERTEX_POINT ( 'NONE', #3847 ) ;
#2488 = EDGE_CURVE ( 'NONE', #3665, #2441, #2249, .T. ) ;
#2489 = LINE ( 'NONE', #1690, #2536 ) ;
#2490 = CARTESIAN_POINT ( 'NONE',  ( 11.57500000000002238, 5.549999999999998934, -82.55499999999999261 ) ) ;
#2491 = DIRECTION ( 'NONE',  ( -0.000000000000000000, 1.000000000000000000, -0.000000000000000000 ) ) ;
#2492 = CARTESIAN_POINT ( 'NONE',  ( 26.93999999999999773, 15.00000000000000000, -83.05499999999999261 ) ) ;
#2493 = ORIENTED_EDGE ( 'NONE', *, *, #62, .T. ) ;
#2494 = CIRCLE ( 'NONE', #163, 4.499999999999997335 ) ;
#2495 = DIRECTION ( 'NONE',  ( -1.000000000000000000, -0.000000000000000000, -0.000000000000000000 ) ) ;
#2496 = ADVANCED_FACE ( 'NONE', ( #111 ), #188, .F. ) ;
#2497 = CARTESIAN_POINT ( 'NONE',  ( -31.14000000000006452, 6.049999999999999822, -57.55499999999999261 ) ) ;
#2498 = ORIENTED_EDGE ( 'NONE', *, *, #1011, .F. ) ;
#2499 = AXIS2_PLACEMENT_3D ( 'NONE', #587, #2239, #3488 ) ;
#2500 = ORIENTED_EDGE ( 'NONE', *, *, #5357, .F. ) ;
#2501 = DIRECTION ( 'NONE',  ( 0.000000000000000000, 0.000000000000000000, 1.000000000000000000 ) ) ;
#2502 = ORIENTED_EDGE ( 'NONE', *, *, #4904, .T. ) ;
#2503 = FACE_OUTER_BOUND ( 'NONE', #5351, .T. ) ;
#2504 = APPLICATION_PROTOCOL_DEFINITION ( 'draft international standard', 'automotive_design', 1998, #5185 ) ;
#2505 = LINE ( 'NONE', #421, #2530 ) ;
#2506 = DIRECTION ( 'NONE',  ( -9.904923137402368115E-17, 0.000000000000000000, -1.000000000000000000 ) ) ;
#2507 = ORIENTED_EDGE ( 'NONE', *, *, #700, .F. ) ;
#2508 = ORIENTED_EDGE ( 'NONE', *, *, #1100, .T. ) ;
#2509 = ORIENTED_EDGE ( 'NONE', *, *, #3033, .F. ) ;
#2510 = DIRECTION ( 'NONE',  ( 0.000000000000000000, 1.000000000000000000, 0.000000000000000000 ) ) ;
#2511 = ADVANCED_FACE ( 'NONE', ( #2277 ), #3442, .F. ) ;
#2512 = CYLINDRICAL_SURFACE ( 'NONE', #4657, 2.125000000000001776 ) ;
#2513 = LINE ( 'NONE', #3705, #4707 ) ;
#2514 = VERTEX_POINT ( 'NONE', #3113 ) ;
#2515 = EDGE_CURVE ( 'NONE', #3131, #3167, #384, .T. ) ;
#2516 = ADVANCED_FACE ( 'NONE', ( #1798 ), #2651, .F. ) ;
#2517 = DIRECTION ( 'NONE',  ( 1.000000000000000000, 0.000000000000000000, 0.000000000000000000 ) ) ;
#2518 = CYLINDRICAL_SURFACE ( 'NONE', #44, 2.125000000000001776 ) ;
#2519 = DIRECTION ( 'NONE',  ( 1.000000000000000000, 0.000000000000000000, 0.000000000000000000 ) ) ;
#2520 = CARTESIAN_POINT ( 'NONE',  ( -30.58999999999998920, 2.000000000000001776, 44.14460584136112686 ) ) ;
#2521 = EDGE_LOOP ( 'NONE', ( #3472, #5079, #2090, #2046, #1853, #740, #4031, #4386, #4899, #5119, #2421, #444 ) ) ;
#2522 = ORIENTED_EDGE ( 'NONE', *, *, #3954, .F. ) ;
#2523 = AXIS2_PLACEMENT_3D ( 'NONE', #2783, #4439, #1091 ) ;
#2524 = DIRECTION ( 'NONE',  ( -0.000000000000000000, 1.000000000000000000, -0.000000000000000000 ) ) ;
#2525 = LINE ( 'NONE', #3746, #584 ) ;
#2526 = VERTEX_POINT ( 'NONE', #3009 ) ;
#2527 = ORIENTED_EDGE ( 'NONE', *, *, #1190, .T. ) ;
#2528 = AXIS2_PLACEMENT_3D ( 'NONE', #2961, #1235, #2876 ) ;
#2529 = CARTESIAN_POINT ( 'NONE',  ( 6.999999999999985789, 7.649999999999999467, -83.55499999999999261 ) ) ;
#2530 = VECTOR ( 'NONE', #479, 1000.000000000000000 ) ;
#2531 = VECTOR ( 'NONE', #1035, 1000.000000000000000 ) ;
#2532 = VERTEX_POINT ( 'NONE', #1386 ) ;
#2533 = VECTOR ( 'NONE', #1895, 1000.000000000000000 ) ;
#2534 = ADVANCED_FACE ( 'NONE', ( #3416 ), #220, .T. ) ;
#2535 = DIRECTION ( 'NONE',  ( 1.332992777621213689E-16, -0.000000000000000000, 1.000000000000000000 ) ) ;
#2536 = VECTOR ( 'NONE', #3325, 1000.000000000000000 ) ;
#2537 = LINE ( 'NONE', #97, #1862 ) ;
#2538 = DIRECTION ( 'NONE',  ( 0.000000000000000000, 1.000000000000000000, 0.000000000000000000 ) ) ;
#2539 = DIRECTION ( 'NONE',  ( 0.000000000000000000, 0.7071067811865435759, 0.7071067811865515695 ) ) ;
#2540 = ORIENTED_EDGE ( 'NONE', *, *, #2133, .T. ) ;
#2541 = VERTEX_POINT ( 'NONE', #2629 ) ;
#2542 = ORIENTED_EDGE ( 'NONE', *, *, #4937, .F. ) ;
#2543 = AXIS2_PLACEMENT_3D ( 'NONE', #5040, #2062, #5363 ) ;
#2544 = EDGE_CURVE ( 'NONE', #4054, #1973, #975, .T. ) ;
#2545 = CARTESIAN_POINT ( 'NONE',  ( 30.58999999999997499, 6.049999999999999822, -57.55500000000000682 ) ) ;
#2546 = LINE ( 'NONE', #916, #4835 ) ;
#2547 = CARTESIAN_POINT ( 'NONE',  ( -26.93999999999997286, 15.00000000000000000, 80.70578397184708308 ) ) ;
#2548 = ORIENTED_EDGE ( 'NONE', *, *, #3634, .T. ) ;
#2549 = DIRECTION ( 'NONE',  ( -0.000000000000000000, -0.000000000000000000, -1.000000000000000000 ) ) ;
#2550 = VECTOR ( 'NONE', #4550, 1000.000000000000000 ) ;
#2551 = CARTESIAN_POINT ( 'NONE',  ( 26.93999999999999773, 2.000000000000000000, -83.05499999999999261 ) ) ;
#2552 = DIRECTION ( 'NONE',  ( -0.000000000000000000, -1.000000000000000000, -0.000000000000000000 ) ) ;
#2553 = DIRECTION ( 'NONE',  ( 0.000000000000000000, 1.000000000000000000, 0.000000000000000000 ) ) ;
#2554 = ORIENTED_EDGE ( 'NONE', *, *, #5301, .T. ) ;
#2555 = CYLINDRICAL_SURFACE ( 'NONE', #4782, 4.500000000000003553 ) ;
#2556 = ADVANCED_FACE ( 'NONE', ( #1052 ), #3872, .T. ) ;
#2557 = CARTESIAN_POINT ( 'NONE',  ( 5.999999999999998224, 6.049999999999999822, 50.50499999999995282 ) ) ;
#2558 = VERTEX_POINT ( 'NONE', #1873 ) ;
#2559 = ORIENTED_EDGE ( 'NONE', *, *, #4990, .F. ) ;
#2560 = CARTESIAN_POINT ( 'NONE',  ( 26.63999999999996504, 6.049999999999999822, 46.55499999999999261 ) ) ;
#2561 = ORIENTED_EDGE ( 'NONE', *, *, #996, .F. ) ;
#2562 = DIRECTION ( 'NONE',  ( 1.000000000000000000, 0.000000000000000000, 0.000000000000000000 ) ) ;
#2563 = EDGE_CURVE ( 'NONE', #1234, #3933, #1438, .T. ) ;
#2564 = DIRECTION ( 'NONE',  ( -4.625929269271460552E-14, 0.000000000000000000, 1.000000000000000000 ) ) ;
#2565 = CARTESIAN_POINT ( 'NONE',  ( -26.93999999999993022, -62.43188131373440797, 68.55500000000000682 ) ) ;
#2566 = ORIENTED_EDGE ( 'NONE', *, *, #3787, .F. ) ;
#2567 = EDGE_CURVE ( 'NONE', #2672, #2558, #3090, .T. ) ;
#2568 = LINE ( 'NONE', #2668, #1152 ) ;
#2569 = CARTESIAN_POINT ( 'NONE',  ( 30.58999999999997499, 6.499999999999977796, -57.55500000000000682 ) ) ;
#2570 = DIRECTION ( 'NONE',  ( -1.000000000000000000, -0.000000000000000000, -0.000000000000000000 ) ) ;
#2571 = VERTEX_POINT ( 'NONE', #1823 ) ;
#2572 = CARTESIAN_POINT ( 'NONE',  ( 18.07499999999997797, 2.000000000000000000, -77.17999999999994998 ) ) ;
#2573 = DIRECTION ( 'NONE',  ( 0.000000000000000000, 1.000000000000000000, 0.000000000000000000 ) ) ;
#2574 = CARTESIAN_POINT ( 'NONE',  ( -26.64000000000005031, 6.049999999999999822, -57.55499999999999261 ) ) ;
#2575 = CARTESIAN_POINT ( 'NONE',  ( -16.76499999999999702, 7.000000000000000000, -69.55500000000000682 ) ) ;
#2576 = ORIENTED_EDGE ( 'NONE', *, *, #582, .T. ) ;
#2577 = ORIENTED_EDGE ( 'NONE', *, *, #105, .F. ) ;
#2578 = AXIS2_PLACEMENT_3D ( 'NONE', #2917, #457, #3815 ) ;
#2579 = DIRECTION ( 'NONE',  ( 9.904923137402368115E-17, 0.000000000000000000, 1.000000000000000000 ) ) ;
#2580 = VECTOR ( 'NONE', #3724, 1000.000000000000000 ) ;
#2581 = CARTESIAN_POINT ( 'NONE',  ( 0.000000000000000000, 7.000000000000000000, -61.70500000000000540 ) ) ;
#2582 = ORIENTED_EDGE ( 'NONE', *, *, #3259, .T. ) ;
#2583 = VERTEX_POINT ( 'NONE', #2704 ) ;
#2584 = ORIENTED_EDGE ( 'NONE', *, *, #267, .T. ) ;
#2585 = EDGE_CURVE ( 'NONE', #3045, #2108, #108, .T. ) ;
#2586 = PLANE ( 'NONE',  #370 ) ;
#2587 = ADVANCED_FACE ( 'NONE', ( #4663 ), #948, .F. ) ;
#2588 = PRODUCT_CONTEXT ( 'NONE', #5185, 'mechanical' ) ;
#2589 = DIRECTION ( 'NONE',  ( 0.000000000000000000, 0.000000000000000000, 1.000000000000000000 ) ) ;
#2590 = DIRECTION ( 'NONE',  ( -1.239088197126290570E-16, 0.000000000000000000, -1.000000000000000000 ) ) ;
#2591 = ORIENTED_EDGE ( 'NONE', *, *, #1423, .F. ) ;
#2592 = CARTESIAN_POINT ( 'NONE',  ( 6.624748585550039870, 15.00000000000000000, 65.95499999999999829 ) ) ;
#2593 = DIRECTION ( 'NONE',  ( 0.000000000000000000, 1.000000000000000000, 0.000000000000000000 ) ) ;
#2594 = CARTESIAN_POINT ( 'NONE',  ( 31.43999999999999417, 7.000000000000006217, 57.05499999999999261 ) ) ;
#2595 = VERTEX_POINT ( 'NONE', #4299 ) ;
#2596 = EDGE_CURVE ( 'NONE', #3770, #5058, #3820, .T. ) ;
#2597 = EDGE_CURVE ( 'NONE', #4518, #3974, #3499, .T. ) ;
#2598 = AXIS2_PLACEMENT_3D ( 'NONE', #4756, #1049, #4244 ) ;
#2599 = DIRECTION ( 'NONE',  ( -0.000000000000000000, -1.000000000000000000, -0.000000000000000000 ) ) ;
#2600 = DIRECTION ( 'NONE',  ( 0.000000000000000000, -0.000000000000000000, 1.000000000000000000 ) ) ;
#2601 = LINE ( 'NONE', #5076, #1079 ) ;
#2602 = CARTESIAN_POINT ( 'NONE',  ( -18.07499999999997797, 7.150000000000006573, -75.05499999999994998 ) ) ;
#2603 = ORIENTED_EDGE ( 'NONE', *, *, #920, .F. ) ;
#2604 = VERTEX_POINT ( 'NONE', #5275 ) ;
#2605 = EDGE_CURVE ( 'NONE', #2953, #3504, #5208, .T. ) ;
#2606 = CARTESIAN_POINT ( 'NONE',  ( -26.64000000000003610, 5.549999999999965183, 44.42999999999999972 ) ) ;
#2607 = CARTESIAN_POINT ( 'NONE',  ( -5.986717210180248827, 6.999999999999997335, 51.00499999999997414 ) ) ;
#2608 = ORIENTED_EDGE ( 'NONE', *, *, #5092, .T. ) ;
#2609 = VERTEX_POINT ( 'NONE', #2398 ) ;
#2610 = ORIENTED_EDGE ( 'NONE', *, *, #2888, .F. ) ;
#2611 = DIRECTION ( 'NONE',  ( -1.000000000000000000, 0.000000000000000000, -0.000000000000000000 ) ) ;
#2612 = AXIS2_PLACEMENT_3D ( 'NONE', #5256, #2354, #3621 ) ;
#2613 = DIRECTION ( 'NONE',  ( 8.359748779764727034E-11, -0.7071067811865497932, 0.7071067811865452413 ) ) ;
#2614 = VECTOR ( 'NONE', #2920, 1000.000000000000000 ) ;
#2615 = DIRECTION ( 'NONE',  ( 0.000000000000000000, 1.000000000000000000, 0.000000000000000000 ) ) ;
#2616 = VECTOR ( 'NONE', #5095, 1000.000000000000000 ) ;
#2617 = VERTEX_POINT ( 'NONE', #1521 ) ;
#2618 = EDGE_CURVE ( 'NONE', #2644, #1723, #654, .T. ) ;
#2619 = EDGE_CURVE ( 'NONE', #2834, #2199, #1998, .T. ) ;
#2620 = AXIS2_PLACEMENT_3D ( 'NONE', #2650, #2276, #513 ) ;
#2621 = ADVANCED_FACE ( 'NONE', ( #339 ), #1902, .F. ) ;
#2622 = DIRECTION ( 'NONE',  ( 0.7071067811865526798, 0.7071067811865423547, -0.000000000000000000 ) ) ;
#2623 = DIRECTION ( 'NONE',  ( 0.5773502691896232886, -0.5773502691896309491, -0.5773502691896230665 ) ) ;
#2624 = CARTESIAN_POINT ( 'NONE',  ( -31.43999999999998707, 2.000000000000000000, -57.55499999999999261 ) ) ;
#2625 = ORIENTED_EDGE ( 'NONE', *, *, #3909, .T. ) ;
#2626 = VECTOR ( 'NONE', #4682, 1000.000000000000000 ) ;
#2627 = EDGE_CURVE ( 'NONE', #4934, #3943, #2830, .T. ) ;
#2628 = DIRECTION ( 'NONE',  ( 0.000000000000000000, 0.000000000000000000, 1.000000000000000000 ) ) ;
#2629 = CARTESIAN_POINT ( 'NONE',  ( -18.07499999999997797, 7.150000000000006573, -77.17999999999994998 ) ) ;
#2630 = LINE ( 'NONE', #678, #1585 ) ;
#2631 = DIRECTION ( 'NONE',  ( -1.332992777621213689E-16, 0.000000000000000000, -1.000000000000000000 ) ) ;
#2632 = ORIENTED_EDGE ( 'NONE', *, *, #2619, .F. ) ;
#2633 = ORIENTED_EDGE ( 'NONE', *, *, #2673, .F. ) ;
#2634 = VECTOR ( 'NONE', #4728, 1000.000000000000000 ) ;
#2635 = CARTESIAN_POINT ( 'NONE',  ( 26.63999999999996504, 1.049999999999999822, 46.55499999999999261 ) ) ;
#2636 = CARTESIAN_POINT ( 'NONE',  ( -11.57500000000001883, 0.5000000000000004441, -83.55499999999999261 ) ) ;
#2637 = CARTESIAN_POINT ( 'NONE',  ( -18.11499999999999488, 2.000000000000000000, -69.55500000000000682 ) ) ;
#2638 = EDGE_CURVE ( 'NONE', #2263, #4935, #5044, .T. ) ;
#2639 = ORIENTED_EDGE ( 'NONE', *, *, #534, .F. ) ;
#2640 = ORIENTED_EDGE ( 'NONE', *, *, #1101, .T. ) ;
#2641 = LINE ( 'NONE', #3078, #2634 ) ;
#2642 = DIRECTION ( 'NONE',  ( 0.000000000000000000, 0.000000000000000000, 1.000000000000000000 ) ) ;
#2643 = CARTESIAN_POINT ( 'NONE',  ( -30.43999999999998707, 2.000000000000001776, -55.14460584136107713 ) ) ;
#2644 = VERTEX_POINT ( 'NONE', #4900 ) ;
#2645 = CARTESIAN_POINT ( 'NONE',  ( 33.43999999999999062, 0.000000000000000000, -83.05499999999999261 ) ) ;
#2646 = CARTESIAN_POINT ( 'NONE',  ( -33.43999999999997641, 6.999999999999992006, 75.05500000000004945 ) ) ;
#2647 = CARTESIAN_POINT ( 'NONE',  ( 22.43999999999999773, 7.000000000000000000, -62.55499999999999972 ) ) ;
#2648 = ORIENTED_EDGE ( 'NONE', *, *, #3287, .T. ) ;
#2649 = EDGE_CURVE ( 'NONE', #11, #811, #1193, .T. ) ;
#2650 = CARTESIAN_POINT ( 'NONE',  ( 26.63999999999996504, 5.549999999999965183, 46.55499999999999261 ) ) ;
#2651 = PLANE ( 'NONE',  #4101 ) ;
#2652 = CARTESIAN_POINT ( 'NONE',  ( -26.93999999999997286, 15.00000000000000000, 57.05499999999999261 ) ) ;
#2653 = PLANE ( 'NONE',  #1055 ) ;
#2654 = ORIENTED_EDGE ( 'NONE', *, *, #3745, .T. ) ;
#2655 = ORIENTED_EDGE ( 'NONE', *, *, #5319, .T. ) ;
#2656 = VECTOR ( 'NONE', #3957, 1000.000000000000000 ) ;
#2657 = CARTESIAN_POINT ( 'NONE',  ( -26.64000000000005031, 5.549999999999965183, -57.55499999999999261 ) ) ;
#2658 = CARTESIAN_POINT ( 'NONE',  ( -35.43999999999999773, 14.99999999999999822, 91.20578397184708308 ) ) ;
#2659 = PLANE ( 'NONE',  #2850 ) ;
#2660 = VERTEX_POINT ( 'NONE', #1488 ) ;
#2661 = ADVANCED_FACE ( 'NONE', ( #1602 ), #3141, .F. ) ;
#2662 = EDGE_CURVE ( 'NONE', #451, #5188, #4956, .T. ) ;
#2663 = LINE ( 'NONE', #612, #5229 ) ;
#2664 = LINE ( 'NONE', #1451, #4079 ) ;
#2665 = LINE ( 'NONE', #4314, #4141 ) ;
#2666 = EDGE_LOOP ( 'NONE', ( #3158, #2540, #2885, #5246, #925 ) ) ;
#2667 = AXIS2_PLACEMENT_3D ( 'NONE', #2353, #4004, #2379 ) ;
#2668 = CARTESIAN_POINT ( 'NONE',  ( 13.57499999999998153, 2.000000000000000000, -85.55499999999999261 ) ) ;
#2669 = CARTESIAN_POINT ( 'NONE',  ( 5.999999999999998224, -104.7725234327390211, 50.50499999999995282 ) ) ;
#2670 = CARTESIAN_POINT ( 'NONE',  ( 16.76499999999999702, 7.000000000000000000, -69.55500000000000682 ) ) ;
#2671 = CIRCLE ( 'NONE', #4574, 6.500000000000005329 ) ;
#2672 = VERTEX_POINT ( 'NONE', #3595 ) ;
#2673 = EDGE_CURVE ( 'NONE', #1389, #3277, #1089, .T. ) ;
#2674 = LINE ( 'NONE', #1822, #2360 ) ;
#2675 = ADVANCED_FACE ( 'NONE', ( #3209 ), #4877, .T. ) ;
#2676 = DIRECTION ( 'NONE',  ( -2.891205793294679312E-16, 0.000000000000000000, -1.000000000000000000 ) ) ;
#2677 = CARTESIAN_POINT ( 'NONE',  ( -30.58999999999998920, 6.049999999999999822, 44.14460584136111976 ) ) ;
#2678 = CARTESIAN_POINT ( 'NONE',  ( -2.255251798232997817, 9.274437486377925310, 65.95499999999999829 ) ) ;
#2679 = ORIENTED_EDGE ( 'NONE', *, *, #2627, .T. ) ;
#2680 = ORIENTED_EDGE ( 'NONE', *, *, #3634, .F. ) ;
#2681 = VERTEX_POINT ( 'NONE', #3188 ) ;
#2682 = VECTOR ( 'NONE', #1830, 1000.000000000000000 ) ;
#2683 = ADVANCED_FACE ( 'NONE', ( #3977 ), #2780, .F. ) ;
#2684 = EDGE_CURVE ( 'NONE', #832, #175, #1170, .T. ) ;
#2685 = CARTESIAN_POINT ( 'NONE',  ( 9.075000000000022382, 5.549999999999998934, -82.55499999999999261 ) ) ;
#2686 = LINE ( 'NONE', #983, #1275 ) ;
#2687 = CARTESIAN_POINT ( 'NONE',  ( 11.57499999999998508, 7.649999999999999467, -66.55499999999999261 ) ) ;
#2688 = ORIENTED_EDGE ( 'NONE', *, *, #4047, .T. ) ;
#2689 = DIRECTION ( 'NONE',  ( 1.000000000000000000, 0.000000000000000000, -8.260587980841937547E-17 ) ) ;
#2690 = CARTESIAN_POINT ( 'NONE',  ( 26.63999999999995083, 1.049999999999999822, -57.55500000000001393 ) ) ;
#2691 = DIRECTION ( 'NONE',  ( -1.000000000000000000, 0.000000000000000000, 1.239088197126290570E-16 ) ) ;
#2692 = EDGE_LOOP ( 'NONE', ( #2502, #2941, #1613, #4483, #825, #4825 ) ) ;
#2693 = CIRCLE ( 'NONE', #5217, 4.500000000000003553 ) ;
#2694 = CARTESIAN_POINT ( 'NONE',  ( -13.57500000000001883, 7.649999999999999467, -85.55499999999999261 ) ) ;
#2695 = CIRCLE ( 'NONE', #3208, 4.499999999999997335 ) ;
#2696 = CARTESIAN_POINT ( 'NONE',  ( -11.57500000000001883, 2.000000000000000000, -83.55499999999999261 ) ) ;
#2697 = AXIS2_PLACEMENT_3D ( 'NONE', #1759, #1503, #938 ) ;
#2698 = AXIS2_PLACEMENT_3D ( 'NONE', #4412, #1551, #4388 ) ;
#2699 = ORIENTED_EDGE ( 'NONE', *, *, #209, .T. ) ;
#2700 = AXIS2_PLACEMENT_3D ( 'NONE', #2250, #1090, #1824 ) ;
#2701 = AXIS2_PLACEMENT_3D ( 'NONE', #3161, #3996, #4787 ) ;
#2702 = EDGE_CURVE ( 'NONE', #5113, #898, #2695, .T. ) ;
#2703 = LINE ( 'NONE', #2302, #729 ) ;
#2704 = CARTESIAN_POINT ( 'NONE',  ( -6.999999999999987566, 7.649999999999999467, -64.55499999999999261 ) ) ;
#2705 = CARTESIAN_POINT ( 'NONE',  ( 30.58999999999997499, -104.7725234327390211, -57.55500000000000682 ) ) ;
#2706 = CARTESIAN_POINT ( 'NONE',  ( -26.64000000000005031, 2.000000000000000000, -57.55499999999999261 ) ) ;
#2707 = ORIENTED_EDGE ( 'NONE', *, *, #4199, .F. ) ;
#2708 = ORIENTED_EDGE ( 'NONE', *, *, #1447, .T. ) ;
#2709 = VERTEX_POINT ( 'NONE', #5231 ) ;
#2710 = VECTOR ( 'NONE', #640, 1000.000000000000000 ) ;
#2711 = CARTESIAN_POINT ( 'NONE',  ( 11.57499999999998508, 0.5000000000000004441, -66.55499999999999261 ) ) ;
#2712 = DIRECTION ( 'NONE',  ( 0.000000000000000000, 0.000000000000000000, 1.000000000000000000 ) ) ;
#2713 = CARTESIAN_POINT ( 'NONE',  ( -26.64000000000003610, 2.000000000000000000, 46.55499999999999972 ) ) ;
#2714 = DIRECTION ( 'NONE',  ( -0.7071067811865527908, 0.7071067811865422437, 0.000000000000000000 ) ) ;
#2715 = CIRCLE ( 'NONE', #1077, 2.625000000000002220 ) ;
#2716 = VERTEX_POINT ( 'NONE', #4822 ) ;
#2717 = ADVANCED_FACE ( 'NONE', ( #4437 ), #731, .F. ) ;
#2718 = VECTOR ( 'NONE', #3685, 1000.000000000000000 ) ;
#2719 = CARTESIAN_POINT ( 'NONE',  ( -13.57500000000001705, 7.649999999999999467, -70.55499999999996419 ) ) ;
#2720 = DIRECTION ( 'NONE',  ( 0.000000000000000000, 0.7071067811865430208, 0.7071067811865521247 ) ) ;
#2721 = AXIS2_PLACEMENT_3D ( 'NONE', #4114, #1774, #4250 ) ;
#2722 = FACE_OUTER_BOUND ( 'NONE', #2420, .T. ) ;
#2723 = EDGE_LOOP ( 'NONE', ( #1689, #1810, #3889, #3361, #1261, #3238, #3989, #5292 ) ) ;
#2724 = EDGE_CURVE ( 'NONE', #4719, #1511, #2033, .T. ) ;
#2725 = EDGE_LOOP ( 'NONE', ( #1949, #1560, #499, #3869 ) ) ;
#2726 = DIRECTION ( 'NONE',  ( -1.000000000000000000, 0.000000000000000000, -0.000000000000000000 ) ) ;
#2727 = LINE ( 'NONE', #4378, #1117 ) ;
#2728 = VERTEX_POINT ( 'NONE', #1627 ) ;
#2729 = VECTOR ( 'NONE', #5140, 1000.000000000000000 ) ;
#2730 = ADVANCED_FACE ( 'NONE', ( #807 ), #2118, .F. ) ;
#2731 = CARTESIAN_POINT ( 'NONE',  ( -31.43999999999999417, 7.000000000000006217, -83.05499999999999261 ) ) ;
#2732 = CARTESIAN_POINT ( 'NONE',  ( -26.93999999999997286, -62.43188131373440797, 80.70578397184708308 ) ) ;
#2733 = LINE ( 'NONE', #3036, #1064 ) ;
#2734 = LINE ( 'NONE', #4462, #3046 ) ;
#2735 = ORIENTED_EDGE ( 'NONE', *, *, #920, .T. ) ;
#2736 = PRODUCT_DEFINITION_CONTEXT ( 'detailed design', #467, 'design' ) ;
#2737 = CARTESIAN_POINT ( 'NONE',  ( -18.07499999999997797, 2.000000000000000000, -75.05499999999994998 ) ) ;
#2738 = PLANE ( 'NONE',  #65 ) ;
#2739 = CARTESIAN_POINT ( 'NONE',  ( 11.57499999999998508, 0.5000000000000004441, -82.55499999999999261 ) ) ;
#2740 = DIRECTION ( 'NONE',  ( -1.000000000000000000, -0.000000000000000000, -0.000000000000000000 ) ) ;
#2741 = ORIENTED_EDGE ( 'NONE', *, *, #3462, .F. ) ;
#2742 = VECTOR ( 'NONE', #1445, 1000.000000000000000 ) ;
#2743 = FACE_OUTER_BOUND ( 'NONE', #1207, .T. ) ;
#2744 = PLANE ( 'NONE',  #1320 ) ;
#2745 = ORIENTED_EDGE ( 'NONE', *, *, #1372, .T. ) ;
#2746 = DIRECTION ( 'NONE',  ( 1.000000000000000000, 0.000000000000000000, 0.000000000000000000 ) ) ;
#2747 = ORIENTED_EDGE ( 'NONE', *, *, #1888, .F. ) ;
#2748 = EDGE_CURVE ( 'NONE', #1821, #4376, #358, .T. ) ;
#2749 = EDGE_CURVE ( 'NONE', #1256, #2541, #2858, .T. ) ;
#2750 = VECTOR ( 'NONE', #335, 1000.000000000000000 ) ;
#2751 = DIRECTION ( 'NONE',  ( -0.000000000000000000, 1.000000000000000000, 0.000000000000000000 ) ) ;
#2752 = CARTESIAN_POINT ( 'NONE',  ( 26.64000000000003610, 6.999999999999999112, 46.55499999999999972 ) ) ;
#2753 = ORIENTED_EDGE ( 'NONE', *, *, #4436, .F. ) ;
#2754 = ORIENTED_EDGE ( 'NONE', *, *, #1601, .T. ) ;
#2755 = CARTESIAN_POINT ( 'NONE',  ( -29.14000000000004675, 0.000000000000000000, -83.05499999999999261 ) ) ;
#2756 = VECTOR ( 'NONE', #5198, 1000.000000000000000 ) ;
#2757 = CARTESIAN_POINT ( 'NONE',  ( 33.43999999999999773, 15.00000000000000000, -83.05499999999999261 ) ) ;
#2758 = LINE ( 'NONE', #340, #1290 ) ;
#2759 = DIRECTION ( 'NONE',  ( -0.000000000000000000, -1.000000000000000000, -0.000000000000000000 ) ) ;
#2760 = VERTEX_POINT ( 'NONE', #2889 ) ;
#2761 = ADVANCED_FACE ( 'NONE', ( #4194 ), #3678, .T. ) ;
#2762 = ORIENTED_EDGE ( 'NONE', *, *, #4369, .F. ) ;
#2763 = DIRECTION ( 'NONE',  ( 0.5773502691896227335, 0.5773502691896292838, -0.5773502691896251759 ) ) ;
#2764 = CARTESIAN_POINT ( 'NONE',  ( 26.63999999999995083, 5.549999999999965183, -57.55500000000001393 ) ) ;
#2765 = DIRECTION ( 'NONE',  ( 0.000000000000000000, 0.000000000000000000, -1.000000000000000000 ) ) ;
#2766 = DIRECTION ( 'NONE',  ( 1.000000000000000000, 0.000000000000000000, 0.000000000000000000 ) ) ;
#2767 = ORIENTED_EDGE ( 'NONE', *, *, #4581, .F. ) ;
#2768 = DIRECTION ( 'NONE',  ( 2.635023001483788417E-15, 0.000000000000000000, 1.000000000000000000 ) ) ;
#2769 = CYLINDRICAL_SURFACE ( 'NONE', #798, 4.499999999999997335 ) ;
#2770 = VERTEX_POINT ( 'NONE', #456 ) ;
#2771 = LINE ( 'NONE', #5245, #3110 ) ;
#2772 = EDGE_LOOP ( 'NONE', ( #5206, #4952, #3695, #870 ) ) ;
#2773 = DIRECTION ( 'NONE',  ( -0.000000000000000000, -0.000000000000000000, -1.000000000000000000 ) ) ;
#2774 = CARTESIAN_POINT ( 'NONE',  ( 26.93999999999999773, 15.00000000000000000, -89.55499999999999261 ) ) ;
#2775 = ORIENTED_EDGE ( 'NONE', *, *, #1166, .T. ) ;
#2776 = CONICAL_SURFACE ( 'NONE', #1315, 2.125000000000001776, 0.7853981633974539411 ) ;
#2777 = EDGE_CURVE ( 'NONE', #4660, #2338, #5218, .T. ) ;
#2778 = AXIS2_PLACEMENT_3D ( 'NONE', #3165, #3570, #268 ) ;
#2779 = DIRECTION ( 'NONE',  ( 0.000000000000000000, 0.000000000000000000, -1.000000000000000000 ) ) ;
#2780 = PLANE ( 'NONE',  #2778 ) ;
#2781 = AXIS2_PLACEMENT_3D ( 'NONE', #561, #257, #5170 ) ;
#2782 = CARTESIAN_POINT ( 'NONE',  ( 26.63999999999995083, 2.000000000000000000, -57.55500000000001393 ) ) ;
#2783 = CARTESIAN_POINT ( 'NONE',  ( -26.64000000000003610, 5.549999999999965183, 46.55499999999999972 ) ) ;
#2784 = VECTOR ( 'NONE', #2766, 1000.000000000000000 ) ;
#2785 = VERTEX_POINT ( 'NONE', #3728 ) ;
#2786 = VECTOR ( 'NONE', #4284, 1000.000000000000000 ) ;
#2787 = VECTOR ( 'NONE', #3285, 1000.000000000000000 ) ;
#2788 = ORIENTED_EDGE ( 'NONE', *, *, #3462, .T. ) ;
#2789 = VECTOR ( 'NONE', #187, 1000.000000000000000 ) ;
#2790 = DIRECTION ( 'NONE',  ( -0.000000000000000000, -1.000000000000000000, -0.000000000000000000 ) ) ;
#2791 = CARTESIAN_POINT ( 'NONE',  ( -30.58999999999998920, 6.499999999999977796, 46.55499999999999972 ) ) ;
#2792 = CARTESIAN_POINT ( 'NONE',  ( 6.257172443908130433, 6.499999999999977796, 50.50499999999995282 ) ) ;
#2793 = VERTEX_POINT ( 'NONE', #3370 ) ;
#2794 = CARTESIAN_POINT ( 'NONE',  ( 30.43999999999998707, 6.049999999999999822, 44.14460584136111265 ) ) ;
#2795 = EDGE_CURVE ( 'NONE', #4358, #588, #3321, .T. ) ;
#2796 = AXIS2_PLACEMENT_3D ( 'NONE', #3397, #2907, #2162 ) ;
#2797 = LINE ( 'NONE', #282, #4425 ) ;
#2798 = VERTEX_POINT ( 'NONE', #4160 ) ;
#2799 = FACE_OUTER_BOUND ( 'NONE', #1618, .T. ) ;
#2800 = ORIENTED_EDGE ( 'NONE', *, *, #3082, .T. ) ;
#2801 = AXIS2_PLACEMENT_3D ( 'NONE', #4965, #1253, #895 ) ;
#2802 = PLANE ( 'NONE',  #4615 ) ;
#2803 = DIRECTION ( 'NONE',  ( -0.000000000000000000, -1.000000000000000000, -0.000000000000000000 ) ) ;
#2804 = ORIENTED_EDGE ( 'NONE', *, *, #36, .F. ) ;
#2805 = CARTESIAN_POINT ( 'NONE',  ( 26.63999999999995083, 6.049999999999999822, -57.55500000000001393 ) ) ;
#2806 = DIRECTION ( 'NONE',  ( -0.000000000000000000, -1.000000000000000000, -0.000000000000000000 ) ) ;
#2807 = DIRECTION ( 'NONE',  ( -1.000000000000000000, 0.000000000000000000, 0.000000000000000000 ) ) ;
#2808 = VERTEX_POINT ( 'NONE', #2545 ) ;
#2809 = VECTOR ( 'NONE', #2257, 1000.000000000000000 ) ;
#2810 = ORIENTED_EDGE ( 'NONE', *, *, #3176, .T. ) ;
#2811 = EDGE_CURVE ( 'NONE', #1106, #4475, #4135, .T. ) ;
#2812 = DIRECTION ( 'NONE',  ( -0.000000000000000000, -1.000000000000000000, -0.000000000000000000 ) ) ;
#2813 = DIRECTION ( 'NONE',  ( 0.000000000000000000, 0.3420201433256626622, 0.9396926207859106484 ) ) ;
#2814 = CARTESIAN_POINT ( 'NONE',  ( -26.64000000000003610, 6.499999999999977796, 50.50499999999995282 ) ) ;
#2815 = CARTESIAN_POINT ( 'NONE',  ( 33.43999999999998352, 6.999999999999992006, 75.05500000000004945 ) ) ;
#2816 = ORIENTED_EDGE ( 'NONE', *, *, #344, .T. ) ;
#2817 = CARTESIAN_POINT ( 'NONE',  ( -26.64000000000003610, 6.999999999999999112, 51.00499999999996703 ) ) ;
#2818 = PLANE ( 'NONE',  #1407 ) ;
#2819 = ORIENTED_EDGE ( 'NONE', *, *, #3434, .T. ) ;
#2820 = VERTEX_POINT ( 'NONE', #2060 ) ;
#2821 = LINE ( 'NONE', #5290, #2327 ) ;
#2822 = VERTEX_POINT ( 'NONE', #5038 ) ;
#2823 = EDGE_CURVE ( 'NONE', #4567, #5285, #1655, .T. ) ;
#2824 = DIRECTION ( 'NONE',  ( -1.000000000000000000, 0.000000000000000000, -0.000000000000000000 ) ) ;
#2825 = DIRECTION ( 'NONE',  ( 0.000000000000000000, 0.000000000000000000, -1.000000000000000000 ) ) ;
#2826 = EDGE_CURVE ( 'NONE', #5104, #2760, #195, .T. ) ;
#2827 = VECTOR ( 'NONE', #2145, 1000.000000000000000 ) ;
#2828 = ORIENTED_EDGE ( 'NONE', *, *, #4023, .T. ) ;
#2829 = ORIENTED_EDGE ( 'NONE', *, *, #1379, .F. ) ;
#2830 = LINE ( 'NONE', #5305, #4424 ) ;
#2831 = DIRECTION ( 'NONE',  ( 0.000000000000000000, 1.000000000000000000, 0.000000000000000000 ) ) ;
#2832 = EDGE_CURVE ( 'NONE', #2965, #1753, #1930, .T. ) ;
#2833 = CARTESIAN_POINT ( 'NONE',  ( -26.64000000000005031, 2.000000000000000000, -57.55499999999999261 ) ) ;
#2834 = VERTEX_POINT ( 'NONE', #4545 ) ;
#2835 = EDGE_CURVE ( 'NONE', #2905, #5251, #372, .T. ) ;
#2836 = PLANE ( 'NONE',  #278 ) ;
#2837 = FACE_OUTER_BOUND ( 'NONE', #3701, .T. ) ;
#2838 = DIRECTION ( 'NONE',  ( 8.260587980841937547E-17, 0.000000000000000000, 1.000000000000000000 ) ) ;
#2839 = CARTESIAN_POINT ( 'NONE',  ( -6.000000000000001776, 6.650000000000027001, -85.55499999999999261 ) ) ;
#2840 = ORIENTED_EDGE ( 'NONE', *, *, #1900, .T. ) ;
#2841 = ADVANCED_FACE ( 'NONE', ( #3703, #3345 ), #5015, .T. ) ;
#2842 = EDGE_CURVE ( 'NONE', #3642, #3555, #4958, .T. ) ;
#2843 = CARTESIAN_POINT ( 'NONE',  ( -16.76499999999999702, 7.000000000000000000, -69.55500000000000682 ) ) ;
#2844 = EDGE_CURVE ( 'NONE', #3756, #2441, #5293, .T. ) ;
#2845 = DIRECTION ( 'NONE',  ( 2.040851148208008491E-16, 0.000000000000000000, 1.000000000000000000 ) ) ;
#2846 = ORIENTED_EDGE ( 'NONE', *, *, #1684, .T. ) ;
#2847 = ORIENTED_EDGE ( 'NONE', *, *, #2748, .T. ) ;
#2848 = PLANE ( 'NONE',  #4515 ) ;
#2849 = ORIENTED_EDGE ( 'NONE', *, *, #2684, .F. ) ;
#2850 = AXIS2_PLACEMENT_3D ( 'NONE', #203, #1446, #3099 ) ;
#2851 = VECTOR ( 'NONE', #2803, 1000.000000000000000 ) ;
#2852 = EDGE_CURVE ( 'NONE', #658, #2770, #888, .T. ) ;
#2853 = LINE ( 'NONE', #365, #4344 ) ;
#2854 = DIRECTION ( 'NONE',  ( 1.000000000000000000, 0.000000000000000000, -4.952461568701184058E-17 ) ) ;
#2855 = EDGE_LOOP ( 'NONE', ( #460, #1918, #4888, #4698, #67, #4880 ) ) ;
#2856 = ORIENTED_EDGE ( 'NONE', *, *, #2724, .F. ) ;
#2857 = ORIENTED_EDGE ( 'NONE', *, *, #1083, .F. ) ;
#2858 = LINE ( 'NONE', #1738, #630 ) ;
#2859 = FACE_OUTER_BOUND ( 'NONE', #4962, .T. ) ;
#2860 = DIRECTION ( 'NONE',  ( 0.000000000000000000, 0.000000000000000000, 1.000000000000000000 ) ) ;
#2861 = EDGE_LOOP ( 'NONE', ( #180, #2640, #1894, #2018, #4915, #4151, #305 ) ) ;
#2862 = EDGE_CURVE ( 'NONE', #3568, #1591, #3865, .T. ) ;
#2863 = LINE ( 'NONE', #461, #2614 ) ;
#2864 = VECTOR ( 'NONE', #3067, 1000.000000000000000 ) ;
#2865 = FACE_OUTER_BOUND ( 'NONE', #3069, .T. ) ;
#2866 =( GEOMETRIC_REPRESENTATION_CONTEXT ( 3 ) GLOBAL_UNCERTAINTY_ASSIGNED_CONTEXT ( ( #1062 ) ) GLOBAL_UNIT_ASSIGNED_CONTEXT ( ( #3655, #5281, #3577 ) ) REPRESENTATION_CONTEXT ( 'NONE', 'WORKASPACE' ) );
#2867 = DIRECTION ( 'NONE',  ( 0.000000000000000000, -0.000000000000000000, 1.000000000000000000 ) ) ;
#2868 = CARTESIAN_POINT ( 'NONE',  ( 30.58999999999997499, -104.7725234327390211, -57.55500000000000682 ) ) ;
#2869 = ORIENTED_EDGE ( 'NONE', *, *, #1684, .F. ) ;
#2870 = VECTOR ( 'NONE', #4794, 1000.000000000000000 ) ;
#2871 = AXIS2_PLACEMENT_3D ( 'NONE', #110, #5100, #2224 ) ;
#2872 = LINE ( 'NONE', #4643, #198 ) ;
#2873 = DIRECTION ( 'NONE',  ( -0.000000000000000000, -1.000000000000000000, -0.000000000000000000 ) ) ;
#2874 = ORIENTED_EDGE ( 'NONE', *, *, #3812, .F. ) ;
#2875 = EDGE_LOOP ( 'NONE', ( #549, #3675, #1192, #2767 ) ) ;
#2876 = DIRECTION ( 'NONE',  ( 0.000000000000000000, 0.000000000000000000, 1.000000000000000000 ) ) ;
#2877 = EDGE_CURVE ( 'NONE', #2211, #3876, #4243, .T. ) ;
#2878 = EDGE_LOOP ( 'NONE', ( #1712, #3771, #1370, #310 ) ) ;
#2879 = VECTOR ( 'NONE', #1450, 1000.000000000000000 ) ;
#2880 = FACE_OUTER_BOUND ( 'NONE', #3452, .T. ) ;
#2881 = CARTESIAN_POINT ( 'NONE',  ( -30.58999999999998920, 6.499999999999977796, -57.55499999999999261 ) ) ;
#2882 = CARTESIAN_POINT ( 'NONE',  ( -12.43999999999999417, 7.000000000000000000, -62.55499999999999972 ) ) ;
#2883 = CARTESIAN_POINT ( 'NONE',  ( 9.075000000000025935, 0.5000000000000000000, -70.55499999999999261 ) ) ;
#2884 = CIRCLE ( 'NONE', #3662, 4.499999999999997335 ) ;
#2885 = ORIENTED_EDGE ( 'NONE', *, *, #74, .F. ) ;
#2886 = EDGE_CURVE ( 'NONE', #4510, #5059, #1838, .T. ) ;
#2887 = EDGE_LOOP ( 'NONE', ( #1619, #857, #792, #3139 ) ) ;
#2888 = EDGE_CURVE ( 'NONE', #2153, #2514, #2243, .T. ) ;
#2889 = CARTESIAN_POINT ( 'NONE',  ( 18.07499999999997797, 2.000000000000000000, -72.92999999999994998 ) ) ;
#2890 = LINE ( 'NONE', #862, #935 ) ;
#2891 = LINE ( 'NONE', #4547, #4882 ) ;
#2892 = ORIENTED_EDGE ( 'NONE', *, *, #2906, .T. ) ;
#2893 = EDGE_CURVE ( 'NONE', #3256, #3932, #1433, .T. ) ;
#2894 = DIRECTION ( 'NONE',  ( 0.000000000000000000, 1.000000000000000000, 0.000000000000000000 ) ) ;
#2895 = LINE ( 'NONE', #1302, #2550 ) ;
#2896 = DIRECTION ( 'NONE',  ( 1.000000000000000000, 0.000000000000000000, -1.239088197126290570E-16 ) ) ;
#2897 = DIRECTION ( 'NONE',  ( 0.000000000000000000, 0.000000000000000000, 1.000000000000000000 ) ) ;
#2898 = ORIENTED_EDGE ( 'NONE', *, *, #4583, .T. ) ;
#2899 = ORIENTED_EDGE ( 'NONE', *, *, #5301, .F. ) ;
#2900 = DIRECTION ( 'NONE',  ( -4.952461568701184058E-17, 0.000000000000000000, 1.000000000000000000 ) ) ;
#2901 = DIRECTION ( 'NONE',  ( 8.659560562354982162E-17, 0.7071067811865435759, -0.7071067811865515695 ) ) ;
#2902 = ORIENTED_EDGE ( 'NONE', *, *, #265, .T. ) ;
#2903 = VERTEX_POINT ( 'NONE', #2592 ) ;
#2904 = LINE ( 'NONE', #3310, #4781 ) ;
#2905 = VERTEX_POINT ( 'NONE', #2975 ) ;
#2906 = EDGE_CURVE ( 'NONE', #3021, #4484, #4165, .T. ) ;
#2907 = DIRECTION ( 'NONE',  ( -0.000000000000000000, 0.000000000000000000, 1.000000000000000000 ) ) ;
#2908 = CARTESIAN_POINT ( 'NONE',  ( 18.11499999999999488, 7.000000000000000000, -69.55500000000000682 ) ) ;
#2909 = LINE ( 'NONE', #4564, #604 ) ;
#2910 = EDGE_LOOP ( 'NONE', ( #4048, #979, #4720, #2753 ) ) ;
#2911 = EDGE_CURVE ( 'NONE', #1238, #2365, #2568, .T. ) ;
#2912 = AXIS2_PLACEMENT_3D ( 'NONE', #2440, #327, #5287 ) ;
#2913 = ORIENTED_EDGE ( 'NONE', *, *, #4133, .T. ) ;
#2914 = ADVANCED_FACE ( 'NONE', ( #5150 ), #1403, .F. ) ;
#2915 = ORIENTED_EDGE ( 'NONE', *, *, #4246, .F. ) ;
#2916 = DIRECTION ( 'NONE',  ( 0.000000000000000000, 1.000000000000000000, 0.000000000000000000 ) ) ;
#2917 = CARTESIAN_POINT ( 'NONE',  ( 26.93999999999999773, 182.0796411894638993, -83.05499999999999261 ) ) ;
#2918 = CARTESIAN_POINT ( 'NONE',  ( 26.93999999999999773, 15.00000000000000000, -91.55499999999999261 ) ) ;
#2919 = ORIENTED_EDGE ( 'NONE', *, *, #1473, .F. ) ;
#2920 = DIRECTION ( 'NONE',  ( -0.000000000000000000, 1.000000000000000000, -0.000000000000000000 ) ) ;
#2921 = CARTESIAN_POINT ( 'NONE',  ( -22.43999999999999773, 7.000000000000000000, -62.55499999999999972 ) ) ;
#2922 = PLANE ( 'NONE',  #2979 ) ;
#2923 = CARTESIAN_POINT ( 'NONE',  ( 12.43999999999999417, 7.000000000000000000, -62.55499999999999972 ) ) ;
#2924 = ORIENTED_EDGE ( 'NONE', *, *, #2058, .T. ) ;
#2925 = ADVANCED_FACE ( 'NONE', ( #1767 ), #3405, .T. ) ;
#2926 = VECTOR ( 'NONE', #428, 1000.000000000000000 ) ;
#2927 = DIRECTION ( 'NONE',  ( 1.000000000000000000, 0.000000000000000000, -0.000000000000000000 ) ) ;
#2928 = LINE ( 'NONE', #2557, #3174 ) ;
#2929 = ORIENTED_EDGE ( 'NONE', *, *, #3340, .F. ) ;
#2930 = CIRCLE ( 'NONE', #2168, 4.499999999999990230 ) ;
#2931 = VERTEX_POINT ( 'NONE', #5070 ) ;
#2932 = DIRECTION ( 'NONE',  ( 0.000000000000000000, 0.000000000000000000, 1.000000000000000000 ) ) ;
#2933 = ORIENTED_EDGE ( 'NONE', *, *, #4468, .T. ) ;
#2934 = EDGE_CURVE ( 'NONE', #3756, #4423, #134, .T. ) ;
#2935 = DIRECTION ( 'NONE',  ( 0.000000000000000000, 0.000000000000000000, 1.000000000000000000 ) ) ;
#2936 = CARTESIAN_POINT ( 'NONE',  ( 0.000000000000000000, 0.000000000000000000, 0.000000000000000000 ) ) ;
#2937 = LINE ( 'NONE', #1291, #2787 ) ;
#2938 = CARTESIAN_POINT ( 'NONE',  ( -26.64000000000003610, 1.049999999999999822, 46.55499999999999972 ) ) ;
#2939 = ORIENTED_EDGE ( 'NONE', *, *, #2348, .T. ) ;
#2940 = VECTOR ( 'NONE', #1983, 1000.000000000000000 ) ;
#2941 = ORIENTED_EDGE ( 'NONE', *, *, #2702, .T. ) ;
#2942 = ORIENTED_EDGE ( 'NONE', *, *, #210, .F. ) ;
#2943 = CARTESIAN_POINT ( 'NONE',  ( 26.93999999999999773, 182.0796411894638993, -87.55499999999997840 ) ) ;
#2944 = CARTESIAN_POINT ( 'NONE',  ( -26.93999999999993022, 6.999999999999992006, 68.55500000000000682 ) ) ;
#2945 = DIRECTION ( 'NONE',  ( -1.000000000000000000, 0.000000000000000000, 0.000000000000000000 ) ) ;
#2946 = ORIENTED_EDGE ( 'NONE', *, *, #3981, .T. ) ;
#2947 = EDGE_CURVE ( 'NONE', #1562, #599, #1793, .T. ) ;
#2948 = DIRECTION ( 'NONE',  ( 8.260587980841936314E-17, 0.000000000000000000, 1.000000000000000000 ) ) ;
#2949 = DIRECTION ( 'NONE',  ( -1.000000000000000000, 0.000000000000000000, 4.625929269271460552E-14 ) ) ;
#2950 = CARTESIAN_POINT ( 'NONE',  ( 5.999999999999998224, 2.000000000000001776, -85.55499999999999261 ) ) ;
#2951 = CARTESIAN_POINT ( 'NONE',  ( -31.43999999999998707, 7.000000000000006217, -57.55499999999999261 ) ) ;
#2952 = VERTEX_POINT ( 'NONE', #1380 ) ;
#2953 = VERTEX_POINT ( 'NONE', #4317 ) ;
#2954 = EDGE_CURVE ( 'NONE', #3131, #4660, #3083, .T. ) ;
#2955 = PLANE ( 'NONE',  #4609 ) ;
#2956 = LINE ( 'NONE', #3717, #841 ) ;
#2957 = VECTOR ( 'NONE', #1021, 1000.000000000000000 ) ;
#2958 = ORIENTED_EDGE ( 'NONE', *, *, #4876, .F. ) ;
#2959 = ORIENTED_EDGE ( 'NONE', *, *, #1487, .T. ) ;
#2960 = AXIS2_PLACEMENT_3D ( 'NONE', #826, #416, #12 ) ;
#2961 = CARTESIAN_POINT ( 'NONE',  ( -26.64000000000005031, 1.049999999999999822, -57.55499999999999261 ) ) ;
#2962 = CIRCLE ( 'NONE', #715, 8.500000000000007105 ) ;
#2963 = VECTOR ( 'NONE', #2004, 1000.000000000000000 ) ;
#2964 = VECTOR ( 'NONE', #4795, 1000.000000000000000 ) ;
#2965 = VERTEX_POINT ( 'NONE', #5175 ) ;
#2966 = VECTOR ( 'NONE', #3564, 1000.000000000000000 ) ;
#2967 = EDGE_CURVE ( 'NONE', #4881, #3699, #915, .T. ) ;
#2968 = FACE_OUTER_BOUND ( 'NONE', #2910, .T. ) ;
#2969 = CARTESIAN_POINT ( 'NONE',  ( -28.14000000000005386, 0.000000000000000000, -50.38499999999999091 ) ) ;
#2970 = CARTESIAN_POINT ( 'NONE',  ( -12.43999999999999595, 2.000000000000000000, -61.20500000000000540 ) ) ;
#2971 = DIRECTION ( 'NONE',  ( -0.000000000000000000, -0.000000000000000000, -1.000000000000000000 ) ) ;
#2972 = ORIENTED_EDGE ( 'NONE', *, *, #127, .T. ) ;
#2973 = AXIS2_PLACEMENT_3D ( 'NONE', #3494, #5152, #4735 ) ;
#2974 = VECTOR ( 'NONE', #5055, 1000.000000000000000 ) ;
#2975 = CARTESIAN_POINT ( 'NONE',  ( 5.986214009032964078, 6.999999999999999112, 63.55499999999999972 ) ) ;
#2976 = CARTESIAN_POINT ( 'NONE',  ( -26.64000000000005031, 6.049999999999999822, -53.05499999999997840 ) ) ;
#2977 = CARTESIAN_POINT ( 'NONE',  ( -12.43999999999999417, 7.000000000000000000, -62.55499999999999972 ) ) ;
#2978 = ORIENTED_EDGE ( 'NONE', *, *, #4068, .F. ) ;
#2979 = AXIS2_PLACEMENT_3D ( 'NONE', #868, #2519, #4171 ) ;
#2980 = DIRECTION ( 'NONE',  ( -0.000000000000000000, -1.000000000000000000, -0.000000000000000000 ) ) ;
#2981 = AXIS2_PLACEMENT_3D ( 'NONE', #843, #514, #1224 ) ;
#2982 = LINE ( 'NONE', #4576, #3319 ) ;
#2983 = DIRECTION ( 'NONE',  ( -4.952461568701184058E-17, 0.000000000000000000, -1.000000000000000000 ) ) ;
#2984 = CARTESIAN_POINT ( 'NONE',  ( 16.76499999999999702, 2.000000000000000000, -69.55500000000000682 ) ) ;
#2985 = EDGE_LOOP ( 'NONE', ( #913, #4356, #2193, #276 ) ) ;
#2986 = ORIENTED_EDGE ( 'NONE', *, *, #1168, .T. ) ;
#2987 = ADVANCED_FACE ( 'NONE', ( #3029 ), #158, .F. ) ;
#2988 = EDGE_CURVE ( 'NONE', #354, #1638, #2169, .T. ) ;
#2989 = CARTESIAN_POINT ( 'NONE',  ( 26.63999999999995083, 5.549999999999965183, -59.68000000000002103 ) ) ;
#2990 = LINE ( 'NONE', #4232, #3096 ) ;
#2991 = ORIENTED_EDGE ( 'NONE', *, *, #1139, .F. ) ;
#2992 = ORIENTED_EDGE ( 'NONE', *, *, #2911, .T. ) ;
#2993 = ORIENTED_EDGE ( 'NONE', *, *, #1979, .T. ) ;
#2994 = CIRCLE ( 'NONE', #4373, 6.500000000000005329 ) ;
#2995 = CARTESIAN_POINT ( 'NONE',  ( -30.43999999999998707, 6.049999999999999822, 44.14460584136111265 ) ) ;
#2996 = DIRECTION ( 'NONE',  ( 0.000000000000000000, 1.000000000000000000, 0.000000000000000000 ) ) ;
#2997 = LINE ( 'NONE', #1097, #1842 ) ;
#2998 = CARTESIAN_POINT ( 'NONE',  ( -6.999999999999988454, 7.649999999999999467, -83.55499999999999261 ) ) ;
#2999 = EDGE_CURVE ( 'NONE', #2472, #1844, #4219, .T. ) ;
#3000 = ORIENTED_EDGE ( 'NONE', *, *, #1601, .F. ) ;
#3001 = ADVANCED_FACE ( 'NONE', ( #3463 ), #5120, .F. ) ;
#3002 = CARTESIAN_POINT ( 'NONE',  ( -26.93999999999993022, 6.999999999999992006, 68.55500000000000682 ) ) ;
#3003 = VECTOR ( 'NONE', #2676, 1000.000000000000000 ) ;
#3004 = DIRECTION ( 'NONE',  ( -0.000000000000000000, 1.000000000000000000, -0.000000000000000000 ) ) ;
#3005 = LINE ( 'NONE', #4659, #985 ) ;
#3006 = ORIENTED_EDGE ( 'NONE', *, *, #4813, .T. ) ;
#3007 = LINE ( 'NONE', #947, #4263 ) ;
#3008 = ADVANCED_FACE ( 'NONE', ( #673 ), #1539, .T. ) ;
#3009 = CARTESIAN_POINT ( 'NONE',  ( -30.43999999999998707, 6.049999999999999822, 44.14460584136111265 ) ) ;
#3010 = DIRECTION ( 'NONE',  ( 1.000000000000000000, 0.000000000000000000, 0.000000000000000000 ) ) ;
#3011 = CARTESIAN_POINT ( 'NONE',  ( -26.93999999999996930, 7.000000000000006217, 63.55499999999999972 ) ) ;
#3012 = ORIENTED_EDGE ( 'NONE', *, *, #371, .T. ) ;
#3013 = ORIENTED_EDGE ( 'NONE', *, *, #4761, .F. ) ;
#3014 = PLANE ( 'NONE',  #1498 ) ;
#3015 = VECTOR ( 'NONE', #726, 1000.000000000000000 ) ;
#3016 = LINE ( 'NONE', #2210, #670 ) ;
#3017 = EDGE_LOOP ( 'NONE', ( #2946, #3809, #3780, #4459 ) ) ;
#3018 = EDGE_CURVE ( 'NONE', #4691, #2036, #3135, .T. ) ;
#3019 = EDGE_CURVE ( 'NONE', #3793, #2903, #695, .T. ) ;
#3020 = VERTEX_POINT ( 'NONE', #4755 ) ;
#3021 = VERTEX_POINT ( 'NONE', #2395 ) ;
#3022 = ADVANCED_FACE ( 'NONE', ( #2299 ), #2344, .F. ) ;
#3023 = FACE_OUTER_BOUND ( 'NONE', #2132, .T. ) ;
#3024 =( NAMED_UNIT ( * ) PLANE_ANGLE_UNIT ( ) SI_UNIT ( $, .RADIAN. ) );
#3025 = LINE ( 'NONE', #3148, #1408 ) ;
#3026 = LINE ( 'NONE', #4342, #3798 ) ;
#3027 = ORIENTED_EDGE ( 'NONE', *, *, #1832, .T. ) ;
#3028 = EDGE_CURVE ( 'NONE', #958, #207, #4428, .T. ) ;
#3029 = FACE_OUTER_BOUND ( 'NONE', #2346, .T. ) ;
#3030 = CARTESIAN_POINT ( 'NONE',  ( 26.93999999999999773, 2.000000000000001776, -83.05499999999999261 ) ) ;
#3031 = CARTESIAN_POINT ( 'NONE',  ( -26.64000000000003610, 5.549999999999965183, 48.67999999999999972 ) ) ;
#3032 = EDGE_LOOP ( 'NONE', ( #3592, #3144, #357, #964 ) ) ;
#3033 = EDGE_CURVE ( 'NONE', #213, #4934, #334, .T. ) ;
#3034 = PLANE ( 'NONE',  #3567 ) ;
#3035 = CARTESIAN_POINT ( 'NONE',  ( 26.63999999999996504, 1.049999999999999822, 44.42999999999999261 ) ) ;
#3036 = CARTESIAN_POINT ( 'NONE',  ( 13.57499999999998153, 7.649999999999999467, -85.55499999999999261 ) ) ;
#3037 = CARTESIAN_POINT ( 'NONE',  ( 6.000000000000000888, 6.650000000000027001, -66.55499999999999261 ) ) ;
#3038 = ORIENTED_EDGE ( 'NONE', *, *, #1996, .T. ) ;
#3039 = ORIENTED_EDGE ( 'NONE', *, *, #2102, .F. ) ;
#3040 = ADVANCED_FACE ( 'NONE', ( #1455 ), #2802, .T. ) ;
#3041 = DIRECTION ( 'NONE',  ( 0.000000000000000000, 1.000000000000000000, 0.000000000000000000 ) ) ;
#3042 = LINE ( 'NONE', #3552, #2055 ) ;
#3043 = ORIENTED_EDGE ( 'NONE', *, *, #1507, .T. ) ;
#3044 = ORIENTED_EDGE ( 'NONE', *, *, #529, .F. ) ;
#3045 = VERTEX_POINT ( 'NONE', #5272 ) ;
#3046 = VECTOR ( 'NONE', #4824, 1000.000000000000000 ) ;
#3047 = AXIS2_PLACEMENT_3D ( 'NONE', #1569, #1951, #2303 ) ;
#3048 = CYLINDRICAL_SURFACE ( 'NONE', #2025, 3.949999999999953548 ) ;
#3049 = DIRECTION ( 'NONE',  ( -0.000000000000000000, -0.000000000000000000, -1.000000000000000000 ) ) ;
#3050 = VECTOR ( 'NONE', #3664, 1000.000000000000000 ) ;
#3051 = CIRCLE ( 'NONE', #23, 4.500000000000010658 ) ;
#3052 = AXIS2_PLACEMENT_3D ( 'NONE', #633, #1856, #2232 ) ;
#3053 = CARTESIAN_POINT ( 'NONE',  ( -26.64000000000005031, 6.049999999999999822, -57.55499999999999261 ) ) ;
#3054 = EDGE_CURVE ( 'NONE', #2487, #336, #3590, .T. ) ;
#3055 = VECTOR ( 'NONE', #1413, 1000.000000000000000 ) ;
#3056 = ORIENTED_EDGE ( 'NONE', *, *, #2544, .T. ) ;
#3057 = VECTOR ( 'NONE', #2549, 1000.000000000000000 ) ;
#3058 = DIRECTION ( 'NONE',  ( -0.000000000000000000, -1.000000000000000000, -0.000000000000000000 ) ) ;
#3059 = LINE ( 'NONE', #4348, #3534 ) ;
#3060 = PLANE ( 'NONE',  #2200 ) ;
#3061 = EDGE_CURVE ( 'NONE', #3622, #5251, #2374, .T. ) ;
#3062 = ORIENTED_EDGE ( 'NONE', *, *, #1282, .T. ) ;
#3063 = CONICAL_SURFACE ( 'NONE', #2543, 2.125000000000001776, 0.7853981633974548293 ) ;
#3064 = DIRECTION ( 'NONE',  ( -0.7071067811865527908, 0.7071067811865422437, 0.000000000000000000 ) ) ;
#3065 = CARTESIAN_POINT ( 'NONE',  ( 12.43999999999999417, 7.000000000000000000, -62.55499999999999972 ) ) ;
#3066 = CARTESIAN_POINT ( 'NONE',  ( -18.07499999999997797, 2.000000000000000000, -72.92999999999994998 ) ) ;
#3067 = DIRECTION ( 'NONE',  ( -1.239088197126290570E-16, 0.000000000000000000, -1.000000000000000000 ) ) ;
#3068 = CONICAL_SURFACE ( 'NONE', #2031, 8.500000000000007105, 0.7853981633974482790 ) ;
#3069 = EDGE_LOOP ( 'NONE', ( #389, #4849, #880, #2158 ) ) ;
#3070 = ORIENTED_EDGE ( 'NONE', *, *, #1125, .F. ) ;
#3071 = EDGE_CURVE ( 'NONE', #3650, #541, #4024, .T. ) ;
#3072 = EDGE_CURVE ( 'NONE', #3829, #5059, #3541, .T. ) ;
#3073 = LINE ( 'NONE', #1008, #2531 ) ;
#3074 = DIRECTION ( 'NONE',  ( 0.000000000000000000, 0.000000000000000000, 1.000000000000000000 ) ) ;
#3075 = CARTESIAN_POINT ( 'NONE',  ( -33.43999999999997641, -62.43188131373440797, 75.05500000000004945 ) ) ;
#3076 = ORIENTED_EDGE ( 'NONE', *, *, #4819, .T. ) ;
#3077 = ORIENTED_EDGE ( 'NONE', *, *, #5110, .T. ) ;
#3078 = CARTESIAN_POINT ( 'NONE',  ( -6.000000000000001776, 6.650000000000027001, -83.55499999999999261 ) ) ;
#3079 = LINE ( 'NONE', #4780, #2011 ) ;
#3080 = PLANE ( 'NONE',  #424 ) ;
#3081 = ORIENTED_EDGE ( 'NONE', *, *, #554, .T. ) ;
#3082 = EDGE_CURVE ( 'NONE', #629, #750, #4347, .T. ) ;
#3083 = LINE ( 'NONE', #4680, #973 ) ;
#3084 = LINE ( 'NONE', #3493, #757 ) ;
#3085 = LINE ( 'NONE', #619, #289 ) ;
#3086 = EDGE_CURVE ( 'NONE', #4701, #4721, #261, .T. ) ;
#3087 = EDGE_CURVE ( 'NONE', #2905, #1395, #1946, .T. ) ;
#3088 = ORIENTED_EDGE ( 'NONE', *, *, #1046, .T. ) ;
#3089 = LINE ( 'NONE', #1872, #4000 ) ;
#3090 = LINE ( 'NONE', #1359, #3055 ) ;
#3091 = CARTESIAN_POINT ( 'NONE',  ( 26.93999999999999773, 2.000000000000001776, -91.55499999999999261 ) ) ;
#3092 = FACE_OUTER_BOUND ( 'NONE', #3934, .T. ) ;
#3093 = EDGE_LOOP ( 'NONE', ( #442, #2229, #1130, #3718 ) ) ;
#3094 = VERTEX_POINT ( 'NONE', #311 ) ;
#3095 = ORIENTED_EDGE ( 'NONE', *, *, #1991, .T. ) ;
#3096 = VECTOR ( 'NONE', #1783, 1000.000000000000000 ) ;
#3097 = DIRECTION ( 'NONE',  ( 0.000000000000000000, 1.000000000000000000, 0.000000000000000000 ) ) ;
#3098 = CARTESIAN_POINT ( 'NONE',  ( 6.000000000000000888, 2.000000000000001776, -64.55499999999999261 ) ) ;
#3099 = DIRECTION ( 'NONE',  ( 0.000000000000000000, -0.000000000000000000, 1.000000000000000000 ) ) ;
#3100 = EDGE_CURVE ( 'NONE', #992, #1348, #4871, .T. ) ;
#3101 = EDGE_LOOP ( 'NONE', ( #4767, #4585, #3857, #3611, #2206 ) ) ;
#3102 = AXIS2_PLACEMENT_3D ( 'NONE', #3438, #3892, #3923 ) ;
#3103 = CARTESIAN_POINT ( 'NONE',  ( 26.93999999999999773, 15.00000000000000000, -91.55499999999999261 ) ) ;
#3104 = CARTESIAN_POINT ( 'NONE',  ( -26.93999999999999062, 2.000000000000000000, -83.05499999999999261 ) ) ;
#3105 = DIRECTION ( 'NONE',  ( 0.000000000000000000, -0.7071067811865474617, 0.7071067811865474617 ) ) ;
#3106 = ORIENTED_EDGE ( 'NONE', *, *, #5315, .F. ) ;
#3107 = EDGE_CURVE ( 'NONE', #204, #4085, #1323, .T. ) ;
#3108 = DIRECTION ( 'NONE',  ( -0.000000000000000000, -1.000000000000000000, -0.000000000000000000 ) ) ;
#3109 = CARTESIAN_POINT ( 'NONE',  ( 26.93999999999999773, 0.000000000000000000, -89.55499999999999261 ) ) ;
#3110 = VECTOR ( 'NONE', #4043, 1000.000000000000000 ) ;
#3111 = ORIENTED_EDGE ( 'NONE', *, *, #1574, .F. ) ;
#3112 = DIRECTION ( 'NONE',  ( 0.000000000000000000, 0.000000000000000000, 1.000000000000000000 ) ) ;
#3113 = CARTESIAN_POINT ( 'NONE',  ( -35.43999999999999773, 2.000000000000001776, 95.93739701730761738 ) ) ;
#3114 = CARTESIAN_POINT ( 'NONE',  ( 5.999999999999998224, 6.499999999999977796, 50.50499999999995282 ) ) ;
#3115 = CARTESIAN_POINT ( 'NONE',  ( -30.43999999999998707, -97.28932498801881934, -55.14460584136107713 ) ) ;
#3116 = ORIENTED_EDGE ( 'NONE', *, *, #2906, .F. ) ;
#3117 = ORIENTED_EDGE ( 'NONE', *, *, #968, .T. ) ;
#3118 = ORIENTED_EDGE ( 'NONE', *, *, #4248, .F. ) ;
#3119 = EDGE_CURVE ( 'NONE', #2808, #308, #1163, .T. ) ;
#3120 = VECTOR ( 'NONE', #5237, 1000.000000000000000 ) ;
#3121 = AXIS2_PLACEMENT_3D ( 'NONE', #2345, #3673, #2825 ) ;
#3122 = DIRECTION ( 'NONE',  ( 2.891205793294679312E-16, -0.000000000000000000, 1.000000000000000000 ) ) ;
#3123 = DIRECTION ( 'NONE',  ( 0.000000000000000000, 0.000000000000000000, 1.000000000000000000 ) ) ;
#3124 = LINE ( 'NONE', #274, #2729 ) ;
#3125 = DIRECTION ( 'NONE',  ( 0.000000000000000000, 1.000000000000000000, 0.000000000000000000 ) ) ;
#3126 = ORIENTED_EDGE ( 'NONE', *, *, #3818, .F. ) ;
#3127 = EDGE_CURVE ( 'NONE', #4124, #756, #4896, .T. ) ;
#3128 = CARTESIAN_POINT ( 'NONE',  ( -30.58999999999998920, 6.049999999999999822, 46.55499999999999972 ) ) ;
#3129 = LINE ( 'NONE', #1428, #109 ) ;
#3130 = CARTESIAN_POINT ( 'NONE',  ( 26.93999999999993733, -62.43188131373440797, 87.20578397184708308 ) ) ;
#3131 = VERTEX_POINT ( 'NONE', #3338 ) ;
#3132 = EDGE_CURVE ( 'NONE', #2331, #1966, #2853, .T. ) ;
#3133 = AXIS2_PLACEMENT_3D ( 'NONE', #2400, #270, #5307 ) ;
#3134 = ORIENTED_EDGE ( 'NONE', *, *, #3061, .F. ) ;
#3135 = LINE ( 'NONE', #3182, #4429 ) ;
#3136 = AXIS2_PLACEMENT_3D ( 'NONE', #76, #4487, #3264 ) ;
#3137 = DIRECTION ( 'NONE',  ( 0.000000000000000000, 0.000000000000000000, 1.000000000000000000 ) ) ;
#3138 = VECTOR ( 'NONE', #1696, 1000.000000000000000 ) ;
#3139 = ORIENTED_EDGE ( 'NONE', *, *, #605, .F. ) ;
#3140 = DIRECTION ( 'NONE',  ( -0.7071067811865513475, 0.7071067811865436870, 8.728425521916787770E-17 ) ) ;
#3141 = CYLINDRICAL_SURFACE ( 'NONE', #1761, 6.500000000000005329 ) ;
#3142 = LINE ( 'NONE', #3951, #2964 ) ;
#3143 = FACE_OUTER_BOUND ( 'NONE', #3900, .T. ) ;
#3144 = ORIENTED_EDGE ( 'NONE', *, *, #3682, .F. ) ;
#3145 = VECTOR ( 'NONE', #2171, 1000.000000000000000 ) ;
#3146 = CARTESIAN_POINT ( 'NONE',  ( 35.43999999999999773, 14.99999999999999822, 91.20578397184708308 ) ) ;
#3147 = CARTESIAN_POINT ( 'NONE',  ( 31.13999999999994728, 2.000000000000000000, -57.55499999999999261 ) ) ;
#3148 = CARTESIAN_POINT ( 'NONE',  ( -26.93999999999999062, 15.00000000000000000, -89.55499999999999261 ) ) ;
#3149 = VECTOR ( 'NONE', #665, 1000.000000000000000 ) ;
#3150 = ORIENTED_EDGE ( 'NONE', *, *, #2886, .T. ) ;
#3151 = ADVANCED_FACE ( 'NONE', ( #1704 ), #5139, .F. ) ;
#3152 = EDGE_CURVE ( 'NONE', #4375, #2026, #2937, .T. ) ;
#3153 = PRODUCT_DEFINITION_FORMATION_WITH_SPECIFIED_SOURCE ( 'ANY', '', #1047, .NOT_KNOWN. ) ;
#3154 = AXIS2_PLACEMENT_3D ( 'NONE', #2093, #4966, #3010 ) ;
#3155 = CARTESIAN_POINT ( 'NONE',  ( 5.999999999999998224, 6.650000000000027001, -85.55499999999999261 ) ) ;
#3156 = DIRECTION ( 'NONE',  ( -1.000000000000000000, 0.000000000000000000, 1.239088197126290570E-16 ) ) ;
#3157 = VECTOR ( 'NONE', #4143, 1000.000000000000000 ) ;
#3158 = ORIENTED_EDGE ( 'NONE', *, *, #4392, .F. ) ;
#3159 = FACE_OUTER_BOUND ( 'NONE', #5308, .T. ) ;
#3160 = ORIENTED_EDGE ( 'NONE', *, *, #3019, .T. ) ;
#3161 = CARTESIAN_POINT ( 'NONE',  ( 29.13999999999993307, 0.000000000000000000, -83.05499999999999261 ) ) ;
#3162 = LINE ( 'NONE', #3998, #3283 ) ;
#3163 = ORIENTED_EDGE ( 'NONE', *, *, #3320, .T. ) ;
#3164 = LINE ( 'NONE', #3594, #4797 ) ;
#3165 = CARTESIAN_POINT ( 'NONE',  ( 26.94000000000001194, 0.000000000000000000, 34.93499999999999517 ) ) ;
#3166 = CARTESIAN_POINT ( 'NONE',  ( 26.63999999999996504, 1.049999999999999822, 48.67999999999999261 ) ) ;
#3167 = VERTEX_POINT ( 'NONE', #16 ) ;
#3168 = ORIENTED_EDGE ( 'NONE', *, *, #926, .F. ) ;
#3169 = LINE ( 'NONE', #1121, #1237 ) ;
#3170 = CARTESIAN_POINT ( 'NONE',  ( -26.93999999999996930, 15.00000000000000000, 63.55499999999999972 ) ) ;
#3171 = DIRECTION ( 'NONE',  ( 0.000000000000000000, 0.000000000000000000, 1.000000000000000000 ) ) ;
#3172 = DIRECTION ( 'NONE',  ( -0.000000000000000000, 1.000000000000000000, -0.000000000000000000 ) ) ;
#3173 = ORIENTED_EDGE ( 'NONE', *, *, #5200, .T. ) ;
#3174 = VECTOR ( 'NONE', #3827, 1000.000000000000000 ) ;
#3175 = DIRECTION ( 'NONE',  ( 0.000000000000000000, 0.000000000000000000, 1.000000000000000000 ) ) ;
#3176 = EDGE_CURVE ( 'NONE', #2931, #3642, #1622, .T. ) ;
#3177 = DIRECTION ( 'NONE',  ( 1.445602896647339656E-16, -0.000000000000000000, 1.000000000000000000 ) ) ;
#3178 = EDGE_LOOP ( 'NONE', ( #151, #5161, #3394, #2527, #5086 ) ) ;
#3179 = CARTESIAN_POINT ( 'NONE',  ( -18.07499999999997797, 7.150000000000006573, -75.05499999999994998 ) ) ;
#3180 = EDGE_CURVE ( 'NONE', #4470, #2931, #1595, .T. ) ;
#3181 = ORIENTED_EDGE ( 'NONE', *, *, #5216, .F. ) ;
#3182 = CARTESIAN_POINT ( 'NONE',  ( 28.13999999999996149, 0.000000000000000000, 33.93500000000000227 ) ) ;
#3183 = FACE_OUTER_BOUND ( 'NONE', #3267, .T. ) ;
#3184 = VECTOR ( 'NONE', #4878, 1000.000000000000000 ) ;
#3185 = ORIENTED_EDGE ( 'NONE', *, *, #5033, .T. ) ;
#3186 = DIRECTION ( 'NONE',  ( -1.000000000000000000, 1.309225226966767102E-16, 0.000000000000000000 ) ) ;
#3187 = VECTOR ( 'NONE', #480, 1000.000000000000000 ) ;
#3188 = CARTESIAN_POINT ( 'NONE',  ( -13.57500000000001883, 2.000000000000000000, -85.55499999999999261 ) ) ;
#3189 = DIRECTION ( 'NONE',  ( 8.260587980841936314E-17, 0.000000000000000000, 1.000000000000000000 ) ) ;
#3190 = CARTESIAN_POINT ( 'NONE',  ( -26.93999999999999062, 15.00000000000000000, -91.55499999999999261 ) ) ;
#3191 = VERTEX_POINT ( 'NONE', #2449 ) ;
#3192 = ORIENTED_EDGE ( 'NONE', *, *, #2724, .T. ) ;
#3193 = EDGE_CURVE ( 'NONE', #3451, #5239, #4949, .T. ) ;
#3194 = FILL_AREA_STYLE ('',( #660 ) ) ;
#3195 = CARTESIAN_POINT ( 'NONE',  ( 11.57499999999998153, 7.649999999999999467, -83.55499999999999261 ) ) ;
#3196 = FACE_OUTER_BOUND ( 'NONE', #3832, .T. ) ;
#3197 = LINE ( 'NONE', #4090, #1576 ) ;
#3198 = ORIENTED_EDGE ( 'NONE', *, *, #3054, .T. ) ;
#3199 = DIRECTION ( 'NONE',  ( 0.000000000000000000, -0.000000000000000000, 1.000000000000000000 ) ) ;
#3200 = DIRECTION ( 'NONE',  ( 0.000000000000000000, 0.000000000000000000, -1.000000000000000000 ) ) ;
#3201 = ORIENTED_EDGE ( 'NONE', *, *, #3612, .F. ) ;
#3202 = DIRECTION ( 'NONE',  ( 0.000000000000000000, 1.000000000000000000, 0.000000000000000000 ) ) ;
#3203 = ORIENTED_EDGE ( 'NONE', *, *, #3100, .T. ) ;
#3204 = DIRECTION ( 'NONE',  ( 0.000000000000000000, 0.000000000000000000, 1.000000000000000000 ) ) ;
#3205 = CARTESIAN_POINT ( 'NONE',  ( -26.64000000000005031, 6.049999999999999822, -57.55499999999999261 ) ) ;
#3206 = ORIENTED_EDGE ( 'NONE', *, *, #3612, .T. ) ;
#3207 = VECTOR ( 'NONE', #3418, 1000.000000000000000 ) ;
#3208 = AXIS2_PLACEMENT_3D ( 'NONE', #2805, #2378, #4050 ) ;
#3209 = FACE_OUTER_BOUND ( 'NONE', #319, .T. ) ;
#3210 = VECTOR ( 'NONE', #4976, 1000.000000000000000 ) ;
#3211 = CARTESIAN_POINT ( 'NONE',  ( -13.57500000000001705, 7.649999999999999467, -64.55499999999999261 ) ) ;
#3212 = DIRECTION ( 'NONE',  ( 0.000000000000000000, 0.000000000000000000, 1.000000000000000000 ) ) ;
#3213 = CIRCLE ( 'NONE', #5295, 2.125000000000001776 ) ;
#3214 = ORIENTED_EDGE ( 'NONE', *, *, #3973, .T. ) ;
#3215 = AXIS2_PLACEMENT_3D ( 'NONE', #3879, #3528, #1063 ) ;
#3216 = VECTOR ( 'NONE', #1999, 1000.000000000000000 ) ;
#3217 = VECTOR ( 'NONE', #748, 1000.000000000000000 ) ;
#3218 = ORIENTED_EDGE ( 'NONE', *, *, #1398, .T. ) ;
#3219 = AXIS2_PLACEMENT_3D ( 'NONE', #4322, #2980, #1332 ) ;
#3220 = DIRECTION ( 'NONE',  ( -0.000000000000000000, 1.000000000000000000, -0.000000000000000000 ) ) ;
#3221 = DIRECTION ( 'NONE',  ( 1.234385775125811727E-16, 0.000000000000000000, 1.000000000000000000 ) ) ;
#3222 = CYLINDRICAL_SURFACE ( 'NONE', #611, 4.500000000000003553 ) ;
#3223 = CARTESIAN_POINT ( 'NONE',  ( 6.169536034157557580, 6.667381336176498863, 50.67238133617647122 ) ) ;
#3224 = ADVANCED_FACE ( 'NONE', ( #4103 ), #4480, .F. ) ;
#3225 = ORIENTED_EDGE ( 'NONE', *, *, #719, .F. ) ;
#3226 = VECTOR ( 'NONE', #55, 1000.000000000000000 ) ;
#3227 = CARTESIAN_POINT ( 'NONE',  ( 26.93999999999999773, 6.999999999999999112, -89.55499999999999261 ) ) ;
#3228 = CARTESIAN_POINT ( 'NONE',  ( -26.93999999999996930, 15.00000000000000000, 63.55499999999999972 ) ) ;
#3229 = ORIENTED_EDGE ( 'NONE', *, *, #138, .F. ) ;
#3230 = EDGE_LOOP ( 'NONE', ( #1263, #5257, #1664, #5258 ) ) ;
#3231 = CARTESIAN_POINT ( 'NONE',  ( 26.93999999999999773, 7.000000000000006217, -83.05499999999999261 ) ) ;
#3232 = ORIENTED_EDGE ( 'NONE', *, *, #1565, .F. ) ;
#3233 = EDGE_CURVE ( 'NONE', #4567, #314, #1766, .T. ) ;
#3234 = AXIS2_PLACEMENT_3D ( 'NONE', #2551, #3684, #462 ) ;
#3235 = CARTESIAN_POINT ( 'NONE',  ( 16.76499999999999702, 2.000000000000000000, -69.55500000000000682 ) ) ;
#3236 = DIRECTION ( 'NONE',  ( 1.284980352575415460E-15, 0.000000000000000000, 1.000000000000000000 ) ) ;
#3237 = ADVANCED_FACE ( 'NONE', ( #773 ), #4156, .T. ) ;
#3238 = ORIENTED_EDGE ( 'NONE', *, *, #4905, .F. ) ;
#3239 = ADVANCED_FACE ( 'NONE', ( #393 ), #2052, .T. ) ;
#3240 = ADVANCED_FACE ( 'NONE', ( #4539 ), #4563, .F. ) ;
#3241 = DIRECTION ( 'NONE',  ( -1.000000000000000000, 0.000000000000000000, -0.000000000000000000 ) ) ;
#3242 = DIRECTION ( 'NONE',  ( -0.000000000000000000, -1.000000000000000000, -0.000000000000000000 ) ) ;
#3243 = DIRECTION ( 'NONE',  ( 0.000000000000000000, 0.000000000000000000, 1.000000000000000000 ) ) ;
#3244 = ORIENTED_EDGE ( 'NONE', *, *, #1046, .F. ) ;
#3245 = ADVANCED_FACE ( 'NONE', ( #800 ), #3672, .T. ) ;
#3246 = CARTESIAN_POINT ( 'NONE',  ( 26.93999999999993733, -62.43188131373440797, 68.55500000000000682 ) ) ;
#3247 = CARTESIAN_POINT ( 'NONE',  ( 13.57499999999998153, 7.649999999999999467, -79.55499999999996419 ) ) ;
#3248 = CARTESIAN_POINT ( 'NONE',  ( -9.075000000000022382, 5.549999999999998934, -82.55499999999999261 ) ) ;
#3249 = CARTESIAN_POINT ( 'NONE',  ( -33.43999999999999062, 6.999999999999999112, -83.05499999999999261 ) ) ;
#3250 = ORIENTED_EDGE ( 'NONE', *, *, #1353, .T. ) ;
#3251 = CYLINDRICAL_SURFACE ( 'NONE', #2207, 4.500000000000003553 ) ;
#3252 = CARTESIAN_POINT ( 'NONE',  ( -30.43999999999998707, 6.049999999999999822, -55.14460584136107713 ) ) ;
#3253 = EDGE_LOOP ( 'NONE', ( #3856, #2482, #1299, #124, #3902, #3324, #517, #4464 ) ) ;
#3254 = ORIENTED_EDGE ( 'NONE', *, *, #1326, .F. ) ;
#3255 = DIRECTION ( 'NONE',  ( 0.000000000000000000, 0.000000000000000000, 1.000000000000000000 ) ) ;
#3256 = VERTEX_POINT ( 'NONE', #4920 ) ;
#3257 = DIRECTION ( 'NONE',  ( 1.000000000000000000, 0.000000000000000000, -0.000000000000000000 ) ) ;
#3258 = DIRECTION ( 'NONE',  ( 0.000000000000000000, 0.7071067811865435759, 0.7071067811865515695 ) ) ;
#3259 = EDGE_CURVE ( 'NONE', #5104, #1288, #2478, .T. ) ;
#3260 = VECTOR ( 'NONE', #1434, 1000.000000000000000 ) ;
#3261 = ORIENTED_EDGE ( 'NONE', *, *, #1338, .T. ) ;
#3262 = EDGE_LOOP ( 'NONE', ( #174, #1977, #1228, #4943 ) ) ;
#3263 = VECTOR ( 'NONE', #2539, 1000.000000000000000 ) ;
#3264 = DIRECTION ( 'NONE',  ( 0.000000000000000000, 0.000000000000000000, 1.000000000000000000 ) ) ;
#3265 = DIRECTION ( 'NONE',  ( -0.000000000000000000, -1.000000000000000000, -0.000000000000000000 ) ) ;
#3266 = CARTESIAN_POINT ( 'NONE',  ( 18.07499999999997797, -12.21267040355189515, -70.55499999999994998 ) ) ;
#3267 = EDGE_LOOP ( 'NONE', ( #4066, #1175, #1741, #3961 ) ) ;
#3268 = LINE ( 'NONE', #842, #5142 ) ;
#3269 = CARTESIAN_POINT ( 'NONE',  ( -30.43999999999998707, -97.28932498801881934, 44.14460584136111265 ) ) ;
#3270 = PLANE ( 'NONE',  #1300 ) ;
#3271 = EDGE_CURVE ( 'NONE', #4706, #451, #2505, .T. ) ;
#3272 = CARTESIAN_POINT ( 'NONE',  ( -11.57500000000002238, 0.5000000000000000000, -82.55499999999999261 ) ) ;
#3273 = VERTEX_POINT ( 'NONE', #3723 ) ;
#3274 = ORIENTED_EDGE ( 'NONE', *, *, #1507, .F. ) ;
#3275 = CARTESIAN_POINT ( 'NONE',  ( -31.43999999999999417, 2.000000000000000000, -83.05499999999999261 ) ) ;
#3276 = DIRECTION ( 'NONE',  ( -0.000000000000000000, -1.000000000000000000, -0.000000000000000000 ) ) ;
#3277 = VERTEX_POINT ( 'NONE', #448 ) ;
#3278 = ADVANCED_FACE ( 'NONE', ( #2112 ), #3754, .T. ) ;
#3279 = EDGE_LOOP ( 'NONE', ( #4838, #2898, #1227, #675 ) ) ;
#3280 = CARTESIAN_POINT ( 'NONE',  ( -6.170039234005098017, 6.667381336167550465, 50.67238133616752549 ) ) ;
#3281 = EDGE_CURVE ( 'NONE', #2541, #4223, #3213, .T. ) ;
#3282 = VERTEX_POINT ( 'NONE', #1790 ) ;
#3283 = VECTOR ( 'NONE', #5273, 1000.000000000000000 ) ;
#3284 = DIRECTION ( 'NONE',  ( -0.000000000000000000, -1.000000000000000000, -0.000000000000000000 ) ) ;
#3285 = DIRECTION ( 'NONE',  ( -1.000000000000000000, 0.000000000000000000, 2.135044278125304498E-15 ) ) ;
#3286 = DIRECTION ( 'NONE',  ( -1.000000000000000000, 0.000000000000000000, 0.000000000000000000 ) ) ;
#3287 = EDGE_CURVE ( 'NONE', #56, #91, #2997, .T. ) ;
#3288 = ORIENTED_EDGE ( 'NONE', *, *, #698, .T. ) ;
#3289 = ORIENTED_EDGE ( 'NONE', *, *, #2823, .F. ) ;
#3290 = VERTEX_POINT ( 'NONE', #2970 ) ;
#3291 = DIRECTION ( 'NONE',  ( 0.000000000000000000, -0.000000000000000000, 1.000000000000000000 ) ) ;
#3292 = CARTESIAN_POINT ( 'NONE',  ( 16.76499999999999702, 7.000000000000000000, -62.55499999999999972 ) ) ;
#3293 = CARTESIAN_POINT ( 'NONE',  ( -26.93999999999999062, 15.00000000000000000, -91.55499999999999261 ) ) ;
#3294 = EDGE_LOOP ( 'NONE', ( #4978, #1222, #69, #396 ) ) ;
#3295 = DIRECTION ( 'NONE',  ( 0.000000000000000000, 0.000000000000000000, 1.000000000000000000 ) ) ;
#3296 = AXIS2_PLACEMENT_3D ( 'NONE', #1279, #3352, #3791 ) ;
#3297 = CARTESIAN_POINT ( 'NONE',  ( 18.07499999999997797, 7.150000000000006573, -75.05499999999994998 ) ) ;
#3298 = CIRCLE ( 'NONE', #1675, 2.125000000000001776 ) ;
#3299 = FACE_BOUND ( 'NONE', #5215, .T. ) ;
#3300 = CARTESIAN_POINT ( 'NONE',  ( -11.57500000000001705, 0.5000000000000004441, -66.55499999999999261 ) ) ;
#3301 = ORIENTED_EDGE ( 'NONE', *, *, #4360, .T. ) ;
#3302 = ORIENTED_EDGE ( 'NONE', *, *, #2852, .T. ) ;
#3303 = AXIS2_PLACEMENT_3D ( 'NONE', #219, #5045, #919 ) ;
#3304 = LINE ( 'NONE', #3768, #5310 ) ;
#3305 = DIRECTION ( 'NONE',  ( 0.000000000000000000, 0.000000000000000000, -1.000000000000000000 ) ) ;
#3306 = ADVANCED_FACE ( 'NONE', ( #2188 ), #4238, .T. ) ;
#3307 = ORIENTED_EDGE ( 'NONE', *, *, #4544, .T. ) ;
#3308 = EDGE_CURVE ( 'NONE', #2252, #1836, #3806, .T. ) ;
#3309 = ORIENTED_EDGE ( 'NONE', *, *, #783, .F. ) ;
#3310 = CARTESIAN_POINT ( 'NONE',  ( 6.624748585550039870, 15.00000000000000000, 80.38914619115534776 ) ) ;
#3311 = ORIENTED_EDGE ( 'NONE', *, *, #1647, .T. ) ;
#3312 = VECTOR ( 'NONE', #1273, 1000.000000000000000 ) ;
#3313 = DIRECTION ( 'NONE',  ( 0.000000000000000000, 0.000000000000000000, 1.000000000000000000 ) ) ;
#3314 = DIRECTION ( 'NONE',  ( -1.284980352575415460E-15, 0.000000000000000000, 1.000000000000000000 ) ) ;
#3315 = CARTESIAN_POINT ( 'NONE',  ( -12.43999999999999417, 2.000000000000000000, -62.55499999999999972 ) ) ;
#3316 = EDGE_LOOP ( 'NONE', ( #2454, #2280, #1189, #564 ) ) ;
#3317 = ORIENTED_EDGE ( 'NONE', *, *, #4603, .F. ) ;
#3318 = ORIENTED_EDGE ( 'NONE', *, *, #1666, .F. ) ;
#3319 = VECTOR ( 'NONE', #434, 1000.000000000000000 ) ;
#3320 = EDGE_CURVE ( 'NONE', #1270, #550, #2216, .T. ) ;
#3321 = LINE ( 'NONE', #2943, #3733 ) ;
#3322 = LINE ( 'NONE', #3292, #2827 ) ;
#3323 = DIRECTION ( 'NONE',  ( -0.000000000000000000, 1.000000000000000000, -0.000000000000000000 ) ) ;
#3324 = ORIENTED_EDGE ( 'NONE', *, *, #4603, .T. ) ;
#3325 = DIRECTION ( 'NONE',  ( -0.000000000000000000, 1.000000000000000000, -0.000000000000000000 ) ) ;
#3326 = PLANE ( 'NONE',  #1347 ) ;
#3327 = CARTESIAN_POINT ( 'NONE',  ( -11.57499999999998508, -12.21267040355189515, -79.55499999999996419 ) ) ;
#3328 = PLANE ( 'NONE',  #5291 ) ;
#3329 = ORIENTED_EDGE ( 'NONE', *, *, #1039, .T. ) ;
#3330 = ORIENTED_EDGE ( 'NONE', *, *, #795, .T. ) ;
#3331 = CARTESIAN_POINT ( 'NONE',  ( 18.07499999999997797, 7.649999999999999467, -79.55499999999996419 ) ) ;
#3332 = FACE_BOUND ( 'NONE', #2723, .T. ) ;
#3333 = ORIENTED_EDGE ( 'NONE', *, *, #4016, .T. ) ;
#3334 = ORIENTED_EDGE ( 'NONE', *, *, #313, .T. ) ;
#3335 = CARTESIAN_POINT ( 'NONE',  ( 2.254748570678834163, 9.274437471375676978, 65.95499999999999829 ) ) ;
#3336 = ORIENTED_EDGE ( 'NONE', *, *, #593, .F. ) ;
#3337 = PLANE ( 'NONE',  #1165 ) ;
#3338 = CARTESIAN_POINT ( 'NONE',  ( 26.63999999999995083, 1.049999999999999822, -59.68000000000002103 ) ) ;
#3339 = CARTESIAN_POINT ( 'NONE',  ( 26.63999999999995083, 6.049999999999999822, -53.05500000000002103 ) ) ;
#3340 = EDGE_CURVE ( 'NONE', #1436, #2514, #4627, .T. ) ;
#3341 = VERTEX_POINT ( 'NONE', #3777 ) ;
#3342 = VECTOR ( 'NONE', #4771, 1000.000000000000000 ) ;
#3343 = ORIENTED_EDGE ( 'NONE', *, *, #3281, .F. ) ;
#3344 = ORIENTED_EDGE ( 'NONE', *, *, #1398, .F. ) ;
#3345 = FACE_BOUND ( 'NONE', #4180, .T. ) ;
#3346 = FACE_OUTER_BOUND ( 'NONE', #4614, .T. ) ;
#3347 = DIRECTION ( 'NONE',  ( 0.000000000000000000, 1.000000000000000000, 0.000000000000000000 ) ) ;
#3348 = ORIENTED_EDGE ( 'NONE', *, *, #5054, .F. ) ;
#3349 = CARTESIAN_POINT ( 'NONE',  ( 6.999999999999984013, 7.649999999999999467, -85.55499999999999261 ) ) ;
#3350 = CARTESIAN_POINT ( 'NONE',  ( 26.63999999999996504, 5.549999999999965183, 44.42999999999999261 ) ) ;
#3351 = DIRECTION ( 'NONE',  ( 0.000000000000000000, 0.000000000000000000, 1.000000000000000000 ) ) ;
#3352 = DIRECTION ( 'NONE',  ( 1.000000000000000000, 0.000000000000000000, 0.000000000000000000 ) ) ;
#3353 = VERTEX_POINT ( 'NONE', #910 ) ;
#3354 = ORIENTED_EDGE ( 'NONE', *, *, #1832, .F. ) ;
#3355 = EDGE_CURVE ( 'NONE', #2002, #4375, #3430, .T. ) ;
#3356 = AXIS2_PLACEMENT_3D ( 'NONE', #5306, #3242, #753 ) ;
#3357 = PLANE ( 'NONE',  #112 ) ;
#3358 = CARTESIAN_POINT ( 'NONE',  ( -26.64000000000005031, 5.549999999999965183, -57.55499999999999261 ) ) ;
#3359 = VERTEX_POINT ( 'NONE', #3398 ) ;
#3360 = VECTOR ( 'NONE', #3105, 1000.000000000000114 ) ;
#3361 = ORIENTED_EDGE ( 'NONE', *, *, #804, .F. ) ;
#3362 = LINE ( 'NONE', #443, #3993 ) ;
#3363 = EDGE_LOOP ( 'NONE', ( #3027, #2324, #3901, #2847, #3333, #1030 ) ) ;
#3364 = DIRECTION ( 'NONE',  ( 0.000000000000000000, 1.000000000000000000, 0.000000000000000000 ) ) ;
#3365 = CARTESIAN_POINT ( 'NONE',  ( 5.999999987092584419, 4.404437487353918712, 50.50499999999995282 ) ) ;
#3366 = DIRECTION ( 'NONE',  ( 0.7071067811865425767, 0.7071067811865524577, 0.000000000000000000 ) ) ;
#3367 = ORIENTED_EDGE ( 'NONE', *, *, #3176, .F. ) ;
#3368 = AXIS2_PLACEMENT_3D ( 'NONE', #1578, #4115, #2867 ) ;
#3369 = ORIENTED_EDGE ( 'NONE', *, *, #1169, .T. ) ;
#3370 = CARTESIAN_POINT ( 'NONE',  ( -33.43999999999998352, 0.000000000000000000, 96.66533748584001273 ) ) ;
#3371 = EDGE_CURVE ( 'NONE', #5288, #2583, #4266, .T. ) ;
#3372 = LINE ( 'NONE', #1297, #2926 ) ;
#3373 = DIRECTION ( 'NONE',  ( 0.000000000000000000, 0.000000000000000000, 1.000000000000000000 ) ) ;
#3374 = EDGE_CURVE ( 'NONE', #1106, #2785, #1471, .T. ) ;
#3375 = ORIENTED_EDGE ( 'NONE', *, *, #4431, .T. ) ;
#3376 = DIRECTION ( 'NONE',  ( 0.7071067811865475727, 0.7071067811865475727, -3.501919158794374480E-17 ) ) ;
#3377 = DIRECTION ( 'NONE',  ( -0.000000000000000000, -1.000000000000000000, -0.000000000000000000 ) ) ;
#3378 = PLANE ( 'NONE',  #5313 ) ;
#3379 = DIRECTION ( 'NONE',  ( 0.000000000000000000, 0.000000000000000000, 1.000000000000000000 ) ) ;
#3380 = ORIENTED_EDGE ( 'NONE', *, *, #2027, .T. ) ;
#3381 = ORIENTED_EDGE ( 'NONE', *, *, #3859, .F. ) ;
#3382 = AXIS2_PLACEMENT_3D ( 'NONE', #382, #2040, #2897 ) ;
#3383 = DIRECTION ( 'NONE',  ( -1.000000000000000000, 0.000000000000000000, 0.000000000000000000 ) ) ;
#3384 = EDGE_CURVE ( 'NONE', #3359, #2820, #3025, .T. ) ;
#3385 = CARTESIAN_POINT ( 'NONE',  ( 28.13999999999996149, 2.000000000000000000, 33.93500000000000227 ) ) ;
#3386 = VECTOR ( 'NONE', #4846, 1000.000000000000000 ) ;
#3387 = ORIENTED_EDGE ( 'NONE', *, *, #2064, .T. ) ;
#3388 = ORIENTED_EDGE ( 'NONE', *, *, #3682, .T. ) ;
#3389 = CIRCLE ( 'NONE', #1497, 2.625000000000043965 ) ;
#3390 = ORIENTED_EDGE ( 'NONE', *, *, #639, .T. ) ;
#3391 = VECTOR ( 'NONE', #4887, 1000.000000000000000 ) ;
#3392 = VECTOR ( 'NONE', #2812, 1000.000000000000000 ) ;
#3393 = VECTOR ( 'NONE', #5184, 1000.000000000000000 ) ;
#3394 = ORIENTED_EDGE ( 'NONE', *, *, #1480, .T. ) ;
#3395 = VECTOR ( 'NONE', #2139, 1000.000000000000000 ) ;
#3396 = ADVANCED_FACE ( 'NONE', ( #1316 ), #4805, .F. ) ;
#3397 = CARTESIAN_POINT ( 'NONE',  ( -2.255251798232997817, 9.274437486377925310, 50.50499999999995282 ) ) ;
#3398 = CARTESIAN_POINT ( 'NONE',  ( -26.93999999999999062, 15.00000000000000000, -89.55499999999999261 ) ) ;
#3399 = CARTESIAN_POINT ( 'NONE',  ( 31.43999999999999417, 2.000000000000000000, 57.05499999999999261 ) ) ;
#3400 = ORIENTED_EDGE ( 'NONE', *, *, #4458, .T. ) ;
#3401 = EDGE_LOOP ( 'NONE', ( #3460, #2414, #972, #3081 ) ) ;
#3402 = VECTOR ( 'NONE', #1702, 1000.000000000000000 ) ;
#3403 = EDGE_CURVE ( 'NONE', #743, #2074, #663, .T. ) ;
#3404 = AXIS2_PLACEMENT_3D ( 'NONE', #3860, #3940, #154 ) ;
#3405 = PLANE ( 'NONE',  #3565 ) ;
#3406 = CARTESIAN_POINT ( 'NONE',  ( 33.43999999999998352, 6.999999999999999112, 57.05499999999999261 ) ) ;
#3407 = EDGE_CURVE ( 'NONE', #2760, #3454, #687, .T. ) ;
#3408 = DIRECTION ( 'NONE',  ( 0.000000000000000000, -0.000000000000000000, 1.000000000000000000 ) ) ;
#3409 = CIRCLE ( 'NONE', #810, 4.369999999999978790 ) ;
#3410 = ORIENTED_EDGE ( 'NONE', *, *, #4401, .F. ) ;
#3411 = AXIS2_PLACEMENT_3D ( 'NONE', #3327, #896, #4639 ) ;
#3412 = EDGE_CURVE ( 'NONE', #320, #3882, #2962, .T. ) ;
#3413 = ADVANCED_FACE ( 'NONE', ( #4774 ), #5035, .T. ) ;
#3414 = CARTESIAN_POINT ( 'NONE',  ( -6.625251798232977052, 9.274437486377925310, 65.95499999999999829 ) ) ;
#3415 = AXIS2_PLACEMENT_3D ( 'NONE', #4853, #2790, #4828 ) ;
#3416 = FACE_OUTER_BOUND ( 'NONE', #4741, .T. ) ;
#3417 = DIRECTION ( 'NONE',  ( 1.239088197126290570E-16, -0.000000000000000000, 1.000000000000000000 ) ) ;
#3418 = DIRECTION ( 'NONE',  ( 9.904923137402368115E-17, -0.000000000000000000, 1.000000000000000000 ) ) ;
#3419 = ORIENTED_EDGE ( 'NONE', *, *, #519, .T. ) ;
#3420 = VERTEX_POINT ( 'NONE', #2310 ) ;
#3421 = EDGE_CURVE ( 'NONE', #3721, #993, #3554, .T. ) ;
#3422 = CARTESIAN_POINT ( 'NONE',  ( 13.57499999999998153, 7.649999999999999467, -85.55499999999999261 ) ) ;
#3423 = CARTESIAN_POINT ( 'NONE',  ( 18.07499999999997797, 7.150000000000006573, -77.17999999999994998 ) ) ;
#3424 = EDGE_LOOP ( 'NONE', ( #425, #1878, #476, #2218 ) ) ;
#3425 = EDGE_CURVE ( 'NONE', #4831, #2526, #3051, .T. ) ;
#3426 = VERTEX_POINT ( 'NONE', #2815 ) ;
#3427 = ORIENTED_EDGE ( 'NONE', *, *, #4199, .T. ) ;
#3428 = DIRECTION ( 'NONE',  ( 0.000000000000000000, 0.000000000000000000, -1.000000000000000000 ) ) ;
#3429 = CARTESIAN_POINT ( 'NONE',  ( -26.64000000000005031, 5.549999999999965183, -59.67999999999999972 ) ) ;
#3430 = LINE ( 'NONE', #961, #3486 ) ;
#3431 = DIRECTION ( 'NONE',  ( 0.000000000000000000, 0.000000000000000000, 1.000000000000000000 ) ) ;
#3432 = ORIENTED_EDGE ( 'NONE', *, *, #4023, .F. ) ;
#3433 = EDGE_LOOP ( 'NONE', ( #2028, #1504, #1250, #1968 ) ) ;
#3434 = EDGE_CURVE ( 'NONE', #4746, #87, #739, .T. ) ;
#3435 = EDGE_CURVE ( 'NONE', #2103, #4826, #4469, .T. ) ;
#3436 = CARTESIAN_POINT ( 'NONE',  ( 26.64000000000003254, 6.999999999999999112, 51.00499999999995993 ) ) ;
#3437 = VECTOR ( 'NONE', #2873, 1000.000000000000000 ) ;
#3438 = CARTESIAN_POINT ( 'NONE',  ( 26.63999999999995083, 1.049999999999999822, -57.55500000000001393 ) ) ;
#3439 = LINE ( 'NONE', #1382, #2626 ) ;
#3440 = ORIENTED_EDGE ( 'NONE', *, *, #427, .T. ) ;
#3441 = CARTESIAN_POINT ( 'NONE',  ( 12.43999999999999417, 7.000000000000000000, -62.55499999999999972 ) ) ;
#3442 = CYLINDRICAL_SURFACE ( 'NONE', #1085, 6.500000000000005329 ) ;
#3443 = FACE_OUTER_BOUND ( 'NONE', #3894, .T. ) ;
#3444 = CARTESIAN_POINT ( 'NONE',  ( -11.57500000000001705, 0.5000000000000004441, -66.55499999999999261 ) ) ;
#3445 = ORIENTED_EDGE ( 'NONE', *, *, #4581, .T. ) ;
#3446 = ORIENTED_EDGE ( 'NONE', *, *, #3028, .T. ) ;
#3447 = PLANE ( 'NONE',  #4427 ) ;
#3448 = ADVANCED_FACE ( 'NONE', ( #1179 ), #5238, .F. ) ;
#3449 = VECTOR ( 'NONE', #1317, 1000.000000000000000 ) ;
#3450 = DIRECTION ( 'NONE',  ( -1.000000000000000000, 0.000000000000000000, 0.000000000000000000 ) ) ;
#3451 = VERTEX_POINT ( 'NONE', #1960 ) ;
#3452 = EDGE_LOOP ( 'NONE', ( #609, #2481, #1281, #2699 ) ) ;
#3453 = CIRCLE ( 'NONE', #328, 2.625000000000043965 ) ;
#3454 = VERTEX_POINT ( 'NONE', #1579 ) ;
#3455 = LINE ( 'NONE', #3482, #4526 ) ;
#3456 = EDGE_CURVE ( 'NONE', #1753, #1395, #1606, .T. ) ;
#3457 = VECTOR ( 'NONE', #3559, 1000.000000000000000 ) ;
#3458 = CARTESIAN_POINT ( 'NONE',  ( 31.43999999999998352, 2.000000000000000000, -57.55499999999999261 ) ) ;
#3459 = DIRECTION ( 'NONE',  ( 0.000000000000000000, 0.000000000000000000, -1.000000000000000000 ) ) ;
#3460 = ORIENTED_EDGE ( 'NONE', *, *, #3132, .T. ) ;
#3461 = EDGE_CURVE ( 'NONE', #4358, #1866, #304, .T. ) ;
#3462 = EDGE_CURVE ( 'NONE', #3273, #4475, #3627, .T. ) ;
#3463 = FACE_OUTER_BOUND ( 'NONE', #482, .T. ) ;
#3464 = LINE ( 'NONE', #2646, #3551 ) ;
#3465 = CARTESIAN_POINT ( 'NONE',  ( -26.64000000000003610, 6.049999999999999822, 43.92999999999995708 ) ) ;
#3466 = ORIENTED_EDGE ( 'NONE', *, *, #3709, .T. ) ;
#3467 = DIRECTION ( 'NONE',  ( 1.000000000000000000, 0.000000000000000000, -1.232923579230140113E-16 ) ) ;
#3468 = DIRECTION ( 'NONE',  ( -0.000000000000000000, -0.000000000000000000, -1.000000000000000000 ) ) ;
#3469 = DIRECTION ( 'NONE',  ( 0.6847910787717393921, 0.6847910787717347292, -0.2492435693639483418 ) ) ;
#3470 = DIRECTION ( 'NONE',  ( 0.000000000000000000, 1.000000000000000000, 0.000000000000000000 ) ) ;
#3471 = ORIENTED_EDGE ( 'NONE', *, *, #398, .F. ) ;
#3472 = ORIENTED_EDGE ( 'NONE', *, *, #1647, .F. ) ;
#3473 = DIRECTION ( 'NONE',  ( -1.000000000000000000, 0.000000000000000000, -0.000000000000000000 ) ) ;
#3474 = DIRECTION ( 'NONE',  ( -0.000000000000000000, -1.000000000000000000, -0.000000000000000000 ) ) ;
#3475 = CARTESIAN_POINT ( 'NONE',  ( -26.93999999999997286, 7.000000000000006217, 57.05499999999999261 ) ) ;
#3476 = EDGE_LOOP ( 'NONE', ( #4572, #2840, #3511, #2933, #2443, #5112, #3540 ) ) ;
#3477 = EDGE_CURVE ( 'NONE', #550, #1244, #5262, .T. ) ;
#3478 = ORIENTED_EDGE ( 'NONE', *, *, #4119, .F. ) ;
#3479 = VECTOR ( 'NONE', #4409, 1000.000000000000000 ) ;
#3480 = VECTOR ( 'NONE', #2622, 1000.000000000000000 ) ;
#3481 = EDGE_CURVE ( 'NONE', #541, #1598, #5284, .T. ) ;
#3482 = CARTESIAN_POINT ( 'NONE',  ( -35.43999999999999062, 2.000000000000001776, -83.05499999999999261 ) ) ;
#3483 = EDGE_CURVE ( 'NONE', #368, #213, #711, .T. ) ;
#3484 = DIRECTION ( 'NONE',  ( 1.000000000000000000, 0.000000000000000000, -4.625929269271460552E-14 ) ) ;
#3485 = CIRCLE ( 'NONE', #2270, 2.625000000000043965 ) ;
#3486 = VECTOR ( 'NONE', #5090, 1000.000000000000000 ) ;
#3487 = CONICAL_SURFACE ( 'NONE', #1321, 2.125000000000001776, 0.7853981633974548293 ) ;
#3488 = DIRECTION ( 'NONE',  ( 0.000000000000000000, 0.000000000000000000, 1.000000000000000000 ) ) ;
#3489 = AXIS2_PLACEMENT_3D ( 'NONE', #1874, #5157, #4739 ) ;
#3490 = AXIS2_PLACEMENT_3D ( 'NONE', #2882, #2023, #3314 ) ;
#3491 = EDGE_LOOP ( 'NONE', ( #5132, #2899, #1311, #2159, #1654 ) ) ;
#3492 = CARTESIAN_POINT ( 'NONE',  ( 18.07499999999997797, 2.000000000000000000, -75.05499999999994998 ) ) ;
#3493 = CARTESIAN_POINT ( 'NONE',  ( 26.63999999999996504, 5.549999999999965183, 44.42999999999999261 ) ) ;
#3494 = CARTESIAN_POINT ( 'NONE',  ( -26.64000000000003610, 5.549999999999965183, 46.55499999999999972 ) ) ;
#3495 = ORIENTED_EDGE ( 'NONE', *, *, #5004, .F. ) ;
#3496 = VECTOR ( 'NONE', #4624, 1000.000000000000000 ) ;
#3497 = ADVANCED_FACE ( 'NONE', ( #4830 ), #3984, .F. ) ;
#3498 = LINE ( 'NONE', #4278, #891 ) ;
#3499 = LINE ( 'NONE', #623, #1059 ) ;
#3500 = FACE_OUTER_BOUND ( 'NONE', #4543, .T. ) ;
#3501 = CARTESIAN_POINT ( 'NONE',  ( -24.22960584136115969, 6.049999999999999822, 50.35499999999995424 ) ) ;
#3502 = ORIENTED_EDGE ( 'NONE', *, *, #4210, .T. ) ;
#3503 = ORIENTED_EDGE ( 'NONE', *, *, #745, .T. ) ;
#3504 = VERTEX_POINT ( 'NONE', #3249 ) ;
#3505 = CIRCLE ( 'NONE', #3234, 4.499999999999990230 ) ;
#3506 = CARTESIAN_POINT ( 'NONE',  ( -28.14000000000005386, 2.000000000000000000, -50.38499999999999091 ) ) ;
#3507 = CARTESIAN_POINT ( 'NONE',  ( 26.93999999999999773, 6.999999999999999112, -83.05499999999999261 ) ) ;
#3508 = DIRECTION ( 'NONE',  ( 0.000000000000000000, 1.000000000000000000, 0.000000000000000000 ) ) ;
#3509 = ADVANCED_FACE ( 'NONE', ( #2364 ), #4014, .F. ) ;
#3510 = ORIENTED_EDGE ( 'NONE', *, *, #4919, .T. ) ;
#3511 = ORIENTED_EDGE ( 'NONE', *, *, #3233, .T. ) ;
#3512 = LINE ( 'NONE', #5115, #558 ) ;
#3513 = FACE_OUTER_BOUND ( 'NONE', #3693, .T. ) ;
#3514 = DIRECTION ( 'NONE',  ( -0.000000000000000000, -1.000000000000000000, -0.000000000000000000 ) ) ;
#3515 = ORIENTED_EDGE ( 'NONE', *, *, #3384, .T. ) ;
#3516 = EDGE_CURVE ( 'NONE', #3906, #2002, #5342, .T. ) ;
#3517 = CARTESIAN_POINT ( 'NONE',  ( 11.57500000000002416, -0.001999999999999831773, -70.55499999999999261 ) ) ;
#3518 = LINE ( 'NONE', #1022, #4913 ) ;
#3519 = ORIENTED_EDGE ( 'NONE', *, *, #4016, .F. ) ;
#3520 = CARTESIAN_POINT ( 'NONE',  ( -26.64000000000005031, 1.049999999999999822, -57.55499999999999261 ) ) ;
#3521 = EDGE_CURVE ( 'NONE', #541, #61, #275, .T. ) ;
#3522 = CARTESIAN_POINT ( 'NONE',  ( 0.000000000000000000, 7.000000000000000000, 0.000000000000000000 ) ) ;
#3523 = LINE ( 'NONE', #2705, #5050 ) ;
#3524 = DIRECTION ( 'NONE',  ( -1.000000000000000000, 0.000000000000000000, -0.000000000000000000 ) ) ;
#3525 = VERTEX_POINT ( 'NONE', #1612 ) ;
#3526 = EDGE_LOOP ( 'NONE', ( #121, #3802 ) ) ;
#3527 = ORIENTED_EDGE ( 'NONE', *, *, #4360, .F. ) ;
#3528 = DIRECTION ( 'NONE',  ( 0.000000000000000000, 1.000000000000000000, 0.000000000000000000 ) ) ;
#3529 = CARTESIAN_POINT ( 'NONE',  ( -24.22960584136115969, 6.049999999999999822, 50.35499999999995424 ) ) ;
#3530 = DIRECTION ( 'NONE',  ( -1.000000000000000000, 0.000000000000000000, 0.000000000000000000 ) ) ;
#3531 = ADVANCED_FACE ( 'NONE', ( #1984 ), #3603, .T. ) ;
#3532 = CARTESIAN_POINT ( 'NONE',  ( 18.07499999999997797, -4.010407640085659864, -72.92999999999994998 ) ) ;
#3533 = ORIENTED_EDGE ( 'NONE', *, *, #2852, .F. ) ;
#3534 = VECTOR ( 'NONE', #4319, 1000.000000000000000 ) ;
#3535 = VECTOR ( 'NONE', #2396, 1000.000000000000000 ) ;
#3536 = DIRECTION ( 'NONE',  ( 0.000000000000000000, 0.000000000000000000, -1.000000000000000000 ) ) ;
#3537 = DIRECTION ( 'NONE',  ( -1.000000000000000000, 0.000000000000000000, 0.000000000000000000 ) ) ;
#3538 = DIRECTION ( 'NONE',  ( -0.000000000000000000, 1.000000000000000000, -0.000000000000000000 ) ) ;
#3539 = ORIENTED_EDGE ( 'NONE', *, *, #4839, .F. ) ;
#3540 = ORIENTED_EDGE ( 'NONE', *, *, #4544, .F. ) ;
#3541 = LINE ( 'NONE', #2694, #2109 ) ;
#3542 = DIRECTION ( 'NONE',  ( -8.287407466028612509E-05, 0.7071067787582957509, 0.7071067787583105169 ) ) ;
#3543 = VERTEX_POINT ( 'NONE', #2432 ) ;
#3544 = EDGE_CURVE ( 'NONE', #2108, #2660, #3197, .T. ) ;
#3545 = LINE ( 'NONE', #5230, #5149 ) ;
#3546 = EDGE_CURVE ( 'NONE', #599, #3277, #4600, .T. ) ;
#3547 = DIRECTION ( 'NONE',  ( 0.000000000000000000, 0.000000000000000000, 1.000000000000000000 ) ) ;
#3548 = DIRECTION ( 'NONE',  ( -0.000000000000000000, 1.000000000000000000, -0.000000000000000000 ) ) ;
#3549 = PLANE ( 'NONE',  #626 ) ;
#3550 = ORIENTED_EDGE ( 'NONE', *, *, #2988, .F. ) ;
#3551 = VECTOR ( 'NONE', #1840, 1000.000000000000000 ) ;
#3552 = CARTESIAN_POINT ( 'NONE',  ( -6.000000000000001776, 6.650000000000027001, -85.55499999999999261 ) ) ;
#3553 = DIRECTION ( 'NONE',  ( -0.000000000000000000, 1.000000000000000000, -0.000000000000000000 ) ) ;
#3554 = LINE ( 'NONE', #505, #1764 ) ;
#3555 = VERTEX_POINT ( 'NONE', #4578 ) ;
#3556 = EDGE_CURVE ( 'NONE', #1921, #3353, #1662, .T. ) ;
#3557 = DIRECTION ( 'NONE',  ( -0.000000000000000000, -1.000000000000000000, -0.000000000000000000 ) ) ;
#3558 = CARTESIAN_POINT ( 'NONE',  ( -31.14000000000006452, 2.000000000000000000, -57.55499999999999261 ) ) ;
#3559 = DIRECTION ( 'NONE',  ( 1.000000000000000000, -0.000000000000000000, -0.000000000000000000 ) ) ;
#3560 = EDGE_LOOP ( 'NONE', ( #3907, #1525, #3628, #1992 ) ) ;
#3561 = EDGE_CURVE ( 'NONE', #1401, #4463, #3822, .T. ) ;
#3562 = AXIS2_PLACEMENT_3D ( 'NONE', #2839, #4494, #787 ) ;
#3563 = VECTOR ( 'NONE', #3220, 1000.000000000000000 ) ;
#3564 = DIRECTION ( 'NONE',  ( 0.000000000000000000, 0.000000000000000000, 1.000000000000000000 ) ) ;
#3565 = AXIS2_PLACEMENT_3D ( 'NONE', #3517, #2194, #3839 ) ;
#3566 = LINE ( 'NONE', #4843, #4757 ) ;
#3567 = AXIS2_PLACEMENT_3D ( 'NONE', #1412, #5155, #1001 ) ;
#3568 = VERTEX_POINT ( 'NONE', #3713 ) ;
#3569 = CARTESIAN_POINT ( 'NONE',  ( 30.43999999999998707, 2.000000000000001776, 44.14460584136111265 ) ) ;
#3570 = DIRECTION ( 'NONE',  ( 8.718086235584248448E-17, 0.7071067811865450192, 0.7071067811865501263 ) ) ;
#3571 = DIRECTION ( 'NONE',  ( 0.000000000000000000, 0.000000000000000000, -1.000000000000000000 ) ) ;
#3572 = CARTESIAN_POINT ( 'NONE',  ( 26.63999999999995083, 6.049999999999999822, -57.55499999999999261 ) ) ;
#3573 = VERTEX_POINT ( 'NONE', #2951 ) ;
#3574 = AXIS2_PLACEMENT_3D ( 'NONE', #487, #1657, #2860 ) ;
#3575 = ADVANCED_FACE ( 'NONE', ( #1719 ), #5078, .T. ) ;
#3576 = EDGE_CURVE ( 'NONE', #2644, #1076, #2005, .T. ) ;
#3577 =( NAMED_UNIT ( * ) SI_UNIT ( $, .STERADIAN. ) SOLID_ANGLE_UNIT ( ) );
#3578 = PLANE ( 'NONE',  #651 ) ;
#3579 = LINE ( 'NONE', #1858, #3120 ) ;
#3580 = EDGE_CURVE ( 'NONE', #3504, #811, #3766, .T. ) ;
#3581 = DIRECTION ( 'NONE',  ( -1.332992777621213689E-16, 0.000000000000000000, -1.000000000000000000 ) ) ;
#3582 = AXIS2_PLACEMENT_3D ( 'NONE', #5242, #4498, #306 ) ;
#3583 = ORIENTED_EDGE ( 'NONE', *, *, #2114, .F. ) ;
#3584 = CARTESIAN_POINT ( 'NONE',  ( -30.58999999999998920, 6.499999999999977796, 46.55499999999999972 ) ) ;
#3585 = EDGE_CURVE ( 'NONE', #4865, #3721, #5051, .T. ) ;
#3586 = CARTESIAN_POINT ( 'NONE',  ( -35.43999999999999062, 15.00000000000000000, -83.05499999999999261 ) ) ;
#3587 = ORIENTED_EDGE ( 'NONE', *, *, #2311, .T. ) ;
#3588 = DIRECTION ( 'NONE',  ( 0.000000000000000000, -0.000000000000000000, 1.000000000000000000 ) ) ;
#3589 = ORIENTED_EDGE ( 'NONE', *, *, #3812, .T. ) ;
#3590 = LINE ( 'NONE', #3946, #2275 ) ;
#3591 = CARTESIAN_POINT ( 'NONE',  ( -28.14000000000004320, 1.000000000000000888, 33.93500000000000938 ) ) ;
#3592 = ORIENTED_EDGE ( 'NONE', *, *, #1101, .F. ) ;
#3593 = EDGE_LOOP ( 'NONE', ( #873, #2135, #557, #932 ) ) ;
#3594 = CARTESIAN_POINT ( 'NONE',  ( -6.999999999999987566, 7.649999999999999467, -66.55499999999999261 ) ) ;
#3595 = CARTESIAN_POINT ( 'NONE',  ( 11.57499999999998508, 0.5000000000000004441, -70.55499999999999261 ) ) ;
#3596 = DIRECTION ( 'NONE',  ( -0.000000000000000000, -1.000000000000000000, -0.000000000000000000 ) ) ;
#3597 = DIRECTION ( 'NONE',  ( 0.000000000000000000, 1.000000000000000000, 0.000000000000000000 ) ) ;
#3598 = EDGE_LOOP ( 'NONE', ( #4580, #4479, #1676, #494 ) ) ;
#3599 = ORIENTED_EDGE ( 'NONE', *, *, #2283, .F. ) ;
#3600 = CARTESIAN_POINT ( 'NONE',  ( -6.625251798232977052, 9.274437486377925310, 80.38914619115534776 ) ) ;
#3601 = DIRECTION ( 'NONE',  ( -1.020425574104004246E-16, 0.000000000000000000, -1.000000000000000000 ) ) ;
#3602 = DIRECTION ( 'NONE',  ( 0.000000000000000000, 0.000000000000000000, 1.000000000000000000 ) ) ;
#3603 = PLANE ( 'NONE',  #3562 ) ;
#3604 = VERTEX_POINT ( 'NONE', #4228 ) ;
#3605 = AXIS2_PLACEMENT_3D ( 'NONE', #3358, #5027, #4645 ) ;
#3606 = ADVANCED_FACE ( 'NONE', ( #2095 ), #1361, .F. ) ;
#3607 = PLANE ( 'NONE',  #3582 ) ;
#3608 = CARTESIAN_POINT ( 'NONE',  ( 26.63999999999996504, 6.049999999999999822, 43.92999999999994998 ) ) ;
#3609 = ORIENTED_EDGE ( 'NONE', *, *, #1147, .F. ) ;
#3610 = DIRECTION ( 'NONE',  ( 0.000000000000000000, 1.000000000000000000, 0.000000000000000000 ) ) ;
#3611 = ORIENTED_EDGE ( 'NONE', *, *, #999, .T. ) ;
#3612 = EDGE_CURVE ( 'NONE', #3604, #2965, #4202, .T. ) ;
#3613 = CARTESIAN_POINT ( 'NONE',  ( -26.64000000000003610, 5.549999999999965183, 46.55499999999999972 ) ) ;
#3614 = LINE ( 'NONE', #3591, #3015 ) ;
#3615 = VECTOR ( 'NONE', #2806, 1000.000000000000000 ) ;
#3616 = ORIENTED_EDGE ( 'NONE', *, *, #102, .T. ) ;
#3617 = EDGE_CURVE ( 'NONE', #3876, #2660, #33, .T. ) ;
#3618 = VECTOR ( 'NONE', #1243, 1000.000000000000000 ) ;
#3619 = DIRECTION ( 'NONE',  ( -0.000000000000000000, -1.000000000000000000, -0.000000000000000000 ) ) ;
#3620 = LINE ( 'NONE', #808, #4309 ) ;
#3621 = DIRECTION ( 'NONE',  ( 0.000000000000000000, 0.000000000000000000, 1.000000000000000000 ) ) ;
#3622 = VERTEX_POINT ( 'NONE', #1776 ) ;
#3623 = ORIENTED_EDGE ( 'NONE', *, *, #3801, .T. ) ;
#3624 = DIRECTION ( 'NONE',  ( -0.000000000000000000, -0.000000000000000000, -1.000000000000000000 ) ) ;
#3625 = DIRECTION ( 'NONE',  ( -0.000000000000000000, -0.000000000000000000, -1.000000000000000000 ) ) ;
#3626 = CARTESIAN_POINT ( 'NONE',  ( 26.63999999999995083, 2.000000000000000000, -53.05500000000002103 ) ) ;
#3627 = LINE ( 'NONE', #3686, #3736 ) ;
#3628 = ORIENTED_EDGE ( 'NONE', *, *, #2422, .T. ) ;
#3629 = CIRCLE ( 'NONE', #1040, 4.500000000000010658 ) ;
#3630 = CARTESIAN_POINT ( 'NONE',  ( 26.63999999999996504, 6.049999999999999822, 46.55499999999999261 ) ) ;
#3631 = CARTESIAN_POINT ( 'NONE',  ( 31.43999999999998707, 119.8157865726246172, -57.55499999999999261 ) ) ;
#3632 = ADVANCED_FACE ( 'NONE', ( #3740 ), #4, .F. ) ;
#3633 = ORIENTED_EDGE ( 'NONE', *, *, #2832, .T. ) ;
#3634 = EDGE_CURVE ( 'NONE', #86, #3968, #492, .T. ) ;
#3635 = ORIENTED_EDGE ( 'NONE', *, *, #279, .T. ) ;
#3636 = CARTESIAN_POINT ( 'NONE',  ( -35.43999999999999062, 2.000000000000001776, -83.05499999999999261 ) ) ;
#3637 = EDGE_LOOP ( 'NONE', ( #3587, #3851, #5234, #2056, #1037, #2301, #1441, #299 ) ) ;
#3638 = ADVANCED_FACE ( 'NONE', ( #1335 ), #1402, .T. ) ;
#3639 = ADVANCED_FACE ( 'NONE', ( #869 ), #3328, .T. ) ;
#3640 = DIRECTION ( 'NONE',  ( -0.000000000000000000, 1.000000000000000000, -0.000000000000000000 ) ) ;
#3641 = CARTESIAN_POINT ( 'NONE',  ( 11.57499999999998153, 7.649999999999999467, -83.55499999999999261 ) ) ;
#3642 = VERTEX_POINT ( 'NONE', #2984 ) ;
#3643 = VECTOR ( 'NONE', #845, 1000.000000000000000 ) ;
#3644 = VECTOR ( 'NONE', #214, 1000.000000000000000 ) ;
#3645 = DIRECTION ( 'NONE',  ( -1.000000000000000000, -0.000000000000000000, -0.000000000000000000 ) ) ;
#3646 = AXIS2_PLACEMENT_3D ( 'NONE', #1477, #1508, #3965 ) ;
#3647 = CARTESIAN_POINT ( 'NONE',  ( 6.999999999999988454, 7.649999999999999467, -64.55499999999999261 ) ) ;
#3648 = LINE ( 'NONE', #1547, #4863 ) ;
#3649 = VECTOR ( 'NONE', #4415, 1000.000000000000000 ) ;
#3650 = VERTEX_POINT ( 'NONE', #4640 ) ;
#3651 = VECTOR ( 'NONE', #1828, 1000.000000000000114 ) ;
#3652 = CIRCLE ( 'NONE', #2014, 6.500000000000005329 ) ;
#3653 = VECTOR ( 'NONE', #4842, 1000.000000000000000 ) ;
#3654 = ORIENTED_EDGE ( 'NONE', *, *, #3546, .T. ) ;
#3655 =( LENGTH_UNIT ( ) NAMED_UNIT ( * ) SI_UNIT ( .MILLI., .METRE. ) );
#3656 = CARTESIAN_POINT ( 'NONE',  ( -31.08999999999999986, 7.000000000000006217, -57.55499999999999261 ) ) ;
#3657 = CARTESIAN_POINT ( 'NONE',  ( 26.94000000000001194, 0.000000000000000000, 34.93499999999999517 ) ) ;
#3658 = DIRECTION ( 'NONE',  ( 1.020425574104004122E-16, 0.000000000000000000, 1.000000000000000000 ) ) ;
#3659 = ORIENTED_EDGE ( 'NONE', *, *, #2094, .F. ) ;
#3660 = AXIS2_PLACEMENT_3D ( 'NONE', #4979, #828, #2935 ) ;
#3661 = PLANE ( 'NONE',  #3927 ) ;
#3662 = AXIS2_PLACEMENT_3D ( 'NONE', #3630, #5318, #3175 ) ;
#3663 = ADVANCED_FACE ( 'NONE', ( #4145 ), #923, .F. ) ;
#3664 = DIRECTION ( 'NONE',  ( -1.000000000000000000, 0.000000000000000000, 4.625929269271459921E-14 ) ) ;
#3665 = VERTEX_POINT ( 'NONE', #2466 ) ;
#3666 = EDGE_LOOP ( 'NONE', ( #1549, #4091, #4929, #2522 ) ) ;
#3667 = DIRECTION ( 'NONE',  ( 0.000000000000000000, -0.000000000000000000, 1.000000000000000000 ) ) ;
#3668 = AXIS2_PLACEMENT_3D ( 'NONE', #2755, #3140, #4002 ) ;
#3669 = ORIENTED_EDGE ( 'NONE', *, *, #783, .T. ) ;
#3670 = AXIS2_PLACEMENT_3D ( 'NONE', #491, #977, #221 ) ;
#3671 = AXIS2_PLACEMENT_3D ( 'NONE', #1095, #1982, #5260 ) ;
#3672 = PLANE ( 'NONE',  #1410 ) ;
#3673 = DIRECTION ( 'NONE',  ( -0.000000000000000000, -1.000000000000000000, -0.000000000000000000 ) ) ;
#3674 = VERTEX_POINT ( 'NONE', #2520 ) ;
#3675 = ORIENTED_EDGE ( 'NONE', *, *, #639, .F. ) ;
#3676 = ORIENTED_EDGE ( 'NONE', *, *, #593, .T. ) ;
#3677 = ADVANCED_FACE ( 'NONE', ( #2127 ), #3549, .T. ) ;
#3678 = PLANE ( 'NONE',  #19 ) ;
#3679 = CARTESIAN_POINT ( 'NONE',  ( 26.93999999999998352, 15.00000000000000000, 75.05500000000000682 ) ) ;
#3680 = CARTESIAN_POINT ( 'NONE',  ( -12.43999999999999595, 7.000000000000007994, -61.70500000000001251 ) ) ;
#3681 = ORIENTED_EDGE ( 'NONE', *, *, #2319, .T. ) ;
#3682 = EDGE_CURVE ( 'NONE', #3277, #3858, #1904, .T. ) ;
#3683 = LINE ( 'NONE', #5339, #1679 ) ;
#3684 = DIRECTION ( 'NONE',  ( 0.000000000000000000, 1.000000000000000000, 0.000000000000000000 ) ) ;
#3685 = DIRECTION ( 'NONE',  ( -1.000000000000000000, 0.000000000000000000, 0.000000000000000000 ) ) ;
#3686 = CARTESIAN_POINT ( 'NONE',  ( -16.76499999999999702, 2.000000000000000000, -69.55500000000000682 ) ) ;
#3687 = ORIENTED_EDGE ( 'NONE', *, *, #2350, .F. ) ;
#3688 = CARTESIAN_POINT ( 'NONE',  ( -26.64000000000005031, 6.049999999999999822, -62.05500000000001393 ) ) ;
#3689 = EDGE_CURVE ( 'NONE', #1401, #518, #4740, .T. ) ;
#3690 = CARTESIAN_POINT ( 'NONE',  ( -18.07499999999997797, 2.000000000000000000, -79.55499999999996419 ) ) ;
#3691 = AXIS2_PLACEMENT_3D ( 'NONE', #4179, #440, #521 ) ;
#3692 = VERTEX_POINT ( 'NONE', #143 ) ;
#3693 = EDGE_LOOP ( 'NONE', ( #3681, #1377, #2800, #834 ) ) ;
#3694 = PLANE ( 'NONE',  #2960 ) ;
#3695 = ORIENTED_EDGE ( 'NONE', *, *, #4779, .T. ) ;
#3696 = CARTESIAN_POINT ( 'NONE',  ( -16.76499999999999702, 7.000000000000000000, -69.55500000000000682 ) ) ;
#3697 = DIRECTION ( 'NONE',  ( 0.000000000000000000, 0.000000000000000000, 1.000000000000000000 ) ) ;
#3698 = DIRECTION ( 'NONE',  ( 0.000000000000000000, 0.000000000000000000, 1.000000000000000000 ) ) ;
#3699 = VERTEX_POINT ( 'NONE', #5158 ) ;
#3700 = ORIENTED_EDGE ( 'NONE', *, *, #4451, .F. ) ;
#3701 = EDGE_LOOP ( 'NONE', ( #4968, #3301, #1885, #946, #4297, #4812, #1927, #1698 ) ) ;
#3702 = CIRCLE ( 'NONE', #5099, 2.125000000000001776 ) ;
#3703 = FACE_OUTER_BOUND ( 'NONE', #2122, .T. ) ;
#3704 = DIRECTION ( 'NONE',  ( -0.000000000000000000, -1.000000000000000000, -0.000000000000000000 ) ) ;
#3705 = CARTESIAN_POINT ( 'NONE',  ( 12.43999999999999417, 2.000000000000000000, -62.55499999999999972 ) ) ;
#3706 = ORIENTED_EDGE ( 'NONE', *, *, #1264, .F. ) ;
#3707 = ADVANCED_FACE ( 'NONE', ( #3092 ), #2776, .F. ) ;
#3708 = VECTOR ( 'NONE', #2590, 1000.000000000000000 ) ;
#3709 = EDGE_CURVE ( 'NONE', #45, #2228, #3849, .T. ) ;
#3710 = DIRECTION ( 'NONE',  ( 0.6847910787717393921, -0.6847910787717347292, 0.2492435693639483418 ) ) ;
#3711 = LINE ( 'NONE', #58, #3935 ) ;
#3712 = CARTESIAN_POINT ( 'NONE',  ( -2.287500000000152411, -1.637500000000002620, -83.55499999999999261 ) ) ;
#3713 = CARTESIAN_POINT ( 'NONE',  ( -6.999999999999987566, 7.649999999999999467, -66.55499999999999261 ) ) ;
#3714 = ORIENTED_EDGE ( 'NONE', *, *, #1081, .T. ) ;
#3715 = ORIENTED_EDGE ( 'NONE', *, *, #5010, .T. ) ;
#3716 = DIRECTION ( 'NONE',  ( -0.000000000000000000, -1.000000000000000000, -0.000000000000000000 ) ) ;
#3717 = CARTESIAN_POINT ( 'NONE',  ( 16.76499999999999702, 7.000000000000000000, -69.55500000000000682 ) ) ;
#3718 = ORIENTED_EDGE ( 'NONE', *, *, #3403, .F. ) ;
#3719 = VERTEX_POINT ( 'NONE', #573 ) ;
#3720 = CYLINDRICAL_SURFACE ( 'NONE', #1153, 4.370000014740178074 ) ;
#3721 = VERTEX_POINT ( 'NONE', #3444 ) ;
#3722 = CARTESIAN_POINT ( 'NONE',  ( 16.76499999999999702, 7.000000000000000000, -62.55499999999999972 ) ) ;
#3723 = CARTESIAN_POINT ( 'NONE',  ( -16.76499999999999702, 2.000000000000000000, -69.55500000000000682 ) ) ;
#3724 = DIRECTION ( 'NONE',  ( -1.000000000000000000, 0.000000000000000000, 0.000000000000000000 ) ) ;
#3725 = ORIENTED_EDGE ( 'NONE', *, *, #3407, .F. ) ;
#3726 = ORIENTED_EDGE ( 'NONE', *, *, #2585, .F. ) ;
#3727 = ORIENTED_EDGE ( 'NONE', *, *, #3421, .F. ) ;
#3728 = CARTESIAN_POINT ( 'NONE',  ( -18.11499999999999488, 7.000000000000000000, -62.55499999999999972 ) ) ;
#3729 = CARTESIAN_POINT ( 'NONE',  ( 30.58999999999998920, -97.28932498801881934, -55.14460584136107002 ) ) ;
#3730 = DIRECTION ( 'NONE',  ( -0.000000000000000000, 1.000000000000000000, -0.000000000000000000 ) ) ;
#3731 = VECTOR ( 'NONE', #2227, 1000.000000000000000 ) ;
#3732 = VERTEX_POINT ( 'NONE', #5210 ) ;
#3733 = VECTOR ( 'NONE', #861, 1000.000000000000000 ) ;
#3734 = AXIS2_PLACEMENT_3D ( 'NONE', #2215, #3156, #4809 ) ;
#3735 = FACE_OUTER_BOUND ( 'NONE', #4989, .T. ) ;
#3736 = VECTOR ( 'NONE', #1203, 1000.000000000000000 ) ;
#3737 = DIRECTION ( 'NONE',  ( 0.000000000000000000, 1.000000000000000000, 0.000000000000000000 ) ) ;
#3738 = CIRCLE ( 'NONE', #3215, 4.500000000000003553 ) ;
#3739 = CARTESIAN_POINT ( 'NONE',  ( 5.999999999999998224, -22.18677324489565095, -85.55499999999999261 ) ) ;
#3740 = FACE_OUTER_BOUND ( 'NONE', #5309, .T. ) ;
#3741 = ORIENTED_EDGE ( 'NONE', *, *, #745, .F. ) ;
#3742 = VECTOR ( 'NONE', #1212, 1000.000000000000000 ) ;
#3743 = AXIS2_PLACEMENT_3D ( 'NONE', #5020, #5074, #2248 ) ;
#3744 = FACE_OUTER_BOUND ( 'NONE', #1854, .T. ) ;
#3745 = EDGE_CURVE ( 'NONE', #1598, #51, #1440, .T. ) ;
#3746 = CARTESIAN_POINT ( 'NONE',  ( 18.07499999999997797, -12.21267040355189515, -79.55499999999996419 ) ) ;
#3747 = ORIENTED_EDGE ( 'NONE', *, *, #3580, .T. ) ;
#3748 = ORIENTED_EDGE ( 'NONE', *, *, #1956, .T. ) ;
#3749 = CARTESIAN_POINT ( 'NONE',  ( 26.64000000000003254, 6.999999999999999112, 51.00499999999995993 ) ) ;
#3750 = ORIENTED_EDGE ( 'NONE', *, *, #3071, .F. ) ;
#3751 = VECTOR ( 'NONE', #809, 1000.000000000000000 ) ;
#3752 = PLANE ( 'NONE',  #4184 ) ;
#3753 = CARTESIAN_POINT ( 'NONE',  ( -26.64000000000003610, 1.049999999999999822, 48.67999999999999972 ) ) ;
#3754 = PLANE ( 'NONE',  #197 ) ;
#3755 = LINE ( 'NONE', #2565, #4661 ) ;
#3756 = VERTEX_POINT ( 'NONE', #1029 ) ;
#3757 = ORIENTED_EDGE ( 'NONE', *, *, #963, .T. ) ;
#3758 = AXIS2_PLACEMENT_3D ( 'NONE', #921, #2464, #2150 ) ;
#3759 = DIRECTION ( 'NONE',  ( 0.000000000000000000, 0.000000000000000000, 1.000000000000000000 ) ) ;
#3760 = CARTESIAN_POINT ( 'NONE',  ( -22.43999999999999773, 2.000000000000000000, -62.55499999999999972 ) ) ;
#3761 = CARTESIAN_POINT ( 'NONE',  ( -33.43999999999997641, 15.00000000000000000, 80.70578397184705466 ) ) ;
#3762 = VERTEX_POINT ( 'NONE', #4665 ) ;
#3763 = DIRECTION ( 'NONE',  ( -1.000000000000000000, 0.000000000000000000, 0.000000000000000000 ) ) ;
#3764 = PLANE ( 'NONE',  #5069 ) ;
#3765 = CARTESIAN_POINT ( 'NONE',  ( -18.07499999999997797, 7.649999999999999467, -75.05499999999994998 ) ) ;
#3766 = LINE ( 'NONE', #409, #3207 ) ;
#3767 = VERTEX_POINT ( 'NONE', #3501 ) ;
#3768 = CARTESIAN_POINT ( 'NONE',  ( 5.999999999999998224, 6.650000000000027001, -85.55499999999999261 ) ) ;
#3769 = LINE ( 'NONE', #3423, #1364 ) ;
#3770 = VERTEX_POINT ( 'NONE', #166 ) ;
#3771 = ORIENTED_EDGE ( 'NONE', *, *, #1756, .T. ) ;
#3772 = DIRECTION ( 'NONE',  ( 0.000000000000000000, 0.000000000000000000, 1.000000000000000000 ) ) ;
#3773 = ORIENTED_EDGE ( 'NONE', *, *, #4133, .F. ) ;
#3774 = LINE ( 'NONE', #477, #3496 ) ;
#3775 = ADVANCED_FACE ( 'NONE', ( #4325 ), #3899, .F. ) ;
#3776 = DIRECTION ( 'NONE',  ( 0.000000000000000000, 0.000000000000000000, 1.000000000000000000 ) ) ;
#3777 = CARTESIAN_POINT ( 'NONE',  ( 24.22960584136115969, 2.000000000000001776, 50.50499999999995282 ) ) ;
#3778 = DIRECTION ( 'NONE',  ( 0.000000000000000000, -1.000000000000000000, 0.000000000000000000 ) ) ;
#3779 = ORIENTED_EDGE ( 'NONE', *, *, #2844, .F. ) ;
#3780 = ORIENTED_EDGE ( 'NONE', *, *, #5357, .T. ) ;
#3781 = ORIENTED_EDGE ( 'NONE', *, *, #4304, .T. ) ;
#3782 = CARTESIAN_POINT ( 'NONE',  ( 5.999999999999998224, 6.650000000000027001, -85.55499999999999261 ) ) ;
#3783 = VECTOR ( 'NONE', #2623, 1000.000000000000000 ) ;
#3784 = DIRECTION ( 'NONE',  ( 9.904923137402368115E-17, 0.000000000000000000, 1.000000000000000000 ) ) ;
#3785 = DIRECTION ( 'NONE',  ( 8.659560562354990790E-17, 0.7071067811865430208, -0.7071067811865521247 ) ) ;
#3786 = VERTEX_POINT ( 'NONE', #5128 ) ;
#3787 = EDGE_CURVE ( 'NONE', #3341, #1038, #2279, .T. ) ;
#3788 = DIRECTION ( 'NONE',  ( -0.000000000000000000, -1.000000000000000000, -0.000000000000000000 ) ) ;
#3789 = CARTESIAN_POINT ( 'NONE',  ( 6.624748585550039870, 15.00000000000000000, 63.55499999999999972 ) ) ;
#3790 = FACE_OUTER_BOUND ( 'NONE', #42, .T. ) ;
#3791 = DIRECTION ( 'NONE',  ( 0.000000000000000000, 0.000000000000000000, -1.000000000000000000 ) ) ;
#3792 = ORIENTED_EDGE ( 'NONE', *, *, #4406, .T. ) ;
#3793 = VERTEX_POINT ( 'NONE', #222 ) ;
#3794 = EDGE_CURVE ( 'NONE', #2116, #1238, #950, .T. ) ;
#3795 = LINE ( 'NONE', #1667, #1765 ) ;
#3796 = PLANE ( 'NONE',  #1715 ) ;
#3797 = ORIENTED_EDGE ( 'NONE', *, *, #4500, .F. ) ;
#3798 = VECTOR ( 'NONE', #4653, 1000.000000000000000 ) ;
#3799 = ORIENTED_EDGE ( 'NONE', *, *, #2114, .T. ) ;
#3800 = EDGE_LOOP ( 'NONE', ( #4903, #441, #4327, #9 ) ) ;
#3801 = EDGE_CURVE ( 'NONE', #1821, #721, #1875, .T. ) ;
#3802 = ORIENTED_EDGE ( 'NONE', *, *, #5082, .F. ) ;
#3803 = PLANE ( 'NONE',  #3660 ) ;
#3804 = ADVANCED_FACE ( 'NONE', ( #978 ), #5103, .T. ) ;
#3805 = SHAPE_DEFINITION_REPRESENTATION ( #4857, #1133 ) ;
#3806 = LINE ( 'NONE', #1350, #1583 ) ;
#3807 = LINE ( 'NONE', #4507, #1202 ) ;
#3808 = VECTOR ( 'NONE', #2, 1000.000000000000000 ) ;
#3809 = ORIENTED_EDGE ( 'NONE', *, *, #1884, .T. ) ;
#3810 = AXIS2_PLACEMENT_3D ( 'NONE', #215, #1869, #184 ) ;
#3811 = EDGE_CURVE ( 'NONE', #1348, #4679, #2693, .T. ) ;
#3812 = EDGE_CURVE ( 'NONE', #5057, #1591, #548, .T. ) ;
#3813 = ADVANCED_FACE ( 'NONE', ( #1004 ), #2653, .F. ) ;
#3814 = DIRECTION ( 'NONE',  ( 0.000000000000000000, 0.000000000000000000, 1.000000000000000000 ) ) ;
#3815 = DIRECTION ( 'NONE',  ( 0.000000000000000000, 0.000000000000000000, -1.000000000000000000 ) ) ;
#3816 = DIRECTION ( 'NONE',  ( -0.000000000000000000, -1.000000000000000000, -0.000000000000000000 ) ) ;
#3817 = VERTEX_POINT ( 'NONE', #1852 ) ;
#3818 = EDGE_CURVE ( 'NONE', #2952, #4593, #1758, .T. ) ;
#3819 = CARTESIAN_POINT ( 'NONE',  ( 6.624748585550039870, 9.274437486377925310, 80.38914619115534776 ) ) ;
#3820 = LINE ( 'NONE', #4323, #2010 ) ;
#3821 = DIRECTION ( 'NONE',  ( 0.000000000000000000, 0.000000000000000000, 1.000000000000000000 ) ) ;
#3822 = LINE ( 'NONE', #2179, #4422 ) ;
#3823 = EDGE_LOOP ( 'NONE', ( #775, #402 ) ) ;
#3824 = ORIENTED_EDGE ( 'NONE', *, *, #3374, .F. ) ;
#3825 = AXIS2_PLACEMENT_3D ( 'NONE', #297, #5335, #2330 ) ;
#3826 = CARTESIAN_POINT ( 'NONE',  ( 26.93999999999998352, 15.00000000000000000, 80.70578397184708308 ) ) ;
#3827 = DIRECTION ( 'NONE',  ( -1.000000000000000000, 0.000000000000000000, -0.000000000000000000 ) ) ;
#3828 = AXIS2_PLACEMENT_3D ( 'NONE', #1219, #779, #4078 ) ;
#3829 = VERTEX_POINT ( 'NONE', #4879 ) ;
#3830 = ORIENTED_EDGE ( 'NONE', *, *, #3544, .F. ) ;
#3831 = AXIS2_PLACEMENT_3D ( 'NONE', #43, #2105, #2501 ) ;
#3832 = EDGE_LOOP ( 'NONE', ( #2992, #1174, #497, #3387 ) ) ;
#3833 = EDGE_CURVE ( 'NONE', #2074, #1337, #1571, .T. ) ;
#3834 = FACE_OUTER_BOUND ( 'NONE', #1485, .T. ) ;
#3835 = DIRECTION ( 'NONE',  ( 4.952461568701184058E-17, 0.000000000000000000, 1.000000000000000000 ) ) ;
#3836 = DIRECTION ( 'NONE',  ( 1.239088197126290570E-16, 0.000000000000000000, 1.000000000000000000 ) ) ;
#3837 = VERTEX_POINT ( 'NONE', #3979 ) ;
#3838 = CIRCLE ( 'NONE', #2796, 4.869999999999983231 ) ;
#3839 = DIRECTION ( 'NONE',  ( 1.000000000000000000, 0.000000000000000000, -0.000000000000000000 ) ) ;
#3840 = DIRECTION ( 'NONE',  ( 1.000000000000000000, 0.000000000000000000, 0.000000000000000000 ) ) ;
#3841 = DIRECTION ( 'NONE',  ( -0.000000000000000000, 1.000000000000000000, -0.000000000000000000 ) ) ;
#3842 = EDGE_LOOP ( 'NONE', ( #3044, #2391, #1548, #1232, #5159, #941, #1031 ) ) ;
#3843 = EDGE_CURVE ( 'NONE', #3732, #2808, #4029, .T. ) ;
#3844 = CIRCLE ( 'NONE', #4534, 2.625000000000043965 ) ;
#3845 = CARTESIAN_POINT ( 'NONE',  ( 26.63999999999995083, 6.049999999999999822, -62.05500000000001393 ) ) ;
#3846 = CIRCLE ( 'NONE', #1691, 2.125000000000001776 ) ;
#3847 = CARTESIAN_POINT ( 'NONE',  ( 12.43999999999999595, 6.500000000000000000, -61.20500000000000540 ) ) ;
#3848 = CARTESIAN_POINT ( 'NONE',  ( -26.93999999999997286, 6.999999999999992006, 80.70578397184708308 ) ) ;
#3849 = LINE ( 'NONE', #2251, #4076 ) ;
#3850 = ORIENTED_EDGE ( 'NONE', *, *, #4190, .F. ) ;
#3851 = ORIENTED_EDGE ( 'NONE', *, *, #934, .T. ) ;
#3852 = ADVANCED_FACE ( 'NONE', ( #318 ), #341, .F. ) ;
#3853 = ADVANCED_FACE ( 'NONE', ( #4848 ), #4385, .T. ) ;
#3854 = FACE_OUTER_BOUND ( 'NONE', #1997, .T. ) ;
#3855 = DIRECTION ( 'NONE',  ( 1.000000000000000000, 0.000000000000000000, 0.000000000000000000 ) ) ;
#3856 = ORIENTED_EDGE ( 'NONE', *, *, #2368, .T. ) ;
#3857 = ORIENTED_EDGE ( 'NONE', *, *, #2368, .F. ) ;
#3858 = VERTEX_POINT ( 'NONE', #704 ) ;
#3859 = EDGE_CURVE ( 'NONE', #1683, #721, #3648, .T. ) ;
#3860 = CARTESIAN_POINT ( 'NONE',  ( 26.63999999999996504, 6.049999999999999822, 46.55499999999999261 ) ) ;
#3861 = DIRECTION ( 'NONE',  ( 0.000000000000000000, 0.000000000000000000, -1.000000000000000000 ) ) ;
#3862 = DIRECTION ( 'NONE',  ( -0.000000000000000000, -1.000000000000000000, -0.000000000000000000 ) ) ;
#3863 = DIRECTION ( 'NONE',  ( 0.000000000000000000, 0.7071067811865430208, 0.7071067811865521247 ) ) ;
#3864 = VERTEX_POINT ( 'NONE', #3166 ) ;
#3865 = LINE ( 'NONE', #965, #5133 ) ;
#3866 = VECTOR ( 'NONE', #172, 1000.000000000000000 ) ;
#3867 = CARTESIAN_POINT ( 'NONE',  ( -26.93999999999999062, 15.00000000000000000, -89.55499999999999261 ) ) ;
#3868 = CARTESIAN_POINT ( 'NONE',  ( 33.43999999999998352, -62.43188131373440797, 75.05500000000004945 ) ) ;
#3869 = ORIENTED_EDGE ( 'NONE', *, *, #4957, .T. ) ;
#3870 = ADVANCED_FACE ( 'NONE', ( #4005 ), #4693, .F. ) ;
#3871 = FACE_OUTER_BOUND ( 'NONE', #2049, .T. ) ;
#3872 = PLANE ( 'NONE',  #5153 ) ;
#3873 = LINE ( 'NONE', #4687, #4870 ) ;
#3874 = DIRECTION ( 'NONE',  ( -2.040851148208008245E-16, -0.000000000000000000, -1.000000000000000000 ) ) ;
#3875 = ORIENTED_EDGE ( 'NONE', *, *, #4963, .F. ) ;
#3876 = VERTEX_POINT ( 'NONE', #679 ) ;
#3877 = EDGE_CURVE ( 'NONE', #3864, #3665, #4689, .T. ) ;
#3878 = EDGE_CURVE ( 'NONE', #1344, #2952, #2347, .T. ) ;
#3879 = CARTESIAN_POINT ( 'NONE',  ( -26.93999999999999062, 7.000000000000006217, -83.05499999999999261 ) ) ;
#3880 = CARTESIAN_POINT ( 'NONE',  ( -5.999999999999998224, 6.049999999999999822, 50.50499999999995282 ) ) ;
#3881 = CARTESIAN_POINT ( 'NONE',  ( -26.64000000000005031, 6.049999999999999822, -60.18000000000004235 ) ) ;
#3882 = VERTEX_POINT ( 'NONE', #4489 ) ;
#3883 = VECTOR ( 'NONE', #1924, 1000.000000000000000 ) ;
#3884 = ORIENTED_EDGE ( 'NONE', *, *, #3071, .T. ) ;
#3885 = DIRECTION ( 'NONE',  ( -1.000000000000000000, -0.000000000000000000, -0.000000000000000000 ) ) ;
#3886 = VECTOR ( 'NONE', #3863, 999.9999999999998863 ) ;
#3887 = PLANE ( 'NONE',  #2781 ) ;
#3888 = DIRECTION ( 'NONE',  ( 1.239088197126290570E-16, -0.000000000000000000, 1.000000000000000000 ) ) ;
#3889 = ORIENTED_EDGE ( 'NONE', *, *, #582, .F. ) ;
#3890 = EDGE_CURVE ( 'NONE', #1723, #4495, #4163, .T. ) ;
#3891 = DIRECTION ( 'NONE',  ( -0.000000000000000000, 1.000000000000000000, -0.000000000000000000 ) ) ;
#3892 = DIRECTION ( 'NONE',  ( 0.000000000000000000, 1.000000000000000000, 0.000000000000000000 ) ) ;
#3893 = DIRECTION ( 'NONE',  ( 0.000000000000000000, 0.7071067811865430208, 0.7071067811865521247 ) ) ;
#3894 = EDGE_LOOP ( 'NONE', ( #5131, #1734, #3410, #615 ) ) ;
#3895 = EDGE_CURVE ( 'NONE', #451, #3045, #374, .T. ) ;
#3896 = PLANE ( 'NONE',  #2871 ) ;
#3897 = DIRECTION ( 'NONE',  ( -1.000000000000000000, 0.000000000000000000, -0.000000000000000000 ) ) ;
#3898 = CARTESIAN_POINT ( 'NONE',  ( 26.63999999999995083, 6.049999999999999822, -60.18000000000005656 ) ) ;
#3899 = CYLINDRICAL_SURFACE ( 'NONE', #2429, 4.369999999999978790 ) ;
#3900 = EDGE_LOOP ( 'NONE', ( #4648, #1442, #3446, #864 ) ) ;
#3901 = ORIENTED_EDGE ( 'NONE', *, *, #171, .T. ) ;
#3902 = ORIENTED_EDGE ( 'NONE', *, *, #4554, .T. ) ;
#3903 = FACE_OUTER_BOUND ( 'NONE', #1890, .T. ) ;
#3904 = PLANE ( 'NONE',  #4820 ) ;
#3905 = DIRECTION ( 'NONE',  ( 0.000000000000000000, 1.000000000000000000, 0.000000000000000000 ) ) ;
#3906 = VERTEX_POINT ( 'NONE', #1925 ) ;
#3907 = ORIENTED_EDGE ( 'NONE', *, *, #1563, .T. ) ;
#3908 = CIRCLE ( 'NONE', #2523, 2.125000000000001776 ) ;
#3909 = EDGE_CURVE ( 'NONE', #3543, #746, #2734, .T. ) ;
#3910 = AXIS2_PLACEMENT_3D ( 'NONE', #4925, #25, #1686 ) ;
#3911 = CARTESIAN_POINT ( 'NONE',  ( 30.43999999999998707, 2.000000000000001776, -55.14460584136107713 ) ) ;
#3912 = PLANE ( 'NONE',  #4605 ) ;
#3913 = VECTOR ( 'NONE', #1102, 1000.000000000000000 ) ;
#3914 = VECTOR ( 'NONE', #5193, 1000.000000000000000 ) ;
#3915 = VECTOR ( 'NONE', #707, 999.9999999999998863 ) ;
#3916 = DIRECTION ( 'NONE',  ( 2.135044278125299292E-14, 0.000000000000000000, 1.000000000000000000 ) ) ;
#3917 = VECTOR ( 'NONE', #780, 1000.000000000000000 ) ;
#3918 = VECTOR ( 'NONE', #287, 1000.000000000000000 ) ;
#3919 = EDGE_LOOP ( 'NONE', ( #186, #3445, #1646, #3334 ) ) ;
#3920 = ADVANCED_FACE ( 'NONE', ( #2035 ), #708, .F. ) ;
#3921 = CIRCLE ( 'NONE', #5221, 4.500000000000010658 ) ;
#3922 = DIRECTION ( 'NONE',  ( 0.000000000000000000, 1.000000000000000000, 0.000000000000000000 ) ) ;
#3923 = DIRECTION ( 'NONE',  ( 0.000000000000000000, 0.000000000000000000, 1.000000000000000000 ) ) ;
#3924 = FACE_OUTER_BOUND ( 'NONE', #4586, .T. ) ;
#3925 = ORIENTED_EDGE ( 'NONE', *, *, #5345, .F. ) ;
#3926 = ADVANCED_FACE ( 'NONE', ( #3143 ), #4902, .F. ) ;
#3927 = AXIS2_PLACEMENT_3D ( 'NONE', #4889, #5264, #4093 ) ;
#3928 = PLANE ( 'NONE',  #3303 ) ;
#3929 = DIRECTION ( 'NONE',  ( 4.952461568701184058E-17, 0.000000000000000000, -1.000000000000000000 ) ) ;
#3930 = CYLINDRICAL_SURFACE ( 'NONE', #3489, 2.125000000000001776 ) ;
#3931 = CARTESIAN_POINT ( 'NONE',  ( -24.22960584136115969, 2.000000000000001776, 50.50499999999995282 ) ) ;
#3932 = VERTEX_POINT ( 'NONE', #2425 ) ;
#3933 = VERTEX_POINT ( 'NONE', #1115 ) ;
#3934 = EDGE_LOOP ( 'NONE', ( #3343, #769, #2747, #2455 ) ) ;
#3935 = VECTOR ( 'NONE', #2949, 1000.000000000000000 ) ;
#3936 = PLANE ( 'NONE',  #799 ) ;
#3937 = CARTESIAN_POINT ( 'NONE',  ( -26.64000000000003610, 6.999999999999999112, 46.55499999999999972 ) ) ;
#3938 = FACE_OUTER_BOUND ( 'NONE', #3560, .T. ) ;
#3939 = ORIENTED_EDGE ( 'NONE', *, *, #2826, .T. ) ;
#3940 = DIRECTION ( 'NONE',  ( -0.000000000000000000, -1.000000000000000000, -0.000000000000000000 ) ) ;
#3941 = PLANE ( 'NONE',  #884 ) ;
#3942 = CARTESIAN_POINT ( 'NONE',  ( 18.07499999999997797, 7.150000000000006573, -77.17999999999994998 ) ) ;
#3943 = VERTEX_POINT ( 'NONE', #4796 ) ;
#3944 = EDGE_CURVE ( 'NONE', #4085, #204, #3908, .T. ) ;
#3945 = EDGE_CURVE ( 'NONE', #320, #1836, #1953, .T. ) ;
#3946 = CARTESIAN_POINT ( 'NONE',  ( 12.43999999999999595, 7.000000000000007994, -61.70500000000001251 ) ) ;
#3947 = DIRECTION ( 'NONE',  ( 8.659560562354990790E-17, 0.7071067811865430208, -0.7071067811865521247 ) ) ;
#3948 = EDGE_LOOP ( 'NONE', ( #3616, #1245, #3824, #1293 ) ) ;
#3949 = DIRECTION ( 'NONE',  ( 0.000000000000000000, 0.000000000000000000, 1.000000000000000000 ) ) ;
#3950 = DIRECTION ( 'NONE',  ( 0.000000000000000000, 0.000000000000000000, 1.000000000000000000 ) ) ;
#3951 = CARTESIAN_POINT ( 'NONE',  ( -30.58999999999998920, 2.000000000000001776, -55.14460584136107002 ) ) ;
#3952 = CARTESIAN_POINT ( 'NONE',  ( -13.57500000000001705, 2.000000000000000000, -64.55499999999999261 ) ) ;
#3953 = VERTEX_POINT ( 'NONE', #4960 ) ;
#3954 = EDGE_CURVE ( 'NONE', #2236, #4453, #401, .T. ) ;
#3955 = EDGE_CURVE ( 'NONE', #4096, #4951, #1685, .T. ) ;
#3956 = DIRECTION ( 'NONE',  ( 0.000000000000000000, 0.000000000000000000, 1.000000000000000000 ) ) ;
#3957 = DIRECTION ( 'NONE',  ( -0.000000000000000000, -1.000000000000000000, -0.000000000000000000 ) ) ;
#3958 = CARTESIAN_POINT ( 'NONE',  ( 6.000000000000000000, 6.650000000000027001, -66.55499999999999261 ) ) ;
#3959 = DIRECTION ( 'NONE',  ( 4.625929269271460552E-14, 0.000000000000000000, -1.000000000000000000 ) ) ;
#3960 = EDGE_CURVE ( 'NONE', #45, #4865, #4599, .T. ) ;
#3961 = ORIENTED_EDGE ( 'NONE', *, *, #2877, .T. ) ;
#3962 = CIRCLE ( 'NONE', #70, 4.370000014740178074 ) ;
#3963 = VECTOR ( 'NONE', #1760, 1000.000000000000000 ) ;
#3964 = CARTESIAN_POINT ( 'NONE',  ( -13.57500000000001883, 7.649999999999999467, -85.55499999999999261 ) ) ;
#3965 = DIRECTION ( 'NONE',  ( 0.000000000000000000, 0.000000000000000000, 1.000000000000000000 ) ) ;
#3966 = ADVANCED_FACE ( 'NONE', ( #2486 ), #3063, .F. ) ;
#3967 = DIRECTION ( 'NONE',  ( 0.000000000000000000, 0.000000000000000000, 1.000000000000000000 ) ) ;
#3968 = VERTEX_POINT ( 'NONE', #890 ) ;
#3969 = ORIENTED_EDGE ( 'NONE', *, *, #3878, .T. ) ;
#3970 = CARTESIAN_POINT ( 'NONE',  ( -6.625251798232977940, 15.00000000000000178, 63.55499999999999972 ) ) ;
#3971 = CARTESIAN_POINT ( 'NONE',  ( -13.57500000000001883, 7.649999999999999467, -85.55499999999999261 ) ) ;
#3972 = EDGE_CURVE ( 'NONE', #898, #5321, #1246, .T. ) ;
#3973 = EDGE_CURVE ( 'NONE', #3829, #207, #1327, .T. ) ;
#3974 = VERTEX_POINT ( 'NONE', #3761 ) ;
#3975 = EDGE_CURVE ( 'NONE', #4484, #1348, #4988, .T. ) ;
#3976 = CARTESIAN_POINT ( 'NONE',  ( -5.999999999999999112, 6.650000000000027001, -64.55499999999999261 ) ) ;
#3977 = FACE_OUTER_BOUND ( 'NONE', #4647, .T. ) ;
#3978 = DIRECTION ( 'NONE',  ( -1.000000000000000000, 0.000000000000000000, -0.000000000000000000 ) ) ;
#3979 = CARTESIAN_POINT ( 'NONE',  ( -26.64000000000005031, 1.049999999999999822, -59.67999999999999972 ) ) ;
#3980 = ORIENTED_EDGE ( 'NONE', *, *, #2515, .T. ) ;
#3981 = EDGE_CURVE ( 'NONE', #4321, #1409, #4222, .T. ) ;
#3982 = FACE_OUTER_BOUND ( 'NONE', #5130, .T. ) ;
#3983 = CARTESIAN_POINT ( 'NONE',  ( 22.43999999999999773, 2.000000000000000000, -61.20500000000000540 ) ) ;
#3984 = CYLINDRICAL_SURFACE ( 'NONE', #2106, 6.500000000000005329 ) ;
#3985 = EDGE_LOOP ( 'NONE', ( #4433, #1777, #2288, #4233 ) ) ;
#3986 = DIRECTION ( 'NONE',  ( 0.000000000000000000, 1.000000000000000000, 0.000000000000000000 ) ) ;
#3987 = EDGE_CURVE ( 'NONE', #4376, #2252, #863, .T. ) ;
#3988 = CARTESIAN_POINT ( 'NONE',  ( -26.93999999999999062, 7.000000000000006217, -87.55499999999997840 ) ) ;
#3989 = ORIENTED_EDGE ( 'NONE', *, *, #3992, .F. ) ;
#3990 = DIRECTION ( 'NONE',  ( 0.000000000000000000, 0.000000000000000000, 1.000000000000000000 ) ) ;
#3991 = ORIENTED_EDGE ( 'NONE', *, *, #4038, .T. ) ;
#3992 = EDGE_CURVE ( 'NONE', #3974, #796, #4269, .T. ) ;
#3993 = VECTOR ( 'NONE', #474, 1000.000000000000000 ) ;
#3994 = AXIS2_PLACEMENT_3D ( 'NONE', #656, #1825, #3524 ) ;
#3995 = PRESENTATION_LAYER_ASSIGNMENT (  '', '', ( #2437 ) ) ;
#3996 = DIRECTION ( 'NONE',  ( 0.7071067811865521247, 0.7071067811865429098, -8.728425521916798864E-17 ) ) ;
#3997 = VECTOR ( 'NONE', #4272, 1000.000000000000000 ) ;
#3998 = CARTESIAN_POINT ( 'NONE',  ( 33.43999999999998352, 7.000000000000006217, 57.05499999999999261 ) ) ;
#3999 = ORIENTED_EDGE ( 'NONE', *, *, #182, .T. ) ;
#4000 = VECTOR ( 'NONE', #2628, 1000.000000000000000 ) ;
#4001 = ORIENTED_EDGE ( 'NONE', *, *, #5060, .F. ) ;
#4002 = DIRECTION ( 'NONE',  ( 1.234385775125811480E-16, -0.000000000000000000, 1.000000000000000000 ) ) ;
#4003 = DIRECTION ( 'NONE',  ( 0.000000000000000000, 1.000000000000000000, 0.000000000000000000 ) ) ;
#4004 = DIRECTION ( 'NONE',  ( -0.000000000000000000, -1.000000000000000000, -0.000000000000000000 ) ) ;
#4005 = FACE_OUTER_BOUND ( 'NONE', #4542, .T. ) ;
#4006 = ORIENTED_EDGE ( 'NONE', *, *, #1892, .F. ) ;
#4007 = EDGE_CURVE ( 'NONE', #3525, #152, #510, .T. ) ;
#4008 = ORIENTED_EDGE ( 'NONE', *, *, #2832, .F. ) ;
#4009 = CONICAL_SURFACE ( 'NONE', #2973, 2.125000000000001776, 0.7853981633974548293 ) ;
#4010 = LINE ( 'NONE', #3600, #971 ) ;
#4011 =( GEOMETRIC_REPRESENTATION_CONTEXT ( 3 ) GLOBAL_UNCERTAINTY_ASSIGNED_CONTEXT ( ( #4801 ) ) GLOBAL_UNIT_ASSIGNED_CONTEXT ( ( #937, #3024, #5063 ) ) REPRESENTATION_CONTEXT ( 'NONE', 'WORKASPACE' ) );
#4012 = PLANE ( 'NONE',  #1786 ) ;
#4013 = CARTESIAN_POINT ( 'NONE',  ( -26.64000000000003610, 5.549999999999965183, 48.67999999999999972 ) ) ;
#4014 = PLANE ( 'NONE',  #4426 ) ;
#4015 = ORIENTED_EDGE ( 'NONE', *, *, #3340, .T. ) ;
#4016 = EDGE_CURVE ( 'NONE', #4376, #320, #2460, .T. ) ;
#4017 = CIRCLE ( 'NONE', #1173, 6.499999999999992006 ) ;
#4018 = DIRECTION ( 'NONE',  ( 0.000000000000000000, 0.000000000000000000, -1.000000000000000000 ) ) ;
#4019 = FACE_OUTER_BOUND ( 'NONE', #2861, .T. ) ;
#4020 = ORIENTED_EDGE ( 'NONE', *, *, #1519, .T. ) ;
#4021 = CARTESIAN_POINT ( 'NONE',  ( 12.43999999999999417, 2.000000000000000000, -62.55499999999999972 ) ) ;
#4022 = ORIENTED_EDGE ( 'NONE', *, *, #2411, .F. ) ;
#4023 = EDGE_CURVE ( 'NONE', #1682, #4836, #5304, .T. ) ;
#4024 = LINE ( 'NONE', #1514, #2533 ) ;
#4025 = DIRECTION ( 'NONE',  ( -0.000000000000000000, -1.000000000000000000, -0.000000000000000000 ) ) ;
#4026 = ORIENTED_EDGE ( 'NONE', *, *, #1962, .F. ) ;
#4027 = CARTESIAN_POINT ( 'NONE',  ( 28.13999999999995083, 0.000000000000000000, -50.38499999999999091 ) ) ;
#4028 = DIRECTION ( 'NONE',  ( 1.239088197126290570E-16, 0.000000000000000000, 1.000000000000000000 ) ) ;
#4029 = LINE ( 'NONE', #3572, #3479 ) ;
#4030 = ORIENTED_EDGE ( 'NONE', *, *, #120, .T. ) ;
#4031 = ORIENTED_EDGE ( 'NONE', *, *, #337, .F. ) ;
#4032 = EDGE_CURVE ( 'NONE', #958, #3021, #1249, .T. ) ;
#4033 = DIRECTION ( 'NONE',  ( 1.000000000000000000, 1.182247010237517153E-10, 0.000000000000000000 ) ) ;
#4034 = FACE_BOUND ( 'NONE', #5003, .T. ) ;
#4035 = DIRECTION ( 'NONE',  ( 1.000000000000000000, 0.000000000000000000, 0.000000000000000000 ) ) ;
#4036 = ORIENTED_EDGE ( 'NONE', *, *, #3456, .F. ) ;
#4037 = CONICAL_SURFACE ( 'NONE', #4733, 2.125000000000001776, 0.7853981633974539411 ) ;
#4038 = EDGE_CURVE ( 'NONE', #3555, #3094, #2513, .T. ) ;
#4039 = EDGE_CURVE ( 'NONE', #4826, #4321, #4162, .T. ) ;
#4040 = DIRECTION ( 'NONE',  ( -1.000000000000000000, 0.000000000000000000, 0.000000000000000000 ) ) ;
#4041 = PLANE ( 'NONE',  #2912 ) ;
#4042 = VERTEX_POINT ( 'NONE', #2146 ) ;
#4043 = DIRECTION ( 'NONE',  ( 0.000000000000000000, -1.000000000000000000, 0.000000000000000000 ) ) ;
#4044 = EDGE_LOOP ( 'NONE', ( #3659, #1989, #4501, #3012 ) ) ;
#4045 = CARTESIAN_POINT ( 'NONE',  ( 9.075000000000022382, -0.001999999999999831773, -82.55499999999999261 ) ) ;
#4046 = LINE ( 'NONE', #5327, #2750 ) ;
#4047 = EDGE_CURVE ( 'NONE', #4660, #481, #2891, .T. ) ;
#4048 = ORIENTED_EDGE ( 'NONE', *, *, #2133, .F. ) ;
#4049 = VECTOR ( 'NONE', #1351, 1000.000000000000000 ) ;
#4050 = DIRECTION ( 'NONE',  ( 0.000000000000000000, 0.000000000000000000, 1.000000000000000000 ) ) ;
#4051 = DIRECTION ( 'NONE',  ( 0.000000000000000000, 1.000000000000000000, 0.000000000000000000 ) ) ;
#4052 = DIRECTION ( 'NONE',  ( 0.000000000000000000, 1.000000000000000000, 0.000000000000000000 ) ) ;
#4053 = ORIENTED_EDGE ( 'NONE', *, *, #1233, .T. ) ;
#4054 = VERTEX_POINT ( 'NONE', #78 ) ;
#4055 = EDGE_CURVE ( 'NONE', #3674, #518, #4138, .T. ) ;
#4056 = SURFACE_STYLE_FILL_AREA ( #3194 ) ;
#4057 = CARTESIAN_POINT ( 'NONE',  ( 26.93999999999999773, 2.000000000000001776, -91.55499999999999261 ) ) ;
#4058 = CARTESIAN_POINT ( 'NONE',  ( -26.64000000000005031, 1.049999999999999822, -57.55499999999999261 ) ) ;
#4059 = CARTESIAN_POINT ( 'NONE',  ( 26.63999999999996504, 1.049999999999999822, 46.55499999999999261 ) ) ;
#4060 = ORIENTED_EDGE ( 'NONE', *, *, #3972, .F. ) ;
#4061 = VECTOR ( 'NONE', #3553, 1000.000000000000000 ) ;
#4062 = CIRCLE ( 'NONE', #3810, 4.500000000000017764 ) ;
#4063 = CARTESIAN_POINT ( 'NONE',  ( 18.11499999999999488, 7.000000000000000000, -69.55500000000000682 ) ) ;
#4064 = DIRECTION ( 'NONE',  ( 0.000000000000000000, 0.000000000000000000, -1.000000000000000000 ) ) ;
#4065 = ORIENTED_EDGE ( 'NONE', *, *, #146, .F. ) ;
#4066 = ORIENTED_EDGE ( 'NONE', *, *, #3, .F. ) ;
#4067 = DIRECTION ( 'NONE',  ( -0.000000000000000000, -1.000000000000000000, -0.000000000000000000 ) ) ;
#4068 = EDGE_CURVE ( 'NONE', #1836, #1436, #893, .T. ) ;
#4069 = EDGE_LOOP ( 'NONE', ( #2240, #553, #3062, #291 ) ) ;
#4070 = DIRECTION ( 'NONE',  ( -0.000000000000000000, -1.000000000000000000, -0.000000000000000000 ) ) ;
#4071 = DIRECTION ( 'NONE',  ( 1.000000000000000000, 0.000000000000000000, 0.000000000000000000 ) ) ;
#4072 = EDGE_LOOP ( 'NONE', ( #523, #3006, #5322, #3318 ) ) ;
#4073 = ORIENTED_EDGE ( 'NONE', *, *, #2947, .T. ) ;
#4074 = EDGE_CURVE ( 'NONE', #3426, #3420, #27, .T. ) ;
#4075 = VERTEX_POINT ( 'NONE', #1795 ) ;
#4076 = VECTOR ( 'NONE', #3874, 1000.000000000000000 ) ;
#4077 = AXIS2_PLACEMENT_3D ( 'NONE', #677, #4003, #3950 ) ;
#4078 = DIRECTION ( 'NONE',  ( 1.000000000000000000, 0.000000000000000000, 0.000000000000000000 ) ) ;
#4079 = VECTOR ( 'NONE', #2720, 999.9999999999998863 ) ;
#4080 = LINE ( 'NONE', #1603, #3917 ) ;
#4081 = DIRECTION ( 'NONE',  ( -9.086183209975570827E-16, -0.7071067811865474617, 0.7071067811865474617 ) ) ;
#4082 = VECTOR ( 'NONE', #4909, 1000.000000000000000 ) ;
#4083 = VECTOR ( 'NONE', #4802, 1000.000000000000000 ) ;
#4084 = VECTOR ( 'NONE', #1187, 1000.000000000000000 ) ;
#4085 = VERTEX_POINT ( 'NONE', #1819 ) ;
#4086 = ADVANCED_FACE ( 'NONE', ( #2245, #1769 ), #1435, .T. ) ;
#4087 = LINE ( 'NONE', #1634, #4694 ) ;
#4088 = DIRECTION ( 'NONE',  ( -1.000000000000000000, 0.000000000000000000, 0.000000000000000000 ) ) ;
#4089 = DIRECTION ( 'NONE',  ( 0.000000000000000000, 0.000000000000000000, 1.000000000000000000 ) ) ;
#4090 = CARTESIAN_POINT ( 'NONE',  ( -5.986717210180249715, 6.999999999999999112, 65.95499999999999829 ) ) ;
#4091 = ORIENTED_EDGE ( 'NONE', *, *, #2297, .F. ) ;
#4092 = VECTOR ( 'NONE', #1833, 1000.000000000000000 ) ;
#4093 = DIRECTION ( 'NONE',  ( 1.000000000000000000, 0.000000000000000000, -0.000000000000000000 ) ) ;
#4094 = DIRECTION ( 'NONE',  ( 0.000000000000000000, -0.000000000000000000, 1.000000000000000000 ) ) ;
#4095 = ORIENTED_EDGE ( 'NONE', *, *, #2954, .F. ) ;
#4096 = VERTEX_POINT ( 'NONE', #3465 ) ;
#4097 = DIRECTION ( 'NONE',  ( -0.000000000000000000, -0.000000000000000000, -1.000000000000000000 ) ) ;
#4098 = VECTOR ( 'NONE', #1730, 1000.000000000000000 ) ;
#4099 = ORIENTED_EDGE ( 'NONE', *, *, #2027, .F. ) ;
#4100 = CIRCLE ( 'NONE', #4799, 4.500000000000003553 ) ;
#4101 = AXIS2_PLACEMENT_3D ( 'NONE', #2202, #4686, #3929 ) ;
#4102 = FACE_OUTER_BOUND ( 'NONE', #527, .T. ) ;
#4103 = FACE_OUTER_BOUND ( 'NONE', #3637, .T. ) ;
#4104 = LINE ( 'NONE', #394, #3187 ) ;
#4105 = EDGE_CURVE ( 'NONE', #2247, #4510, #3439, .T. ) ;
#4106 = VERTEX_POINT ( 'NONE', #4712 ) ;
#4107 = EDGE_CURVE ( 'NONE', #204, #4951, #5122, .T. ) ;
#4108 = EDGE_LOOP ( 'NONE', ( #2566, #1126, #4283, #29, #1260, #1204, #4357, #1103, #840, #2397, #4218, #2775, #1770, #4264, #4558, #791, #3309, #525, #3126, #348, #728, #3471, #4508, #4642, #4588, #5032 ) ) ;
#4109 = CARTESIAN_POINT ( 'NONE',  ( -28.14000000000004320, 0.000000000000000000, 33.93500000000000938 ) ) ;
#4110 = LINE ( 'NONE', #3211, #3615 ) ;
#4111 = CARTESIAN_POINT ( 'NONE',  ( 18.07499999999997797, 7.649999999999999467, -75.05499999999994998 ) ) ;
#4112 = ORIENTED_EDGE ( 'NONE', *, *, #1372, .F. ) ;
#4113 = CARTESIAN_POINT ( 'NONE',  ( 2.254748570678834163, 9.274437471375676978, 51.00499999999995993 ) ) ;
#4114 = CARTESIAN_POINT ( 'NONE',  ( -13.57500000000001705, 7.649999999999999467, -64.55499999999999261 ) ) ;
#4115 = DIRECTION ( 'NONE',  ( 0.000000000000000000, 1.000000000000000000, 0.000000000000000000 ) ) ;
#4116 = DIRECTION ( 'NONE',  ( 0.000000000000000000, 0.000000000000000000, 1.000000000000000000 ) ) ;
#4117 = ADVANCED_FACE ( 'NONE', ( #4296 ), #591, .T. ) ;
#4118 = ORIENTED_EDGE ( 'NONE', *, *, #1233, .F. ) ;
#4119 = EDGE_CURVE ( 'NONE', #4706, #1069, #3085, .T. ) ;
#4120 = CARTESIAN_POINT ( 'NONE',  ( -16.76499999999999702, 7.000000000000000000, -69.55500000000000682 ) ) ;
#4121 = FACE_OUTER_BOUND ( 'NONE', #3363, .T. ) ;
#4122 = AXIS2_PLACEMENT_3D ( 'NONE', #119, #4998, #2099 ) ;
#4123 = VERTEX_POINT ( 'NONE', #2624 ) ;
#4124 = VERTEX_POINT ( 'NONE', #2221 ) ;
#4125 = FACE_OUTER_BOUND ( 'NONE', #4850, .T. ) ;
#4126 = ORIENTED_EDGE ( 'NONE', *, *, #2618, .T. ) ;
#4127 = CARTESIAN_POINT ( 'NONE',  ( 30.58999999999997499, 6.049999999999999822, -57.55500000000000682 ) ) ;
#4128 = FACE_OUTER_BOUND ( 'NONE', #4189, .T. ) ;
#4129 = DIRECTION ( 'NONE',  ( -0.000000000000000000, 1.000000000000000000, -0.000000000000000000 ) ) ;
#4130 = DIRECTION ( 'NONE',  ( -1.000000000000000000, 0.000000000000000000, -4.625929269271460552E-14 ) ) ;
#4131 = EDGE_LOOP ( 'NONE', ( #1305, #5223, #1796, #2341 ) ) ;
#4132 = EDGE_LOOP ( 'NONE', ( #1670, #4531, #397, #157 ) ) ;
#4133 = EDGE_CURVE ( 'NONE', #3341, #4721, #3005, .T. ) ;
#4134 = ADVANCED_FACE ( 'NONE', ( #1841 ), #4009, .F. ) ;
#4135 = LINE ( 'NONE', #426, #797 ) ;
#4136 = FACE_OUTER_BOUND ( 'NONE', #3032, .T. ) ;
#4137 = AXIS2_PLACEMENT_3D ( 'NONE', #2782, #317, #77 ) ;
#4138 = LINE ( 'NONE', #429, #4442 ) ;
#4139 = ORIENTED_EDGE ( 'NONE', *, *, #3818, .T. ) ;
#4140 = ADVANCED_FACE ( 'NONE', ( #4245 ), #1023, .F. ) ;
#4141 = VECTOR ( 'NONE', #3888, 1000.000000000000000 ) ;
#4142 = DIRECTION ( 'NONE',  ( 4.952461568701184058E-17, -0.000000000000000000, 1.000000000000000000 ) ) ;
#4143 = DIRECTION ( 'NONE',  ( 0.000000000000000000, 0.000000000000000000, 1.000000000000000000 ) ) ;
#4144 = CARTESIAN_POINT ( 'NONE',  ( -33.43999999999999062, 0.000000000000000000, -83.05499999999999261 ) ) ;
#4145 = FACE_OUTER_BOUND ( 'NONE', #1911, .T. ) ;
#4146 = ORIENTED_EDGE ( 'NONE', *, *, #3287, .F. ) ;
#4147 = ORIENTED_EDGE ( 'NONE', *, *, #1487, .F. ) ;
#4148 = FACE_OUTER_BOUND ( 'NONE', #819, .T. ) ;
#4149 = CARTESIAN_POINT ( 'NONE',  ( 28.13999999999995083, 2.000000000000000000, -50.38499999999999091 ) ) ;
#4150 = ORIENTED_EDGE ( 'NONE', *, *, #3308, .F. ) ;
#4151 = ORIENTED_EDGE ( 'NONE', *, *, #764, .F. ) ;
#4152 = CARTESIAN_POINT ( 'NONE',  ( 6.000000000000000888, 6.650000000000027001, -64.55499999999999261 ) ) ;
#4153 = VERTEX_POINT ( 'NONE', #1870 ) ;
#4154 = CARTESIAN_POINT ( 'NONE',  ( -33.43999999999997641, -62.43188131373440797, 80.70578397184705466 ) ) ;
#4155 = DIRECTION ( 'NONE',  ( 0.000000000000000000, 0.000000000000000000, 1.000000000000000000 ) ) ;
#4156 = PLANE ( 'NONE',  #4872 ) ;
#4157 = LINE ( 'NONE', #3339, #3618 ) ;
#4158 = ORIENTED_EDGE ( 'NONE', *, *, #344, .F. ) ;
#4159 = ORIENTED_EDGE ( 'NONE', *, *, #3709, .F. ) ;
#4160 = CARTESIAN_POINT ( 'NONE',  ( -26.93999999999999062, 0.000000000000000000, -89.55499999999999261 ) ) ;
#4161 = LINE ( 'NONE', #1739, #2242 ) ;
#4162 = LINE ( 'NONE', #1711, #2367 ) ;
#4163 = CIRCLE ( 'NONE', #3825, 6.500000000000005329 ) ;
#4164 = EDGE_LOOP ( 'NONE', ( #231, #1453, #4594, #1639 ) ) ;
#4165 = CIRCLE ( 'NONE', #4697, 4.500000000000003553 ) ;
#4166 = CIRCLE ( 'NONE', #714, 2.125000000000001776 ) ;
#4167 = LINE ( 'NONE', #2123, #1414 ) ;
#4168 = VECTOR ( 'NONE', #4035, 1000.000000000000000 ) ;
#4169 = DIRECTION ( 'NONE',  ( 0.000000000000000000, 0.000000000000000000, 1.000000000000000000 ) ) ;
#4170 = CONICAL_SURFACE ( 'NONE', #2272, 2.125000000000001776, 0.7853981633974548293 ) ;
#4171 = DIRECTION ( 'NONE',  ( 0.000000000000000000, 0.000000000000000000, -1.000000000000000000 ) ) ;
#4172 = VECTOR ( 'NONE', #3571, 1000.000000000000000 ) ;
#4173 = DIRECTION ( 'NONE',  ( -0.000000000000000000, 1.000000000000000000, -0.000000000000000000 ) ) ;
#4174 = ORIENTED_EDGE ( 'NONE', *, *, #1432, .F. ) ;
#4175 = EDGE_LOOP ( 'NONE', ( #4268, #1801, #3336, #664 ) ) ;
#4176 = VECTOR ( 'NONE', #2773, 1000.000000000000000 ) ;
#4177 = VECTOR ( 'NONE', #82, 1000.000000000000000 ) ;
#4178 = CARTESIAN_POINT ( 'NONE',  ( 13.57499999999998330, 7.649999999999999467, -70.55499999999996419 ) ) ;
#4179 = CARTESIAN_POINT ( 'NONE',  ( 26.93999999999999773, 15.00000000000000000, -83.05499999999999261 ) ) ;
#4180 = EDGE_LOOP ( 'NONE', ( #3757, #123 ) ) ;
#4181 = VERTEX_POINT ( 'NONE', #2670 ) ;
#4182 = DIRECTION ( 'NONE',  ( -1.000000000000000000, 0.000000000000000000, 0.000000000000000000 ) ) ;
#4183 = ORIENTED_EDGE ( 'NONE', *, *, #4105, .T. ) ;
#4184 = AXIS2_PLACEMENT_3D ( 'NONE', #419, #4185, #2187 ) ;
#4185 = DIRECTION ( 'NONE',  ( 0.7071067811865422437, 0.7071067811865527908, -8.761676666762070491E-17 ) ) ;
#4186 = DIRECTION ( 'NONE',  ( 0.000000000000000000, 1.000000000000000000, 0.000000000000000000 ) ) ;
#4187 = DIRECTION ( 'NONE',  ( -1.000000000000000000, -0.000000000000000000, -0.000000000000000000 ) ) ;
#4188 = CARTESIAN_POINT ( 'NONE',  ( 30.43999999999998707, 2.000000000000001776, -55.14460584136107713 ) ) ;
#4189 = EDGE_LOOP ( 'NONE', ( #286, #4690, #1000, #1393 ) ) ;
#4190 = EDGE_CURVE ( 'NONE', #5073, #5094, #4320, .T. ) ;
#4191 = ORIENTED_EDGE ( 'NONE', *, *, #4205, .F. ) ;
#4192 = VERTEX_POINT ( 'NONE', #998 ) ;
#4193 = VECTOR ( 'NONE', #3625, 1000.000000000000000 ) ;
#4194 = FACE_OUTER_BOUND ( 'NONE', #2875, .T. ) ;
#4195 = CARTESIAN_POINT ( 'NONE',  ( 2.254748570678834163, 9.274437471375676978, 65.95499999999999829 ) ) ;
#4196 = DIRECTION ( 'NONE',  ( 0.000000000000000000, 1.000000000000000000, 0.000000000000000000 ) ) ;
#4197 = ORIENTED_EDGE ( 'NONE', *, *, #616, .T. ) ;
#4198 = FACE_OUTER_BOUND ( 'NONE', #984, .T. ) ;
#4199 = EDGE_CURVE ( 'NONE', #1936, #3451, #4275, .T. ) ;
#4200 = DIRECTION ( 'NONE',  ( 4.625929269271460552E-14, 0.000000000000000000, 1.000000000000000000 ) ) ;
#4201 = FACE_OUTER_BOUND ( 'NONE', #3401, .T. ) ;
#4202 = LINE ( 'NONE', #2152, #1837 ) ;
#4203 = EDGE_LOOP ( 'NONE', ( #3609, #4326, #680, #2475, #1196, #3669, #2407 ) ) ;
#4204 = ORIENTED_EDGE ( 'NONE', *, *, #2662, .T. ) ;
#4205 = EDGE_CURVE ( 'NONE', #1465, #1530, #136, .T. ) ;
#4206 = FACE_OUTER_BOUND ( 'NONE', #4666, .T. ) ;
#4207 = CARTESIAN_POINT ( 'NONE',  ( 31.43999999999998352, 7.000000000000006217, -57.55499999999999261 ) ) ;
#4208 = ORIENTED_EDGE ( 'NONE', *, *, #3483, .T. ) ;
#4209 = ADVANCED_FACE ( 'NONE', ( #3924 ), #3060, .T. ) ;
#4210 = EDGE_CURVE ( 'NONE', #1753, #599, #46, .T. ) ;
#4211 = ORIENTED_EDGE ( 'NONE', *, *, #2605, .T. ) ;
#4212 = FACE_OUTER_BOUND ( 'NONE', #533, .T. ) ;
#4213 = ORIENTED_EDGE ( 'NONE', *, *, #1867, .F. ) ;
#4214 = EDGE_CURVE ( 'NONE', #746, #2070, #2138, .T. ) ;
#4215 = DIRECTION ( 'NONE',  ( -0.000000000000000000, 1.000000000000000000, -0.000000000000000000 ) ) ;
#4216 = CARTESIAN_POINT ( 'NONE',  ( -18.07499999999997797, 7.150000000000006573, -75.05499999999994998 ) ) ;
#4217 = PLANE ( 'NONE',  #81 ) ;
#4218 = ORIENTED_EDGE ( 'NONE', *, *, #1538, .T. ) ;
#4219 = LINE ( 'NONE', #508, #1066 ) ;
#4220 = AXIS2_PLACEMENT_3D ( 'NONE', #5204, #1483, #3137 ) ;
#4221 = DIRECTION ( 'NONE',  ( -1.000000000000000000, 0.000000000000000000, 9.904923137402368115E-17 ) ) ;
#4222 = LINE ( 'NONE', #5018, #3312 ) ;
#4223 = VERTEX_POINT ( 'NONE', #1789 ) ;
#4224 = AXIS2_PLACEMENT_3D ( 'NONE', #2752, #5226, #1136 ) ;
#4225 = CARTESIAN_POINT ( 'NONE',  ( -26.64000000000003610, 2.000000000000000000, 46.55499999999999972 ) ) ;
#4226 = DIRECTION ( 'NONE',  ( -0.000000000000000000, 1.000000000000000000, -0.000000000000000000 ) ) ;
#4227 = DIRECTION ( 'NONE',  ( 0.000000000000000000, -0.000000000000000000, 1.000000000000000000 ) ) ;
#4228 = CARTESIAN_POINT ( 'NONE',  ( -2.255251798173884659, 4.404437486377942967, 50.50499999999995282 ) ) ;
#4229 = EDGE_LOOP ( 'NONE', ( #4790, #3654, #2633, #3307 ) ) ;
#4230 = EDGE_CURVE ( 'NONE', #4618, #3604, #3838, .T. ) ;
#4231 = FACE_OUTER_BOUND ( 'NONE', #5080, .T. ) ;
#4232 = CARTESIAN_POINT ( 'NONE',  ( -13.57500000000001883, 2.000000000000000000, -85.55499999999999261 ) ) ;
#4233 = ORIENTED_EDGE ( 'NONE', *, *, #3271, .F. ) ;
#4234 = ORIENTED_EDGE ( 'NONE', *, *, #5004, .T. ) ;
#4235 = ORIENTED_EDGE ( 'NONE', *, *, #412, .T. ) ;
#4236 = DIRECTION ( 'NONE',  ( 0.000000000000000000, 0.000000000000000000, -1.000000000000000000 ) ) ;
#4237 = CARTESIAN_POINT ( 'NONE',  ( 18.07499999999997797, 7.150000000000006573, -75.05499999999994998 ) ) ;
#4238 = PLANE ( 'NONE',  #2697 ) ;
#4239 = DIRECTION ( 'NONE',  ( -1.000000000000000000, 0.000000000000000000, 0.000000000000000000 ) ) ;
#4240 = EDGE_CURVE ( 'NONE', #3817, #1389, #128, .T. ) ;
#4241 = ORIENTED_EDGE ( 'NONE', *, *, #1353, .F. ) ;
#4242 = AXIS2_PLACEMENT_3D ( 'NONE', #1596, #1920, #4873 ) ;
#4243 = LINE ( 'NONE', #943, #3644 ) ;
#4244 = DIRECTION ( 'NONE',  ( 0.000000000000000000, 0.000000000000000000, -1.000000000000000000 ) ) ;
#4245 = FACE_OUTER_BOUND ( 'NONE', #3294, .T. ) ;
#4246 = EDGE_CURVE ( 'NONE', #4310, #5160, #3774, .T. ) ;
#4247 = ORIENTED_EDGE ( 'NONE', *, *, #3407, .T. ) ;
#4248 = EDGE_CURVE ( 'NONE', #4785, #3974, #5005, .T. ) ;
#4249 = LINE ( 'NONE', #2201, #976 ) ;
#4250 = DIRECTION ( 'NONE',  ( -1.000000000000000000, 0.000000000000000000, -0.000000000000000000 ) ) ;
#4251 = CARTESIAN_POINT ( 'NONE',  ( 30.58999999999997499, 6.049999999999999822, -55.14460584136107713 ) ) ;
#4252 = CARTESIAN_POINT ( 'NONE',  ( 18.07499999999997797, 7.649999999999999467, -75.05499999999994998 ) ) ;
#4253 = ORIENTED_EDGE ( 'NONE', *, *, #994, .F. ) ;
#4254 = ORIENTED_EDGE ( 'NONE', *, *, #3271, .T. ) ;
#4255 = ADVANCED_FACE ( 'NONE', ( #5062 ), #3337, .T. ) ;
#4256 = AXIS2_PLACEMENT_3D ( 'NONE', #1694, #1747, #1304 ) ;
#4257 = VECTOR ( 'NONE', #3383, 1000.000000000000000 ) ;
#4258 = DIRECTION ( 'NONE',  ( 0.000000000000000000, 1.000000000000000000, 0.000000000000000000 ) ) ;
#4259 = FACE_OUTER_BOUND ( 'NONE', #5201, .T. ) ;
#4260 = VECTOR ( 'NONE', #183, 999.9999999999998863 ) ;
#4261 = ORIENTED_EDGE ( 'NONE', *, *, #1331, .T. ) ;
#4262 = EDGE_LOOP ( 'NONE', ( #694, #638, #2235, #4158 ) ) ;
#4263 = VECTOR ( 'NONE', #2599, 1000.000000000000000 ) ;
#4264 = ORIENTED_EDGE ( 'NONE', *, *, #1125, .T. ) ;
#4265 = LINE ( 'NONE', #1427, #1945 ) ;
#4266 = LINE ( 'NONE', #1910, #885 ) ;
#4267 = CARTESIAN_POINT ( 'NONE',  ( 5.986214009032962302, 6.999999999999995559, 51.00499999999996703 ) ) ;
#4268 = ORIENTED_EDGE ( 'NONE', *, *, #3355, .F. ) ;
#4269 = CIRCLE ( 'NONE', #1772, 6.500000000000005329 ) ;
#4270 = VECTOR ( 'NONE', #1486, 1000.000000000000000 ) ;
#4271 = AXIS2_PLACEMENT_3D ( 'NONE', #2366, #1964, #3199 ) ;
#4272 = DIRECTION ( 'NONE',  ( -4.952461568701184058E-17, 0.000000000000000000, 1.000000000000000000 ) ) ;
#4273 = ADVANCED_FACE ( 'NONE', ( #2880 ), #3803, .F. ) ;
#4274 = DIRECTION ( 'NONE',  ( -0.000000000000000000, 1.000000000000000000, -0.000000000000000000 ) ) ;
#4275 = LINE ( 'NONE', #2594, #806 ) ;
#4276 = ADVANCED_FACE ( 'NONE', ( #2968 ), #3752, .T. ) ;
#4277 = EDGE_LOOP ( 'NONE', ( #3466, #1536, #4235, #2548, #94, #237, #93, #4646 ) ) ;
#4278 = CARTESIAN_POINT ( 'NONE',  ( -26.64000000000003610, 6.049999999999999822, 42.05499999999998550 ) ) ;
#4279 = DIRECTION ( 'NONE',  ( 0.000000000000000000, 0.000000000000000000, -1.000000000000000000 ) ) ;
#4280 = DIRECTION ( 'NONE',  ( -2.135044278125304893E-15, 0.000000000000000000, -1.000000000000000000 ) ) ;
#4281 = CARTESIAN_POINT ( 'NONE',  ( -30.58999999999998920, 6.049999999999999822, 46.55499999999999972 ) ) ;
#4282 = ORIENTED_EDGE ( 'NONE', *, *, #1070, .T. ) ;
#4283 = ORIENTED_EDGE ( 'NONE', *, *, #2638, .F. ) ;
#4284 = DIRECTION ( 'NONE',  ( -8.260587980841936314E-17, -0.000000000000000000, -1.000000000000000000 ) ) ;
#4285 = DIRECTION ( 'NONE',  ( -0.000000000000000000, -1.000000000000000000, -0.000000000000000000 ) ) ;
#4286 = ADVANCED_FACE ( 'NONE', ( #1728, #2503 ), #4537, .T. ) ;
#4287 = ORIENTED_EDGE ( 'NONE', *, *, #2842, .F. ) ;
#4288 = ORIENTED_EDGE ( 'NONE', *, *, #4039, .T. ) ;
#4289 = FACE_OUTER_BOUND ( 'NONE', #4229, .T. ) ;
#4290 = FACE_OUTER_BOUND ( 'NONE', #161, .T. ) ;
#4291 = CARTESIAN_POINT ( 'NONE',  ( 22.43999999999999773, 7.000000000000000000, -61.70500000000000540 ) ) ;
#4292 = ORIENTED_EDGE ( 'NONE', *, *, #3127, .T. ) ;
#4293 = DIRECTION ( 'NONE',  ( 0.000000000000000000, 0.000000000000000000, 1.000000000000000000 ) ) ;
#4294 = VECTOR ( 'NONE', #2390, 1000.000000000000000 ) ;
#4295 = LINE ( 'NONE', #5121, #3783 ) ;
#4296 = FACE_OUTER_BOUND ( 'NONE', #5189, .T. ) ;
#4297 = ORIENTED_EDGE ( 'NONE', *, *, #1884, .F. ) ;
#4298 = LINE ( 'NONE', #3819, #2789 ) ;
#4299 = CARTESIAN_POINT ( 'NONE',  ( -26.64000000000003610, 2.000000000000000000, 42.05499999999998550 ) ) ;
#4300 = FACE_OUTER_BOUND ( 'NONE', #5336, .T. ) ;
#4301 = DIRECTION ( 'NONE',  ( 0.000000000000000000, 0.000000000000000000, -1.000000000000000000 ) ) ;
#4302 = ORIENTED_EDGE ( 'NONE', *, *, #2649, .T. ) ;
#4303 = EDGE_LOOP ( 'NONE', ( #1726, #3117, #4620, #883 ) ) ;
#4304 = EDGE_CURVE ( 'NONE', #2526, #4765, #854, .T. ) ;
#4305 = DIRECTION ( 'NONE',  ( 0.000000000000000000, 0.000000000000000000, -1.000000000000000000 ) ) ;
#4306 = CARTESIAN_POINT ( 'NONE',  ( 26.63999999999996504, 6.049999999999999822, 42.05499999999999261 ) ) ;
#4307 = LINE ( 'NONE', #2637, #2174 ) ;
#4308 = ORIENTED_EDGE ( 'NONE', *, *, #5224, .F. ) ;
#4309 = VECTOR ( 'NONE', #2399, 1000.000000000000000 ) ;
#4310 = VERTEX_POINT ( 'NONE', #3722 ) ;
#4311 = CARTESIAN_POINT ( 'NONE',  ( 26.63999999999996504, 6.049999999999999822, 49.18000000000003524 ) ) ;
#4312 = AXIS2_PLACEMENT_3D ( 'NONE', #3053, #3514, #3459 ) ;
#4313 = FACE_BOUND ( 'NONE', #836, .T. ) ;
#4314 = CARTESIAN_POINT ( 'NONE',  ( 5.999999999999998224, 2.000000000000001776, -85.55499999999999261 ) ) ;
#4315 = ORIENTED_EDGE ( 'NONE', *, *, #1411, .T. ) ;
#4316 = ADVANCED_FACE ( 'NONE', ( #1314 ), #446, .F. ) ;
#4317 = CARTESIAN_POINT ( 'NONE',  ( -33.43999999999999773, 15.00000000000000000, -83.05499999999999261 ) ) ;
#4318 = AXIS2_PLACEMENT_3D ( 'NONE', #761, #408, #2838 ) ;
#4319 = DIRECTION ( 'NONE',  ( -1.000000000000000000, -0.000000000000000000, -0.000000000000000000 ) ) ;
#4320 = LINE ( 'NONE', #2647, #727 ) ;
#4321 = VERTEX_POINT ( 'NONE', #4649 ) ;
#4322 = CARTESIAN_POINT ( 'NONE',  ( -18.07499999999997797, 2.000000000000000000, -75.05499999999994998 ) ) ;
#4323 = CARTESIAN_POINT ( 'NONE',  ( 30.58999999999998920, 2.000000000000001776, -55.14460584136107002 ) ) ;
#4324 = CARTESIAN_POINT ( 'NONE',  ( -33.43999999999999062, 15.00000000000000000, -83.05499999999999261 ) ) ;
#4325 = FACE_OUTER_BOUND ( 'NONE', #672, .T. ) ;
#4326 = ORIENTED_EDGE ( 'NONE', *, *, #5224, .T. ) ;
#4327 = ORIENTED_EDGE ( 'NONE', *, *, #2451, .T. ) ;
#4328 = ORIENTED_EDGE ( 'NONE', *, *, #2826, .F. ) ;
#4329 = DIRECTION ( 'NONE',  ( 0.000000000000000000, -0.000000000000000000, 1.000000000000000000 ) ) ;
#4330 = LINE ( 'NONE', #5108, #2394 ) ;
#4331 = DIRECTION ( 'NONE',  ( 1.000000000000000000, 0.000000000000000000, 0.000000000000000000 ) ) ;
#4332 = ORIENTED_EDGE ( 'NONE', *, *, #1473, .T. ) ;
#4333 = ADVANCED_FACE ( 'NONE', ( #2110 ), #2586, .F. ) ;
#4334 = ADVANCED_FACE ( 'NONE', ( #3834 ), #14, .F. ) ;
#4335 = VECTOR ( 'NONE', #2204, 1000.000000000000000 ) ;
#4336 = AXIS2_PLACEMENT_3D ( 'NONE', #4716, #3468, #2177 ) ;
#4337 = DIRECTION ( 'NONE',  ( 0.000000000000000000, 0.000000000000000000, 1.000000000000000000 ) ) ;
#4338 = PLANE ( 'NONE',  #3734 ) ;
#4339 = VECTOR ( 'NONE', #613, 1000.000000000000000 ) ;
#4340 = VECTOR ( 'NONE', #3658, 1000.000000000000000 ) ;
#4341 = CIRCLE ( 'NONE', #1928, 6.500000000000005329 ) ;
#4342 = CARTESIAN_POINT ( 'NONE',  ( -6.999999999999988454, 7.649999999999999467, -85.55499999999999261 ) ) ;
#4343 = AXIS2_PLACEMENT_3D ( 'NONE', #572, #5127, #1053 ) ;
#4344 = VECTOR ( 'NONE', #5326, 1000.000000000000000 ) ;
#4345 = ORIENTED_EDGE ( 'NONE', *, *, #404, .F. ) ;
#4346 = EDGE_CURVE ( 'NONE', #3932, #3953, #1265, .T. ) ;
#4347 = LINE ( 'NONE', #3970, #3653 ) ;
#4348 = CARTESIAN_POINT ( 'NONE',  ( -31.43999999999998707, 2.000000000000000000, -57.55499999999999261 ) ) ;
#4349 = AXIS2_PLACEMENT_3D ( 'NONE', #4589, #1349, #96 ) ;
#4350 = ORIENTED_EDGE ( 'NONE', *, *, #2605, .F. ) ;
#4351 = EDGE_CURVE ( 'NONE', #3167, #2338, #1475, .T. ) ;
#4352 = CARTESIAN_POINT ( 'NONE',  ( -2.255251798232997817, 9.274437486377925310, 63.55499999999999972 ) ) ;
#4353 = DIRECTION ( 'NONE',  ( -1.000000000000000000, 0.000000000000000000, 0.000000000000000000 ) ) ;
#4354 = DIRECTION ( 'NONE',  ( 0.000000000000000000, 0.7071067811865425767, -0.7071067811865524577 ) ) ;
#4355 = DIRECTION ( 'NONE',  ( 0.000000000000000000, -0.000000000000000000, 1.000000000000000000 ) ) ;
#4356 = ORIENTED_EDGE ( 'NONE', *, *, #5337, .T. ) ;
#4357 = ORIENTED_EDGE ( 'NONE', *, *, #1139, .T. ) ;
#4358 = VERTEX_POINT ( 'NONE', #176 ) ;
#4359 = CIRCLE ( 'NONE', #2209, 6.500000000000005329 ) ;
#4360 = EDGE_CURVE ( 'NONE', #1244, #3721, #256, .T. ) ;
#4361 = CIRCLE ( 'NONE', #4713, 2.125000000000001776 ) ;
#4362 = LINE ( 'NONE', #321, #1155 ) ;
#4363 = CARTESIAN_POINT ( 'NONE',  ( 9.075000000000022382, 5.549999999999998934, -82.55499999999999261 ) ) ;
#4364 = ORIENTED_EDGE ( 'NONE', *, *, #1110, .F. ) ;
#4365 = DIRECTION ( 'NONE',  ( 1.000000000000000000, 0.000000000000000000, 4.625929269271460552E-14 ) ) ;
#4366 = ORIENTED_EDGE ( 'NONE', *, *, #4351, .T. ) ;
#4367 = EDGE_CURVE ( 'NONE', #1436, #1013, #3455, .T. ) ;
#4368 = DIRECTION ( 'NONE',  ( 0.000000000000000000, 0.000000000000000000, 1.000000000000000000 ) ) ;
#4369 = EDGE_CURVE ( 'NONE', #2728, #193, #4778, .T. ) ;
#4370 = ADVANCED_FACE ( 'NONE', ( #1886 ), #5089, .T. ) ;
#4371 = CARTESIAN_POINT ( 'NONE',  ( -12.43999999999999417, 7.000000000000000000, -62.55499999999999972 ) ) ;
#4372 = CYLINDRICAL_SURFACE ( 'NONE', #169, 4.499999999999997335 ) ;
#4373 = AXIS2_PLACEMENT_3D ( 'NONE', #3475, #3508, #1470 ) ;
#4374 = ADVANCED_FACE ( 'NONE', ( #3023 ), #1072, .T. ) ;
#4375 = VERTEX_POINT ( 'NONE', #2719 ) ;
#4376 = VERTEX_POINT ( 'NONE', #3103 ) ;
#4377 = CARTESIAN_POINT ( 'NONE',  ( 13.57499999999998153, 2.000000000000000000, -85.55499999999999261 ) ) ;
#4378 = CARTESIAN_POINT ( 'NONE',  ( -31.14000000000006452, 6.049999999999999822, -57.55499999999999261 ) ) ;
#4379 = ADVANCED_FACE ( 'NONE', ( #4289 ), #3048, .F. ) ;
#4380 = EDGE_LOOP ( 'NONE', ( #735, #3000, #2986, #3797 ) ) ;
#4381 = CIRCLE ( 'NONE', #4557, 4.449999999999961098 ) ;
#4382 = DIRECTION ( 'NONE',  ( -1.000000000000000000, 0.000000000000000000, 0.000000000000000000 ) ) ;
#4383 = CARTESIAN_POINT ( 'NONE',  ( 5.999999999999998224, 6.499999999999977796, 50.50499999999995282 ) ) ;
#4384 = DIRECTION ( 'NONE',  ( 0.000000000000000000, 1.000000000000000000, 0.000000000000000000 ) ) ;
#4385 = PLANE ( 'NONE',  #4954 ) ;
#4386 = ORIENTED_EDGE ( 'NONE', *, *, #835, .F. ) ;
#4387 = EDGE_CURVE ( 'NONE', #1511, #2036, #2291, .T. ) ;
#4388 = DIRECTION ( 'NONE',  ( -8.260587980841937547E-17, 0.000000000000000000, -1.000000000000000000 ) ) ;
#4389 = CARTESIAN_POINT ( 'NONE',  ( -6.625251798232977940, 15.00000000000000178, 65.95499999999999829 ) ) ;
#4390 = PLANE ( 'NONE',  #4496 ) ;
#4391 = CARTESIAN_POINT ( 'NONE',  ( -12.43999999999999595, 7.000000000000000000, -61.70500000000000540 ) ) ;
#4392 = EDGE_CURVE ( 'NONE', #2075, #415, #1863, .T. ) ;
#4393 = ORIENTED_EDGE ( 'NONE', *, *, #2422, .F. ) ;
#4394 = VECTOR ( 'NONE', #4071, 1000.000000000000000 ) ;
#4395 = DIRECTION ( 'NONE',  ( 0.000000000000000000, 0.000000000000000000, 1.000000000000000000 ) ) ;
#4396 = DIRECTION ( 'NONE',  ( -1.000000000000000000, 0.000000000000000000, 2.040851148208008491E-16 ) ) ;
#4397 = EDGE_LOOP ( 'NONE', ( #980, #1151 ) ) ;
#4398 = CARTESIAN_POINT ( 'NONE',  ( -16.76499999999999702, 7.000000000000000000, -69.55500000000000682 ) ) ;
#4399 = EDGE_LOOP ( 'NONE', ( #924, #1286, #2857, #3676, #4654 ) ) ;
#4400 = VECTOR ( 'NONE', #4067, 1000.000000000000000 ) ;
#4401 = EDGE_CURVE ( 'NONE', #193, #4618, #3512, .T. ) ;
#4402 = CARTESIAN_POINT ( 'NONE',  ( -28.14000000000005386, 0.000000000000000000, -50.38499999999999091 ) ) ;
#4403 = LINE ( 'NONE', #3641, #2175 ) ;
#4404 = EDGE_LOOP ( 'NONE', ( #610, #2054, #240, #3400 ) ) ;
#4405 = LINE ( 'NONE', #2731, #4270 ) ;
#4406 = EDGE_CURVE ( 'NONE', #1752, #4503, #4265, .T. ) ;
#4407 = CARTESIAN_POINT ( 'NONE',  ( -33.43999999999998352, 15.00000000000000000, 57.05499999999999261 ) ) ;
#4408 = CARTESIAN_POINT ( 'NONE',  ( 26.93999999999999773, 15.00000000000000000, -89.55499999999999261 ) ) ;
#4409 = DIRECTION ( 'NONE',  ( -1.000000000000000000, 0.000000000000000000, 0.000000000000000000 ) ) ;
#4410 = EDGE_LOOP ( 'NONE', ( #3375, #4197 ) ) ;
#4411 = ORIENTED_EDGE ( 'NONE', *, *, #3461, .T. ) ;
#4412 = CARTESIAN_POINT ( 'NONE',  ( -13.57500000000001883, 7.649999999999999467, -85.55499999999999261 ) ) ;
#4413 = DIRECTION ( 'NONE',  ( -0.000000000000000000, 1.000000000000000000, -0.000000000000000000 ) ) ;
#4414 = CARTESIAN_POINT ( 'NONE',  ( 26.93999999999999773, 0.000000000000000000, -83.05499999999999261 ) ) ;
#4415 = DIRECTION ( 'NONE',  ( 1.000000000000000000, -0.000000000000000000, 0.000000000000000000 ) ) ;
#4416 = ADVANCED_FACE ( 'NONE', ( #560 ), #2214, .F. ) ;
#4417 = ORIENTED_EDGE ( 'NONE', *, *, #2999, .F. ) ;
#4418 = FACE_OUTER_BOUND ( 'NONE', #3476, .T. ) ;
#4419 = FACE_OUTER_BOUND ( 'NONE', #4203, .T. ) ;
#4420 = ORIENTED_EDGE ( 'NONE', *, *, #4458, .F. ) ;
#4421 = CARTESIAN_POINT ( 'NONE',  ( 26.63999999999995083, 6.049999999999999822, -57.55500000000001393 ) ) ;
#4422 = VECTOR ( 'NONE', #4173, 1000.000000000000000 ) ;
#4423 = VERTEX_POINT ( 'NONE', #4311 ) ;
#4424 = VECTOR ( 'NONE', #3645, 1000.000000000000000 ) ;
#4425 = VECTOR ( 'NONE', #3177, 1000.000000000000000 ) ;
#4426 = AXIS2_PLACEMENT_3D ( 'NONE', #2868, #4447, #3581 ) ;
#4427 = AXIS2_PLACEMENT_3D ( 'NONE', #1444, #3097, #4744 ) ;
#4428 = LINE ( 'NONE', #4377, #3918 ) ;
#4429 = VECTOR ( 'NONE', #3640, 1000.000000000000000 ) ;
#4430 = CARTESIAN_POINT ( 'NONE',  ( 12.43999999999999417, 7.000000000000000000, -62.55499999999999972 ) ) ;
#4431 = EDGE_CURVE ( 'NONE', #4423, #1855, #376, .T. ) ;
#4432 = CONICAL_SURFACE ( 'NONE', #28, 3.949999999999953548, 0.7853981633974346233 ) ;
#4433 = ORIENTED_EDGE ( 'NONE', *, *, #4119, .T. ) ;
#4434 = EDGE_CURVE ( 'NONE', #5285, #3770, #1811, .T. ) ;
#4435 = CARTESIAN_POINT ( 'NONE',  ( -26.64000000000003610, 6.049999999999999822, 46.55499999999999972 ) ) ;
#4436 = EDGE_CURVE ( 'NONE', #4075, #2716, #2641, .T. ) ;
#4437 = FACE_OUTER_BOUND ( 'NONE', #50, .T. ) ;
#4438 = CARTESIAN_POINT ( 'NONE',  ( 26.63999999999996504, 6.049999999999999822, 46.55499999999999261 ) ) ;
#4439 = DIRECTION ( 'NONE',  ( 0.000000000000000000, 1.000000000000000000, 0.000000000000000000 ) ) ;
#4440 = ORIENTED_EDGE ( 'NONE', *, *, #1972, .F. ) ;
#4441 = ORIENTED_EDGE ( 'NONE', *, *, #4068, .T. ) ;
#4442 = VECTOR ( 'NONE', #3323, 1000.000000000000000 ) ;
#4443 = DIRECTION ( 'NONE',  ( 0.000000000000000000, 0.000000000000000000, 1.000000000000000000 ) ) ;
#4444 = AXIS2_PLACEMENT_3D ( 'NONE', #4237, #2996, #4155 ) ;
#4445 = FACE_OUTER_BOUND ( 'NONE', #4044, .T. ) ;
#4446 = CARTESIAN_POINT ( 'NONE',  ( 28.13999999999995083, 1.000000000000000888, -50.38499999999999091 ) ) ;
#4447 = DIRECTION ( 'NONE',  ( 1.000000000000000000, 0.000000000000000000, -1.332992777621213689E-16 ) ) ;
#4448 = ORIENTED_EDGE ( 'NONE', *, *, #2172, .T. ) ;
#4449 = CIRCLE ( 'NONE', #2981, 6.500000000000005329 ) ;
#4450 = CARTESIAN_POINT ( 'NONE',  ( 18.07499999999998153, 2.000000000000000000, -70.55499999999994998 ) ) ;
#4451 = EDGE_CURVE ( 'NONE', #993, #5147, #2663, .T. ) ;
#4452 = LINE ( 'NONE', #3252, #3050 ) ;
#4453 = VERTEX_POINT ( 'NONE', #2260 ) ;
#4454 = CARTESIAN_POINT ( 'NONE',  ( 18.11499999999999488, 2.000000000000000000, -62.55499999999999972 ) ) ;
#4455 = VERTEX_POINT ( 'NONE', #3911 ) ;
#4456 = CARTESIAN_POINT ( 'NONE',  ( 30.58999999999997499, 6.049999999999999822, -57.55500000000000682 ) ) ;
#4457 = LINE ( 'NONE', #5249, #1913 ) ;
#4458 = EDGE_CURVE ( 'NONE', #5094, #1465, #1532, .T. ) ;
#4459 = ORIENTED_EDGE ( 'NONE', *, *, #138, .T. ) ;
#4460 = DIRECTION ( 'NONE',  ( -0.000000000000000000, 1.000000000000000000, -0.000000000000000000 ) ) ;
#4461 = CYLINDRICAL_SURFACE ( 'NONE', #3356, 6.500000000000005329 ) ;
#4462 = CARTESIAN_POINT ( 'NONE',  ( -18.11499999999999488, 2.000000000000000000, -62.55499999999999972 ) ) ;
#4463 = VERTEX_POINT ( 'NONE', #3584 ) ;
#4464 = ORIENTED_EDGE ( 'NONE', *, *, #146, .T. ) ;
#4465 = FACE_OUTER_BOUND ( 'NONE', #2725, .T. ) ;
#4466 = DIRECTION ( 'NONE',  ( 1.514893490246249550E-16, -1.000000000000000000, 0.000000000000000000 ) ) ;
#4467 = DIRECTION ( 'NONE',  ( -0.000000000000000000, 1.000000000000000000, -0.000000000000000000 ) ) ;
#4468 = EDGE_CURVE ( 'NONE', #314, #4701, #2884, .T. ) ;
#4469 = LINE ( 'NONE', #3272, #3649 ) ;
#4470 = VERTEX_POINT ( 'NONE', #4063 ) ;
#4471 = AXIS2_PLACEMENT_3D ( 'NONE', #148, #3450, #2256 ) ;
#4472 = DIRECTION ( 'NONE',  ( 1.000000000000000000, 0.000000000000000000, 0.000000000000000000 ) ) ;
#4473 = LINE ( 'NONE', #5265, #153 ) ;
#4474 = VECTOR ( 'NONE', #1896, 1000.000000000000000 ) ;
#4475 = VERTEX_POINT ( 'NONE', #1587 ) ;
#4476 = ADVANCED_FACE ( 'NONE', ( #766 ), #3661, .F. ) ;
#4477 = ORIENTED_EDGE ( 'NONE', *, *, #3028, .F. ) ;
#4478 = DIRECTION ( 'NONE',  ( 1.000000000000000000, 0.000000000000000000, 0.000000000000000000 ) ) ;
#4479 = ORIENTED_EDGE ( 'NONE', *, *, #602, .T. ) ;
#4480 = PLANE ( 'NONE',  #454 ) ;
#4481 = LINE ( 'NONE', #5300, #4497 ) ;
#4482 = EDGE_CURVE ( 'NONE', #51, #3786, #2339, .T. ) ;
#4483 = ORIENTED_EDGE ( 'NONE', *, *, #5328, .T. ) ;
#4484 = VERTEX_POINT ( 'NONE', #4450 ) ;
#4485 = ORIENTED_EDGE ( 'NONE', *, *, #5092, .F. ) ;
#4486 = CIRCLE ( 'NONE', #1986, 6.500000000000005329 ) ;
#4487 = DIRECTION ( 'NONE',  ( -0.000000000000000000, -1.000000000000000000, -0.000000000000000000 ) ) ;
#4488 = DIRECTION ( 'NONE',  ( 0.000000000000000000, 0.000000000000000000, 1.000000000000000000 ) ) ;
#4489 = CARTESIAN_POINT ( 'NONE',  ( -35.43999999999999062, 15.00000000000000000, -83.05499999999999261 ) ) ;
#4490 = ORIENTED_EDGE ( 'NONE', *, *, #1665, .F. ) ;
#4491 = CARTESIAN_POINT ( 'NONE',  ( -35.43999999999999062, 2.000000000000001776, -83.05499999999999261 ) ) ;
#4492 = DIRECTION ( 'NONE',  ( 1.000000000000000000, 0.000000000000000000, -1.020425574104004246E-16 ) ) ;
#4493 = LINE ( 'NONE', #1225, #1474 ) ;
#4494 = DIRECTION ( 'NONE',  ( 0.7071067811865422437, 0.7071067811865527908, -8.761676666762070491E-17 ) ) ;
#4495 = VERTEX_POINT ( 'NONE', #3227 ) ;
#4496 = AXIS2_PLACEMENT_3D ( 'NONE', #686, #1528, #1096 ) ;
#4497 = VECTOR ( 'NONE', #262, 1000.000000000000000 ) ;
#4498 = DIRECTION ( 'NONE',  ( -0.7071067811865423547, 0.7071067811865526798, 8.761676666762071724E-17 ) ) ;
#4499 = PLANE ( 'NONE',  #1672 ) ;
#4500 = EDGE_CURVE ( 'NONE', #4836, #1682, #2715, .T. ) ;
#4501 = ORIENTED_EDGE ( 'NONE', *, *, #2823, .T. ) ;
#4502 = ADVANCED_FACE ( 'NONE', ( #4858 ), #326, .F. ) ;
#4503 = VERTEX_POINT ( 'NONE', #350 ) ;
#4504 = LINE ( 'NONE', #1312, #3210 ) ;
#4505 = ORIENTED_EDGE ( 'NONE', *, *, #2319, .F. ) ;
#4506 = DIRECTION ( 'NONE',  ( -9.904923137402368115E-17, 0.000000000000000000, -1.000000000000000000 ) ) ;
#4507 = CARTESIAN_POINT ( 'NONE',  ( -13.57500000000001883, 7.649999999999999467, -79.55499999999996419 ) ) ;
#4508 = ORIENTED_EDGE ( 'NONE', *, *, #2413, .F. ) ;
#4509 = EDGE_LOOP ( 'NONE', ( #4261, #2869, #5143, #2978 ) ) ;
#4510 = VERTEX_POINT ( 'NONE', #3155 ) ;
#4511 = VECTOR ( 'NONE', #5277, 1000.000000000000000 ) ;
#4512 = VECTOR ( 'NONE', #3122, 1000.000000000000000 ) ;
#4513 = ADVANCED_FACE ( 'NONE', ( #2743 ), #2409, .F. ) ;
#4514 = DIRECTION ( 'NONE',  ( 1.000000000000000000, -0.000000000000000000, 0.000000000000000000 ) ) ;
#4515 = AXIS2_PLACEMENT_3D ( 'NONE', #4532, #3667, #5323 ) ;
#4516 = CARTESIAN_POINT ( 'NONE',  ( -26.64000000000005031, 6.049999999999999822, -57.55499999999999261 ) ) ;
#4517 = DIRECTION ( 'NONE',  ( 0.000000000000000000, 0.000000000000000000, 1.000000000000000000 ) ) ;
#4518 = VERTEX_POINT ( 'NONE', #690 ) ;
#4519 = ADVANCED_FACE ( 'NONE', ( #2439 ), #3251, .T. ) ;
#4520 = CYLINDRICAL_SURFACE ( 'NONE', #1160, 8.500000000000007105 ) ;
#4521 = DIRECTION ( 'NONE',  ( -1.000000000000000000, 0.000000000000000000, 0.000000000000000000 ) ) ;
#4522 = FACE_OUTER_BOUND ( 'NONE', #4108, .T. ) ;
#4523 = CARTESIAN_POINT ( 'NONE',  ( -28.14000000000005386, 1.000000000000000888, -50.38499999999999091 ) ) ;
#4524 = EDGE_LOOP ( 'NONE', ( #3925, #3038, #3432, #391 ) ) ;
#4525 = ORIENTED_EDGE ( 'NONE', *, *, #4859, .T. ) ;
#4526 = VECTOR ( 'NONE', #1015, 999.9999999999998863 ) ;
#4527 = DIRECTION ( 'NONE',  ( -0.7071067811865426878, -0.7071067811865524577, 0.000000000000000000 ) ) ;
#4528 = CIRCLE ( 'NONE', #4623, 3.949999999999953548 ) ;
#4529 = FACE_OUTER_BOUND ( 'NONE', #3093, .T. ) ;
#4530 = ORIENTED_EDGE ( 'NONE', *, *, #2050, .T. ) ;
#4531 = ORIENTED_EDGE ( 'NONE', *, *, #2567, .T. ) ;
#4532 = CARTESIAN_POINT ( 'NONE',  ( -18.11499999999999488, 7.000000000000000000, -62.55499999999999972 ) ) ;
#4533 = ORIENTED_EDGE ( 'NONE', *, *, #4369, .T. ) ;
#4534 = AXIS2_PLACEMENT_3D ( 'NONE', #922, #84, #844 ) ;
#4535 = EDGE_CURVE ( 'NONE', #2108, #2709, #1181, .T. ) ;
#4536 = EDGE_CURVE ( 'NONE', #627, #2822, #1557, .T. ) ;
#4537 = PLANE ( 'NONE',  #5227 ) ;
#4538 = DIRECTION ( 'NONE',  ( 0.7071067811865401342, -0.7071067811865549002, 0.000000000000000000 ) ) ;
#4539 = FACE_OUTER_BOUND ( 'NONE', #3178, .T. ) ;
#4540 = CARTESIAN_POINT ( 'NONE',  ( 13.57499999999998330, 2.000000000000000000, -64.55499999999999261 ) ) ;
#4541 = ADVANCED_FACE ( 'NONE', ( #2016 ), #3607, .T. ) ;
#4542 = EDGE_LOOP ( 'NONE', ( #437, #3779, #652, #2473 ) ) ;
#4543 = EDGE_LOOP ( 'NONE', ( #2312, #132, #4020, #2141 ) ) ;
#4544 = EDGE_CURVE ( 'NONE', #1389, #3762, #4528, .T. ) ;
#4545 = CARTESIAN_POINT ( 'NONE',  ( -31.08999999999999986, 6.999999999999999112, 46.55499999999999972 ) ) ;
#4546 = LINE ( 'NONE', #4959, #1454 ) ;
#4547 = CARTESIAN_POINT ( 'NONE',  ( 26.63999999999995083, 5.549999999999965183, -59.68000000000002103 ) ) ;
#4548 = ORIENTED_EDGE ( 'NONE', *, *, #1729, .F. ) ;
#4549 = CARTESIAN_POINT ( 'NONE',  ( -26.64000000000003610, 6.049999999999999822, 49.18000000000004235 ) ) ;
#4550 = DIRECTION ( 'NONE',  ( 1.000000000000000000, -0.000000000000000000, 0.000000000000000000 ) ) ;
#4551 = DIRECTION ( 'NONE',  ( -1.239088197126290570E-16, 0.000000000000000000, -1.000000000000000000 ) ) ;
#4552 = DIRECTION ( 'NONE',  ( 1.000000000000000000, 1.182247010237516894E-10, 0.000000000000000000 ) ) ;
#4553 = ORIENTED_EDGE ( 'NONE', *, *, #2749, .F. ) ;
#4554 = EDGE_CURVE ( 'NONE', #152, #5263, #1205, .T. ) ;
#4555 = DIRECTION ( 'NONE',  ( 0.000000000000000000, 0.000000000000000000, 1.000000000000000000 ) ) ;
#4556 = DIRECTION ( 'NONE',  ( -1.000000000000000000, 0.000000000000000000, 0.000000000000000000 ) ) ;
#4557 = AXIS2_PLACEMENT_3D ( 'NONE', #3937, #4285, #1392 ) ;
#4558 = ORIENTED_EDGE ( 'NONE', *, *, #1666, .T. ) ;
#4559 = ORIENTED_EDGE ( 'NONE', *, *, #2563, .T. ) ;
#4560 = CARTESIAN_POINT ( 'NONE',  ( 26.63999999999995083, 6.049999999999999822, -57.55500000000001393 ) ) ;
#4561 = ORIENTED_EDGE ( 'NONE', *, *, #4032, .F. ) ;
#4562 = CARTESIAN_POINT ( 'NONE',  ( 26.93999999999999773, 0.5000000000000000000, -83.05499999999999261 ) ) ;
#4563 = PLANE ( 'NONE',  #3490 ) ;
#4564 = CARTESIAN_POINT ( 'NONE',  ( -11.57500000000001883, 0.5000000000000004441, -83.55499999999999261 ) ) ;
#4565 = ORIENTED_EDGE ( 'NONE', *, *, #1110, .T. ) ;
#4566 = ORIENTED_EDGE ( 'NONE', *, *, #1665, .T. ) ;
#4567 = VERTEX_POINT ( 'NONE', #2794 ) ;
#4568 = ADVANCED_FACE ( 'NONE', ( #2389, #4418 ), #718, .T. ) ;
#4569 = DIRECTION ( 'NONE',  ( -0.000000000000000000, 1.000000000000000000, -0.000000000000000000 ) ) ;
#4570 = CARTESIAN_POINT ( 'NONE',  ( -6.625251798232977052, 9.274437486377925310, 63.55499999999999972 ) ) ;
#4571 = DIRECTION ( 'NONE',  ( -1.000000000000000000, -0.000000000000000000, -0.000000000000000000 ) ) ;
#4572 = ORIENTED_EDGE ( 'NONE', *, *, #4240, .F. ) ;
#4573 = EDGE_CURVE ( 'NONE', #5160, #3094, #411, .T. ) ;
#4574 = AXIS2_PLACEMENT_3D ( 'NONE', #1017, #2262, #3916 ) ;
#4575 = CARTESIAN_POINT ( 'NONE',  ( -26.64000000000005031, 5.549999999999965183, -59.67999999999999972 ) ) ;
#4576 = CARTESIAN_POINT ( 'NONE',  ( 13.57499999999998153, 7.649999999999999467, -79.55499999999996419 ) ) ;
#4577 = LINE ( 'NONE', #5022, #381 ) ;
#4578 = CARTESIAN_POINT ( 'NONE',  ( 16.76500000000000057, 2.000000000000000000, -62.55499999999999972 ) ) ;
#4579 = ORIENTED_EDGE ( 'NONE', *, *, #1979, .F. ) ;
#4580 = ORIENTED_EDGE ( 'NONE', *, *, #5216, .T. ) ;
#4581 = EDGE_CURVE ( 'NONE', #2115, #4510, #3304, .T. ) ;
#4582 = CARTESIAN_POINT ( 'NONE',  ( -13.57500000000001883, 7.649999999999999467, -85.55499999999999261 ) ) ;
#4583 = EDGE_CURVE ( 'NONE', #1056, #4085, #7, .T. ) ;
#4584 = DIRECTION ( 'NONE',  ( 1.000000000000000000, 0.000000000000000000, -0.000000000000000000 ) ) ;
#4585 = ORIENTED_EDGE ( 'NONE', *, *, #4725, .T. ) ;
#4586 = EDGE_LOOP ( 'NONE', ( #4548, #1191, #4393, #2680 ) ) ;
#4587 = DIRECTION ( 'NONE',  ( 0.000000000000000000, 0.000000000000000000, 1.000000000000000000 ) ) ;
#4588 = ORIENTED_EDGE ( 'NONE', *, *, #52, .F. ) ;
#4589 = CARTESIAN_POINT ( 'NONE',  ( -26.64000000000003610, 1.049999999999999822, 46.55499999999999972 ) ) ;
#4590 = DIRECTION ( 'NONE',  ( 1.000000000000000000, 0.000000000000000000, -9.904923137402368115E-17 ) ) ;
#4591 = LINE ( 'NONE', #4950, #3263 ) ;
#4592 = ORIENTED_EDGE ( 'NONE', *, *, #102, .F. ) ;
#4593 = VERTEX_POINT ( 'NONE', #1258 ) ;
#4594 = ORIENTED_EDGE ( 'NONE', *, *, #2777, .T. ) ;
#4595 = CARTESIAN_POINT ( 'NONE',  ( 26.63999999999995083, 5.549999999999965183, -57.55500000000001393 ) ) ;
#4596 = ADVANCED_FACE ( 'NONE', ( #4148 ), #1750, .F. ) ;
#4597 = FACE_OUTER_BOUND ( 'NONE', #5168, .T. ) ;
#4598 = EDGE_CURVE ( 'NONE', #290, #750, #3795, .T. ) ;
#4599 = LINE ( 'NONE', #4928, #899 ) ;
#4600 = CIRCLE ( 'NONE', #3382, 3.949999999999953548 ) ;
#4601 = ORIENTED_EDGE ( 'NONE', *, *, #5054, .T. ) ;
#4602 = VECTOR ( 'NONE', #3619, 1000.000000000000000 ) ;
#4603 = EDGE_CURVE ( 'NONE', #5263, #1106, #4971, .T. ) ;
#4604 = ADVANCED_FACE ( 'NONE', ( #63 ), #1341, .T. ) ;
#4605 = AXIS2_PLACEMENT_3D ( 'NONE', #4371, #1864, #4703 ) ;
#4606 = CARTESIAN_POINT ( 'NONE',  ( -16.76499999999999702, 2.000000000000000000, -69.55500000000000682 ) ) ;
#4607 = VECTOR ( 'NONE', #3835, 1000.000000000000000 ) ;
#4608 = CARTESIAN_POINT ( 'NONE',  ( 26.63999999999996504, 5.549999999999965183, 46.55499999999999261 ) ) ;
#4609 = AXIS2_PLACEMENT_3D ( 'NONE', #4616, #901, #385 ) ;
#4610 = CARTESIAN_POINT ( 'NONE',  ( -26.93999999999999062, 15.00000000000000000, -83.05499999999999261 ) ) ;
#4611 = AXIS2_PLACEMENT_3D ( 'NONE', #3114, #4354, #3978 ) ;
#4612 = CARTESIAN_POINT ( 'NONE',  ( -31.43999999999999417, 182.0796411894638993, -83.05499999999999261 ) ) ;
#4613 = ORIENTED_EDGE ( 'NONE', *, *, #1208, .T. ) ;
#4614 = EDGE_LOOP ( 'NONE', ( #4095, #2259, #4366, #388 ) ) ;
#4615 = AXIS2_PLACEMENT_3D ( 'NONE', #4045, #238, #1994 ) ;
#4616 = CARTESIAN_POINT ( 'NONE',  ( 26.93999999999999773, 182.0796411894638993, -87.55499999999999261 ) ) ;
#4617 = DIRECTION ( 'NONE',  ( -1.234385775125811727E-16, -0.000000000000000000, -1.000000000000000000 ) ) ;
#4618 = VERTEX_POINT ( 'NONE', #2469 ) ;
#4619 = VECTOR ( 'NONE', #4571, 1000.000000000000000 ) ;
#4620 = ORIENTED_EDGE ( 'NONE', *, *, #996, .T. ) ;
#4621 = FACE_OUTER_BOUND ( 'NONE', #846, .T. ) ;
#4622 = ORIENTED_EDGE ( 'NONE', *, *, #2071, .F. ) ;
#4623 = AXIS2_PLACEMENT_3D ( 'NONE', #1128, #4911, #2768 ) ;
#4624 = DIRECTION ( 'NONE',  ( -1.000000000000000000, -0.000000000000000000, -0.000000000000000000 ) ) ;
#4625 = DIRECTION ( 'NONE',  ( -0.000000000000000000, 1.000000000000000000, -0.000000000000000000 ) ) ;
#4626 = CIRCLE ( 'NONE', #1078, 6.500000000000005329 ) ;
#4627 = LINE ( 'NONE', #1374, #4607 ) ;
#4628 = LINE ( 'NONE', #4188, #1893 ) ;
#4629 = CIRCLE ( 'NONE', #2032, 3.949999999999953548 ) ;
#4630 = ORIENTED_EDGE ( 'NONE', *, *, #88, .T. ) ;
#4631 = CONICAL_SURFACE ( 'NONE', #5317, 2.125000000000001776, 0.7853981633974539411 ) ;
#4632 = ADVANCED_FACE ( 'NONE', ( #3744 ), #2555, .T. ) ;
#4633 = DIRECTION ( 'NONE',  ( -8.260587980841936314E-17, -0.000000000000000000, -1.000000000000000000 ) ) ;
#4634 = CARTESIAN_POINT ( 'NONE',  ( -13.57500000000001705, 2.000000000000000000, -64.55499999999999261 ) ) ;
#4635 = DIRECTION ( 'NONE',  ( 0.000000000000000000, 1.000000000000000000, 0.000000000000000000 ) ) ;
#4636 = ORIENTED_EDGE ( 'NONE', *, *, #1423, .T. ) ;
#4637 = DIRECTION ( 'NONE',  ( 0.000000000000000000, 1.000000000000000000, 0.000000000000000000 ) ) ;
#4638 = DIRECTION ( 'NONE',  ( 0.000000000000000000, 0.000000000000000000, 1.000000000000000000 ) ) ;
#4639 = DIRECTION ( 'NONE',  ( 1.000000000000000000, 0.000000000000000000, -0.000000000000000000 ) ) ;
#4640 = CARTESIAN_POINT ( 'NONE',  ( 6.999999999999987566, 7.649999999999999467, -66.55499999999999261 ) ) ;
#4641 = ORIENTED_EDGE ( 'NONE', *, *, #1729, .T. ) ;
#4642 = ORIENTED_EDGE ( 'NONE', *, *, #5124, .F. ) ;
#4643 = CARTESIAN_POINT ( 'NONE',  ( -5.999999999999999112, -22.18677324489565095, -64.55499999999999261 ) ) ;
#4644 = EDGE_CURVE ( 'NONE', #1899, #2681, #469, .T. ) ;
#4645 = DIRECTION ( 'NONE',  ( 0.000000000000000000, 0.000000000000000000, 1.000000000000000000 ) ) ;
#4646 = ORIENTED_EDGE ( 'NONE', *, *, #3960, .F. ) ;
#4647 = EDGE_LOOP ( 'NONE', ( #235, #3244, #4006, #2942 ) ) ;
#4648 = ORIENTED_EDGE ( 'NONE', *, *, #427, .F. ) ;
#4649 = CARTESIAN_POINT ( 'NONE',  ( -9.075000000000022382, 5.549999999999998934, -82.55499999999999261 ) ) ;
#4650 = ADVANCED_FACE ( 'NONE', ( #1283 ), #3357, .F. ) ;
#4651 = CARTESIAN_POINT ( 'NONE',  ( -26.93999999999997641, -62.43188131373440797, 75.05499999999999261 ) ) ;
#4652 = CARTESIAN_POINT ( 'NONE',  ( 30.43999999999998707, -97.28932498801881934, 44.14460584136111265 ) ) ;
#4653 = DIRECTION ( 'NONE',  ( -1.239088197126290570E-16, 0.000000000000000000, -1.000000000000000000 ) ) ;
#4654 = ORIENTED_EDGE ( 'NONE', *, *, #4536, .T. ) ;
#4655 = EDGE_CURVE ( 'NONE', #3353, #4123, #2098, .T. ) ;
#4656 = DIRECTION ( 'NONE',  ( 0.000000000000000000, -0.9396926207859105373, 0.3420201433256626067 ) ) ;
#4657 = AXIS2_PLACEMENT_3D ( 'NONE', #1355, #3004, #2088 ) ;
#4658 = DIRECTION ( 'NONE',  ( -1.000000000000000000, 0.000000000000000000, 0.000000000000000000 ) ) ;
#4659 = CARTESIAN_POINT ( 'NONE',  ( 24.22960584136115969, -97.28932498801881934, 50.50499999999995282 ) ) ;
#4660 = VERTEX_POINT ( 'NONE', #2989 ) ;
#4661 = VECTOR ( 'NONE', #2140, 1000.000000000000000 ) ;
#4662 = DIRECTION ( 'NONE',  ( 1.232923579230140113E-16, 0.000000000000000000, 1.000000000000000000 ) ) ;
#4663 = FACE_OUTER_BOUND ( 'NONE', #657, .T. ) ;
#4664 = LINE ( 'NONE', #113, #1782 ) ;
#4665 = CARTESIAN_POINT ( 'NONE',  ( 26.64000000000003254, 6.049999999999999822, 50.50499999999995282 ) ) ;
#4666 = EDGE_LOOP ( 'NONE', ( #1217, #4411, #4525, #3070 ) ) ;
#4667 = EDGE_LOOP ( 'NONE', ( #4022, #3134, #2939, #4292 ) ) ;
#4668 = VECTOR ( 'NONE', #1835, 1000.000000000000114 ) ;
#4669 = DIRECTION ( 'NONE',  ( -0.000000000000000000, 1.000000000000000000, -0.000000000000000000 ) ) ;
#4670 = CARTESIAN_POINT ( 'NONE',  ( -6.999999999999988454, 7.649999999999999467, -85.55499999999999261 ) ) ;
#4671 = ORIENTED_EDGE ( 'NONE', *, *, #3945, .F. ) ;
#4672 = EDGE_LOOP ( 'NONE', ( #3039, #956, #1916, #4287, #3367, #3599, #4191, #4490 ) ) ;
#4673 = EDGE_CURVE ( 'NONE', #2822, #5288, #2872, .T. ) ;
#4674 = DIRECTION ( 'NONE',  ( 1.000000000000000000, 0.000000000000000000, 0.000000000000000000 ) ) ;
#4675 = EDGE_CURVE ( 'NONE', #2365, #992, #927, .T. ) ;
#4676 = DIRECTION ( 'NONE',  ( -1.000000000000000000, 0.000000000000000000, 1.234385775125811480E-16 ) ) ;
#4677 = DIRECTION ( 'NONE',  ( -1.000000000000000000, 0.000000000000000000, -0.000000000000000000 ) ) ;
#4678 = LINE ( 'NONE', #4704, #4049 ) ;
#4679 = VERTEX_POINT ( 'NONE', #3331 ) ;
#4680 = CARTESIAN_POINT ( 'NONE',  ( 26.63999999999995083, 1.049999999999999822, -59.68000000000002103 ) ) ;
#4681 = CARTESIAN_POINT ( 'NONE',  ( 31.08999999999998920, 7.000000000000006217, -57.55499999999999261 ) ) ;
#4682 = DIRECTION ( 'NONE',  ( -0.000000000000000000, 1.000000000000000000, -0.000000000000000000 ) ) ;
#4683 = EDGE_LOOP ( 'NONE', ( #3288, #706, #1534, #2991 ) ) ;
#4684 = ADVANCED_FACE ( 'NONE', ( #4206 ), #2955, .T. ) ;
#4685 = DIRECTION ( 'NONE',  ( 0.000000000000000000, 0.000000000000000000, 1.000000000000000000 ) ) ;
#4686 = DIRECTION ( 'NONE',  ( -0.7071067811865475727, 0.7071067811865475727, -3.501919158794374480E-17 ) ) ;
#4687 = CARTESIAN_POINT ( 'NONE',  ( 31.43999999999998707, 119.8157865726246172, -57.55499999999999261 ) ) ;
#4688 = DIRECTION ( 'NONE',  ( -0.000000000000000000, -0.000000000000000000, -1.000000000000000000 ) ) ;
#4689 = CIRCLE ( 'NONE', #3133, 2.125000000000001776 ) ;
#4690 = ORIENTED_EDGE ( 'NONE', *, *, #535, .F. ) ;
#4691 = VERTEX_POINT ( 'NONE', #495 ) ;
#4692 = VECTOR ( 'NONE', #1558, 1000.000000000000000 ) ;
#4693 = CONICAL_SURFACE ( 'NONE', #2612, 2.125000000000001776, 0.7853981633974548293 ) ;
#4694 = VECTOR ( 'NONE', #2463, 1000.000000000000000 ) ;
#4695 = CARTESIAN_POINT ( 'NONE',  ( 2.254748570678834163, 9.274437471375676978, 65.95499999999999829 ) ) ;
#4696 = DIRECTION ( 'NONE',  ( -1.000000000000000000, -1.182247010237517153E-10, 0.000000000000000000 ) ) ;
#4697 = AXIS2_PLACEMENT_3D ( 'NONE', #3492, #3058, #1354 ) ;
#4698 = ORIENTED_EDGE ( 'NONE', *, *, #105, .T. ) ;
#4699 = VERTEX_POINT ( 'NONE', #2156 ) ;
#4700 = VECTOR ( 'NONE', #866, 999.9999999999998863 ) ;
#4701 = VERTEX_POINT ( 'NONE', #2043 ) ;
#4702 = CARTESIAN_POINT ( 'NONE',  ( 30.43999999999998707, 2.000000000000001776, 44.14460584136111265 ) ) ;
#4703 = DIRECTION ( 'NONE',  ( 1.000000000000000000, 0.000000000000000000, -0.000000000000000000 ) ) ;
#4704 = CARTESIAN_POINT ( 'NONE',  ( 33.43999999999998352, 6.999999999999992006, 75.05500000000004945 ) ) ;
#4705 = VERTEX_POINT ( 'NONE', #3688 ) ;
#4706 = VERTEX_POINT ( 'NONE', #822 ) ;
#4707 = VECTOR ( 'NONE', #2570, 1000.000000000000000 ) ;
#4708 = AXIS2_PLACEMENT_3D ( 'NONE', #4435, #3284, #1459 ) ;
#4709 = EDGE_CURVE ( 'NONE', #2532, #3277, #4939, .T. ) ;
#4710 = CARTESIAN_POINT ( 'NONE',  ( 26.63999999999996504, 5.549999999999965183, 48.67999999999999261 ) ) ;
#4711 = FACE_OUTER_BOUND ( 'NONE', #115, .T. ) ;
#4712 = CARTESIAN_POINT ( 'NONE',  ( -24.22960584136115969, 2.000000000000001776, 50.35499999999995424 ) ) ;
#4713 = AXIS2_PLACEMENT_3D ( 'NONE', #4608, #2573, #4638 ) ;
#4714 = ORIENTED_EDGE ( 'NONE', *, *, #2413, .T. ) ;
#4715 = CARTESIAN_POINT ( 'NONE',  ( -11.57500000000001705, 7.649999999999999467, -66.55499999999999261 ) ) ;
#4716 = CARTESIAN_POINT ( 'NONE',  ( -2.255251798232997817, 9.274437486377925310, 51.00499999999995993 ) ) ;
#4717 = DIRECTION ( 'NONE',  ( -0.000000000000000000, -1.000000000000000000, -0.000000000000000000 ) ) ;
#4718 = DIRECTION ( 'NONE',  ( 0.000000000000000000, 1.000000000000000000, 0.000000000000000000 ) ) ;
#4719 = VERTEX_POINT ( 'NONE', #2208 ) ;
#4720 = ORIENTED_EDGE ( 'NONE', *, *, #5081, .F. ) ;
#4721 = VERTEX_POINT ( 'NONE', #1391 ) ;
#4722 = PLANE ( 'NONE',  #2107 ) ;
#4723 = LINE ( 'NONE', #955, #1969 ) ;
#4724 = FACE_OUTER_BOUND ( 'NONE', #3017, .T. ) ;
#4725 = EDGE_CURVE ( 'NONE', #803, #743, #2182, .T. ) ;
#4726 = VERTEX_POINT ( 'NONE', #577 ) ;
#4727 = EDGE_LOOP ( 'NONE', ( #2829, #1098, #4974, #5279 ) ) ;
#4728 = DIRECTION ( 'NONE',  ( 1.239088197126290570E-16, 0.000000000000000000, 1.000000000000000000 ) ) ;
#4729 = CYLINDRICAL_SURFACE ( 'NONE', #22, 2.125000000000001776 ) ;
#4730 = CARTESIAN_POINT ( 'NONE',  ( -6.000000000000001776, -22.18677324489565095, -85.55499999999999261 ) ) ;
#4731 = VERTEX_POINT ( 'NONE', #5137 ) ;
#4732 = DIRECTION ( 'NONE',  ( -0.000000000000000000, 1.000000000000000000, -0.000000000000000000 ) ) ;
#4733 = AXIS2_PLACEMENT_3D ( 'NONE', #2308, #1908, #1367 ) ;
#4734 = PLANE ( 'NONE',  #1891 ) ;
#4735 = DIRECTION ( 'NONE',  ( 0.000000000000000000, 0.000000000000000000, 1.000000000000000000 ) ) ;
#4736 = ORIENTED_EDGE ( 'NONE', *, *, #529, .T. ) ;
#4737 = ADVANCED_FACE ( 'NONE', ( #3903 ), #4170, .F. ) ;
#4738 = CARTESIAN_POINT ( 'NONE',  ( 12.43999999999999595, 7.000000000000000000, -61.20500000000000540 ) ) ;
#4739 = DIRECTION ( 'NONE',  ( 0.000000000000000000, 0.000000000000000000, 1.000000000000000000 ) ) ;
#4740 = LINE ( 'NONE', #4281, #970 ) ;
#4741 = EDGE_LOOP ( 'NONE', ( #699, #1306, #225, #2416, #2101, #705, #4753, #668 ) ) ;
#4742 = ORIENTED_EDGE ( 'NONE', *, *, #4230, .T. ) ;
#4743 = ORIENTED_EDGE ( 'NONE', *, *, #3087, .T. ) ;
#4744 = DIRECTION ( 'NONE',  ( 0.000000000000000000, -0.000000000000000000, 1.000000000000000000 ) ) ;
#4745 = DIRECTION ( 'NONE',  ( 0.000000000000000000, 1.000000000000000000, 0.000000000000000000 ) ) ;
#4746 = VERTEX_POINT ( 'NONE', #551 ) ;
#4747 = ORIENTED_EDGE ( 'NONE', *, *, #1991, .F. ) ;
#4748 = EDGE_CURVE ( 'NONE', #3864, #3756, #5163, .T. ) ;
#4749 = CARTESIAN_POINT ( 'NONE',  ( 26.63999999999995083, 1.049999999999999822, -55.43000000000001393 ) ) ;
#4750 = AXIS2_PLACEMENT_3D ( 'NONE', #531, #643, #2296 ) ;
#4751 = CARTESIAN_POINT ( 'NONE',  ( 22.43999999999999773, 2.000000000000000000, -62.55499999999999972 ) ) ;
#4752 = CARTESIAN_POINT ( 'NONE',  ( -6.000000000000001776, 2.000000000000001776, -85.55499999999999261 ) ) ;
#4753 = ORIENTED_EDGE ( 'NONE', *, *, #5093, .T. ) ;
#4754 = ADVANCED_FACE ( 'NONE', ( #3854 ), #3936, .T. ) ;
#4755 = CARTESIAN_POINT ( 'NONE',  ( -18.07499999999997797, 7.649999999999999467, -72.42999999999994998 ) ) ;
#4756 = CARTESIAN_POINT ( 'NONE',  ( -26.64000000000005031, 6.049999999999999822, -57.55499999999999261 ) ) ;
#4757 = VECTOR ( 'NONE', #749, 1000.000000000000000 ) ;
#4758 = ADVANCED_FACE ( 'NONE', ( #147 ), #5136, .F. ) ;
#4759 = EDGE_LOOP ( 'NONE', ( #116, #601, #1116, #4923, #1802, #2993, #3261, #3747, #1978, #1755, #3830, #1058, #3799, #2433, #5, #3181, #5000, #5324, #3274, #2707, #80, #1831, #2063, #4601 ) ) ;
#4760 = DIRECTION ( 'NONE',  ( -0.000000000000000000, 1.000000000000000000, -0.000000000000000000 ) ) ;
#4761 = EDGE_CURVE ( 'NONE', #2173, #3282, #1419, .T. ) ;
#4762 = DIRECTION ( 'NONE',  ( -0.000000000000000000, -1.000000000000000000, -0.000000000000000000 ) ) ;
#4763 = DIRECTION ( 'NONE',  ( 0.000000000000000000, -0.000000000000000000, 1.000000000000000000 ) ) ;
#4764 = CARTESIAN_POINT ( 'NONE',  ( 35.43999999999999062, 15.00000000000000000, -83.05499999999999261 ) ) ;
#4765 = VERTEX_POINT ( 'NONE', #226 ) ;
#4766 = EDGE_LOOP ( 'NONE', ( #592, #2467, #782, #1369 ) ) ;
#4767 = ORIENTED_EDGE ( 'NONE', *, *, #981, .F. ) ;
#4768 = EDGE_CURVE ( 'NONE', #3692, #2604, #4341, .T. ) ;
#4769 = EDGE_CURVE ( 'NONE', #415, #2681, #3073, .T. ) ;
#4770 = DIRECTION ( 'NONE',  ( 0.000000000000000000, 1.000000000000000000, 0.000000000000000000 ) ) ;
#4771 = DIRECTION ( 'NONE',  ( -1.000000000000000000, 0.000000000000000000, 0.000000000000000000 ) ) ;
#4772 = LINE ( 'NONE', #2335, #2682 ) ;
#4773 = ADVANCED_FACE ( 'NONE', ( #2284 ), #4722, .T. ) ;
#4774 = FACE_OUTER_BOUND ( 'NONE', #4683, .T. ) ;
#4775 = ORIENTED_EDGE ( 'NONE', *, *, #431, .F. ) ;
#4776 = VECTOR ( 'NONE', #2631, 1000.000000000000000 ) ;
#4777 = VECTOR ( 'NONE', #1140, 1000.000000000000000 ) ;
#4778 = LINE ( 'NONE', #208, #2879 ) ;
#4779 = EDGE_CURVE ( 'NONE', #224, #3719, #1880, .T. ) ;
#4780 = CARTESIAN_POINT ( 'NONE',  ( 33.43999999999998352, -62.43188131373440797, 80.70578397184704045 ) ) ;
#4781 = VECTOR ( 'NONE', #1210, 1000.000000000000000 ) ;
#4782 = AXIS2_PLACEMENT_3D ( 'NONE', #848, #1307, #871 ) ;
#4783 = DIRECTION ( 'NONE',  ( -0.000000000000000000, 1.000000000000000000, -0.000000000000000000 ) ) ;
#4784 = AXIS2_PLACEMENT_3D ( 'NONE', #5007, #5298, #48 ) ;
#4785 = VERTEX_POINT ( 'NONE', #2255 ) ;
#4786 = ORIENTED_EDGE ( 'NONE', *, *, #4500, .T. ) ;
#4787 = DIRECTION ( 'NONE',  ( -1.234385775125811727E-16, 0.000000000000000000, -1.000000000000000000 ) ) ;
#4788 = DIRECTION ( 'NONE',  ( -0.000000000000000000, 0.000000000000000000, 1.000000000000000000 ) ) ;
#4789 = AXIS2_PLACEMENT_3D ( 'NONE', #945, #1406, #160 ) ;
#4790 = ORIENTED_EDGE ( 'NONE', *, *, #1565, .T. ) ;
#4791 = VECTOR ( 'NONE', #988, 1000.000000000000000 ) ;
#4792 = ADVANCED_FACE ( 'NONE', ( #982 ), #3014, .T. ) ;
#4793 = FACE_OUTER_BOUND ( 'NONE', #20, .T. ) ;
#4794 = DIRECTION ( 'NONE',  ( 0.000000000000000000, 0.000000000000000000, -1.000000000000000000 ) ) ;
#4795 = DIRECTION ( 'NONE',  ( 0.000000000000000000, 0.000000000000000000, -1.000000000000000000 ) ) ;
#4796 = CARTESIAN_POINT ( 'NONE',  ( -28.14000000000005386, 2.000000000000000000, -50.38499999999999091 ) ) ;
#4797 = VECTOR ( 'NONE', #2377, 1000.000000000000000 ) ;
#4798 = EDGE_LOOP ( 'NONE', ( #3111, #3726, #3168, #2161 ) ) ;
#4799 = AXIS2_PLACEMENT_3D ( 'NONE', #3765, #2151, #1799 ) ;
#4800 = AXIS2_PLACEMENT_3D ( 'NONE', #3522, #5156, #2600 ) ;
#4801 = UNCERTAINTY_MEASURE_WITH_UNIT (LENGTH_MEASURE( 1.000000000000000082E-05 ), #937, 'distance_accuracy_value', 'NONE');
#4802 = DIRECTION ( 'NONE',  ( -0.000000000000000000, 1.000000000000000000, -0.000000000000000000 ) ) ;
#4803 = LINE ( 'NONE', #1610, #4193 ) ;
#4804 = LINE ( 'NONE', #2007, #2940 ) ;
#4805 = PLANE ( 'NONE',  #362 ) ;
#4806 = ORIENTED_EDGE ( 'NONE', *, *, #2447, .T. ) ;
#4807 = EDGE_CURVE ( 'NONE', #3943, #1511, #5107, .T. ) ;
#4808 = DIRECTION ( 'NONE',  ( 0.000000000000000000, 0.000000000000000000, 1.000000000000000000 ) ) ;
#4809 = DIRECTION ( 'NONE',  ( 1.239088197126290570E-16, 0.000000000000000000, 1.000000000000000000 ) ) ;
#4810 = ORIENTED_EDGE ( 'NONE', *, *, #683, .F. ) ;
#4811 = CARTESIAN_POINT ( 'NONE',  ( -26.64000000000003610, 5.549999999999965183, 46.55499999999999972 ) ) ;
#4812 = ORIENTED_EDGE ( 'NONE', *, *, #5337, .F. ) ;
#4813 = EDGE_CURVE ( 'NONE', #1866, #1921, #3738, .T. ) ;
#4814 = EDGE_CURVE ( 'NONE', #61, #992, #170, .T. ) ;
#4815 = DIRECTION ( 'NONE',  ( -0.000000000000000000, 1.000000000000000000, -0.000000000000000000 ) ) ;
#4816 = CARTESIAN_POINT ( 'NONE',  ( -24.22960584136115969, 2.000000000000001776, 50.50499999999995282 ) ) ;
#4817 = ORIENTED_EDGE ( 'NONE', *, *, #3992, .T. ) ;
#4818 = ADVANCED_FACE ( 'NONE', ( #4231 ), #3447, .T. ) ;
#4819 = EDGE_CURVE ( 'NONE', #4085, #4096, #520, .T. ) ;
#4820 = AXIS2_PLACEMENT_3D ( 'NONE', #3507, #4745, #552 ) ;
#4821 = DIRECTION ( 'NONE',  ( 1.000000000000000000, 0.000000000000000000, 4.625929269271459921E-14 ) ) ;
#4822 = CARTESIAN_POINT ( 'NONE',  ( -6.000000000000001776, 6.650000000000027001, -83.55499999999999261 ) ) ;
#4823 = LINE ( 'NONE', #732, #3216 ) ;
#4824 = DIRECTION ( 'NONE',  ( -1.000000000000000000, 0.000000000000000000, 0.000000000000000000 ) ) ;
#4825 = ORIENTED_EDGE ( 'NONE', *, *, #3843, .F. ) ;
#4826 = VERTEX_POINT ( 'NONE', #2361 ) ;
#4827 = DIRECTION ( 'NONE',  ( 1.000000000000000000, 0.000000000000000000, 0.000000000000000000 ) ) ;
#4828 = DIRECTION ( 'NONE',  ( 0.000000000000000000, 0.000000000000000000, -1.000000000000000000 ) ) ;
#4829 = LINE ( 'NONE', #1882, #5203 ) ;
#4830 = FACE_OUTER_BOUND ( 'NONE', #620, .T. ) ;
#4831 = VERTEX_POINT ( 'NONE', #1094 ) ;
#4832 = DIRECTION ( 'NONE',  ( 0.000000000000000000, 0.000000000000000000, 1.000000000000000000 ) ) ;
#4833 = DIRECTION ( 'NONE',  ( 0.000000000000000000, 0.000000000000000000, -1.000000000000000000 ) ) ;
#4834 = ADVANCED_FACE ( 'NONE', ( #759 ), #3487, .F. ) ;
#4835 = VECTOR ( 'NONE', #5362, 1000.000000000000000 ) ;
#4836 = VERTEX_POINT ( 'NONE', #1957 ) ;
#4837 = DIRECTION ( 'NONE',  ( 0.000000000000000000, 0.000000000000000000, -1.000000000000000000 ) ) ;
#4838 = ORIENTED_EDGE ( 'NONE', *, *, #1100, .F. ) ;
#4839 = EDGE_CURVE ( 'NONE', #5188, #629, #4010, .T. ) ;
#4840 = VECTOR ( 'NONE', #770, 1000.000000000000000 ) ;
#4841 = ADVANCED_FACE ( 'NONE', ( #4465 ), #5259, .F. ) ;
#4842 = DIRECTION ( 'NONE',  ( -1.514893490246249550E-16, 1.000000000000000000, -0.000000000000000000 ) ) ;
#4843 = CARTESIAN_POINT ( 'NONE',  ( 22.43999999999999773, 7.000000000000000000, -61.70500000000000540 ) ) ;
#4844 = ORIENTED_EDGE ( 'NONE', *, *, #2596, .F. ) ;
#4845 = CARTESIAN_POINT ( 'NONE',  ( -26.64000000000005031, 6.049999999999999822, -57.55499999999999261 ) ) ;
#4846 = DIRECTION ( 'NONE',  ( -0.000000000000000000, -1.000000000000000000, -0.000000000000000000 ) ) ;
#4847 = CARTESIAN_POINT ( 'NONE',  ( 26.64000000000003254, 6.499999999999977796, 50.50499999999995282 ) ) ;
#4848 = FACE_OUTER_BOUND ( 'NONE', #1762, .T. ) ;
#4849 = ORIENTED_EDGE ( 'NONE', *, *, #2336, .F. ) ;
#4850 = EDGE_LOOP ( 'NONE', ( #2625, #1024, #4065, #1118 ) ) ;
#4851 = EDGE_CURVE ( 'NONE', #724, #2952, #4362, .T. ) ;
#4852 = SURFACE_SIDE_STYLE ('',( #4056 ) ) ;
#4853 = CARTESIAN_POINT ( 'NONE',  ( 26.63999999999996504, 6.049999999999999822, 46.55499999999999261 ) ) ;
#4854 = LINE ( 'NONE', #3657, #777 ) ;
#4855 = DIRECTION ( 'NONE',  ( 0.000000000000000000, 0.000000000000000000, 1.000000000000000000 ) ) ;
#4856 = EDGE_LOOP ( 'NONE', ( #876, #3750, #2591, #1826 ) ) ;
#4857 = PRODUCT_DEFINITION_SHAPE ( 'NONE', 'NONE',  #2078 ) ;
#4858 = FACE_OUTER_BOUND ( 'NONE', #1274, .T. ) ;
#4859 = EDGE_CURVE ( 'NONE', #1866, #850, #2403, .T. ) ;
#4860 = PLANE ( 'NONE',  #1804 ) ;
#4861 = ORIENTED_EDGE ( 'NONE', *, *, #74, .T. ) ;
#4862 = DIRECTION ( 'NONE',  ( -0.000000000000000000, -1.000000000000000000, -0.000000000000000000 ) ) ;
#4863 = VECTOR ( 'NONE', #1523, 1000.000000000000000 ) ;
#4864 = MANIFOLD_SOLID_BREP ( 'Schnitt-Linear austragen15', #1614 ) ;
#4865 = VERTEX_POINT ( 'NONE', #2711 ) ;
#4866 = AXIS2_PLACEMENT_3D ( 'NONE', #4383, #5254, #3241 ) ;
#4867 = CIRCLE ( 'NONE', #5294, 2.125000000000001776 ) ;
#4868 = AXIS2_PLACEMENT_3D ( 'NONE', #4059, #3172, #1637 ) ;
#4869 = VECTOR ( 'NONE', #4669, 1000.000000000000000 ) ;
#4870 = VECTOR ( 'NONE', #4717, 1000.000000000000000 ) ;
#4871 = LINE ( 'NONE', #1970, #5053 ) ;
#4872 = AXIS2_PLACEMENT_3D ( 'NONE', #1680, #4590, #4506 ) ;
#4873 = DIRECTION ( 'NONE',  ( 0.000000000000000000, 0.000000000000000000, 1.000000000000000000 ) ) ;
#4874 = VECTOR ( 'NONE', #3710, 1000.000000000000114 ) ;
#4875 = VERTEX_POINT ( 'NONE', #1981 ) ;
#4876 = EDGE_CURVE ( 'NONE', #2770, #1752, #1609, .T. ) ;
#4877 = PLANE ( 'NONE',  #4866 ) ;
#4878 = DIRECTION ( 'NONE',  ( -1.000000000000000000, 0.000000000000000000, 0.000000000000000000 ) ) ;
#4879 = CARTESIAN_POINT ( 'NONE',  ( 13.57499999999998153, 7.649999999999999467, -85.55499999999999261 ) ) ;
#4880 = ORIENTED_EDGE ( 'NONE', *, *, #653, .T. ) ;
#4881 = VERTEX_POINT ( 'NONE', #4883 ) ;
#4882 = VECTOR ( 'NONE', #3785, 999.9999999999998863 ) ;
#4883 = CARTESIAN_POINT ( 'NONE',  ( 33.43999999999999062, 0.000000000000000000, -83.05499999999999261 ) ) ;
#4884 = AXIS2_PLACEMENT_3D ( 'NONE', #4845, #5207, #2349 ) ;
#4885 = DIRECTION ( 'NONE',  ( 0.000000000000000000, -0.9396926207859105373, 0.3420201433256626067 ) ) ;
#4886 = DIRECTION ( 'NONE',  ( 0.7071067811865549002, 0.7071067811865401342, 0.000000000000000000 ) ) ;
#4887 = DIRECTION ( 'NONE',  ( -1.000000000000000000, 0.000000000000000000, 2.575684448369424473E-16 ) ) ;
#4888 = ORIENTED_EDGE ( 'NONE', *, *, #4990, .T. ) ;
#4889 = CARTESIAN_POINT ( 'NONE',  ( 18.11499999999999488, 7.000000000000000000, -62.55499999999999972 ) ) ;
#4890 = EDGE_CURVE ( 'NONE', #4699, #2115, #5235, .T. ) ;
#4891 = DIRECTION ( 'NONE',  ( -1.000000000000000000, 0.000000000000000000, -0.000000000000000000 ) ) ;
#4892 = ORIENTED_EDGE ( 'NONE', *, *, #2143, .T. ) ;
#4893 = ORIENTED_EDGE ( 'NONE', *, *, #3481, .T. ) ;
#4894 = CARTESIAN_POINT ( 'NONE',  ( -26.64000000000003610, 1.049999999999999822, 48.67999999999999972 ) ) ;
#4895 = ORIENTED_EDGE ( 'NONE', *, *, #2350, .T. ) ;
#4896 = LINE ( 'NONE', #855, #3742 ) ;
#4897 = LINE ( 'NONE', #1188, #4394 ) ;
#4898 = EDGE_LOOP ( 'NONE', ( #3381, #4775, #5348, #5167 ) ) ;
#4899 = ORIENTED_EDGE ( 'NONE', *, *, #3576, .F. ) ;
#4900 = CARTESIAN_POINT ( 'NONE',  ( 33.43999999999999062, 15.00000000000000000, -83.05499999999999261 ) ) ;
#4901 = LINE ( 'NONE', #5276, #5017 ) ;
#4902 = PLANE ( 'NONE',  #447 ) ;
#4903 = ORIENTED_EDGE ( 'NONE', *, *, #583, .F. ) ;
#4904 = EDGE_CURVE ( 'NONE', #3732, #5113, #1061, .T. ) ;
#4905 = EDGE_CURVE ( 'NONE', #796, #3692, #250, .T. ) ;
#4906 = DIRECTION ( 'NONE',  ( -0.000000000000000000, -1.000000000000000000, -0.000000000000000000 ) ) ;
#4907 = LINE ( 'NONE', #5311, #751 ) ;
#4908 = DIRECTION ( 'NONE',  ( -0.000000000000000000, -1.000000000000000000, -0.000000000000000000 ) ) ;
#4909 = DIRECTION ( 'NONE',  ( -0.000000000000000000, -1.000000000000000000, -0.000000000000000000 ) ) ;
#4910 = EDGE_LOOP ( 'NONE', ( #2828, #4786 ) ) ;
#4911 = DIRECTION ( 'NONE',  ( -0.000000000000000000, -1.000000000000000000, -0.000000000000000000 ) ) ;
#4912 = DIRECTION ( 'NONE',  ( -1.000000000000000000, 0.000000000000000000, -0.000000000000000000 ) ) ;
#4913 = VECTOR ( 'NONE', #239, 1000.000000000000000 ) ;
#4914 = EDGE_LOOP ( 'NONE', ( #2913, #145, #4810, #2639 ) ) ;
#4915 = ORIENTED_EDGE ( 'NONE', *, *, #1538, .F. ) ;
#4916 = CARTESIAN_POINT ( 'NONE',  ( -13.57500000000001705, 7.649999999999999467, -64.55499999999999261 ) ) ;
#4917 = EDGE_LOOP ( 'NONE', ( #4924, #1724, #1424, #3225 ) ) ;
#4918 = AXIS2_PLACEMENT_3D ( 'NONE', #422, #2971, #2113 ) ;
#4919 = EDGE_CURVE ( 'NONE', #1038, #3191, #1499, .T. ) ;
#4920 = CARTESIAN_POINT ( 'NONE',  ( -30.58999999999998920, 2.000000000000001776, -55.14460584136107002 ) ) ;
#4921 = CARTESIAN_POINT ( 'NONE',  ( -33.43999999999999773, 0.000000000000000000, -83.05499999999999261 ) ) ;
#4922 = EDGE_CURVE ( 'NONE', #430, #1256, #1584, .T. ) ;
#4923 = ORIENTED_EDGE ( 'NONE', *, *, #994, .T. ) ;
#4924 = ORIENTED_EDGE ( 'NONE', *, *, #3516, .T. ) ;
#4925 = CARTESIAN_POINT ( 'NONE',  ( 16.76499999999999702, 7.000000000000000000, -69.55500000000000682 ) ) ;
#4926 = DIRECTION ( 'NONE',  ( 0.000000000000000000, 0.000000000000000000, 1.000000000000000000 ) ) ;
#4927 = EDGE_CURVE ( 'NONE', #1973, #4719, #3169, .T. ) ;
#4928 = CARTESIAN_POINT ( 'NONE',  ( 11.57499999999998508, 7.649999999999999467, -66.55499999999999261 ) ) ;
#4929 = ORIENTED_EDGE ( 'NONE', *, *, #900, .T. ) ;
#4930 = DIRECTION ( 'NONE',  ( -0.000000000000000000, -1.000000000000000000, -0.000000000000000000 ) ) ;
#4931 = PLANE ( 'NONE',  #2721 ) ;
#4932 = CARTESIAN_POINT ( 'NONE',  ( -26.93999999999999062, 182.0796411894638993, -83.05499999999999261 ) ) ;
#4933 = DIRECTION ( 'NONE',  ( -0.7071067811865526798, -0.7071067811865423547, 0.000000000000000000 ) ) ;
#4934 = VERTEX_POINT ( 'NONE', #489 ) ;
#4935 = VERTEX_POINT ( 'NONE', #1252 ) ;
#4936 = VECTOR ( 'NONE', #650, 1000.000000000000114 ) ;
#4937 = EDGE_CURVE ( 'NONE', #2116, #1598, #2863, .T. ) ;
#4938 = ADVANCED_FACE ( 'NONE', ( #784 ), #2836, .F. ) ;
#4939 = LINE ( 'NONE', #1229, #5048 ) ;
#4940 = EDGE_CURVE ( 'NONE', #224, #3837, #3298, .T. ) ;
#4941 = DIRECTION ( 'NONE',  ( -1.000000000000000000, 0.000000000000000000, -4.625929269271459921E-14 ) ) ;
#4942 = ORIENTED_EDGE ( 'NONE', *, *, #4673, .F. ) ;
#4943 = ORIENTED_EDGE ( 'NONE', *, *, #3483, .F. ) ;
#4944 = CARTESIAN_POINT ( 'NONE',  ( -6.257675643127569742, 6.499999999999977796, 50.50499999999995282 ) ) ;
#4945 = ORIENTED_EDGE ( 'NONE', *, *, #4240, .T. ) ;
#4946 = EDGE_CURVE ( 'NONE', #2228, #1573, #4087, .T. ) ;
#4947 = CARTESIAN_POINT ( 'NONE',  ( 0.000000000000000000, 7.649999999999999467, 0.000000000000000000 ) ) ;
#4948 = PLANE ( 'NONE',  #1943 ) ;
#4949 = LINE ( 'NONE', #4980, #4084 ) ;
#4950 = CARTESIAN_POINT ( 'NONE',  ( 18.07499999999997797, 7.150000000000006573, -72.92999999999994998 ) ) ;
#4951 = VERTEX_POINT ( 'NONE', #4549 ) ;
#4952 = ORIENTED_EDGE ( 'NONE', *, *, #4940, .F. ) ;
#4953 = ORIENTED_EDGE ( 'NONE', *, *, #1432, .T. ) ;
#4954 = AXIS2_PLACEMENT_3D ( 'NONE', #2380, #1142, #1976 ) ;
#4955 = COLOUR_RGB ( '',0.7921568627450980005, 0.8196078431372548767, 0.9333333333333333481 ) ;
#4956 = CIRCLE ( 'NONE', #3047, 4.369999999999978790 ) ;
#4957 = EDGE_CURVE ( 'NONE', #2681, #5187, #433, .T. ) ;
#4958 = LINE ( 'NONE', #1247, #2267 ) ;
#4959 = CARTESIAN_POINT ( 'NONE',  ( -18.07499999999997797, -12.21267040355189515, -70.55499999999994998 ) ) ;
#4960 = CARTESIAN_POINT ( 'NONE',  ( -30.58999999999998920, 6.049999999999999822, -57.55499999999999261 ) ) ;
#4961 = VECTOR ( 'NONE', #622, 1000.000000000000000 ) ;
#4962 = EDGE_LOOP ( 'NONE', ( #788, #66, #4139, #2057 ) ) ;
#4963 = EDGE_CURVE ( 'NONE', #175, #3273, #2091, .T. ) ;
#4964 = CARTESIAN_POINT ( 'NONE',  ( -26.64000000000003610, 6.499999999999977796, 46.55499999999999972 ) ) ;
#4965 = CARTESIAN_POINT ( 'NONE',  ( 26.93999999999997996, 15.00000000000000000, 57.05499999999999261 ) ) ;
#4966 = DIRECTION ( 'NONE',  ( -0.000000000000000000, 0.000000000000000000, 1.000000000000000000 ) ) ;
#4967 = DIRECTION ( 'NONE',  ( 1.000000000000000000, 0.000000000000000000, 0.000000000000000000 ) ) ;
#4968 = ORIENTED_EDGE ( 'NONE', *, *, #3477, .T. ) ;
#4969 = ORIENTED_EDGE ( 'NONE', *, *, #2934, .F. ) ;
#4970 = AXIS2_PLACEMENT_3D ( 'NONE', #1356, #104, #3408 ) ;
#4971 = LINE ( 'NONE', #4120, #4257 ) ;
#4972 = VECTOR ( 'NONE', #2314, 1000.000000000000000 ) ;
#4973 = LINE ( 'NONE', #2636, #1107 ) ;
#4974 = ORIENTED_EDGE ( 'NONE', *, *, #912, .T. ) ;
#4975 = ORIENTED_EDGE ( 'NONE', *, *, #698, .F. ) ;
#4976 = DIRECTION ( 'NONE',  ( 1.000000000000000000, -0.000000000000000000, 0.000000000000000000 ) ) ;
#4977 = ADVANCED_FACE ( 'NONE', ( #4198 ), #4520, .T. ) ;
#4978 = ORIENTED_EDGE ( 'NONE', *, *, #171, .F. ) ;
#4979 = CARTESIAN_POINT ( 'NONE',  ( 18.11499999999999488, 7.000000000000000000, -69.55500000000000682 ) ) ;
#4980 = CARTESIAN_POINT ( 'NONE',  ( 31.43999999999998352, 182.0796411894638993, -83.05499999999999261 ) ) ;
#4981 = DIRECTION ( 'NONE',  ( -2.135044278125304893E-15, 0.000000000000000000, 1.000000000000000000 ) ) ;
#4982 = ORIENTED_EDGE ( 'NONE', *, *, #512, .F. ) ;
#4983 = VERTEX_POINT ( 'NONE', #2065 ) ;
#4984 = EDGE_CURVE ( 'NONE', #2074, #3525, #377, .T. ) ;
#4985 = ORIENTED_EDGE ( 'NONE', *, *, #5110, .F. ) ;
#4986 = DIRECTION ( 'NONE',  ( 0.000000000000000000, 0.000000000000000000, 1.000000000000000000 ) ) ;
#4987 = LINE ( 'NONE', #3729, #1631 ) ;
#4988 = LINE ( 'NONE', #3266, #555 ) ;
#4989 = EDGE_LOOP ( 'NONE', ( #5316, #3583, #2804, #4241 ) ) ;
#4990 = EDGE_CURVE ( 'NONE', #2514, #2793, #1744, .T. ) ;
#4991 = CARTESIAN_POINT ( 'NONE',  ( -12.43999999999999417, 7.000000000000000000, -62.55499999999999972 ) ) ;
#4992 = CARTESIAN_POINT ( 'NONE',  ( 26.93999999999999773, 0.000000000000000000, -51.38499999999997669 ) ) ;
#4993 = CARTESIAN_POINT ( 'NONE',  ( -26.64000000000003610, 6.049999999999999822, 46.55499999999999972 ) ) ;
#4994 = CARTESIAN_POINT ( 'NONE',  ( 11.57499999999998508, -12.21267040355189515, -79.55499999999996419 ) ) ;
#4995 = ORIENTED_EDGE ( 'NONE', *, *, #569, .T. ) ;
#4996 = EDGE_LOOP ( 'NONE', ( #5011, #4441, #4747, #1809 ) ) ;
#4997 = CARTESIAN_POINT ( 'NONE',  ( 33.43999999999999062, 15.00000000000000000, -83.05499999999999261 ) ) ;
#4998 = DIRECTION ( 'NONE',  ( -0.000000000000000000, 1.000000000000000000, -0.000000000000000000 ) ) ;
#4999 = CIRCLE ( 'NONE', #1624, 2.625000000000043965 ) ;
#5000 = ORIENTED_EDGE ( 'NONE', *, *, #4813, .F. ) ;
#5001 = ORIENTED_EDGE ( 'NONE', *, *, #2563, .F. ) ;
#5002 = LINE ( 'NONE', #68, #1582 ) ;
#5003 = EDGE_LOOP ( 'NONE', ( #4592, #2741, #3875, #2849, #692, #2085, #1394, #5194 ) ) ;
#5004 = EDGE_CURVE ( 'NONE', #1395, #1069, #1850, .T. ) ;
#5005 = LINE ( 'NONE', #4154, #641 ) ;
#5006 = APPLICATION_PROTOCOL_DEFINITION ( 'draft international standard', 'automotive_design', 1998, #467 ) ;
#5007 = CARTESIAN_POINT ( 'NONE',  ( 26.63999999999996504, 6.049999999999999822, 46.55499999999999261 ) ) ;
#5008 = CARTESIAN_POINT ( 'NONE',  ( -33.43999999999999062, 15.00000000000000000, -83.05499999999999261 ) ) ;
#5009 = EDGE_LOOP ( 'NONE', ( #3991, #2191, #2915, #1362 ) ) ;
#5010 = EDGE_CURVE ( 'NONE', #4826, #354, #3683, .T. ) ;
#5011 = ORIENTED_EDGE ( 'NONE', *, *, #3945, .T. ) ;
#5012 = EDGE_CURVE ( 'NONE', #4181, #3642, #3268, .T. ) ;
#5013 = EDGE_CURVE ( 'NONE', #1344, #4726, #1223, .T. ) ;
#5014 = ORIENTED_EDGE ( 'NONE', *, *, #4946, .F. ) ;
#5015 = PLANE ( 'NONE',  #1494 ) ;
#5016 = DIRECTION ( 'NONE',  ( 0.000000000000000000, 0.9396926207859105373, -0.3420201433256626067 ) ) ;
#5017 = VECTOR ( 'NONE', #3189, 1000.000000000000000 ) ;
#5018 = CARTESIAN_POINT ( 'NONE',  ( -11.57500000000002238, 5.549999999999998934, -82.55499999999999261 ) ) ;
#5019 = ORIENTED_EDGE ( 'NONE', *, *, #3546, .F. ) ;
#5020 = CARTESIAN_POINT ( 'NONE',  ( -26.64000000000003610, 6.049999999999999822, 46.55499999999999972 ) ) ;
#5021 = FACE_OUTER_BOUND ( 'NONE', #3262, .T. ) ;
#5022 = CARTESIAN_POINT ( 'NONE',  ( 30.58999999999998920, -97.28932498801881934, 44.14460584136111976 ) ) ;
#5023 = DIRECTION ( 'NONE',  ( 1.000000000000000000, -0.000000000000000000, 0.000000000000000000 ) ) ;
#5024 = ORIENTED_EDGE ( 'NONE', *, *, #5114, .T. ) ;
#5025 = ADVANCED_FACE ( 'NONE', ( #3735 ), #4432, .F. ) ;
#5026 = DIRECTION ( 'NONE',  ( 1.000000000000000000, 0.000000000000000000, 0.000000000000000000 ) ) ;
#5027 = DIRECTION ( 'NONE',  ( 0.000000000000000000, 1.000000000000000000, 0.000000000000000000 ) ) ;
#5028 = AXIS2_PLACEMENT_3D ( 'NONE', #4058, #4467, #3602 ) ;
#5029 = ORIENTED_EDGE ( 'NONE', *, *, #4346, .F. ) ;
#5030 = ORIENTED_EDGE ( 'NONE', *, *, #2041, .F. ) ;
#5031 = DIRECTION ( 'NONE',  ( 0.000000000000000000, 1.000000000000000000, 0.000000000000000000 ) ) ;
#5032 = ORIENTED_EDGE ( 'NONE', *, *, #2050, .F. ) ;
#5033 = EDGE_CURVE ( 'NONE', #368, #3943, #2489, .T. ) ;
#5034 = DIRECTION ( 'NONE',  ( 0.000000000000000000, -0.000000000000000000, 1.000000000000000000 ) ) ;
#5035 = PLANE ( 'NONE',  #631 ) ;
#5036 = CARTESIAN_POINT ( 'NONE',  ( -18.11499999999999488, 7.000000000000000000, -69.55500000000000682 ) ) ;
#5037 = ORIENTED_EDGE ( 'NONE', *, *, #3585, .T. ) ;
#5038 = CARTESIAN_POINT ( 'NONE',  ( -5.999999999999999112, 2.000000000000001776, -64.55499999999999261 ) ) ;
#5039 = PLANE ( 'NONE',  #5181 ) ;
#5040 = CARTESIAN_POINT ( 'NONE',  ( -26.64000000000005031, 5.549999999999965183, -57.55499999999999261 ) ) ;
#5041 = VECTOR ( 'NONE', #190, 1000.000000000000000 ) ;
#5042 = EDGE_LOOP ( 'NONE', ( #1481, #4288, #3229, #3550 ) ) ;
#5043 = EDGE_CURVE ( 'NONE', #5358, #34, #1276, .T. ) ;
#5044 = CIRCLE ( 'NONE', #4077, 4.499999999999997335 ) ;
#5045 = DIRECTION ( 'NONE',  ( 0.000000000000000000, 0.000000000000000000, 1.000000000000000000 ) ) ;
#5046 = VECTOR ( 'NONE', #4933, 1000.000000000000000 ) ;
#5047 = LINE ( 'NONE', #2921, #3157 ) ;
#5048 = VECTOR ( 'NONE', #4527, 1000.000000000000000 ) ;
#5049 = PLANE ( 'NONE',  #2290 ) ;
#5050 = VECTOR ( 'NONE', #3548, 1000.000000000000000 ) ;
#5051 = LINE ( 'NONE', #3300, #2355 ) ;
#5052 = ORIENTED_EDGE ( 'NONE', *, *, #5013, .F. ) ;
#5053 = VECTOR ( 'NONE', #5225, 1000.000000000000000 ) ;
#5054 = EDGE_CURVE ( 'NONE', #1562, #1395, #4167, .T. ) ;
#5055 = DIRECTION ( 'NONE',  ( -0.000000000000000000, 1.000000000000000000, -0.000000000000000000 ) ) ;
#5056 = CARTESIAN_POINT ( 'NONE',  ( -35.43999999999999062, 15.00000000000000000, -83.05499999999999261 ) ) ;
#5057 = VERTEX_POINT ( 'NONE', #57 ) ;
#5058 = VERTEX_POINT ( 'NONE', #1716 ) ;
#5059 = VERTEX_POINT ( 'NONE', #3349 ) ;
#5060 = EDGE_CURVE ( 'NONE', #3767, #4831, #206, .T. ) ;
#5061 = VECTOR ( 'NONE', #1615, 1000.000000000000000 ) ;
#5062 = FACE_OUTER_BOUND ( 'NONE', #1057, .T. ) ;
#5063 =( NAMED_UNIT ( * ) SI_UNIT ( $, .STERADIAN. ) SOLID_ANGLE_UNIT ( ) );
#5064 = AXIS2_PLACEMENT_3D ( 'NONE', #2936, #3776, #2080 ) ;
#5065 = CARTESIAN_POINT ( 'NONE',  ( -26.93999999999999062, 15.00000000000000000, -83.05499999999999261 ) ) ;
#5066 = CARTESIAN_POINT ( 'NONE',  ( -30.58999999999998920, 6.049999999999999822, 46.55499999999999972 ) ) ;
#5067 = CIRCLE ( 'NONE', #131, 6.500000000000005329 ) ;
#5068 = ORIENTED_EDGE ( 'NONE', *, *, #4876, .T. ) ;
#5069 = AXIS2_PLACEMENT_3D ( 'NONE', #3269, #4200, #1635 ) ;
#5070 = CARTESIAN_POINT ( 'NONE',  ( 18.11499999999999488, 2.000000000000000000, -69.55500000000000682 ) ) ;
#5071 = DIRECTION ( 'NONE',  ( -0.000000000000000000, 1.000000000000000000, -0.000000000000000000 ) ) ;
#5072 = DIRECTION ( 'NONE',  ( -0.000000000000000000, -1.000000000000000000, -0.000000000000000000 ) ) ;
#5073 = VERTEX_POINT ( 'NONE', #1025 ) ;
#5074 = DIRECTION ( 'NONE',  ( 0.000000000000000000, 1.000000000000000000, 0.000000000000000000 ) ) ;
#5075 = DIRECTION ( 'NONE',  ( 0.000000000000000000, 0.000000000000000000, 1.000000000000000000 ) ) ;
#5076 = CARTESIAN_POINT ( 'NONE',  ( -11.57500000000001883, 7.649999999999999467, -83.55499999999999261 ) ) ;
#5077 = VECTOR ( 'NONE', #1909, 1000.000000000000000 ) ;
#5078 = PLANE ( 'NONE',  #3296 ) ;
#5079 = ORIENTED_EDGE ( 'NONE', *, *, #5212, .T. ) ;
#5080 = EDGE_LOOP ( 'NONE', ( #3330, #2508 ) ) ;
#5081 = EDGE_CURVE ( 'NONE', #2716, #1270, #2674, .T. ) ;
#5082 = EDGE_CURVE ( 'NONE', #1256, #430, #284, .T. ) ;
#5083 = CARTESIAN_POINT ( 'NONE',  ( -22.43999999999999773, 7.000000000000000000, -61.70500000000000540 ) ) ;
#5084 = CARTESIAN_POINT ( 'NONE',  ( -13.57500000000001883, 2.000000000000000000, -85.55499999999999261 ) ) ;
#5085 = ORIENTED_EDGE ( 'NONE', *, *, #3456, .T. ) ;
#5086 = ORIENTED_EDGE ( 'NONE', *, *, #5200, .F. ) ;
#5087 = ORIENTED_EDGE ( 'NONE', *, *, #303, .F. ) ;
#5088 = VECTOR ( 'NONE', #4617, 1000.000000000000000 ) ;
#5089 = PLANE ( 'NONE',  #1779 ) ;
#5090 = DIRECTION ( 'NONE',  ( 0.000000000000000000, 1.000000000000000000, 0.000000000000000000 ) ) ;
#5091 = DIRECTION ( 'NONE',  ( 0.000000000000000000, 1.000000000000000000, 0.000000000000000000 ) ) ;
#5092 = EDGE_CURVE ( 'NONE', #1244, #3568, #140, .T. ) ;
#5093 = EDGE_CURVE ( 'NONE', #4181, #4310, #3089, .T. ) ;
#5094 = VERTEX_POINT ( 'NONE', #2176 ) ;
#5095 = DIRECTION ( 'NONE',  ( 0.000000000000000000, -0.7071067811865573427, -0.7071067811865378028 ) ) ;
#5096 = CYLINDRICAL_SURFACE ( 'NONE', #2598, 4.500000000000017764 ) ;
#5097 = DIRECTION ( 'NONE',  ( -0.000000000000000000, -0.000000000000000000, -1.000000000000000000 ) ) ;
#5098 = ORIENTED_EDGE ( 'NONE', *, *, #4248, .T. ) ;
#5099 = AXIS2_PLACEMENT_3D ( 'NONE', #2938, #1267, #3698 ) ;
#5100 = DIRECTION ( 'NONE',  ( 0.000000000000000000, 0.000000000000000000, 1.000000000000000000 ) ) ;
#5101 = CARTESIAN_POINT ( 'NONE',  ( 26.63999999999995083, 1.049999999999999822, -57.55500000000001393 ) ) ;
#5102 = FACE_OUTER_BOUND ( 'NONE', #4917, .T. ) ;
#5103 = PLANE ( 'NONE',  #3994 ) ;
#5104 = VERTEX_POINT ( 'NONE', #2572 ) ;
#5105 = ORIENTED_EDGE ( 'NONE', *, *, #5212, .F. ) ;
#5106 = VECTOR ( 'NONE', #3538, 1000.000000000000000 ) ;
#5107 = LINE ( 'NONE', #3506, #716 ) ;
#5108 = CARTESIAN_POINT ( 'NONE',  ( -30.58999999999998920, 6.499999999999977796, 46.55499999999999972 ) ) ;
#5109 = ORIENTED_EDGE ( 'NONE', *, *, #1338, .F. ) ;
#5110 = EDGE_CURVE ( 'NONE', #3793, #1844, #4298, .T. ) ;
#5111 = EDGE_CURVE ( 'NONE', #5094, #223, #1773, .T. ) ;
#5112 = ORIENTED_EDGE ( 'NONE', *, *, #1956, .F. ) ;
#5113 = VERTEX_POINT ( 'NONE', #3845 ) ;
#5114 = EDGE_CURVE ( 'NONE', #4831, #2595, #3498, .T. ) ;
#5115 = CARTESIAN_POINT ( 'NONE',  ( 26.64000000000003254, 6.499999999999977796, 50.50499999999995282 ) ) ;
#5116 = DIRECTION ( 'NONE',  ( -0.000000000000000000, 1.000000000000000000, -0.000000000000000000 ) ) ;
#5117 = LINE ( 'NONE', #1400, #4668 ) ;
#5118 = ORIENTED_EDGE ( 'NONE', *, *, #3955, .F. ) ;
#5119 = ORIENTED_EDGE ( 'NONE', *, *, #62, .F. ) ;
#5120 = PLANE ( 'NONE',  #2438 ) ;
#5121 = CARTESIAN_POINT ( 'NONE',  ( 39.69666666666650912, -10.55666666666671638, -61.94166666666654919 ) ) ;
#5122 = LINE ( 'NONE', #3031, #1859 ) ;
#5123 = ORIENTED_EDGE ( 'NONE', *, *, #930, .T. ) ;
#5124 = EDGE_CURVE ( 'NONE', #2595, #4765, #3921, .T. ) ;
#5125 = FACE_OUTER_BOUND ( 'NONE', #5329, .T. ) ;
#5126 = DIRECTION ( 'NONE',  ( 0.000000000000000000, 0.000000000000000000, 1.000000000000000000 ) ) ;
#5127 = DIRECTION ( 'NONE',  ( 1.000000000000000000, 0.000000000000000000, -4.952461568701184058E-17 ) ) ;
#5128 = CARTESIAN_POINT ( 'NONE',  ( 6.000000000000000000, 2.000000000000000000, -66.55499999999999261 ) ) ;
#5129 = AXIS2_PLACEMENT_3D ( 'NONE', #754, #4052, #1604 ) ;
#5130 = EDGE_LOOP ( 'NONE', ( #3850, #383, #2819, #4566, #4420 ) ) ;
#5131 = ORIENTED_EDGE ( 'NONE', *, *, #4535, .F. ) ;
#5132 = ORIENTED_EDGE ( 'NONE', *, *, #3082, .F. ) ;
#5133 = VECTOR ( 'NONE', #995, 1000.000000000000000 ) ;
#5134 = AXIS2_PLACEMENT_3D ( 'NONE', #2560, #1262, #390 ) ;
#5135 = VECTOR ( 'NONE', #2008, 1000.000000000000000 ) ;
#5136 = CONICAL_SURFACE ( 'NONE', #3052, 3.949999999999953548, 0.7853981633974346233 ) ;
#5137 = CARTESIAN_POINT ( 'NONE',  ( -26.64000000000005031, 6.049999999999999822, -54.92999999999994998 ) ) ;
#5138 = DIRECTION ( 'NONE',  ( 1.000000000000000000, -0.000000000000000000, 0.000000000000000000 ) ) ;
#5139 = CONICAL_SURFACE ( 'NONE', #1846, 2.125000000000001776, 0.7853981633974548293 ) ;
#5140 = DIRECTION ( 'NONE',  ( 0.000000000000000000, 0.7071067811865573427, 0.7071067811865378028 ) ) ;
#5141 = EDGE_LOOP ( 'NONE', ( #2185, #352, #498, #4561 ) ) ;
#5142 = VECTOR ( 'NONE', #4930, 1000.000000000000000 ) ;
#5143 = ORIENTED_EDGE ( 'NONE', *, *, #4367, .F. ) ;
#5144 = DIRECTION ( 'NONE',  ( 0.000000000000000000, 1.000000000000000000, -0.000000000000000000 ) ) ;
#5145 = LINE ( 'NONE', #1812, #4339 ) ;
#5146 = CARTESIAN_POINT ( 'NONE',  ( -26.64000000000005031, 6.049999999999999822, -57.55499999999999261 ) ) ;
#5147 = VERTEX_POINT ( 'NONE', #570 ) ;
#5148 = VECTOR ( 'NONE', #71, 1000.000000000000000 ) ;
#5149 = VECTOR ( 'NONE', #1520, 1000.000000000000000 ) ;
#5150 = FACE_OUTER_BOUND ( 'NONE', #3800, .T. ) ;
#5151 = CARTESIAN_POINT ( 'NONE',  ( -12.43999999999999417, 2.000000000000000000, -62.55499999999999972 ) ) ;
#5152 = DIRECTION ( 'NONE',  ( 0.000000000000000000, 1.000000000000000000, 0.000000000000000000 ) ) ;
#5153 = AXIS2_PLACEMENT_3D ( 'NONE', #164, #4353, #5075 ) ;
#5154 = ORIENTED_EDGE ( 'NONE', *, *, #4107, .T. ) ;
#5155 = DIRECTION ( 'NONE',  ( -1.000000000000000000, 0.000000000000000000, 0.000000000000000000 ) ) ;
#5156 = DIRECTION ( 'NONE',  ( 0.000000000000000000, 1.000000000000000000, 0.000000000000000000 ) ) ;
#5157 = DIRECTION ( 'NONE',  ( -0.000000000000000000, 1.000000000000000000, -0.000000000000000000 ) ) ;
#5158 = CARTESIAN_POINT ( 'NONE',  ( 33.43999999999998352, 0.000000000000000000, 96.66533748584001273 ) ) ;
#5159 = ORIENTED_EDGE ( 'NONE', *, *, #2172, .F. ) ;
#5160 = VERTEX_POINT ( 'NONE', #3441 ) ;
#5161 = ORIENTED_EDGE ( 'NONE', *, *, #3833, .T. ) ;
#5162 = ADVANCED_FACE ( 'NONE', ( #1358 ), #3896, .F. ) ;
#5163 = LINE ( 'NONE', #1468, #4869 ) ;
#5164 = VECTOR ( 'NONE', #173, 1000.000000000000000 ) ;
#5165 = LINE ( 'NONE', #3880, #3342 ) ;
#5166 = CARTESIAN_POINT ( 'NONE',  ( -26.93999999999997286, 6.999999999999992006, 87.20578397184708308 ) ) ;
#5167 = ORIENTED_EDGE ( 'NONE', *, *, #2198, .F. ) ;
#5168 = EDGE_LOOP ( 'NONE', ( #2370, #3427, #2317, #1295 ) ) ;
#5169 = CARTESIAN_POINT ( 'NONE',  ( -11.57500000000001705, 7.649999999999999467, -66.55499999999999261 ) ) ;
#5170 = DIRECTION ( 'NONE',  ( 1.514893490246249550E-16, -1.000000000000000000, 0.000000000000000000 ) ) ;
#5171 = ADVANCED_FACE ( 'NONE', ( #3871 ), #1848, .F. ) ;
#5172 = FACE_OUTER_BOUND ( 'NONE', #4727, .T. ) ;
#5173 = ORIENTED_EDGE ( 'NONE', *, *, #5331, .F. ) ;
#5174 = ADVANCED_FACE ( 'NONE', ( #5125 ), #3034, .F. ) ;
#5175 = CARTESIAN_POINT ( 'NONE',  ( 2.255319342671044947, 4.404437486911204402, 50.50499999999995282 ) ) ;
#5176 = AXIS2_PLACEMENT_3D ( 'NONE', #2410, #3276, #5347 ) ;
#5177 = CARTESIAN_POINT ( 'NONE',  ( -33.43999999999998352, 6.999999999999999112, 57.05499999999999261 ) ) ;
#5178 = ADVANCED_FACE ( 'NONE', ( #1437 ), #1931, .F. ) ;
#5179 = ADVANCED_FACE ( 'NONE', ( #1385 ), #3928, .T. ) ;
#5180 = ORIENTED_EDGE ( 'NONE', *, *, #412, .F. ) ;
#5181 = AXIS2_PLACEMENT_3D ( 'NONE', #509, #4221, #3784 ) ;
#5182 = DIRECTION ( 'NONE',  ( 0.000000000000000000, 1.000000000000000000, 0.000000000000000000 ) ) ;
#5183 = CARTESIAN_POINT ( 'NONE',  ( 9.075000000000022382, 0.5000000000000000000, -82.55499999999999261 ) ) ;
#5184 = DIRECTION ( 'NONE',  ( 4.952461568701184058E-17, -0.000000000000000000, 1.000000000000000000 ) ) ;
#5185 = APPLICATION_CONTEXT ( 'automotive_design' ) ;
#5186 = CARTESIAN_POINT ( 'NONE',  ( 30.58999999999997499, 6.499999999999977796, -57.55500000000000682 ) ) ;
#5187 = VERTEX_POINT ( 'NONE', #974 ) ;
#5188 = VERTEX_POINT ( 'NONE', #3414 ) ;
#5189 = EDGE_LOOP ( 'NONE', ( #1310, #5024, #1671, #1518 ) ) ;
#5190 = DIRECTION ( 'NONE',  ( 0.000000000000000000, 0.000000000000000000, 1.000000000000000000 ) ) ;
#5191 = LINE ( 'NONE', #4306, #2742 ) ;
#5192 = LINE ( 'NONE', #228, #338 ) ;
#5193 = DIRECTION ( 'NONE',  ( -0.000000000000000000, 1.000000000000000000, -0.000000000000000000 ) ) ;
#5194 = ORIENTED_EDGE ( 'NONE', *, *, #3909, .F. ) ;
#5195 = DIRECTION ( 'NONE',  ( -0.000000000000000000, 1.000000000000000000, -0.000000000000000000 ) ) ;
#5196 = AXIS2_PLACEMENT_3D ( 'NONE', #130, #5091, #1375 ) ;
#5197 = CARTESIAN_POINT ( 'NONE',  ( -12.43999999999999595, 7.000000000000000000, -61.20500000000000540 ) ) ;
#5198 = DIRECTION ( 'NONE',  ( -1.000000000000000000, 0.000000000000000000, 0.000000000000000000 ) ) ;
#5199 = ORIENTED_EDGE ( 'NONE', *, *, #1169, .F. ) ;
#5200 = EDGE_CURVE ( 'NONE', #3525, #832, #3007, .T. ) ;
#5201 = EDGE_LOOP ( 'NONE', ( #1336, #2343, #805, #3118 ) ) ;
#5202 = CARTESIAN_POINT ( 'NONE',  ( 6.624748585550039870, 9.274437486377925310, 65.95499999999999829 ) ) ;
#5203 = VECTOR ( 'NONE', #4331, 1000.000000000000000 ) ;
#5204 = CARTESIAN_POINT ( 'NONE',  ( -26.64000000000003610, 1.049999999999999822, 46.55499999999999972 ) ) ;
#5205 = CIRCLE ( 'NONE', #1476, 8.500000000000007105 ) ;
#5206 = ORIENTED_EDGE ( 'NONE', *, *, #968, .F. ) ;
#5207 = DIRECTION ( 'NONE',  ( 0.000000000000000000, 1.000000000000000000, 0.000000000000000000 ) ) ;
#5208 = LINE ( 'NONE', #1974, #713 ) ;
#5209 = CARTESIAN_POINT ( 'NONE',  ( 33.43999999999998352, 0.000000000000000000, 96.66533748584001273 ) ) ;
#5210 = CARTESIAN_POINT ( 'NONE',  ( 31.13999999999994728, 6.049999999999999822, -57.55499999999999261 ) ) ;
#5211 = ORIENTED_EDGE ( 'NONE', *, *, #4210, .F. ) ;
#5212 = EDGE_CURVE ( 'NONE', #2903, #290, #4249, .T. ) ;
#5213 = CARTESIAN_POINT ( 'NONE',  ( -26.64000000000005031, 6.049999999999999822, -62.05500000000001393 ) ) ;
#5214 = CARTESIAN_POINT ( 'NONE',  ( -26.64000000000003610, 6.049999999999999822, 46.55499999999999972 ) ) ;
#5215 = EDGE_LOOP ( 'NONE', ( #1352, #423, #2426, #2021, #1778, #3254, #2603, #1167, #4099, #4477, #951, #2892, #1005, #1363, #903, #4112, #5267, #4364, #2306, #4440 ) ) ;
#5216 = EDGE_CURVE ( 'NONE', #1921, #3573, #4405, .T. ) ;
#5217 = AXIS2_PLACEMENT_3D ( 'NONE', #4252, #1416, #4301 ) ;
#5218 = CIRCLE ( 'NONE', #1581, 2.125000000000001776 ) ;
#5219 = DIRECTION ( 'NONE',  ( -0.000000000000000000, -1.000000000000000000, -0.000000000000000000 ) ) ;
#5220 = CARTESIAN_POINT ( 'NONE',  ( 35.43999999999999773, 2.000000000000001776, 95.93739701730761738 ) ) ;
#5221 = AXIS2_PLACEMENT_3D ( 'NONE', #4225, #4637, #4685 ) ;
#5222 = DIRECTION ( 'NONE',  ( 0.000000000000000000, 1.000000000000000000, 0.000000000000000000 ) ) ;
#5223 = ORIENTED_EDGE ( 'NONE', *, *, #2336, .T. ) ;
#5224 = EDGE_CURVE ( 'NONE', #2199, #4983, #5253, .T. ) ;
#5225 = DIRECTION ( 'NONE',  ( 1.000000000000000000, 0.000000000000000000, 2.135044278125304498E-15 ) ) ;
#5226 = DIRECTION ( 'NONE',  ( -0.000000000000000000, -1.000000000000000000, -0.000000000000000000 ) ) ;
#5227 = AXIS2_PLACEMENT_3D ( 'NONE', #4947, #3364, #5034 ) ;
#5228 = ORIENTED_EDGE ( 'NONE', *, *, #3018, .T. ) ;
#5229 = VECTOR ( 'NONE', #232, 1000.000000000000000 ) ;
#5230 = CARTESIAN_POINT ( 'NONE',  ( -12.43999999999999595, 2.000000000000000000, -61.20500000000000540 ) ) ;
#5231 = CARTESIAN_POINT ( 'NONE',  ( -26.64000000000003610, 6.999999999999999112, 51.00499999999995993 ) ) ;
#5232 = DIRECTION ( 'NONE',  ( -0.000000000000000000, -1.000000000000000000, -0.000000000000000000 ) ) ;
#5233 = DIRECTION ( 'NONE',  ( -1.000000000000000000, 0.000000000000000000, 8.260587980841937547E-17 ) ) ;
#5234 = ORIENTED_EDGE ( 'NONE', *, *, #3561, .F. ) ;
#5235 = LINE ( 'NONE', #1176, #2963 ) ;
#5236 = CARTESIAN_POINT ( 'NONE',  ( -30.58999999999998920, -104.7725234327390211, -57.55499999999999261 ) ) ;
#5237 = DIRECTION ( 'NONE',  ( -0.000000000000000000, 1.000000000000000000, -0.000000000000000000 ) ) ;
#5238 = CYLINDRICAL_SURFACE ( 'NONE', #4868, 2.125000000000001776 ) ;
#5239 = VERTEX_POINT ( 'NONE', #2325 ) ;
#5240 = EDGE_CURVE ( 'NONE', #1337, #803, #2051, .T. ) ;
#5241 = EDGE_CURVE ( 'NONE', #4726, #724, #2121, .T. ) ;
#5242 = CARTESIAN_POINT ( 'NONE',  ( 5.999999999999998224, 6.650000000000027001, -85.55499999999999261 ) ) ;
#5243 = FACE_OUTER_BOUND ( 'NONE', #3491, .T. ) ;
#5244 = ORIENTED_EDGE ( 'NONE', *, *, #182, .F. ) ;
#5245 = CARTESIAN_POINT ( 'NONE',  ( -6.000000000000001776, 7.649999999999999467, -83.55499999999999261 ) ) ;
#5246 = ORIENTED_EDGE ( 'NONE', *, *, #4644, .T. ) ;
#5247 = DIRECTION ( 'NONE',  ( 0.000000000000000000, 0.000000000000000000, -1.000000000000000000 ) ) ;
#5248 = ADVANCED_FACE ( 'NONE', ( #4793 ), #3068, .T. ) ;
#5249 = CARTESIAN_POINT ( 'NONE',  ( -22.43999999999999773, 7.000000000000000000, -62.55499999999999972 ) ) ;
#5250 = ADVANCED_FACE ( 'NONE', ( #4128 ), #266, .F. ) ;
#5251 = VERTEX_POINT ( 'NONE', #1138 ) ;
#5252 = AXIS2_PLACEMENT_3D ( 'NONE', #3631, #3200, #4912 ) ;
#5253 = LINE ( 'NONE', #2881, #1600 ) ;
#5254 = DIRECTION ( 'NONE',  ( 0.000000000000000000, 0.7071067811865425767, -0.7071067811865524577 ) ) ;
#5255 = DIRECTION ( 'NONE',  ( 0.000000000000000000, 0.000000000000000000, 1.000000000000000000 ) ) ;
#5256 = CARTESIAN_POINT ( 'NONE',  ( 26.63999999999996504, 5.549999999999965183, 46.55499999999999261 ) ) ;
#5257 = ORIENTED_EDGE ( 'NONE', *, *, #5240, .T. ) ;
#5258 = ORIENTED_EDGE ( 'NONE', *, *, #5302, .T. ) ;
#5259 = PLANE ( 'NONE',  #2698 ) ;
#5260 = DIRECTION ( 'NONE',  ( -1.000000000000000000, 0.000000000000000000, 0.000000000000000000 ) ) ;
#5261 = CARTESIAN_POINT ( 'NONE',  ( 13.57499999999998153, 2.000000000000000000, -85.55499999999999261 ) ) ;
#5262 = LINE ( 'NONE', #347, #4340 ) ;
#5263 = VERTEX_POINT ( 'NONE', #3696 ) ;
#5264 = DIRECTION ( 'NONE',  ( 0.000000000000000000, 0.000000000000000000, 1.000000000000000000 ) ) ;
#5265 = CARTESIAN_POINT ( 'NONE',  ( 30.43999999999998707, 6.049999999999999822, 44.14460584136111265 ) ) ;
#5266 = AXIS2_PLACEMENT_3D ( 'NONE', #2569, #1710, #1768 ) ;
#5267 = ORIENTED_EDGE ( 'NONE', *, *, #1737, .F. ) ;
#5268 = LINE ( 'NONE', #693, #2246 ) ;
#5269 = ADVANCED_FACE ( 'NONE', ( #1088 ), #829, .F. ) ;
#5270 = ORIENTED_EDGE ( 'NONE', *, *, #2084, .T. ) ;
#5271 = CONICAL_SURFACE ( 'NONE', #1736, 2.125000000000001776, 0.7853981633974548293 ) ;
#5272 = CARTESIAN_POINT ( 'NONE',  ( -2.255251798232997373, 4.904437486377947408, 51.00499999999995993 ) ) ;
#5273 = DIRECTION ( 'NONE',  ( 9.904923137402368115E-17, 0.000000000000000000, -1.000000000000000000 ) ) ;
#5274 = EDGE_LOOP ( 'NONE', ( #882, #4893, #2542, #1464, #1555 ) ) ;
#5275 = CARTESIAN_POINT ( 'NONE',  ( 33.43999999999998352, 15.00000000000000000, 80.70578397184704045 ) ) ;
#5276 = CARTESIAN_POINT ( 'NONE',  ( -13.57500000000001883, 7.649999999999999467, -85.55499999999999261 ) ) ;
#5277 = DIRECTION ( 'NONE',  ( -0.000000000000000000, -0.000000000000000000, -1.000000000000000000 ) ) ;
#5278 = ORIENTED_EDGE ( 'NONE', *, *, #1543, .F. ) ;
#5279 = ORIENTED_EDGE ( 'NONE', *, *, #1087, .F. ) ;
#5280 = ADVANCED_FACE ( 'NONE', ( #420 ), #1051, .T. ) ;
#5281 =( NAMED_UNIT ( * ) PLANE_ANGLE_UNIT ( ) SI_UNIT ( $, .RADIAN. ) );
#5282 = CARTESIAN_POINT ( 'NONE',  ( 29.13999999999994728, 0.000000000000000000, 34.93499999999999517 ) ) ;
#5283 = FACE_OUTER_BOUND ( 'NONE', #2212, .T. ) ;
#5284 = LINE ( 'NONE', #1935, #5046 ) ;
#5285 = VERTEX_POINT ( 'NONE', #3569 ) ;
#5286 = CARTESIAN_POINT ( 'NONE',  ( 6.000000000000000000, 7.649999999999999467, -66.55499999999999261 ) ) ;
#5287 = DIRECTION ( 'NONE',  ( 1.000000000000000000, 0.000000000000000000, -0.000000000000000000 ) ) ;
#5288 = VERTEX_POINT ( 'NONE', #3976 ) ;
#5289 = ORIENTED_EDGE ( 'NONE', *, *, #865, .T. ) ;
#5290 = CARTESIAN_POINT ( 'NONE',  ( 31.43999999999998707, 7.000000000000006217, -57.55499999999999261 ) ) ;
#5291 = AXIS2_PLACEMENT_3D ( 'NONE', #4994, #1255, #897 ) ;
#5292 = ORIENTED_EDGE ( 'NONE', *, *, #2597, .F. ) ;
#5293 = CIRCLE ( 'NONE', #2100, 2.125000000000001776 ) ;
#5294 = AXIS2_PLACEMENT_3D ( 'NONE', #1700, #5031, #4587 ) ;
#5295 = AXIS2_PLACEMENT_3D ( 'NONE', #4216, #1731, #2589 ) ;
#5296 = AXIS2_PLACEMENT_3D ( 'NONE', #4997, #1640, #2900 ) ;
#5297 = VECTOR ( 'NONE', #1903, 1000.000000000000000 ) ;
#5298 = DIRECTION ( 'NONE',  ( 0.000000000000000000, 1.000000000000000000, 0.000000000000000000 ) ) ;
#5299 = AXIS2_PLACEMENT_3D ( 'NONE', #725, #649, #2726 ) ;
#5300 = CARTESIAN_POINT ( 'NONE',  ( -26.64000000000005031, 1.049999999999999822, -59.67999999999999972 ) ) ;
#5301 = EDGE_CURVE ( 'NONE', #2660, #629, #3409, .T. ) ;
#5302 = EDGE_CURVE ( 'NONE', #2070, #3290, #3545, .T. ) ;
#5303 = ORIENTED_EDGE ( 'NONE', *, *, #5013, .T. ) ;
#5304 = CIRCLE ( 'NONE', #1939, 2.625000000000002220 ) ;
#5305 = CARTESIAN_POINT ( 'NONE',  ( -28.14000000000005386, 2.000000000000000000, -50.38499999999999091 ) ) ;
#5306 = CARTESIAN_POINT ( 'NONE',  ( -26.93999999999999062, 15.00000000000000000, -83.05499999999999261 ) ) ;
#5307 = DIRECTION ( 'NONE',  ( 0.000000000000000000, 0.000000000000000000, 1.000000000000000000 ) ) ;
#5308 = EDGE_LOOP ( 'NONE', ( #4060, #4053, #4315, #137 ) ) ;
#5309 = EDGE_LOOP ( 'NONE', ( #3160, #3311, #1524, #4985 ) ) ;
#5310 = VECTOR ( 'NONE', #1721, 1000.000000000000000 ) ;
#5311 = CARTESIAN_POINT ( 'NONE',  ( 35.43999999999999062, 2.000000000000001776, -83.05499999999999261 ) ) ;
#5312 = CARTESIAN_POINT ( 'NONE',  ( 35.43999999999999062, 15.00000000000000000, -83.05499999999999261 ) ) ;
#5313 = AXIS2_PLACEMENT_3D ( 'NONE', #2574, #1278, #4227 ) ;
#5314 = CARTESIAN_POINT ( 'NONE',  ( 6.079372852404557825, 6.834116616841632741, 50.83911661684160066 ) ) ;
#5315 = EDGE_CURVE ( 'NONE', #2770, #3426, #4626, .T. ) ;
#5316 = ORIENTED_EDGE ( 'NONE', *, *, #2165, .T. ) ;
#5317 = AXIS2_PLACEMENT_3D ( 'NONE', #3297, #3737, #83 ) ;
#5318 = DIRECTION ( 'NONE',  ( 0.000000000000000000, 1.000000000000000000, 0.000000000000000000 ) ) ;
#5319 = EDGE_CURVE ( 'NONE', #2583, #3568, #3164, .T. ) ;
#5320 = LINE ( 'NONE', #1533, #4692 ) ;
#5321 = VERTEX_POINT ( 'NONE', #1901 ) ;
#5322 = ORIENTED_EDGE ( 'NONE', *, *, #3556, .T. ) ;
#5323 = DIRECTION ( 'NONE',  ( 1.000000000000000000, 0.000000000000000000, -0.000000000000000000 ) ) ;
#5324 = ORIENTED_EDGE ( 'NONE', *, *, #3461, .F. ) ;
#5325 = ADVANCED_FACE ( 'NONE', ( #4102 ), #2477, .T. ) ;
#5326 = DIRECTION ( 'NONE',  ( 1.000000000000000000, -0.000000000000000000, -0.000000000000000000 ) ) ;
#5327 = CARTESIAN_POINT ( 'NONE',  ( -26.64000000000005031, 6.049999999999999822, -57.55499999999999261 ) ) ;
#5328 = EDGE_CURVE ( 'NONE', #5321, #308, #2703, .T. ) ;
#5329 = EDGE_LOOP ( 'NONE', ( #4530, #907, #4448, #192 ) ) ;
#5330 = ORIENTED_EDGE ( 'NONE', *, *, #2044, .F. ) ;
#5331 = EDGE_CURVE ( 'NONE', #4153, #3020, #1340, .T. ) ;
#5332 = ADVANCED_FACE ( 'NONE', ( #1649 ), #4948, .F. ) ;
#5333 = DIRECTION ( 'NONE',  ( -0.7071067811865423547, 0.7071067811865526798, 8.761676666762071724E-17 ) ) ;
#5334 = CARTESIAN_POINT ( 'NONE',  ( 26.63999999999996504, 1.049999999999999822, 46.55499999999999261 ) ) ;
#5335 = DIRECTION ( 'NONE',  ( 0.000000000000000000, 1.000000000000000000, 0.000000000000000000 ) ) ;
#5336 = EDGE_LOOP ( 'NONE', ( #3095, #4015, #2610, #3354 ) ) ;
#5337 = EDGE_CURVE ( 'NONE', #2103, #1409, #2537, .T. ) ;
#5338 = CIRCLE ( 'NONE', #3605, 2.125000000000001776 ) ;
#5339 = CARTESIAN_POINT ( 'NONE',  ( -9.075000000000022382, 0.5000000000000000000, -82.55499999999999261 ) ) ;
#5340 = CARTESIAN_POINT ( 'NONE',  ( -18.07499999999997797, -4.010407640085659864, -75.05499999999994998 ) ) ;
#5341 = PLANE ( 'NONE',  #4318 ) ;
#5342 = LINE ( 'NONE', #324, #5135 ) ;
#5343 = ORIENTED_EDGE ( 'NONE', *, *, #3107, .F. ) ;
#5344 = ORIENTED_EDGE ( 'NONE', *, *, #3435, .T. ) ;
#5345 = EDGE_CURVE ( 'NONE', #1288, #3454, #468, .T. ) ;
#5346 = CARTESIAN_POINT ( 'NONE',  ( -26.64000000000003610, 1.049999999999999822, 44.42999999999999972 ) ) ;
#5347 = DIRECTION ( 'NONE',  ( 0.000000000000000000, 0.000000000000000000, 1.000000000000000000 ) ) ;
#5348 = ORIENTED_EDGE ( 'NONE', *, *, #2967, .F. ) ;
#5349 = EDGE_LOOP ( 'NONE', ( #1607, #2688, #1733, #2282 ) ) ;
#5350 = DIRECTION ( 'NONE',  ( 0.000000000000000000, 1.000000000000000000, 0.000000000000000000 ) ) ;
#5351 = EDGE_LOOP ( 'NONE', ( #1871, #3203, #1137, #575, #3440, #2393, #3390, #5014, #4159, #3687, #3884, #2147 ) ) ;
#5352 = VECTOR ( 'NONE', #879, 1000.000000000000000 ) ;
#5353 = ADVANCED_FACE ( 'NONE', ( #1373 ), #47, .F. ) ;
#5354 = DIRECTION ( 'NONE',  ( 0.000000000000000000, 0.000000000000000000, 1.000000000000000000 ) ) ;
#5355 = DIRECTION ( 'NONE',  ( 0.000000000000000000, 0.000000000000000000, 1.000000000000000000 ) ) ;
#5356 = LINE ( 'NONE', #2082, #2580 ) ;
#5357 = EDGE_CURVE ( 'NONE', #5147, #1638, #478, .T. ) ;
#5358 = VERTEX_POINT ( 'NONE', #3429 ) ;
#5359 = VECTOR ( 'NONE', #309, 1000.000000000000000 ) ;
#5360 = VERTEX_POINT ( 'NONE', #3753 ) ;
#5361 = CARTESIAN_POINT ( 'NONE',  ( -26.64000000000005031, 6.049999999999999822, -57.55499999999999261 ) ) ;
#5362 = DIRECTION ( 'NONE',  ( 1.239088197126290570E-16, 0.000000000000000000, 1.000000000000000000 ) ) ;
#5363 = DIRECTION ( 'NONE',  ( 0.000000000000000000, 0.000000000000000000, 1.000000000000000000 ) ) ;
#5364 = ORIENTED_EDGE ( 'NONE', *, *, #536, .F. ) ;
#5365 = DIRECTION ( 'NONE',  ( 0.000000000000000000, 1.000000000000000000, 0.000000000000000000 ) ) ;
ENDSEC;
END-ISO-10303-21;
