ISO-10303-21;
HEADER;
FILE_DESCRIPTION (( 'STEP AP214' ),
    '1' );
FILE_NAME ('Staender.STEP',
    '2026-09-27T20:09:21',
    ( '' ),
    ( '' ),
    'SwSTEP 2.0',
    'SolidWorks 2026',
    '' );
FILE_SCHEMA (( 'AUTOMOTIVE_DESIGN' ));
ENDSEC;

DATA;
#1 = VERTEX_POINT ( 'NONE', #3096 ) ;
#2 = CARTESIAN_POINT ( 'NONE',  ( 22.50000000000001421, 3.000000000000000000, -37.80509696999999392 ) ) ;
#3 = DIRECTION ( 'NONE',  ( 0.000000000000000000, -0.000000000000000000, 1.000000000000000000 ) ) ;
#4 = EDGE_CURVE ( 'NONE', #672, #509, #2618, .T. ) ;
#5 = EDGE_LOOP ( 'NONE', ( #2877, #1503, #3003, #367, #559, #269, #1318, #2148 ) ) ;
#6 = DIRECTION ( 'NONE',  ( -0.000000000000000000, -1.000000000000000000, -0.000000000000000000 ) ) ;
#7 = PLANE ( 'NONE',  #1041 ) ;
#8 = DIRECTION ( 'NONE',  ( -0.000000000000000000, 1.000000000000000000, -0.000000000000000000 ) ) ;
#9 = DIRECTION ( 'NONE',  ( 1.000000000000000000, 0.000000000000000000, 0.000000000000000000 ) ) ;
#10 = CARTESIAN_POINT ( 'NONE',  ( -22.49999999999998934, 4.000000000000037303, 25.79490303000000040 ) ) ;
#11 = AXIS2_PLACEMENT_3D ( 'NONE', #3100, #906, #1394 ) ;
#12 = AXIS2_PLACEMENT_3D ( 'NONE', #2454, #549, #1516 ) ;
#13 = ORIENTED_EDGE ( 'NONE', *, *, #2229, .F. ) ;
#14 = EDGE_CURVE ( 'NONE', #1741, #1888, #42, .T. ) ;
#15 = VERTEX_POINT ( 'NONE', #1423 ) ;
#16 = DIRECTION ( 'NONE',  ( -0.000000000000000000, 1.000000000000000000, -0.000000000000000000 ) ) ;
#17 = CARTESIAN_POINT ( 'NONE',  ( 26.94000000000000128, 56.83717644759730803, 28.78070708224548824 ) ) ;
#18 = EDGE_LOOP ( 'NONE', ( #419, #2246 ) ) ;
#19 = CARTESIAN_POINT ( 'NONE',  ( -30.43999999999999417, 3.000000000000002665, 50.55766997829938703 ) ) ;
#20 = ADVANCED_FACE ( 'NONE', ( #1651 ), #931, .T. ) ;
#21 = CARTESIAN_POINT ( 'NONE',  ( -33.44000000000000483, 50.71200254673659913, 23.55223753399775433 ) ) ;
#22 = CARTESIAN_POINT ( 'NONE',  ( -26.94000000000000128, 57.77686906838318492, 28.43868693891983312 ) ) ;
#23 = DIRECTION ( 'NONE',  ( -0.000000000000000000, -1.000000000000000000, -0.000000000000000000 ) ) ;
#24 = EDGE_CURVE ( 'NONE', #2128, #914, #716, .T. ) ;
#25 = DIRECTION ( 'NONE',  ( -1.000000000000000000, 0.000000000000000000, 5.246875334141536319E-31 ) ) ;
#26 = EDGE_LOOP ( 'NONE', ( #1837, #987, #2683, #2446 ) ) ;
#27 = ADVANCED_FACE ( 'NONE', ( #1181 ), #857, .T. ) ;
#28 = ORIENTED_EDGE ( 'NONE', *, *, #405, .T. ) ;
#29 = ORIENTED_EDGE ( 'NONE', *, *, #258, .F. ) ;
#30 = CYLINDRICAL_SURFACE ( 'NONE', #602, 6.500000000000000888 ) ;
#31 = DIRECTION ( 'NONE',  ( -0.000000000000000000, -1.000000000000000000, -0.000000000000000000 ) ) ;
#32 = ADVANCED_FACE ( 'NONE', ( #2821 ), #485, .F. ) ;
#33 = EDGE_LOOP ( 'NONE', ( #376, #2922, #2020, #1653 ) ) ;
#34 = DIRECTION ( 'NONE',  ( 0.000000000000000000, 1.000000000000000000, 0.000000000000000000 ) ) ;
#35 = DIRECTION ( 'NONE',  ( 0.000000000000000000, 0.9396926207859103153, -0.3420201433256638279 ) ) ;
#36 = FACE_OUTER_BOUND ( 'NONE', #838, .T. ) ;
#37 = DIRECTION ( 'NONE',  ( -9.637352644315377074E-17, 0.000000000000000000, 1.000000000000000000 ) ) ;
#38 = VECTOR ( 'NONE', #1368, 1000.000000000000000 ) ;
#39 = CIRCLE ( 'NONE', #2364, 1.600000000000000755 ) ;
#40 = CARTESIAN_POINT ( 'NONE',  ( -12.50000000000001066, 0.9999999999999592548, 12.19490303000005049 ) ) ;
#41 = ADVANCED_FACE ( 'NONE', ( #668 ), #1897, .F. ) ;
#42 = CIRCLE ( 'NONE', #552, 1.599999999999997202 ) ;
#43 = VECTOR ( 'NONE', #818, 1000.000000000000000 ) ;
#44 = VERTEX_POINT ( 'NONE', #1666 ) ;
#45 = ORIENTED_EDGE ( 'NONE', *, *, #258, .T. ) ;
#46 = VERTEX_POINT ( 'NONE', #1882 ) ;
#47 = ORIENTED_EDGE ( 'NONE', *, *, #334, .T. ) ;
#48 = LINE ( 'NONE', #512, #712 ) ;
#49 = DIRECTION ( 'NONE',  ( 0.000000000000000000, -1.000000000000000000, 0.000000000000000000 ) ) ;
#50 = ORIENTED_EDGE ( 'NONE', *, *, #2735, .T. ) ;
#51 = DIRECTION ( 'NONE',  ( 0.000000000000000000, 0.000000000000000000, -1.000000000000000000 ) ) ;
#52 = DIRECTION ( 'NONE',  ( 0.000000000000000000, 0.000000000000000000, -1.000000000000000000 ) ) ;
#53 = LINE ( 'NONE', #312, #219 ) ;
#54 = CARTESIAN_POINT ( 'NONE',  ( 19.50000000000002842, 3.000000000000000000, 1.079547091440741222E-29 ) ) ;
#55 = DIRECTION ( 'NONE',  ( 0.000000000000000000, -1.000000000000000000, 0.000000000000000000 ) ) ;
#56 = EDGE_LOOP ( 'NONE', ( #807, #205, #675, #980, #416, #2664, #875, #1402, #1522, #1519, #976, #779 ) ) ;
#57 = VECTOR ( 'NONE', #1639, 999.9999999999998863 ) ;
#58 = ORIENTED_EDGE ( 'NONE', *, *, #1361, .F. ) ;
#59 = EDGE_CURVE ( 'NONE', #2490, #1538, #459, .T. ) ;
#60 = VECTOR ( 'NONE', #930, 1000.000000000000000 ) ;
#61 = ORIENTED_EDGE ( 'NONE', *, *, #2456, .F. ) ;
#62 = VERTEX_POINT ( 'NONE', #2350 ) ;
#63 = CARTESIAN_POINT ( 'NONE',  ( -7.999999999999984901, -1.000000000000019096, 15.19490303000009845 ) ) ;
#64 = CARTESIAN_POINT ( 'NONE',  ( 0.000000000000000000, 79.47875521999581849, 35.19490303000009845 ) ) ;
#65 = ORIENTED_EDGE ( 'NONE', *, *, #1963, .T. ) ;
#66 = DIRECTION ( 'NONE',  ( 0.000000000000000000, -1.000000000000000000, 0.000000000000000000 ) ) ;
#67 = EDGE_CURVE ( 'NONE', #333, #1641, #905, .T. ) ;
#68 = DIRECTION ( 'NONE',  ( 1.000000000000000000, 0.000000000000000000, -1.309225264888156377E-16 ) ) ;
#69 = DIRECTION ( 'NONE',  ( 0.000000000000000000, 0.000000000000000000, -1.000000000000000000 ) ) ;
#70 = PLANE ( 'NONE',  #2006 ) ;
#71 = CARTESIAN_POINT ( 'NONE',  ( 26.94000000000001194, 6.000000000000000000, -48.61509697000003882 ) ) ;
#72 = EDGE_CURVE ( 'NONE', #1801, #828, #952, .T. ) ;
#73 = ORIENTED_EDGE ( 'NONE', *, *, #2938, .T. ) ;
#74 = ORIENTED_EDGE ( 'NONE', *, *, #2491, .T. ) ;
#75 = ORIENTED_EDGE ( 'NONE', *, *, #1298, .F. ) ;
#76 = EDGE_LOOP ( 'NONE', ( #163, #1791, #1425, #3006 ) ) ;
#77 = CARTESIAN_POINT ( 'NONE',  ( 17.50000000000001066, 0.9999999999999592548, 12.19490303000005049 ) ) ;
#78 = CARTESIAN_POINT ( 'NONE',  ( 22.50000000000001421, 5.000000000000000000, -36.20509696999998539 ) ) ;
#79 = EDGE_CURVE ( 'NONE', #1774, #2082, #1996, .T. ) ;
#80 = VERTEX_POINT ( 'NONE', #2408 ) ;
#81 = CARTESIAN_POINT ( 'NONE',  ( -19.50000000000002842, 3.000000000000000000, -27.80509697000005787 ) ) ;
#82 = DIRECTION ( 'NONE',  ( -0.000000000000000000, 1.000000000000000000, -0.000000000000000000 ) ) ;
#83 = DIRECTION ( 'NONE',  ( 0.000000000000000000, 0.000000000000000000, 1.000000000000000000 ) ) ;
#84 = LINE ( 'NONE', #1798, #2615 ) ;
#85 = LINE ( 'NONE', #71, #1565 ) ;
#86 = CIRCLE ( 'NONE', #443, 5.000000000000000000 ) ;
#87 = ORIENTED_EDGE ( 'NONE', *, *, #1298, .T. ) ;
#88 = VECTOR ( 'NONE', #2734, 1000.000000000000000 ) ;
#89 = CARTESIAN_POINT ( 'NONE',  ( -22.49999999999998934, 5.000000000000000000, 22.19490302999999898 ) ) ;
#90 = VECTOR ( 'NONE', #2467, 1000.000000000000000 ) ;
#91 = VERTEX_POINT ( 'NONE', #250 ) ;
#92 = ADVANCED_FACE ( 'NONE', ( #1936 ), #2899, .F. ) ;
#93 = VECTOR ( 'NONE', #2284, 1000.000000000000000 ) ;
#94 = CONICAL_SURFACE ( 'NONE', #502, 7.000000000000016875, 0.7853981633974416177 ) ;
#95 = VERTEX_POINT ( 'NONE', #1967 ) ;
#96 = ORIENTED_EDGE ( 'NONE', *, *, #1420, .F. ) ;
#97 = CIRCLE ( 'NONE', #1512, 3.600000000000002309 ) ;
#98 = DIRECTION ( 'NONE',  ( 0.000000000000000000, -1.000000000000000000, 0.000000000000000000 ) ) ;
#99 = CARTESIAN_POINT ( 'NONE',  ( -12.50000000000001066, 3.000000000000000000, -34.80509697000007208 ) ) ;
#100 = VECTOR ( 'NONE', #1113, 1000.000000000000000 ) ;
#101 = VERTEX_POINT ( 'NONE', #505 ) ;
#102 = CARTESIAN_POINT ( 'NONE',  ( -22.49999999999998934, 5.000000000000000000, 18.59490302999999400 ) ) ;
#103 = CARTESIAN_POINT ( 'NONE',  ( -22.49999999999999289, 3.999999999999999112, -37.80509697000000102 ) ) ;
#104 = EDGE_CURVE ( 'NONE', #2757, #828, #1983, .T. ) ;
#105 = DIRECTION ( 'NONE',  ( 0.000000000000000000, 1.000000000000000000, 0.000000000000000000 ) ) ;
#106 = LINE ( 'NONE', #597, #2366 ) ;
#107 = FACE_OUTER_BOUND ( 'NONE', #1670, .T. ) ;
#108 = ORIENTED_EDGE ( 'NONE', *, *, #2614, .F. ) ;
#109 = LINE ( 'NONE', #821, #1171 ) ;
#110 = VERTEX_POINT ( 'NONE', #265 ) ;
#111 = AXIS2_PLACEMENT_3D ( 'NONE', #2987, #827, #2745 ) ;
#112 = VERTEX_POINT ( 'NONE', #535 ) ;
#113 = ORIENTED_EDGE ( 'NONE', *, *, #1235, .F. ) ;
#114 = CARTESIAN_POINT ( 'NONE',  ( 10.00000000000000533, 79.47875521999580428, 17.19490303000005227 ) ) ;
#115 = LINE ( 'NONE', #146, #2886 ) ;
#116 = VECTOR ( 'NONE', #2883, 1000.000000000000114 ) ;
#117 = AXIS2_PLACEMENT_3D ( 'NONE', #2315, #1677, #182 ) ;
#118 = ORIENTED_EDGE ( 'NONE', *, *, #1853, .T. ) ;
#119 = LINE ( 'NONE', #377, #608 ) ;
#120 = DIRECTION ( 'NONE',  ( 1.000000000000000000, -0.000000000000000000, -0.000000000000000000 ) ) ;
#121 = ADVANCED_FACE ( 'NONE', ( #1031 ), #2188, .T. ) ;
#122 = DIRECTION ( 'NONE',  ( 1.000000000000000000, 0.000000000000000000, -0.000000000000000000 ) ) ;
#123 = CARTESIAN_POINT ( 'NONE',  ( 32.44000000000005457, 5.999999999999999112, -43.11509697000000330 ) ) ;
#124 = CARTESIAN_POINT ( 'NONE',  ( 22.50000000000001421, 3.000000000000000000, -42.40509697000000244 ) ) ;
#125 = ADVANCED_FACE ( 'NONE', ( #985, #1497, #2200, #2960, #773, #1724 ), #70, .T. ) ;
#126 = DIRECTION ( 'NONE',  ( 0.000000000000000000, 1.000000000000000000, 0.000000000000000000 ) ) ;
#127 = ORIENTED_EDGE ( 'NONE', *, *, #381, .T. ) ;
#128 = ADVANCED_FACE ( 'NONE', ( #1771 ), #1259, .T. ) ;
#129 = ORIENTED_EDGE ( 'NONE', *, *, #1709, .T. ) ;
#130 = VERTEX_POINT ( 'NONE', #1517 ) ;
#131 = LINE ( 'NONE', #2759, #2705 ) ;
#132 = DIRECTION ( 'NONE',  ( 4.477814127426265521E-17, 0.9396926207859104263, -0.3420201433256631063 ) ) ;
#133 = EDGE_LOOP ( 'NONE', ( #397, #2623, #780, #2843 ) ) ;
#134 = CARTESIAN_POINT ( 'NONE',  ( -33.44000000000001194, 55.72474820842921162, -26.92421699422481041 ) ) ;
#135 = CARTESIAN_POINT ( 'NONE',  ( 32.44000000000004036, 57.53778611902626494, 27.78181193418506822 ) ) ;
#136 = DIRECTION ( 'NONE',  ( 0.000000000000000000, 0.000000000000000000, 1.000000000000000000 ) ) ;
#137 = DIRECTION ( 'NONE',  ( 9.637352644315377074E-17, 0.000000000000000000, -1.000000000000000000 ) ) ;
#138 = CARTESIAN_POINT ( 'NONE',  ( 22.49999999999999645, 5.000000000000000000, 22.19490303000000608 ) ) ;
#139 = ORIENTED_EDGE ( 'NONE', *, *, #1495, .T. ) ;
#140 = DIRECTION ( 'NONE',  ( 1.000000000000000000, -0.000000000000000000, -0.000000000000000000 ) ) ;
#141 = ORIENTED_EDGE ( 'NONE', *, *, #303, .T. ) ;
#142 = EDGE_CURVE ( 'NONE', #526, #1998, #3074, .T. ) ;
#143 = AXIS2_PLACEMENT_3D ( 'NONE', #2297, #120, #1114 ) ;
#144 = ORIENTED_EDGE ( 'NONE', *, *, #292, .T. ) ;
#145 = CIRCLE ( 'NONE', #2314, 6.499999999999999112 ) ;
#146 = CARTESIAN_POINT ( 'NONE',  ( 31.44000000000000838, 41.87824147946974307, -15.24243336193892517 ) ) ;
#147 = ADVANCED_FACE ( 'NONE', ( #1467 ), #2701, .T. ) ;
#148 = VECTOR ( 'NONE', #425, 1000.000000000000000 ) ;
#149 = AXIS2_PLACEMENT_3D ( 'NONE', #2549, #2503, #2997 ) ;
#150 = ORIENTED_EDGE ( 'NONE', *, *, #2326, .F. ) ;
#151 = FACE_OUTER_BOUND ( 'NONE', #1251, .T. ) ;
#152 = CARTESIAN_POINT ( 'NONE',  ( -9.999999999999991118, 0.000000000000000000, 0.000000000000000000 ) ) ;
#153 = AXIS2_PLACEMENT_3D ( 'NONE', #1904, #2857, #1430 ) ;
#154 = DIRECTION ( 'NONE',  ( 0.000000000000000000, 0.000000000000000000, -1.000000000000000000 ) ) ;
#155 = DIRECTION ( 'NONE',  ( 0.000000000000000000, -0.7071067811865489050, -0.7071067811865461294 ) ) ;
#156 = CARTESIAN_POINT ( 'NONE',  ( -26.94000000000000128, 57.77686906838319203, 28.43868693891983668 ) ) ;
#157 = ORIENTED_EDGE ( 'NONE', *, *, #1420, .T. ) ;
#158 = CARTESIAN_POINT ( 'NONE',  ( -33.44000000000001194, 5.000000000000039080, -43.11509697000000330 ) ) ;
#159 = ORIENTED_EDGE ( 'NONE', *, *, #2849, .T. ) ;
#160 = ORIENTED_EDGE ( 'NONE', *, *, #67, .F. ) ;
#161 = EDGE_CURVE ( 'NONE', #606, #1172, #2412, .T. ) ;
#162 = FACE_OUTER_BOUND ( 'NONE', #2968, .T. ) ;
#163 = ORIENTED_EDGE ( 'NONE', *, *, #2742, .T. ) ;
#164 = EDGE_CURVE ( 'NONE', #2544, #672, #2915, .T. ) ;
#165 = CARTESIAN_POINT ( 'NONE',  ( 26.93999999999999773, 2.999999999999999112, 52.10045900977367239 ) ) ;
#166 = AXIS2_PLACEMENT_3D ( 'NONE', #2971, #2729, #811 ) ;
#167 = CARTESIAN_POINT ( 'NONE',  ( 33.43999999999999773, 50.02024515273897975, 30.51797308079036597 ) ) ;
#168 = CIRCLE ( 'NONE', #2027, 3.599999999999999201 ) ;
#169 = ADVANCED_FACE ( 'NONE', ( #2719 ), #1272, .F. ) ;
#170 =( LENGTH_UNIT ( ) NAMED_UNIT ( * ) SI_UNIT ( .MILLI., .METRE. ) );
#171 = DIRECTION ( 'NONE',  ( 0.000000000000000000, 0.000000000000000000, -1.000000000000000000 ) ) ;
#172 = DIRECTION ( 'NONE',  ( 5.536138930465331605E-31, 5.551115123125707514E-17, -1.000000000000000000 ) ) ;
#173 = ORIENTED_EDGE ( 'NONE', *, *, #3118, .F. ) ;
#174 = DIRECTION ( 'NONE',  ( 0.000000000000000000, 0.7071067811865495711, 0.7071067811865455743 ) ) ;
#175 = DIRECTION ( 'NONE',  ( -0.7071067811865445751, 0.7071067811865504593, -6.814637407481482877E-17 ) ) ;
#176 = ORIENTED_EDGE ( 'NONE', *, *, #729, .F. ) ;
#177 = CARTESIAN_POINT ( 'NONE',  ( -17.50000000000001066, -6.769531063488662788E-16, 12.19490303000038089 ) ) ;
#178 = ORIENTED_EDGE ( 'NONE', *, *, #1039, .F. ) ;
#179 = DIRECTION ( 'NONE',  ( -5.536138930465331605E-31, 0.000000000000000000, 1.000000000000000000 ) ) ;
#180 = CARTESIAN_POINT ( 'NONE',  ( -22.49999999999998934, 60.00000000000000000, 23.79490302999999685 ) ) ;
#181 = EDGE_CURVE ( 'NONE', #3065, #1478, #741, .T. ) ;
#182 = DIRECTION ( 'NONE',  ( 0.000000000000000000, 0.000000000000000000, -1.000000000000000000 ) ) ;
#183 = CARTESIAN_POINT ( 'NONE',  ( -26.94000000000001194, 60.00000000000000000, -43.11509697000000330 ) ) ;
#184 = CARTESIAN_POINT ( 'NONE',  ( 19.50000000000002842, 3.000000000000000000, 12.19490303000005049 ) ) ;
#185 = ORIENTED_EDGE ( 'NONE', *, *, #1788, .T. ) ;
#186 = DIRECTION ( 'NONE',  ( -0.000000000000000000, 1.000000000000000000, -0.000000000000000000 ) ) ;
#187 = CARTESIAN_POINT ( 'NONE',  ( -22.49999999999998934, 3.000000000000000000, 22.19490302999999898 ) ) ;
#188 = DIRECTION ( 'NONE',  ( -0.7071067811865455743, 0.7071067811865495711, 0.000000000000000000 ) ) ;
#189 = EDGE_CURVE ( 'NONE', #606, #1801, #618, .T. ) ;
#190 = ORIENTED_EDGE ( 'NONE', *, *, #665, .F. ) ;
#191 = LINE ( 'NONE', #1156, #1634 ) ;
#192 = AXIS2_PLACEMENT_3D ( 'NONE', #2629, #696, #471 ) ;
#193 = ORIENTED_EDGE ( 'NONE', *, *, #1772, .T. ) ;
#194 = VECTOR ( 'NONE', #82, 1000.000000000000000 ) ;
#195 = AXIS2_PLACEMENT_3D ( 'NONE', #1186, #2151, #3114 ) ;
#196 = DIRECTION ( 'NONE',  ( -1.000000000000000000, 0.000000000000000000, 0.000000000000000000 ) ) ;
#197 = FACE_OUTER_BOUND ( 'NONE', #2422, .T. ) ;
#198 = AXIS2_PLACEMENT_3D ( 'NONE', #2219, #787, #1211 ) ;
#199 = AXIS2_PLACEMENT_3D ( 'NONE', #804, #2442, #1706 ) ;
#200 = APPLICATION_PROTOCOL_DEFINITION ( 'draft international standard', 'automotive_design', 1998, #2550 ) ;
#201 = LINE ( 'NONE', #1190, #2164 ) ;
#202 = ADVANCED_FACE ( 'NONE', ( #3010 ), #1831, .F. ) ;
#203 = VECTOR ( 'NONE', #627, 1000.000000000000000 ) ;
#204 = CARTESIAN_POINT ( 'NONE',  ( -12.50000000000001066, 79.47875521999580428, 12.19490303000005049 ) ) ;
#205 = ORIENTED_EDGE ( 'NONE', *, *, #729, .T. ) ;
#206 = DIRECTION ( 'NONE',  ( 0.000000000000000000, -1.000000000000000000, 0.000000000000000000 ) ) ;
#207 = VERTEX_POINT ( 'NONE', #2771 ) ;
#208 = DIRECTION ( 'NONE',  ( 4.746482975071844201E-17, -0.9396926207859104263, 0.3420201433256633283 ) ) ;
#209 = VERTEX_POINT ( 'NONE', #2030 ) ;
#210 = EDGE_CURVE ( 'NONE', #1450, #415, #84, .T. ) ;
#211 = DIRECTION ( 'NONE',  ( 0.000000000000000000, 0.000000000000000000, -1.000000000000000000 ) ) ;
#212 = ORIENTED_EDGE ( 'NONE', *, *, #1321, .F. ) ;
#213 = LINE ( 'NONE', #2606, #558 ) ;
#214 = DIRECTION ( 'NONE',  ( 0.000000000000000000, -1.982541115402053869E-15, 1.000000000000000000 ) ) ;
#215 = VECTOR ( 'NONE', #886, 1000.000000000000114 ) ;
#216 = FACE_OUTER_BOUND ( 'NONE', #133, .T. ) ;
#217 = CARTESIAN_POINT ( 'NONE',  ( 26.93999999999999773, 58.03424694923710803, 32.06963125499618172 ) ) ;
#218 = LINE ( 'NONE', #1921, #1809 ) ;
#219 = VECTOR ( 'NONE', #519, 1000.000000000000000 ) ;
#220 = DIRECTION ( 'NONE',  ( 8.659560562354915602E-17, -0.7071067811865489050, 0.7071067811865461294 ) ) ;
#221 = VECTOR ( 'NONE', #3057, 1000.000000000000000 ) ;
#222 = DIRECTION ( 'NONE',  ( 9.637352644315380771E-17, 0.000000000000000000, -1.000000000000000000 ) ) ;
#223 = CYLINDRICAL_SURFACE ( 'NONE', #709, 8.000000000000000000 ) ;
#224 = EDGE_CURVE ( 'NONE', #3064, #3086, #1354, .T. ) ;
#225 = EDGE_LOOP ( 'NONE', ( #2523, #544, #2991, #1972 ) ) ;
#226 = VERTEX_POINT ( 'NONE', #2548 ) ;
#227 = ORIENTED_EDGE ( 'NONE', *, *, #2769, .F. ) ;
#228 = FACE_OUTER_BOUND ( 'NONE', #2275, .T. ) ;
#229 = DIRECTION ( 'NONE',  ( -0.000000000000000000, -1.000000000000000000, -0.000000000000000000 ) ) ;
#230 = VERTEX_POINT ( 'NONE', #392 ) ;
#231 = EDGE_CURVE ( 'NONE', #2469, #2801, #2996, .T. ) ;
#232 = CARTESIAN_POINT ( 'NONE',  ( 22.49999999999999645, 5.000000000000000000, 18.59490303000000111 ) ) ;
#233 = DIRECTION ( 'NONE',  ( 0.000000000000000000, 0.000000000000000000, -1.000000000000000000 ) ) ;
#234 = LINE ( 'NONE', #2573, #1174 ) ;
#235 = EDGE_CURVE ( 'NONE', #2463, #2335, #2612, .T. ) ;
#236 = VERTEX_POINT ( 'NONE', #2079 ) ;
#237 = CARTESIAN_POINT ( 'NONE',  ( 12.50000000000001066, 0.9999999999999596989, 17.19490303000005227 ) ) ;
#238 = ORIENTED_EDGE ( 'NONE', *, *, #2661, .T. ) ;
#239 = EDGE_CURVE ( 'NONE', #62, #1233, #753, .T. ) ;
#240 = ORIENTED_EDGE ( 'NONE', *, *, #590, .F. ) ;
#241 = FACE_OUTER_BOUND ( 'NONE', #1105, .T. ) ;
#242 = AXIS2_PLACEMENT_3D ( 'NONE', #2515, #2312, #1043 ) ;
#243 = DIRECTION ( 'NONE',  ( -4.477814127426265521E-17, 0.9396926207859104263, -0.3420201433256631063 ) ) ;
#244 = CIRCLE ( 'NONE', #2059, 5.000000000000000888 ) ;
#245 = CONICAL_SURFACE ( 'NONE', #2110, 3.600000000000002309, 0.7853981633974391752 ) ;
#246 = CARTESIAN_POINT ( 'NONE',  ( 12.50000000000001066, 3.000000000000000000, -34.80509697000007208 ) ) ;
#247 = DIRECTION ( 'NONE',  ( 0.000000000000000000, 0.000000000000000000, -1.000000000000000000 ) ) ;
#248 = AXIS2_PLACEMENT_3D ( 'NONE', #751, #532, #1268 ) ;
#249 = FACE_OUTER_BOUND ( 'NONE', #1357, .T. ) ;
#250 = CARTESIAN_POINT ( 'NONE',  ( 12.50000000000001066, -6.161165064775342053E-29, -32.80509697000005787 ) ) ;
#251 = CARTESIAN_POINT ( 'NONE',  ( -32.44000000000004036, 57.53778611902626494, 27.78181193418505757 ) ) ;
#252 = EDGE_CURVE ( 'NONE', #2328, #1854, #1582, .T. ) ;
#253 = EDGE_LOOP ( 'NONE', ( #305, #1962, #1848, #118 ) ) ;
#254 = EDGE_CURVE ( 'NONE', #80, #1, #327, .T. ) ;
#255 = EDGE_LOOP ( 'NONE', ( #1379, #1264, #301, #2041 ) ) ;
#256 = DIRECTION ( 'NONE',  ( -0.000000000000000000, 1.000000000000000000, -0.000000000000000000 ) ) ;
#257 = DIRECTION ( 'NONE',  ( 1.000000000000000000, 0.000000000000000000, -1.414156880428223686E-30 ) ) ;
#258 = EDGE_CURVE ( 'NONE', #1630, #719, #2269, .T. ) ;
#259 = ORIENTED_EDGE ( 'NONE', *, *, #824, .F. ) ;
#260 = CARTESIAN_POINT ( 'NONE',  ( -26.94000000000000483, 2.999999999999999112, 52.10045900977368660 ) ) ;
#261 = DIRECTION ( 'NONE',  ( 0.000000000000000000, 0.000000000000000000, 1.000000000000000000 ) ) ;
#262 = CIRCLE ( 'NONE', #2025, 1.600000000000000755 ) ;
#263 = ADVANCED_FACE ( 'NONE', ( #2535, #380 ), #1116, .T. ) ;
#264 = DIRECTION ( 'NONE',  ( -1.000000000000000000, 0.000000000000000000, -5.536138930465331605E-31 ) ) ;
#265 = CARTESIAN_POINT ( 'NONE',  ( 17.50000000000001066, -6.769531063488662788E-16, 12.19490303000038089 ) ) ;
#266 = DIRECTION ( 'NONE',  ( 0.000000000000000000, -0.7071067811865482389, -0.7071067811865469066 ) ) ;
#267 = CIRCLE ( 'NONE', #2586, 5.500000000000042633 ) ;
#268 = AXIS2_PLACEMENT_3D ( 'NONE', #1694, #2425, #1935 ) ;
#269 = ORIENTED_EDGE ( 'NONE', *, *, #530, .F. ) ;
#270 = ORIENTED_EDGE ( 'NONE', *, *, #1281, .F. ) ;
#271 = DIRECTION ( 'NONE',  ( -4.477814127426264904E-17, -0.9396926207859104263, 0.3420201433256631063 ) ) ;
#272 = LINE ( 'NONE', #1555, #1247 ) ;
#273 = VERTEX_POINT ( 'NONE', #3045 ) ;
#274 = CYLINDRICAL_SURFACE ( 'NONE', #806, 5.000000000000000888 ) ;
#275 = LINE ( 'NONE', #752, #1557 ) ;
#276 = EDGE_CURVE ( 'NONE', #586, #2803, #106, .T. ) ;
#277 = CARTESIAN_POINT ( 'NONE',  ( -19.50000000000002842, 3.000000000000000000, 12.19490303000005049 ) ) ;
#278 = DIRECTION ( 'NONE',  ( 0.000000000000000000, 0.000000000000000000, -1.000000000000000000 ) ) ;
#279 = CARTESIAN_POINT ( 'NONE',  ( 26.93999999999999773, 2.999999999999999112, 52.10045900977367239 ) ) ;
#280 = EDGE_CURVE ( 'NONE', #1090, #3086, #478, .T. ) ;
#281 = ORIENTED_EDGE ( 'NONE', *, *, #2028, .F. ) ;
#282 = EDGE_CURVE ( 'NONE', #320, #1880, #1785, .T. ) ;
#283 = ORIENTED_EDGE ( 'NONE', *, *, #282, .F. ) ;
#284 = VERTEX_POINT ( 'NONE', #1548 ) ;
#285 = CARTESIAN_POINT ( 'NONE',  ( 12.50000000000001066, 3.000000000000002665, 12.19490303000005049 ) ) ;
#286 = CARTESIAN_POINT ( 'NONE',  ( -30.44000000000001194, 60.00000000000000000, -43.11509697000000330 ) ) ;
#287 = ORIENTED_EDGE ( 'NONE', *, *, #587, .T. ) ;
#288 = AXIS2_PLACEMENT_3D ( 'NONE', #797, #1766, #2484 ) ;
#289 = CARTESIAN_POINT ( 'NONE',  ( -22.49999999999999289, 0.000000000000000000, -37.80509697000000102 ) ) ;
#290 = CARTESIAN_POINT ( 'NONE',  ( -22.49999999999998934, 5.000000000000000000, 22.19490302999999898 ) ) ;
#291 = AXIS2_PLACEMENT_3D ( 'NONE', #167, #2594, #214 ) ;
#292 = EDGE_CURVE ( 'NONE', #2889, #1442, #341, .T. ) ;
#293 = CARTESIAN_POINT ( 'NONE',  ( 1.007132632493459984E-29, 3.000000000000000000, 19.19490303000006648 ) ) ;
#294 = DIRECTION ( 'NONE',  ( -0.000000000000000000, -1.000000000000000000, -0.000000000000000000 ) ) ;
#295 = VECTOR ( 'NONE', #2064, 1000.000000000000114 ) ;
#296 = VECTOR ( 'NONE', #2168, 1000.000000000000000 ) ;
#297 = DIRECTION ( 'NONE',  ( 1.040834085586084257E-15, 0.000000000000000000, -1.000000000000000000 ) ) ;
#298 = VECTOR ( 'NONE', #2715, 1000.000000000000000 ) ;
#299 = AXIS2_PLACEMENT_3D ( 'NONE', #2333, #850, #2786 ) ;
#300 = ORIENTED_EDGE ( 'NONE', *, *, #1598, .F. ) ;
#301 = ORIENTED_EDGE ( 'NONE', *, *, #1542, .F. ) ;
#302 = AXIS2_PLACEMENT_3D ( 'NONE', #3072, #2579, #179 ) ;
#303 = EDGE_CURVE ( 'NONE', #1992, #876, #1323, .T. ) ;
#304 = ORIENTED_EDGE ( 'NONE', *, *, #1312, .F. ) ;
#305 = ORIENTED_EDGE ( 'NONE', *, *, #724, .F. ) ;
#306 = DIRECTION ( 'NONE',  ( 0.000000000000000000, 1.000000000000000000, 0.000000000000000000 ) ) ;
#307 = FACE_OUTER_BOUND ( 'NONE', #331, .T. ) ;
#308 = AXIS2_PLACEMENT_3D ( 'NONE', #1660, #1645, #3105 ) ;
#309 = ORIENTED_EDGE ( 'NONE', *, *, #2682, .T. ) ;
#310 = DIRECTION ( 'NONE',  ( -0.7071067811865497932, 0.6644630243886743282, -0.2418447626479698354 ) ) ;
#311 = DIRECTION ( 'NONE',  ( 0.000000000000000000, 0.000000000000000000, 1.000000000000000000 ) ) ;
#312 = CARTESIAN_POINT ( 'NONE',  ( -31.44000000000002260, 5.999999999999999112, -43.11509697000000330 ) ) ;
#313 = CARTESIAN_POINT ( 'NONE',  ( -26.94000000000001194, 5.000000000000039080, -43.11509697000000330 ) ) ;
#314 = CARTESIAN_POINT ( 'NONE',  ( 26.93999999999999773, 0.000000000000000000, 56.38490302999999670 ) ) ;
#315 = AXIS2_PLACEMENT_3D ( 'NONE', #2327, #2793, #211 ) ;
#316 = VERTEX_POINT ( 'NONE', #2046 ) ;
#317 = EDGE_CURVE ( 'NONE', #526, #2085, #849, .T. ) ;
#318 = VECTOR ( 'NONE', #601, 1000.000000000000000 ) ;
#319 = ORIENTED_EDGE ( 'NONE', *, *, #317, .F. ) ;
#320 = VERTEX_POINT ( 'NONE', #942 ) ;
#321 = PLANE ( 'NONE',  #1454 ) ;
#322 = CARTESIAN_POINT ( 'NONE',  ( -22.49999999999999289, 3.000000000000000000, -37.80509697000000102 ) ) ;
#323 = ORIENTED_EDGE ( 'NONE', *, *, #2298, .T. ) ;
#324 = DIRECTION ( 'NONE',  ( -0.000000000000000000, -1.000000000000000000, -7.645025128284134586E-17 ) ) ;
#325 = DIRECTION ( 'NONE',  ( 1.309225264888156377E-16, 7.645025128284134586E-17, -1.000000000000000000 ) ) ;
#326 = CARTESIAN_POINT ( 'NONE',  ( -33.44000000000001194, 5.000000000000039080, -49.61509697000001040 ) ) ;
#327 = LINE ( 'NONE', #363, #93 ) ;
#328 = DIRECTION ( 'NONE',  ( 1.000000000000000000, -3.716729199869806380E-34, -1.387778780781445922E-16 ) ) ;
#329 = VERTEX_POINT ( 'NONE', #3091 ) ;
#330 = CARTESIAN_POINT ( 'NONE',  ( -26.94000000000000483, 59.31595971334868267, 32.66730373245645325 ) ) ;
#331 = EDGE_LOOP ( 'NONE', ( #2437, #951, #923, #2325 ) ) ;
#332 = VERTEX_POINT ( 'NONE', #1608 ) ;
#333 = VERTEX_POINT ( 'NONE', #1646 ) ;
#334 = EDGE_CURVE ( 'NONE', #44, #2306, #1628, .T. ) ;
#335 = CARTESIAN_POINT ( 'NONE',  ( 30.44000000000001194, 4.999999999999984013, -49.61509697000001040 ) ) ;
#336 = CARTESIAN_POINT ( 'NONE',  ( 22.50000000000001421, 3.000000000000000000, -33.20509696999998539 ) ) ;
#337 = VERTEX_POINT ( 'NONE', #217 ) ;
#338 = DIRECTION ( 'NONE',  ( 0.000000000000000000, 0.000000000000000000, -1.000000000000000000 ) ) ;
#339 = DIRECTION ( 'NONE',  ( 0.000000000000000000, 0.000000000000000000, 1.000000000000000000 ) ) ;
#340 = FACE_OUTER_BOUND ( 'NONE', #2477, .T. ) ;
#341 = LINE ( 'NONE', #1306, #2762 ) ;
#342 = FACE_OUTER_BOUND ( 'NONE', #2153, .T. ) ;
#343 = AXIS2_PLACEMENT_3D ( 'NONE', #2453, #547, #1029 ) ;
#344 = ORIENTED_EDGE ( 'NONE', *, *, #2261, .F. ) ;
#345 = AXIS2_PLACEMENT_3D ( 'NONE', #17, #1232, #748 ) ;
#346 = LINE ( 'NONE', #3035, #1975 ) ;
#347 = AXIS2_PLACEMENT_3D ( 'NONE', #978, #2055, #1296 ) ;
#348 = VERTEX_POINT ( 'NONE', #232 ) ;
#349 = AXIS2_PLACEMENT_3D ( 'NONE', #2441, #2930, #278 ) ;
#350 = CIRCLE ( 'NONE', #2114, 49.72474820842921162 ) ;
#351 = ORIENTED_EDGE ( 'NONE', *, *, #3059, .T. ) ;
#352 = ORIENTED_EDGE ( 'NONE', *, *, #2234, .T. ) ;
#353 = AXIS2_PLACEMENT_3D ( 'NONE', #1907, #2863, #171 ) ;
#354 = DIRECTION ( 'NONE',  ( 0.000000000000000000, 0.000000000000000000, -1.000000000000000000 ) ) ;
#355 = DIRECTION ( 'NONE',  ( 0.000000000000000000, -0.7071067811865517916, 0.7071067811865431318 ) ) ;
#356 = EDGE_CURVE ( 'NONE', #1244, #1630, #201, .T. ) ;
#357 = AXIS2_PLACEMENT_3D ( 'NONE', #1795, #844, #2766 ) ;
#358 = ORIENTED_EDGE ( 'NONE', *, *, #2676, .T. ) ;
#359 = FACE_OUTER_BOUND ( 'NONE', #2513, .T. ) ;
#360 = DIRECTION ( 'NONE',  ( 0.000000000000000000, 0.000000000000000000, -1.000000000000000000 ) ) ;
#361 = ADVANCED_FACE ( 'NONE', ( #2361 ), #2465, .T. ) ;
#362 = PLANE ( 'NONE',  #878 ) ;
#363 = CARTESIAN_POINT ( 'NONE',  ( 12.00000000000000711, 3.000000000000000000, 30.19490303000009845 ) ) ;
#364 = CARTESIAN_POINT ( 'NONE',  ( 33.44000000000001904, 41.87824147946974307, -15.24243336193892517 ) ) ;
#365 = EDGE_CURVE ( 'NONE', #718, #3065, #554, .T. ) ;
#366 = MANIFOLD_SOLID_BREP ( 'Fase3', #2865 ) ;
#367 = ORIENTED_EDGE ( 'NONE', *, *, #2955, .F. ) ;
#368 = DIRECTION ( 'NONE',  ( 0.000000000000000000, -0.000000000000000000, -1.000000000000000000 ) ) ;
#369 = ORIENTED_EDGE ( 'NONE', *, *, #700, .T. ) ;
#370 = VECTOR ( 'NONE', #1834, 999.9999999999998863 ) ;
#371 = ORIENTED_EDGE ( 'NONE', *, *, #3113, .F. ) ;
#372 = ORIENTED_EDGE ( 'NONE', *, *, #1476, .T. ) ;
#373 = FACE_OUTER_BOUND ( 'NONE', #1229, .T. ) ;
#374 = DIRECTION ( 'NONE',  ( 0.000000000000000000, 0.000000000000000000, 1.000000000000000000 ) ) ;
#375 = AXIS2_PLACEMENT_3D ( 'NONE', #293, #786, #1496 ) ;
#376 = ORIENTED_EDGE ( 'NONE', *, *, #189, .T. ) ;
#377 = CARTESIAN_POINT ( 'NONE',  ( 19.50000000000002842, 3.000000000000000000, 12.19490303000005049 ) ) ;
#378 = DIRECTION ( 'NONE',  ( 0.000000000000000000, -1.000000000000000000, 0.000000000000000000 ) ) ;
#379 = FACE_OUTER_BOUND ( 'NONE', #1329, .T. ) ;
#380 = FACE_BOUND ( 'NONE', #538, .T. ) ;
#381 = EDGE_CURVE ( 'NONE', #2936, #586, #2847, .T. ) ;
#382 = FACE_OUTER_BOUND ( 'NONE', #2272, .T. ) ;
#383 = DIRECTION ( 'NONE',  ( 0.000000000000000000, -1.000000000000000000, 0.000000000000000000 ) ) ;
#384 = ORIENTED_EDGE ( 'NONE', *, *, #2316, .F. ) ;
#385 = EDGE_CURVE ( 'NONE', #1641, #333, #2318, .T. ) ;
#386 = ORIENTED_EDGE ( 'NONE', *, *, #2590, .T. ) ;
#387 = CARTESIAN_POINT ( 'NONE',  ( -22.49999999999998934, 4.000000000000037303, 25.79490303000000040 ) ) ;
#388 = ORIENTED_EDGE ( 'NONE', *, *, #732, .T. ) ;
#389 = CARTESIAN_POINT ( 'NONE',  ( 26.93999999999999773, 59.31595971334868267, 32.66730373245643904 ) ) ;
#390 = CARTESIAN_POINT ( 'NONE',  ( 31.44000000000000838, 50.02024515273897975, 30.51797308079036597 ) ) ;
#391 = DIRECTION ( 'NONE',  ( -5.246875334141536319E-31, 0.000000000000000000, -1.000000000000000000 ) ) ;
#392 = CARTESIAN_POINT ( 'NONE',  ( 22.49999999999999645, 3.000000000000000000, 17.59490303000001177 ) ) ;
#393 = LINE ( 'NONE', #1599, #955 ) ;
#394 = ADVANCED_FACE ( 'NONE', ( #470 ), #956, .T. ) ;
#395 = ORIENTED_EDGE ( 'NONE', *, *, #381, .F. ) ;
#396 = CARTESIAN_POINT ( 'NONE',  ( -33.44000000000001194, 60.00000000000000000, -43.11509697000000330 ) ) ;
#397 = ORIENTED_EDGE ( 'NONE', *, *, #1052, .T. ) ;
#398 = CIRCLE ( 'NONE', #701, 3.599999999999999201 ) ;
#399 =( BOUNDED_CURVE ( )  B_SPLINE_CURVE ( 3, ( #2796, #2356, #1626, #165 ),
 .UNSPECIFIED., .F., .T. ) 
 B_SPLINE_CURVE_WITH_KNOTS ( ( 4, 4 ),
 ( 4.712388980384689674, 6.283185307179586232 ),
 .UNSPECIFIED. ) 
 CURVE ( )  GEOMETRIC_REPRESENTATION_ITEM ( )  RATIONAL_B_SPLINE_CURVE ( ( 1.000000000000000000, 0.8047378541243649375, 0.8047378541243649375, 1.000000000000000000 ) ) 
 REPRESENTATION_ITEM ( '' )  );
#400 = AXIS2_PLACEMENT_3D ( 'NONE', #322, #1525, #2543 ) ;
#401 = ORIENTED_EDGE ( 'NONE', *, *, #24, .F. ) ;
#402 = EDGE_LOOP ( 'NONE', ( #2650, #283, #3037, #1295 ) ) ;
#403 = AXIS2_PLACEMENT_3D ( 'NONE', #2910, #2236, #2426 ) ;
#404 = DIRECTION ( 'NONE',  ( 0.7071067811865371366, 0.6644630243886863186, -0.2418447626479737766 ) ) ;
#405 = EDGE_CURVE ( 'NONE', #2303, #2936, #680, .T. ) ;
#406 = AXIS2_PLACEMENT_3D ( 'NONE', #2880, #546, #1946 ) ;
#407 = ORIENTED_EDGE ( 'NONE', *, *, #72, .F. ) ;
#408 = DIRECTION ( 'NONE',  ( -0.7071067811865472397, -0.7071067811865479058, 0.000000000000000000 ) ) ;
#409 = DIRECTION ( 'NONE',  ( 0.000000000000000000, -0.3420201433256631618, -0.9396926207859105373 ) ) ;
#410 = AXIS2_PLACEMENT_3D ( 'NONE', #2296, #866, #2779 ) ;
#411 = CARTESIAN_POINT ( 'NONE',  ( -30.44000000000000128, 50.02024515273897975, 30.51797308079036597 ) ) ;
#412 = DIRECTION ( 'NONE',  ( 0.000000000000000000, 0.000000000000000000, 1.000000000000000000 ) ) ;
#413 = ORIENTED_EDGE ( 'NONE', *, *, #2491, .F. ) ;
#414 = CARTESIAN_POINT ( 'NONE',  ( -4.999999999999993783, 3.000000000000002665, 30.19490303000009845 ) ) ;
#415 = VERTEX_POINT ( 'NONE', #1920 ) ;
#416 = ORIENTED_EDGE ( 'NONE', *, *, #235, .T. ) ;
#417 = EDGE_CURVE ( 'NONE', #2603, #207, #97, .T. ) ;
#418 = FACE_OUTER_BOUND ( 'NONE', #33, .T. ) ;
#419 = ORIENTED_EDGE ( 'NONE', *, *, #67, .T. ) ;
#420 = CARTESIAN_POINT ( 'NONE',  ( -33.44000000000001194, 6.000000000000000000, -48.61509697000003882 ) ) ;
#421 = AXIS2_PLACEMENT_3D ( 'NONE', #1874, #1365, #890 ) ;
#422 = EDGE_CURVE ( 'NONE', #1478, #236, #1434, .T. ) ;
#423 = CARTESIAN_POINT ( 'NONE',  ( -22.49999999999998934, 0.000000000000000000, 20.59490302999999756 ) ) ;
#424 = DIRECTION ( 'NONE',  ( -1.000000000000000000, 0.000000000000000000, 0.000000000000000000 ) ) ;
#425 = DIRECTION ( 'NONE',  ( 0.7071067811865456854, 0.7071067811865493491, 0.000000000000000000 ) ) ;
#426 = FACE_OUTER_BOUND ( 'NONE', #2119, .T. ) ;
#427 = ADVANCED_FACE ( 'NONE', ( #1385 ), #2346, .T. ) ;
#428 = VERTEX_POINT ( 'NONE', #1932 ) ;
#429 = CYLINDRICAL_SURFACE ( 'NONE', #472, 3.600000000000005862 ) ;
#430 = DIRECTION ( 'NONE',  ( 1.304085479583592209E-16, 0.3420201433256631063, 0.9396926207859104263 ) ) ;
#431 = DIRECTION ( 'NONE',  ( 0.000000000000000000, -0.9396926207859103153, 0.3420201433256638279 ) ) ;
#432 = CYLINDRICAL_SURFACE ( 'NONE', #1428, 3.599999999999999201 ) ;
#433 = EDGE_CURVE ( 'NONE', #3064, #822, #1718, .T. ) ;
#434 = ORIENTED_EDGE ( 'NONE', *, *, #1361, .T. ) ;
#435 = CARTESIAN_POINT ( 'NONE',  ( -26.94000000000001194, 5.999999999999998224, -43.11509697000000330 ) ) ;
#436 = LINE ( 'NONE', #1877, #749 ) ;
#437 = CARTESIAN_POINT ( 'NONE',  ( -17.50000000000001066, 0.9999999999999592548, 12.19490303000005049 ) ) ;
#438 = LINE ( 'NONE', #2848, #1857 ) ;
#439 = ORIENTED_EDGE ( 'NONE', *, *, #142, .T. ) ;
#440 = CARTESIAN_POINT ( 'NONE',  ( -22.49999999999999289, 5.000000000000000000, -37.80509697000000102 ) ) ;
#441 = CARTESIAN_POINT ( 'NONE',  ( 33.43999999999999773, 50.02024515273897975, 30.51797308079036597 ) ) ;
#442 = DIRECTION ( 'NONE',  ( 1.000000000000000000, 0.000000000000000000, 0.000000000000000000 ) ) ;
#443 = AXIS2_PLACEMENT_3D ( 'NONE', #1178, #1647, #247 ) ;
#444 = ORIENTED_EDGE ( 'NONE', *, *, #972, .T. ) ;
#445 = DIRECTION ( 'NONE',  ( 0.000000000000000000, 0.000000000000000000, -1.000000000000000000 ) ) ;
#446 = AXIS2_PLACEMENT_3D ( 'NONE', #1828, #2010, #339 ) ;
#447 = EDGE_LOOP ( 'NONE', ( #2018, #2338, #2952, #212 ) ) ;
#448 = AXIS2_PLACEMENT_3D ( 'NONE', #642, #1606, #325 ) ;
#449 = LINE ( 'NONE', #1605, #1570 ) ;
#450 = CARTESIAN_POINT ( 'NONE',  ( 32.44000000000005457, 5.999999999999998224, -26.92421699422480685 ) ) ;
#451 = ADVANCED_FACE ( 'NONE', ( #2171 ), #1691, .F. ) ;
#452 = AXIS2_PLACEMENT_3D ( 'NONE', #1167, #2884, #2643 ) ;
#453 = VECTOR ( 'NONE', #476, 1000.000000000000000 ) ;
#454 = CARTESIAN_POINT ( 'NONE',  ( 33.44000000000001194, 0.000000000000000000, -49.61509697000000330 ) ) ;
#455 = CIRCLE ( 'NONE', #755, 5.000000000000000888 ) ;
#456 = DIRECTION ( 'NONE',  ( 0.000000000000000000, -0.9396926207859104263, 0.3420201433256631063 ) ) ;
#457 = EDGE_CURVE ( 'NONE', #1839, #761, #1479, .T. ) ;
#458 = CARTESIAN_POINT ( 'NONE',  ( 22.49999999999999645, 3.000000000000000000, 22.19490303000000608 ) ) ;
#459 = LINE ( 'NONE', #945, #802 ) ;
#460 = DIRECTION ( 'NONE',  ( 0.000000000000000000, 0.000000000000000000, -1.000000000000000000 ) ) ;
#461 = UNCERTAINTY_MEASURE_WITH_UNIT (LENGTH_MEASURE( 1.000000000000000082E-05 ), #1132, 'distance_accuracy_value', 'NONE');
#462 = ORIENTED_EDGE ( 'NONE', *, *, #805, .F. ) ;
#463 = EDGE_CURVE ( 'NONE', #876, #112, #2684, .T. ) ;
#464 = VERTEX_POINT ( 'NONE', #738 ) ;
#465 = CARTESIAN_POINT ( 'NONE',  ( -33.44000000000001194, 5.000000000000037303, -26.92421699422481396 ) ) ;
#466 = DIRECTION ( 'NONE',  ( -5.865006560145071669E-17, -0.9063077870366413880, -0.4226182617407178710 ) ) ;
#467 = AXIS2_PLACEMENT_3D ( 'NONE', #1358, #1103, #1327 ) ;
#468 = DIRECTION ( 'NONE',  ( 0.000000000000000000, -0.7071067811865482389, -0.7071067811865469066 ) ) ;
#469 = ADVANCED_BREP_SHAPE_REPRESENTATION ( 'Staender', ( #366, #308 ), #3034 ) ;
#470 = FACE_OUTER_BOUND ( 'NONE', #2177, .T. ) ;
#471 = DIRECTION ( 'NONE',  ( 0.000000000000000000, 0.000000000000000000, -1.000000000000000000 ) ) ;
#472 = AXIS2_PLACEMENT_3D ( 'NONE', #684, #3061, #1847 ) ;
#473 = EDGE_CURVE ( 'NONE', #879, #2921, #1702, .T. ) ;
#474 = CARTESIAN_POINT ( 'NONE',  ( 10.00000000000000533, 79.47875521999580428, 30.19490303000009845 ) ) ;
#475 = ORIENTED_EDGE ( 'NONE', *, *, #2699, .T. ) ;
#476 = DIRECTION ( 'NONE',  ( -1.000000000000000000, 0.000000000000000000, 5.246875334141536319E-31 ) ) ;
#477 = ORIENTED_EDGE ( 'NONE', *, *, #868, .T. ) ;
#478 =( BOUNDED_CURVE ( )  B_SPLINE_CURVE ( 3, ( #1843, #2798, #1563, #817 ),
 .UNSPECIFIED., .F., .T. ) 
 B_SPLINE_CURVE_WITH_KNOTS ( ( 4, 4 ),
 ( 1.393248426057861534E-16, 1.570796326794895670 ),
 .UNSPECIFIED. ) 
 CURVE ( )  GEOMETRIC_REPRESENTATION_ITEM ( )  RATIONAL_B_SPLINE_CURVE ( ( 1.000000000000000000, 0.8047378541243652705, 0.8047378541243652705, 1.000000000000000000 ) ) 
 REPRESENTATION_ITEM ( '' )  );
#479 = ORIENTED_EDGE ( 'NONE', *, *, #1979, .F. ) ;
#480 = LINE ( 'NONE', #953, #3022 ) ;
#481 = DIRECTION ( 'NONE',  ( 0.000000000000000000, -1.000000000000000000, 0.000000000000000000 ) ) ;
#482 = CARTESIAN_POINT ( 'NONE',  ( 22.50000000000001421, 5.000000000000000000, -34.20509696999998539 ) ) ;
#483 = DIRECTION ( 'NONE',  ( -1.000000000000000000, 0.000000000000000000, 5.246875334141536319E-31 ) ) ;
#484 = CARTESIAN_POINT ( 'NONE',  ( 17.50000000000001066, 1.543492942901482892E-15, -27.80509697000081459 ) ) ;
#485 = CYLINDRICAL_SURFACE ( 'NONE', #452, 1.600000000000004086 ) ;
#486 = CARTESIAN_POINT ( 'NONE',  ( 26.94000000000000128, 57.77686906838319203, 28.43868693891983668 ) ) ;
#487 = EDGE_CURVE ( 'NONE', #1774, #332, #1257, .T. ) ;
#488 = ORIENTED_EDGE ( 'NONE', *, *, #1391, .T. ) ;
#489 = VERTEX_POINT ( 'NONE', #2438 ) ;
#490 = EDGE_CURVE ( 'NONE', #1314, #337, #2196, .T. ) ;
#491 = ORIENTED_EDGE ( 'NONE', *, *, #2703, .F. ) ;
#492 = LINE ( 'NONE', #966, #296 ) ;
#493 = CIRCLE ( 'NONE', #343, 6.499999999999999112 ) ;
#494 = DIRECTION ( 'NONE',  ( 0.000000000000000000, -1.000000000000000000, 0.000000000000000000 ) ) ;
#495 = EDGE_CURVE ( 'NONE', #1375, #2803, #455, .T. ) ;
#496 = AXIS2_PLACEMENT_3D ( 'NONE', #1506, #1990, #2666 ) ;
#497 = CONICAL_SURFACE ( 'NONE', #195, 3.499999999999997335, 0.7853981633974549403 ) ;
#498 = ORIENTED_EDGE ( 'NONE', *, *, #2149, .T. ) ;
#499 = CARTESIAN_POINT ( 'NONE',  ( -12.50000000000001066, 0.9999999999999592548, -27.80509697000005787 ) ) ;
#500 = DIRECTION ( 'NONE',  ( -0.000000000000000000, -1.000000000000000000, -0.000000000000000000 ) ) ;
#501 = AXIS2_PLACEMENT_3D ( 'NONE', #2751, #1288, #882 ) ;
#502 = AXIS2_PLACEMENT_3D ( 'NONE', #2570, #1117, #1085 ) ;
#503 = VECTOR ( 'NONE', #310, 1000.000000000000000 ) ;
#504 = CARTESIAN_POINT ( 'NONE',  ( 12.50000000000001066, 0.9999999999999592548, 17.19490303000005227 ) ) ;
#505 = CARTESIAN_POINT ( 'NONE',  ( -12.50000000000001066, 6.161165064775342053E-29, -32.80509697000005787 ) ) ;
#506 = LINE ( 'NONE', #2189, #3025 ) ;
#507 = CIRCLE ( 'NONE', #2964, 4.600000000000006750 ) ;
#508 = ORIENTED_EDGE ( 'NONE', *, *, #1079, .F. ) ;
#509 = VERTEX_POINT ( 'NONE', #1234 ) ;
#510 = ORIENTED_EDGE ( 'NONE', *, *, #2860, .T. ) ;
#511 = EDGE_CURVE ( 'NONE', #1165, #1489, #1978, .T. ) ;
#512 = CARTESIAN_POINT ( 'NONE',  ( 22.49999999999999645, 3.999999999999995559, 25.79490303000000750 ) ) ;
#513 = CARTESIAN_POINT ( 'NONE',  ( -12.50000000000001066, 0.000000000000000000, -32.80509697000005787 ) ) ;
#514 = EDGE_LOOP ( 'NONE', ( #2288, #2808, #1698, #764, #1470, #2115, #2756 ) ) ;
#515 = EDGE_CURVE ( 'NONE', #1139, #1395, #1671, .T. ) ;
#516 = DIRECTION ( 'NONE',  ( 0.000000000000000000, -1.000000000000000000, 0.000000000000000000 ) ) ;
#517 = PLANE ( 'NONE',  #900 ) ;
#518 = AXIS2_PLACEMENT_3D ( 'NONE', #1317, #3038, #445 ) ;
#519 = DIRECTION ( 'NONE',  ( -1.309225264888156377E-16, 7.645025128284134586E-17, -1.000000000000000000 ) ) ;
#520 = DIRECTION ( 'NONE',  ( 0.000000000000000000, -1.000000000000000000, 0.000000000000000000 ) ) ;
#521 = CARTESIAN_POINT ( 'NONE',  ( -22.49999999999998934, 0.000000000000000000, 22.19490302999999898 ) ) ;
#522 = AXIS2_PLACEMENT_3D ( 'NONE', #567, #2518, #2770 ) ;
#523 = ADVANCED_FACE ( 'NONE', ( #1028 ), #274, .F. ) ;
#524 = AXIS2_PLACEMENT_3D ( 'NONE', #662, #1369, #2331 ) ;
#525 = VERTEX_POINT ( 'NONE', #981 ) ;
#526 = VERTEX_POINT ( 'NONE', #246 ) ;
#527 = VERTEX_POINT ( 'NONE', #2184 ) ;
#528 = DIRECTION ( 'NONE',  ( 0.000000000000000000, 0.000000000000000000, 1.000000000000000000 ) ) ;
#529 = DIRECTION ( 'NONE',  ( -4.746482975071844201E-17, 0.9396926207859104263, -0.3420201433256633283 ) ) ;
#530 = EDGE_CURVE ( 'NONE', #2795, #2072, #1985, .T. ) ;
#531 = ORIENTED_EDGE ( 'NONE', *, *, #2495, .T. ) ;
#532 = DIRECTION ( 'NONE',  ( -0.000000000000000000, 1.000000000000000000, -0.000000000000000000 ) ) ;
#533 = DIRECTION ( 'NONE',  ( 0.000000000000000000, -1.000000000000000000, 0.000000000000000000 ) ) ;
#534 = DIRECTION ( 'NONE',  ( 0.000000000000000000, 0.000000000000000000, -1.000000000000000000 ) ) ;
#535 = CARTESIAN_POINT ( 'NONE',  ( 33.44000000000001194, 5.000000000000037303, -26.92421699422481396 ) ) ;
#536 = CARTESIAN_POINT ( 'NONE',  ( 22.49999999999999645, 60.00000000000000000, 20.59490303000000466 ) ) ;
#537 = ADVANCED_FACE ( 'NONE', ( #1462 ), #768, .F. ) ;
#538 = EDGE_LOOP ( 'NONE', ( #2167, #178 ) ) ;
#539 = VERTEX_POINT ( 'NONE', #2906 ) ;
#540 = VERTEX_POINT ( 'NONE', #482 ) ;
#541 = ORIENTED_EDGE ( 'NONE', *, *, #636, .T. ) ;
#542 = DIRECTION ( 'NONE',  ( -0.000000000000000000, 1.000000000000000000, -0.000000000000000000 ) ) ;
#543 = PLANE ( 'NONE',  #1861 ) ;
#544 = ORIENTED_EDGE ( 'NONE', *, *, #1747, .T. ) ;
#545 = VECTOR ( 'NONE', #2945, 1000.000000000000000 ) ;
#546 = DIRECTION ( 'NONE',  ( -0.000000000000000000, -1.000000000000000000, -0.000000000000000000 ) ) ;
#547 = DIRECTION ( 'NONE',  ( 0.000000000000000000, -1.000000000000000000, 0.000000000000000000 ) ) ;
#548 = CONICAL_SURFACE ( 'NONE', #2510, 3.500000000000003109, 0.7853981633974466137 ) ;
#549 = DIRECTION ( 'NONE',  ( 0.000000000000000000, 1.000000000000000000, 0.000000000000000000 ) ) ;
#550 = DIRECTION ( 'NONE',  ( -0.7071067811865495711, -0.7071067811865455743, -6.814637407481528483E-17 ) ) ;
#551 = EDGE_CURVE ( 'NONE', #1854, #273, #1206, .T. ) ;
#552 = AXIS2_PLACEMENT_3D ( 'NONE', #1193, #2851, #2383 ) ;
#553 = LINE ( 'NONE', #2015, #1363 ) ;
#554 = CIRCLE ( 'NONE', #353, 3.500000000000003109 ) ;
#555 = CIRCLE ( 'NONE', #2966, 1.600000000000000755 ) ;
#556 = ORIENTED_EDGE ( 'NONE', *, *, #1575, .T. ) ;
#557 = EDGE_CURVE ( 'NONE', #1551, #1977, #656, .T. ) ;
#558 = VECTOR ( 'NONE', #2624, 1000.000000000000114 ) ;
#559 = ORIENTED_EDGE ( 'NONE', *, *, #629, .T. ) ;
#560 = EDGE_LOOP ( 'NONE', ( #2690, #2932 ) ) ;
#561 = DIRECTION ( 'NONE',  ( 1.000000000000000000, 0.000000000000000000, -1.414156880428223686E-30 ) ) ;
#562 = LINE ( 'NONE', #387, #2003 ) ;
#563 = EDGE_CURVE ( 'NONE', #2724, #236, #1460, .T. ) ;
#564 = ORIENTED_EDGE ( 'NONE', *, *, #4, .F. ) ;
#565 = DIRECTION ( 'NONE',  ( 0.000000000000000000, -1.000000000000000000, 0.000000000000000000 ) ) ;
#566 = DIRECTION ( 'NONE',  ( 0.000000000000000000, 0.000000000000000000, -1.000000000000000000 ) ) ;
#567 = CARTESIAN_POINT ( 'NONE',  ( 22.49999999999999645, 5.000000000000000000, 22.19490303000000608 ) ) ;
#568 = CARTESIAN_POINT ( 'NONE',  ( 33.44000000000001194, 5.000000000000039080, -49.61509697000000330 ) ) ;
#569 = DIRECTION ( 'NONE',  ( -1.367950388909798519E-16, 0.000000000000000000, 1.000000000000000000 ) ) ;
#570 = EDGE_CURVE ( 'NONE', #2757, #1656, #796, .T. ) ;
#571 = VERTEX_POINT ( 'NONE', #1349 ) ;
#572 = FACE_OUTER_BOUND ( 'NONE', #1200, .T. ) ;
#573 = VECTOR ( 'NONE', #1824, 1000.000000000000000 ) ;
#574 = ORIENTED_EDGE ( 'NONE', *, *, #3021, .F. ) ;
#575 = ORIENTED_EDGE ( 'NONE', *, *, #1201, .T. ) ;
#576 = ORIENTED_EDGE ( 'NONE', *, *, #181, .F. ) ;
#577 = CARTESIAN_POINT ( 'NONE',  ( 26.94000000000001194, 4.999999999999984013, -46.61509697000000330 ) ) ;
#578 = CARTESIAN_POINT ( 'NONE',  ( 22.50000000000001421, 60.00000000000000000, -39.40509696999999534 ) ) ;
#579 = ORIENTED_EDGE ( 'NONE', *, *, #798, .F. ) ;
#580 = DIRECTION ( 'NONE',  ( -0.000000000000000000, -1.000000000000000000, -0.000000000000000000 ) ) ;
#581 = CARTESIAN_POINT ( 'NONE',  ( -26.94000000000001194, 60.00000000000000000, -43.11509697000000330 ) ) ;
#582 = CARTESIAN_POINT ( 'NONE',  ( 33.44000000000002615, 59.31595971334868267, 32.66730373245644614 ) ) ;
#583 = DIRECTION ( 'NONE',  ( -0.000000000000000000, -1.000000000000000000, -0.000000000000000000 ) ) ;
#584 = CARTESIAN_POINT ( 'NONE',  ( -31.44000000000000838, 50.02024515273897975, 30.51797308079036597 ) ) ;
#585 = DIRECTION ( 'NONE',  ( -0.000000000000000000, 1.000000000000000000, -0.000000000000000000 ) ) ;
#586 = VERTEX_POINT ( 'NONE', #81 ) ;
#587 = EDGE_CURVE ( 'NONE', #1189, #2033, #2311, .T. ) ;
#588 = ORIENTED_EDGE ( 'NONE', *, *, #1940, .F. ) ;
#589 = CARTESIAN_POINT ( 'NONE',  ( -4.999999999999993783, 3.000000000000000000, 37.19490303000008424 ) ) ;
#590 = EDGE_CURVE ( 'NONE', #428, #2097, #2264, .T. ) ;
#591 = FACE_OUTER_BOUND ( 'NONE', #1034, .T. ) ;
#592 = ORIENTED_EDGE ( 'NONE', *, *, #2376, .T. ) ;
#593 = CARTESIAN_POINT ( 'NONE',  ( -33.44000000000001194, 5.999999999999998224, -26.92421699422481396 ) ) ;
#594 = EDGE_CURVE ( 'NONE', #1998, #2926, #119, .T. ) ;
#595 = CARTESIAN_POINT ( 'NONE',  ( 33.44000000000001194, 60.00000000000000000, -43.11509697000000330 ) ) ;
#596 = DIRECTION ( 'NONE',  ( -1.000000000000000000, 0.000000000000000000, 5.246875334141536319E-31 ) ) ;
#597 = CARTESIAN_POINT ( 'NONE',  ( -19.50000000000002842, 3.000000000000000000, -27.80509697000005787 ) ) ;
#598 = CARTESIAN_POINT ( 'NONE',  ( -30.44000000000001194, 4.999999999999984013, -43.11509697000000330 ) ) ;
#599 = VECTOR ( 'NONE', #1679, 1000.000000000000114 ) ;
#600 = CONICAL_SURFACE ( 'NONE', #3017, 3.600000000000005862, 0.7853981633974387311 ) ;
#601 = DIRECTION ( 'NONE',  ( -1.000000000000000000, 3.716729199869806380E-34, 1.387778780781445922E-16 ) ) ;
#602 = AXIS2_PLACEMENT_3D ( 'NONE', #990, #1960, #2193 ) ;
#603 = ORIENTED_EDGE ( 'NONE', *, *, #2925, .T. ) ;
#604 = AXIS2_PLACEMENT_3D ( 'NONE', #631, #1099, #2502 ) ;
#605 = AXIS2_PLACEMENT_3D ( 'NONE', #742, #1518, #2474 ) ;
#606 = VERTEX_POINT ( 'NONE', #1544 ) ;
#607 = VERTEX_POINT ( 'NONE', #389 ) ;
#608 = VECTOR ( 'NONE', #1336, 1000.000000000000000 ) ;
#609 = LINE ( 'NONE', #2744, #90 ) ;
#610 = DIRECTION ( 'NONE',  ( -0.000000000000000000, -1.000000000000000000, -0.000000000000000000 ) ) ;
#611 = AXIS2_PLACEMENT_3D ( 'NONE', #1781, #1810, #3027 ) ;
#612 = ADVANCED_FACE ( 'NONE', ( #151 ), #2214, .F. ) ;
#613 = ORIENTED_EDGE ( 'NONE', *, *, #1131, .T. ) ;
#614 = CARTESIAN_POINT ( 'NONE',  ( -22.49999999999998934, 5.000000000000000000, 22.19490302999999898 ) ) ;
#615 = DIRECTION ( 'NONE',  ( -1.000000000000000000, 0.000000000000000000, -1.309225264888156377E-16 ) ) ;
#616 = EDGE_CURVE ( 'NONE', #2488, #428, #2768, .T. ) ;
#617 = DIRECTION ( 'NONE',  ( -1.000000000000000000, 0.000000000000000000, -1.309225264888156377E-16 ) ) ;
#618 = LINE ( 'NONE', #1531, #2813 ) ;
#619 = FACE_OUTER_BOUND ( 'NONE', #856, .T. ) ;
#620 = DIRECTION ( 'NONE',  ( 0.000000000000000000, -0.7071067811865539010, -0.7071067811865411334 ) ) ;
#621 = VERTEX_POINT ( 'NONE', #2545 ) ;
#622 = VECTOR ( 'NONE', #610, 1000.000000000000000 ) ;
#623 = ORIENTED_EDGE ( 'NONE', *, *, #511, .F. ) ;
#624 = ORIENTED_EDGE ( 'NONE', *, *, #2456, .T. ) ;
#625 = DIRECTION ( 'NONE',  ( 0.000000000000000000, 0.000000000000000000, -1.000000000000000000 ) ) ;
#626 = ORIENTED_EDGE ( 'NONE', *, *, #2207, .T. ) ;
#627 = DIRECTION ( 'NONE',  ( -0.000000000000000000, -1.000000000000000000, -0.000000000000000000 ) ) ;
#628 = DIRECTION ( 'NONE',  ( -0.000000000000000000, 1.000000000000000000, -0.000000000000000000 ) ) ;
#629 = EDGE_CURVE ( 'NONE', #2068, #2072, #1096, .T. ) ;
#630 = CARTESIAN_POINT ( 'NONE',  ( -22.49999999999998934, 0.000000000000000000, 23.79490302999999685 ) ) ;
#631 = CARTESIAN_POINT ( 'NONE',  ( 4.314083075427408311E-29, 0.9999999999999592548, -32.80509697000005787 ) ) ;
#632 = CARTESIAN_POINT ( 'NONE',  ( -1.826180047942977336E-29, 3.000000000000000000, -34.80509697000007208 ) ) ;
#633 = EDGE_LOOP ( 'NONE', ( #1708, #2008 ) ) ;
#634 = FACE_BOUND ( 'NONE', #2525, .T. ) ;
#635 = EDGE_LOOP ( 'NONE', ( #1158, #1621, #1214, #2098 ) ) ;
#636 = EDGE_CURVE ( 'NONE', #2033, #3019, #957, .T. ) ;
#637 = ORIENTED_EDGE ( 'NONE', *, *, #356, .T. ) ;
#638 = EDGE_LOOP ( 'NONE', ( #1953, #1387, #2538, #1461 ) ) ;
#639 = CARTESIAN_POINT ( 'NONE',  ( -31.44000000000002260, 5.999999999999999112, -43.11509697000000330 ) ) ;
#640 = ORIENTED_EDGE ( 'NONE', *, *, #2358, .F. ) ;
#641 = CARTESIAN_POINT ( 'NONE',  ( 30.43999999999999417, 57.53778611902626494, 27.78181193418505401 ) ) ;
#642 = CARTESIAN_POINT ( 'NONE',  ( 32.44000000000005457, 5.999999999999998224, -26.92421699422480685 ) ) ;
#643 = CARTESIAN_POINT ( 'NONE',  ( 30.74761184457488028, 0.000000000000000000, 56.38490302999998960 ) ) ;
#644 = DIRECTION ( 'NONE',  ( 1.309225264888156377E-16, -7.645025128284134586E-17, 1.000000000000000000 ) ) ;
#645 = CARTESIAN_POINT ( 'NONE',  ( 30.44000000000001194, 4.999999999999984013, -43.11509697000000330 ) ) ;
#646 = ADVANCED_FACE ( 'NONE', ( #359 ), #1109, .T. ) ;
#647 = ORIENTED_EDGE ( 'NONE', *, *, #2044, .T. ) ;
#648 = CARTESIAN_POINT ( 'NONE',  ( 30.43999999999999773, 15.89862758891343120, 43.68112030085875119 ) ) ;
#649 = ORIENTED_EDGE ( 'NONE', *, *, #2475, .F. ) ;
#650 = VECTOR ( 'NONE', #2608, 999.9999999999998863 ) ;
#651 = AXIS2_PLACEMENT_3D ( 'NONE', #810, #1573, #1059 ) ;
#652 = ORIENTED_EDGE ( 'NONE', *, *, #2955, .T. ) ;
#653 = ORIENTED_EDGE ( 'NONE', *, *, #2443, .F. ) ;
#654 = VECTOR ( 'NONE', #1725, 1000.000000000000000 ) ;
#655 = DIRECTION ( 'NONE',  ( -0.000000000000000000, 1.000000000000000000, -0.000000000000000000 ) ) ;
#656 = CIRCLE ( 'NONE', #2816, 1.599999999999997202 ) ;
#657 = ORIENTED_EDGE ( 'NONE', *, *, #2207, .F. ) ;
#658 = CARTESIAN_POINT ( 'NONE',  ( 33.43999999999999773, 0.000000000000000000, 49.46774750890658368 ) ) ;
#659 = FACE_OUTER_BOUND ( 'NONE', #2584, .T. ) ;
#660 = EDGE_CURVE ( 'NONE', #284, #348, #2972, .T. ) ;
#661 = CONICAL_SURFACE ( 'NONE', #1057, 7.000000000000013323, 0.7853981633974407295 ) ;
#662 = CARTESIAN_POINT ( 'NONE',  ( -22.49999999999998934, 4.000000000000037303, 22.19490302999999898 ) ) ;
#663 = DIRECTION ( 'NONE',  ( -0.000000000000000000, 1.000000000000000000, -0.000000000000000000 ) ) ;
#664 = CARTESIAN_POINT ( 'NONE',  ( 12.50000000000001066, 79.47875521999580428, -32.80509697000005787 ) ) ;
#665 = EDGE_CURVE ( 'NONE', #2000, #1409, #1301, .T. ) ;
#666 = ORIENTED_EDGE ( 'NONE', *, *, #1213, .F. ) ;
#667 = DIRECTION ( 'NONE',  ( 0.000000000000000000, 0.000000000000000000, -1.000000000000000000 ) ) ;
#668 = FACE_OUTER_BOUND ( 'NONE', #1846, .T. ) ;
#669 = CARTESIAN_POINT ( 'NONE',  ( -22.49999999999999289, 60.00000000000000000, -39.40509696999999534 ) ) ;
#670 = ADVANCED_FACE ( 'NONE', ( #2009 ), #1827, .F. ) ;
#671 = ORIENTED_EDGE ( 'NONE', *, *, #798, .T. ) ;
#672 = VERTEX_POINT ( 'NONE', #2992 ) ;
#673 = LINE ( 'NONE', #2806, #57 ) ;
#674 = CIRCLE ( 'NONE', #2830, 5.000000000000000000 ) ;
#675 = ORIENTED_EDGE ( 'NONE', *, *, #570, .T. ) ;
#676 = CARTESIAN_POINT ( 'NONE',  ( 26.94000000000001194, 3.000000000000002665, -46.61509696999999619 ) ) ;
#677 = VECTOR ( 'NONE', #2367, 1000.000000000000000 ) ;
#678 = DIRECTION ( 'NONE',  ( -3.710101128811936151E-31, 0.7071067811865431318, -0.7071067811865520136 ) ) ;
#679 = CIRCLE ( 'NONE', #1176, 3.600000000000005862 ) ;
#680 = LINE ( 'NONE', #437, #1767 ) ;
#681 = DIRECTION ( 'NONE',  ( 1.000000000000000000, 0.000000000000000000, 0.000000000000000000 ) ) ;
#682 = ADVANCED_FACE ( 'NONE', ( #3007 ), #813, .F. ) ;
#683 = ORIENTED_EDGE ( 'NONE', *, *, #1073, .F. ) ;
#684 = CARTESIAN_POINT ( 'NONE',  ( 22.50000000000001421, 5.000000000000000000, -37.80509696999999392 ) ) ;
#685 = ORIENTED_EDGE ( 'NONE', *, *, #2504, .T. ) ;
#686 = CARTESIAN_POINT ( 'NONE',  ( -26.94000000000001194, 4.999999999999984013, -46.61509696999999619 ) ) ;
#687 = ORIENTED_EDGE ( 'NONE', *, *, #2191, .F. ) ;
#688 = ADVANCED_FACE ( 'NONE', ( #2747 ), #829, .F. ) ;
#689 = DIRECTION ( 'NONE',  ( 0.000000000000000000, 0.000000000000000000, -1.000000000000000000 ) ) ;
#690 = ADVANCED_FACE ( 'NONE', ( #1577 ), #2529, .F. ) ;
#691 = CARTESIAN_POINT ( 'NONE',  ( 5.000000000000006217, 79.47875521999581849, 35.19490303000009845 ) ) ;
#692 = LINE ( 'NONE', #2344, #2561 ) ;
#693 = EDGE_CURVE ( 'NONE', #1004, #1372, #399, .T. ) ;
#694 = DIRECTION ( 'NONE',  ( 1.230269320361879336E-16, 0.3420201433256633283, 0.9396926207859103153 ) ) ;
#695 = FILL_AREA_STYLE_COLOUR ( '', #2117 ) ;
#696 = DIRECTION ( 'NONE',  ( 0.000000000000000000, -1.000000000000000000, 0.000000000000000000 ) ) ;
#697 = PLANE ( 'NONE',  #2481 ) ;
#698 = ORIENTED_EDGE ( 'NONE', *, *, #405, .F. ) ;
#699 = LINE ( 'NONE', #2370, #453 ) ;
#700 = EDGE_CURVE ( 'NONE', #101, #91, #1129, .T. ) ;
#701 = AXIS2_PLACEMENT_3D ( 'NONE', #103, #628, #1812 ) ;
#702 = ORIENTED_EDGE ( 'NONE', *, *, #1901, .F. ) ;
#703 = ORIENTED_EDGE ( 'NONE', *, *, #252, .T. ) ;
#704 = VECTOR ( 'NONE', #520, 1000.000000000000000 ) ;
#705 = AXIS2_PLACEMENT_3D ( 'NONE', #730, #962, #1182 ) ;
#706 = PLANE ( 'NONE',  #302 ) ;
#707 = CARTESIAN_POINT ( 'NONE',  ( -22.49999999999999289, 3.999999999999999112, -37.80509697000000102 ) ) ;
#708 = EDGE_CURVE ( 'NONE', #718, #527, #1855, .T. ) ;
#709 = AXIS2_PLACEMENT_3D ( 'NONE', #3083, #917, #2702 ) ;
#710 = DIRECTION ( 'NONE',  ( 0.000000000000000000, 0.7071067811865469066, 0.7071067811865481278 ) ) ;
#711 =( NAMED_UNIT ( * ) PLANE_ANGLE_UNIT ( ) SI_UNIT ( $, .RADIAN. ) );
#712 = VECTOR ( 'NONE', #1231, 1000.000000000000114 ) ;
#713 = CARTESIAN_POINT ( 'NONE',  ( 22.49999999999999645, 3.999999999999995559, 22.19490303000000608 ) ) ;
#714 = EDGE_CURVE ( 'NONE', #2840, #1054, #2811, .T. ) ;
#715 = FACE_OUTER_BOUND ( 'NONE', #961, .T. ) ;
#716 = LINE ( 'NONE', #1695, #2262 ) ;
#717 = LINE ( 'NONE', #1883, #2462 ) ;
#718 = VERTEX_POINT ( 'NONE', #676 ) ;
#719 = VERTEX_POINT ( 'NONE', #892 ) ;
#720 = CARTESIAN_POINT ( 'NONE',  ( 22.50000000000001421, 5.000000000000000000, -39.40509697000000244 ) ) ;
#721 = FACE_BOUND ( 'NONE', #1348, .T. ) ;
#722 = CONICAL_SURFACE ( 'NONE', #1783, 3.500000000000000888, 0.7853981633974593812 ) ;
#723 = DIRECTION ( 'NONE',  ( -1.309225264888156377E-16, -7.645025128284134586E-17, 1.000000000000000000 ) ) ;
#724 = EDGE_CURVE ( 'NONE', #2921, #2560, #1642, .T. ) ;
#725 = LINE ( 'NONE', #1145, #2458 ) ;
#726 = VECTOR ( 'NONE', #2218, 1000.000000000000114 ) ;
#727 = DIRECTION ( 'NONE',  ( 0.000000000000000000, 1.000000000000000000, 0.000000000000000000 ) ) ;
#728 = ORIENTED_EDGE ( 'NONE', *, *, #2133, .F. ) ;
#729 = EDGE_CURVE ( 'NONE', #1502, #2757, #2343, .T. ) ;
#730 = CARTESIAN_POINT ( 'NONE',  ( 10.00000000000000888, 79.47875521999580428, 0.000000000000000000 ) ) ;
#731 = VERTEX_POINT ( 'NONE', #1876 ) ;
#732 = EDGE_CURVE ( 'NONE', #329, #2239, #3041, .T. ) ;
#733 = ORIENTED_EDGE ( 'NONE', *, *, #1239, .F. ) ;
#734 = FACE_OUTER_BOUND ( 'NONE', #255, .T. ) ;
#735 = LINE ( 'NONE', #2449, #1560 ) ;
#736 = ADVANCED_FACE ( 'NONE', ( #2123 ), #1515, .T. ) ;
#737 = EDGE_LOOP ( 'NONE', ( #839, #1808, #2791, #1927 ) ) ;
#738 = CARTESIAN_POINT ( 'NONE',  ( 10.00000000000000533, 0.9999999999999592548, 17.19490303000005227 ) ) ;
#739 = CARTESIAN_POINT ( 'NONE',  ( 30.44000000000001194, 32.01123077225842906, -39.42801807735640551 ) ) ;
#740 = DIRECTION ( 'NONE',  ( -5.246875334141536319E-31, 0.000000000000000000, -1.000000000000000000 ) ) ;
#741 = LINE ( 'NONE', #1705, #1049 ) ;
#742 = CARTESIAN_POINT ( 'NONE',  ( 5.000000000000006217, 3.000000000000002665, 30.19490303000009845 ) ) ;
#743 = ADVANCED_FACE ( 'NONE', ( #1173 ), #706, .T. ) ;
#744 = ORIENTED_EDGE ( 'NONE', *, *, #2165, .T. ) ;
#745 = ORIENTED_EDGE ( 'NONE', *, *, #473, .F. ) ;
#746 = DIRECTION ( 'NONE',  ( 0.000000000000000000, 0.000000000000000000, -1.000000000000000000 ) ) ;
#747 = VECTOR ( 'NONE', #3008, 1000.000000000000000 ) ;
#748 = DIRECTION ( 'NONE',  ( 0.000000000000000000, 0.3420201433256639389, 0.9396926207859100932 ) ) ;
#749 = VECTOR ( 'NONE', #3116, 1000.000000000000000 ) ;
#750 = ORIENTED_EDGE ( 'NONE', *, *, #2399, .F. ) ;
#751 = CARTESIAN_POINT ( 'NONE',  ( -4.999999999999993783, 1.000000000000000888, 30.19490303000009845 ) ) ;
#752 = CARTESIAN_POINT ( 'NONE',  ( 26.94000000000001194, 60.00000000000000000, -46.61509696999999619 ) ) ;
#753 = CIRCLE ( 'NONE', #1456, 6.999999999999999112 ) ;
#754 = CIRCLE ( 'NONE', #1412, 3.600000000000005862 ) ;
#755 = AXIS2_PLACEMENT_3D ( 'NONE', #499, #2640, #1207 ) ;
#756 = CARTESIAN_POINT ( 'NONE',  ( 19.50000000000002842, 3.000000000000000000, 12.19490303000005049 ) ) ;
#757 = CARTESIAN_POINT ( 'NONE',  ( -9.999999999999991118, 1.000000000000000888, 0.000000000000000000 ) ) ;
#758 = CARTESIAN_POINT ( 'NONE',  ( -32.44000000000004036, 57.53778611902626494, 27.78181193418505757 ) ) ;
#759 = VECTOR ( 'NONE', #880, 1000.000000000000000 ) ;
#760 = EDGE_LOOP ( 'NONE', ( #860, #185, #777, #240 ) ) ;
#761 = VERTEX_POINT ( 'NONE', #658 ) ;
#762 = EDGE_CURVE ( 'NONE', #2789, #415, #449, .T. ) ;
#763 = ORIENTED_EDGE ( 'NONE', *, *, #939, .T. ) ;
#764 = ORIENTED_EDGE ( 'NONE', *, *, #3068, .T. ) ;
#765 = DIRECTION ( 'NONE',  ( -0.7071067811865469066, 0.06987804917595070997, -0.7036455487270307785 ) ) ;
#766 = CARTESIAN_POINT ( 'NONE',  ( -26.94000000000001194, 4.999999999999984013, -46.61509696999999619 ) ) ;
#767 = ORIENTED_EDGE ( 'NONE', *, *, #1330, .T. ) ;
#768 = CYLINDRICAL_SURFACE ( 'NONE', #406, 1.599999999999997202 ) ;
#769 = EDGE_CURVE ( 'NONE', #539, #1172, #1140, .T. ) ;
#770 = CARTESIAN_POINT ( 'NONE',  ( 26.93999999999999773, 17.09569809055325251, 46.97004447360944113 ) ) ;
#771 = VECTOR ( 'NONE', #585, 1000.000000000000000 ) ;
#772 = LINE ( 'NONE', #1738, #2834 ) ;
#773 = FACE_OUTER_BOUND ( 'NONE', #1440, .T. ) ;
#774 = LINE ( 'NONE', #536, #858 ) ;
#775 = CIRCLE ( 'NONE', #2634, 1.600000000000004086 ) ;
#776 = CIRCLE ( 'NONE', #524, 3.600000000000002309 ) ;
#777 = ORIENTED_EDGE ( 'NONE', *, *, #3089, .T. ) ;
#778 = ORIENTED_EDGE ( 'NONE', *, *, #1664, .T. ) ;
#779 = ORIENTED_EDGE ( 'NONE', *, *, #714, .T. ) ;
#780 = ORIENTED_EDGE ( 'NONE', *, *, #2170, .F. ) ;
#781 = DIRECTION ( 'NONE',  ( 0.000000000000000000, 0.000000000000000000, -1.000000000000000000 ) ) ;
#782 = CARTESIAN_POINT ( 'NONE',  ( 31.44000000000002260, 5.999999999999998224, -26.92421699422481396 ) ) ;
#783 = EDGE_CURVE ( 'NONE', #607, #337, #2563, .T. ) ;
#784 = VERTEX_POINT ( 'NONE', #908 ) ;
#785 = DIRECTION ( 'NONE',  ( 0.000000000000000000, -1.000000000000000000, 0.000000000000000000 ) ) ;
#786 = DIRECTION ( 'NONE',  ( -3.710101128811936151E-31, 0.7071067811865431318, -0.7071067811865520136 ) ) ;
#787 = DIRECTION ( 'NONE',  ( 0.000000000000000000, -1.000000000000000000, 0.000000000000000000 ) ) ;
#788 = CARTESIAN_POINT ( 'NONE',  ( -30.44000000000000838, 4.999999999999982236, -26.92421699422481396 ) ) ;
#789 = VERTEX_POINT ( 'NONE', #3102 ) ;
#790 = ORIENTED_EDGE ( 'NONE', *, *, #557, .T. ) ;
#791 = EDGE_LOOP ( 'NONE', ( #1902, #2696, #1600, #2019 ) ) ;
#792 = FACE_OUTER_BOUND ( 'NONE', #1900, .T. ) ;
#793 = CARTESIAN_POINT ( 'NONE',  ( -26.94000000000001194, 6.000000000000000000, -47.61509697000001040 ) ) ;
#794 = ORIENTED_EDGE ( 'NONE', *, *, #365, .T. ) ;
#795 = CONICAL_SURFACE ( 'NONE', #242, 5.500000000000041744, 0.7853981633974411736 ) ;
#796 = LINE ( 'NONE', #593, #1157 ) ;
#797 = CARTESIAN_POINT ( 'NONE',  ( 26.94000000000000128, 56.83717644759728671, 28.78070708224549534 ) ) ;
#798 = EDGE_CURVE ( 'NONE', #1502, #2544, #2378, .T. ) ;
#799 = AXIS2_PLACEMENT_3D ( 'NONE', #2878, #256, #2401 ) ;
#800 = DIRECTION ( 'NONE',  ( -1.309225264888156377E-16, 7.645025128284134586E-17, -1.000000000000000000 ) ) ;
#801 = CARTESIAN_POINT ( 'NONE',  ( -22.49999999999998934, 5.000000000000000000, 22.19490302999999898 ) ) ;
#802 = VECTOR ( 'NONE', #2587, 1000.000000000000000 ) ;
#803 = AXIS2_PLACEMENT_3D ( 'NONE', #1273, #2672, #569 ) ;
#804 = CARTESIAN_POINT ( 'NONE',  ( -22.49999999999998934, 60.00000000000000000, 22.19490302999999898 ) ) ;
#805 = EDGE_CURVE ( 'NONE', #1992, #2840, #2713, .T. ) ;
#806 = AXIS2_PLACEMENT_3D ( 'NONE', #2927, #34, #1964 ) ;
#807 = ORIENTED_EDGE ( 'NONE', *, *, #1933, .T. ) ;
#808 = VERTEX_POINT ( 'NONE', #1416 ) ;
#809 = EDGE_LOOP ( 'NONE', ( #623, #1719, #1392, #2087 ) ) ;
#810 = CARTESIAN_POINT ( 'NONE',  ( -30.44000000000000128, 50.02024515273897975, 30.51797308079036597 ) ) ;
#811 = DIRECTION ( 'NONE',  ( 0.000000000000000000, 0.000000000000000000, -1.000000000000000000 ) ) ;
#812 = ORIENTED_EDGE ( 'NONE', *, *, #3009, .T. ) ;
#813 = CYLINDRICAL_SURFACE ( 'NONE', #611, 5.000000000000000888 ) ;
#814 = CARTESIAN_POINT ( 'NONE',  ( 22.50000000000001421, 0.000000000000000000, -36.20509696999999250 ) ) ;
#815 = EDGE_CURVE ( 'NONE', #1630, #489, #2067, .T. ) ;
#816 = DIRECTION ( 'NONE',  ( -1.000000000000000000, 0.000000000000000000, -9.637352644315377074E-17 ) ) ;
#817 = CARTESIAN_POINT ( 'NONE',  ( -33.43999999999999773, 0.000000000000000000, 49.46774750890658368 ) ) ;
#818 = DIRECTION ( 'NONE',  ( 1.000000000000000000, 0.000000000000000000, -5.246875334141536319E-31 ) ) ;
#819 = EDGE_CURVE ( 'NONE', #2835, #91, #2517, .T. ) ;
#820 = ORIENTED_EDGE ( 'NONE', *, *, #997, .T. ) ;
#821 = CARTESIAN_POINT ( 'NONE',  ( 0.000000000000000000, 2.775557561562891351E-14, 35.19490303000009845 ) ) ;
#822 = VERTEX_POINT ( 'NONE', #2844 ) ;
#823 = AXIS2_PLACEMENT_3D ( 'NONE', #1339, #1530, #69 ) ;
#824 = EDGE_CURVE ( 'NONE', #1172, #226, #213, .T. ) ;
#825 = ORIENTED_EDGE ( 'NONE', *, *, #231, .F. ) ;
#826 = FACE_OUTER_BOUND ( 'NONE', #56, .T. ) ;
#827 = DIRECTION ( 'NONE',  ( 0.000000000000000000, -1.000000000000000000, 0.000000000000000000 ) ) ;
#828 = VERTEX_POINT ( 'NONE', #465 ) ;
#829 = CYLINDRICAL_SURFACE ( 'NONE', #357, 1.600000000000004086 ) ;
#830 = DIRECTION ( 'NONE',  ( 0.000000000000000000, 1.000000000000000000, 7.645025128284134586E-17 ) ) ;
#831 = ADVANCED_FACE ( 'NONE', ( #2212 ), #2448, .F. ) ;
#832 = DIRECTION ( 'NONE',  ( -1.000000000000000000, -0.000000000000000000, -0.000000000000000000 ) ) ;
#833 = CARTESIAN_POINT ( 'NONE',  ( -22.49999999999999289, 3.999999999999999112, -41.40509697000000244 ) ) ;
#834 = DIRECTION ( 'NONE',  ( 0.000000000000000000, 0.3420201433256633283, 0.9396926207859103153 ) ) ;
#835 = CARTESIAN_POINT ( 'NONE',  ( -4.999999999999993783, 3.000000000000000000, 30.19490303000009845 ) ) ;
#836 = EDGE_LOOP ( 'NONE', ( #2973, #1712 ) ) ;
#837 = ADVANCED_FACE ( 'NONE', ( #1009 ), #2374, .F. ) ;
#838 = EDGE_LOOP ( 'NONE', ( #508, #510, #2355, #1245 ) ) ;
#839 = ORIENTED_EDGE ( 'NONE', *, *, #79, .F. ) ;
#840 = CARTESIAN_POINT ( 'NONE',  ( -4.999999999999993783, 2.775557561562897977E-14, 35.19490303000009845 ) ) ;
#841 = LINE ( 'NONE', #1060, #1270 ) ;
#842 = ADVANCED_FACE ( 'NONE', ( #241 ), #1208, .F. ) ;
#843 = EDGE_LOOP ( 'NONE', ( #1346, #2937, #388, #1022 ) ) ;
#844 = DIRECTION ( 'NONE',  ( -0.000000000000000000, -1.000000000000000000, -0.000000000000000000 ) ) ;
#845 = CARTESIAN_POINT ( 'NONE',  ( -33.43999999999999773, 50.02024515273897975, 30.51797308079036597 ) ) ;
#846 = VECTOR ( 'NONE', #2833, 1000.000000000000114 ) ;
#847 = EDGE_CURVE ( 'NONE', #2603, #1283, #48, .T. ) ;
#848 = FACE_OUTER_BOUND ( 'NONE', #1230, .T. ) ;
#849 = LINE ( 'NONE', #1162, #2620 ) ;
#850 = DIRECTION ( 'NONE',  ( -0.000000000000000000, -1.000000000000000000, -0.000000000000000000 ) ) ;
#851 = VECTOR ( 'NONE', #31, 1000.000000000000000 ) ;
#852 = EDGE_LOOP ( 'NONE', ( #3060, #2891 ) ) ;
#853 = CONICAL_SURFACE ( 'NONE', #1813, 3.599999999999999201, 0.7853981633974463916 ) ;
#854 = DIRECTION ( 'NONE',  ( 0.000000000000000000, -1.000000000000000000, 0.000000000000000000 ) ) ;
#855 = AXIS2_PLACEMENT_3D ( 'NONE', #1449, #2852, #1938 ) ;
#856 = EDGE_LOOP ( 'NONE', ( #2853, #2035, #2070, #1931 ) ) ;
#857 = CONICAL_SURFACE ( 'NONE', #3121, 7.000000000000040856, 0.7853981633974482790 ) ;
#858 = VECTOR ( 'NONE', #2658, 1000.000000000000000 ) ;
#859 = EDGE_LOOP ( 'NONE', ( #141, #3080, #270, #462 ) ) ;
#860 = ORIENTED_EDGE ( 'NONE', *, *, #616, .F. ) ;
#861 = ADVANCED_FACE ( 'NONE', ( #2892 ), #661, .F. ) ;
#862 = VECTOR ( 'NONE', #2332, 1000.000000000000114 ) ;
#863 = CARTESIAN_POINT ( 'NONE',  ( 5.000000000000006217, 2.775557561562884725E-14, 35.19490303000009845 ) ) ;
#864 = ORIENTED_EDGE ( 'NONE', *, *, #189, .F. ) ;
#865 = ADVANCED_FACE ( 'NONE', ( #1246 ), #30, .T. ) ;
#866 = DIRECTION ( 'NONE',  ( 4.477814127426264904E-17, -0.9396926207859104263, 0.3420201433256631063 ) ) ;
#867 = CYLINDRICAL_SURFACE ( 'NONE', #446, 5.000000000000000888 ) ;
#868 = EDGE_CURVE ( 'NONE', #1409, #2306, #507, .T. ) ;
#869 = CARTESIAN_POINT ( 'NONE',  ( 30.44000000000001194, 60.00000000000000000, -49.61509697000000330 ) ) ;
#870 = CARTESIAN_POINT ( 'NONE',  ( 30.44000000000000128, 50.02024515273897975, 30.51797308079036597 ) ) ;
#871 = DIRECTION ( 'NONE',  ( 0.000000000000000000, 0.000000000000000000, -1.000000000000000000 ) ) ;
#872 = DIRECTION ( 'NONE',  ( 0.000000000000000000, 0.000000000000000000, -1.000000000000000000 ) ) ;
#873 = ORIENTED_EDGE ( 'NONE', *, *, #1919, .F. ) ;
#874 = VECTOR ( 'NONE', #2294, 1000.000000000000000 ) ;
#875 = ORIENTED_EDGE ( 'NONE', *, *, #563, .T. ) ;
#876 = VERTEX_POINT ( 'NONE', #1443 ) ;
#877 = CARTESIAN_POINT ( 'NONE',  ( 22.50000000000001421, 4.000000000000022204, -37.80509696999999392 ) ) ;
#878 = AXIS2_PLACEMENT_3D ( 'NONE', #869, #617, #2063 ) ;
#879 = VERTEX_POINT ( 'NONE', #1973 ) ;
#880 = DIRECTION ( 'NONE',  ( -1.000000000000000000, 0.000000000000000000, 0.000000000000000000 ) ) ;
#881 = CARTESIAN_POINT ( 'NONE',  ( 26.94000000000001194, 5.999999999999998224, -43.11509697000000330 ) ) ;
#882 = DIRECTION ( 'NONE',  ( 0.000000000000000000, -0.000000000000000000, 1.000000000000000000 ) ) ;
#883 = FACE_OUTER_BOUND ( 'NONE', #1185, .T. ) ;
#884 = EDGE_CURVE ( 'NONE', #1899, #2118, #2923, .T. ) ;
#885 = ORIENTED_EDGE ( 'NONE', *, *, #2403, .T. ) ;
#886 = DIRECTION ( 'NONE',  ( -0.5773502691896312822, -0.5773502691896266192, -0.5773502691896194028 ) ) ;
#887 = ORIENTED_EDGE ( 'NONE', *, *, #2989, .F. ) ;
#888 = ORIENTED_EDGE ( 'NONE', *, *, #1052, .F. ) ;
#889 = ORIENTED_EDGE ( 'NONE', *, *, #2790, .F. ) ;
#890 = DIRECTION ( 'NONE',  ( 0.000000000000000000, 0.000000000000000000, -1.000000000000000000 ) ) ;
#891 = ORIENTED_EDGE ( 'NONE', *, *, #1829, .T. ) ;
#892 = CARTESIAN_POINT ( 'NONE',  ( -22.49999999999999289, 3.000000000000000000, -42.40509696999999534 ) ) ;
#893 = LINE ( 'NONE', #1160, #2259 ) ;
#894 = CARTESIAN_POINT ( 'NONE',  ( 22.49999999999999645, 3.999999999999995559, 22.19490303000000608 ) ) ;
#895 = EDGE_CURVE ( 'NONE', #1591, #2838, #39, .T. ) ;
#896 = CARTESIAN_POINT ( 'NONE',  ( 22.49999999999999645, 3.999999999999995559, 18.59490303000000111 ) ) ;
#897 = ORIENTED_EDGE ( 'NONE', *, *, #1452, .T. ) ;
#898 = DIRECTION ( 'NONE',  ( 0.000000000000000000, -1.000000000000000000, 0.000000000000000000 ) ) ;
#899 = DIRECTION ( 'NONE',  ( 0.000000000000000000, 0.000000000000000000, 1.000000000000000000 ) ) ;
#900 = AXIS2_PLACEMENT_3D ( 'NONE', #1750, #68, #982 ) ;
#901 = DIRECTION ( 'NONE',  ( 1.000000000000000000, 0.000000000000000000, -1.387778780781445676E-16 ) ) ;
#902 = VECTOR ( 'NONE', #2893, 1000.000000000000000 ) ;
#903 = AXIS2_PLACEMENT_3D ( 'NONE', #2002, #1077, #3004 ) ;
#904 = ORIENTED_EDGE ( 'NONE', *, *, #239, .T. ) ;
#905 = CIRCLE ( 'NONE', #2313, 4.600000000000020961 ) ;
#906 = DIRECTION ( 'NONE',  ( -0.000000000000000000, -1.000000000000000000, -0.000000000000000000 ) ) ;
#907 = VERTEX_POINT ( 'NONE', #1473 ) ;
#908 = CARTESIAN_POINT ( 'NONE',  ( 22.49999999999999645, 5.000000000000000000, 20.59490303000000466 ) ) ;
#909 = CARTESIAN_POINT ( 'NONE',  ( 22.50000000000001421, 4.000000000000022204, -41.40509697000000244 ) ) ;
#910 = CARTESIAN_POINT ( 'NONE',  ( 30.44000000000001194, 3.000000000000002665, -43.11509697000000330 ) ) ;
#911 = SURFACE_STYLE_FILL_AREA ( #1661 ) ;
#912 = DIRECTION ( 'NONE',  ( 0.000000000000000000, -1.000000000000000000, 0.000000000000000000 ) ) ;
#913 = ADVANCED_FACE ( 'NONE', ( #734 ), #1458, .F. ) ;
#914 = VERTEX_POINT ( 'NONE', #1715 ) ;
#915 = DIRECTION ( 'NONE',  ( 0.000000000000000000, -1.000000000000000000, 0.000000000000000000 ) ) ;
#916 = ORIENTED_EDGE ( 'NONE', *, *, #2782, .T. ) ;
#917 = DIRECTION ( 'NONE',  ( 1.000000000000000000, -0.000000000000000000, -0.000000000000000000 ) ) ;
#918 = ADVANCED_FACE ( 'NONE', ( #228 ), #497, .F. ) ;
#919 = ORIENTED_EDGE ( 'NONE', *, *, #660, .T. ) ;
#920 = LINE ( 'NONE', #2825, #1219 ) ;
#921 = CIRCLE ( 'NONE', #421, 7.000000000000009770 ) ;
#922 = EDGE_CURVE ( 'NONE', #1004, #3065, #492, .T. ) ;
#923 = ORIENTED_EDGE ( 'NONE', *, *, #1775, .T. ) ;
#924 = CARTESIAN_POINT ( 'NONE',  ( 26.94000000000001194, 5.999999999999999112, -43.11509697000000330 ) ) ;
#925 = CIRCLE ( 'NONE', #12, 3.500000000000003109 ) ;
#926 = CARTESIAN_POINT ( 'NONE',  ( 19.50000000000002842, 3.000000000000000000, -27.80509697000005787 ) ) ;
#927 = AXIS2_PLACEMENT_3D ( 'NONE', #1177, #2093, #154 ) ;
#928 = DIRECTION ( 'NONE',  ( -0.000000000000000000, -1.000000000000000000, -0.000000000000000000 ) ) ;
#929 = PLANE ( 'NONE',  #1763 ) ;
#930 = DIRECTION ( 'NONE',  ( -0.000000000000000000, 1.000000000000000000, -0.000000000000000000 ) ) ;
#931 = PLANE ( 'NONE',  #1307 ) ;
#932 = DIRECTION ( 'NONE',  ( -1.309225264888156377E-16, 7.645025128284134586E-17, -1.000000000000000000 ) ) ;
#933 = ORIENTED_EDGE ( 'NONE', *, *, #356, .F. ) ;
#934 = EDGE_LOOP ( 'NONE', ( #2225, #3129, #2464, #1364 ) ) ;
#935 = EDGE_CURVE ( 'NONE', #1888, #1977, #480, .T. ) ;
#936 = DIRECTION ( 'NONE',  ( -0.000000000000000000, -1.000000000000000000, -0.000000000000000000 ) ) ;
#937 = ORIENTED_EDGE ( 'NONE', *, *, #783, .F. ) ;
#938 = DIRECTION ( 'NONE',  ( 0.000000000000000000, -1.000000000000000000, 0.000000000000000000 ) ) ;
#939 = EDGE_CURVE ( 'NONE', #44, #2000, #2159, .T. ) ;
#940 = DIRECTION ( 'NONE',  ( 1.000000000000000000, 0.000000000000000000, -5.246875334141536319E-31 ) ) ;
#941 = CARTESIAN_POINT ( 'NONE',  ( 33.43999999999999773, 0.000000000000000000, 53.51972340011916174 ) ) ;
#942 = CARTESIAN_POINT ( 'NONE',  ( -11.99999999999998224, 3.000000000000000000, 30.19490303000009845 ) ) ;
#943 = DIRECTION ( 'NONE',  ( 0.000000000000000000, 0.000000000000000000, -1.000000000000000000 ) ) ;
#944 = LINE ( 'NONE', #1148, #2731 ) ;
#945 = CARTESIAN_POINT ( 'NONE',  ( -17.50000000000001066, 0.000000000000000000, 0.000000000000000000 ) ) ;
#946 = CARTESIAN_POINT ( 'NONE',  ( -31.44000000000002260, 55.72474820842921162, -26.92421699422481041 ) ) ;
#947 = VECTOR ( 'NONE', #500, 1000.000000000000000 ) ;
#948 = VERTEX_POINT ( 'NONE', #720 ) ;
#949 = AXIS2_PLACEMENT_3D ( 'NONE', #64, #2924, #257 ) ;
#950 = EDGE_CURVE ( 'NONE', #316, #1008, #1688, .T. ) ;
#951 = ORIENTED_EDGE ( 'NONE', *, *, #4, .T. ) ;
#952 = CIRCLE ( 'NONE', #403, 50.72474820842916188 ) ;
#953 = CARTESIAN_POINT ( 'NONE',  ( -22.49999999999999289, 60.00000000000000000, -36.20509696999999960 ) ) ;
#954 = LINE ( 'NONE', #2379, #3070 ) ;
#955 = VECTOR ( 'NONE', #172, 1000.000000000000000 ) ;
#956 = PLANE ( 'NONE',  #2372 ) ;
#957 = CIRCLE ( 'NONE', #3078, 1.600000000000000755 ) ;
#958 = CARTESIAN_POINT ( 'NONE',  ( -31.44000000000000128, 41.87824147946974307, -15.24243336193891629 ) ) ;
#959 = EDGE_CURVE ( 'NONE', #1040, #332, #1217, .T. ) ;
#960 = FACE_OUTER_BOUND ( 'NONE', #2574, .T. ) ;
#961 = EDGE_LOOP ( 'NONE', ( #531, #371, #1726, #1604 ) ) ;
#962 = DIRECTION ( 'NONE',  ( -1.000000000000000000, 0.000000000000000000, -9.637352644315380771E-17 ) ) ;
#963 = UNCERTAINTY_MEASURE_WITH_UNIT (LENGTH_MEASURE( 1.000000000000000082E-05 ), #170, 'distance_accuracy_value', 'NONE');
#964 = ORIENTED_EDGE ( 'NONE', *, *, #2036, .T. ) ;
#965 = ORIENTED_EDGE ( 'NONE', *, *, #1073, .T. ) ;
#966 = CARTESIAN_POINT ( 'NONE',  ( 30.44000000000000483, 3.000000000000000000, 3.985281706319549363E-15 ) ) ;
#967 = DIRECTION ( 'NONE',  ( 0.000000000000000000, 0.000000000000000000, -1.000000000000000000 ) ) ;
#968 = AXIS2_PLACEMENT_3D ( 'NONE', #3005, #2307, #2040 ) ;
#969 = ORIENTED_EDGE ( 'NONE', *, *, #280, .F. ) ;
#970 = DIRECTION ( 'NONE',  ( 0.000000000000000000, -1.000000000000000000, 0.000000000000000000 ) ) ;
#971 = DIRECTION ( 'NONE',  ( 1.230269320361879336E-16, -0.3420201433256633283, -0.9396926207859103153 ) ) ;
#972 = EDGE_CURVE ( 'NONE', #1233, #3128, #2912, .T. ) ;
#973 = DIRECTION ( 'NONE',  ( 0.000000000000000000, 0.000000000000000000, 1.000000000000000000 ) ) ;
#974 = DIRECTION ( 'NONE',  ( 0.000000000000000000, 0.000000000000000000, -1.000000000000000000 ) ) ;
#975 = DIRECTION ( 'NONE',  ( 0.000000000000000000, 7.645025128284134586E-17, -1.000000000000000000 ) ) ;
#976 = ORIENTED_EDGE ( 'NONE', *, *, #805, .T. ) ;
#977 = VERTEX_POINT ( 'NONE', #589 ) ;
#978 = CARTESIAN_POINT ( 'NONE',  ( 30.44000000000000838, 55.72474820842921162, -26.92421699422481041 ) ) ;
#979 = CARTESIAN_POINT ( 'NONE',  ( 5.000000000000006217, 1.000000000000000888, 35.19490303000009845 ) ) ;
#980 = ORIENTED_EDGE ( 'NONE', *, *, #2855, .T. ) ;
#981 = CARTESIAN_POINT ( 'NONE',  ( 22.49999999999999645, 5.000000000000000000, 23.79490303000000395 ) ) ;
#982 = DIRECTION ( 'NONE',  ( -1.309225264888156377E-16, 0.000000000000000000, -1.000000000000000000 ) ) ;
#983 = EDGE_CURVE ( 'NONE', #2795, #1372, #2293, .T. ) ;
#984 = DIRECTION ( 'NONE',  ( -4.746482975071844201E-17, 0.9396926207859104263, -0.3420201433256633283 ) ) ;
#985 = FACE_BOUND ( 'NONE', #836, .T. ) ;
#986 = CARTESIAN_POINT ( 'NONE',  ( -26.94000000000000483, 58.03424694923710092, 32.06963125499618883 ) ) ;
#987 = ORIENTED_EDGE ( 'NONE', *, *, #2867, .F. ) ;
#988 = EDGE_LOOP ( 'NONE', ( #1469, #588, #1021, #2101 ) ) ;
#989 = VERTEX_POINT ( 'NONE', #2711 ) ;
#990 = CARTESIAN_POINT ( 'NONE',  ( -26.94000000000000128, 84.82594567533885765, 18.59362818960191177 ) ) ;
#991 = PLANE ( 'NONE',  #1356 ) ;
#992 = CIRCLE ( 'NONE', #496, 6.500000000000000888 ) ;
#993 = AXIS2_PLACEMENT_3D ( 'NONE', #1745, #2694, #1504 ) ;
#994 = ORIENTED_EDGE ( 'NONE', *, *, #2302, .F. ) ;
#995 = CARTESIAN_POINT ( 'NONE',  ( 33.43999999999999773, -2.223130931616808414, 50.27690099489156950 ) ) ;
#996 = LINE ( 'NONE', #770, #1757 ) ;
#997 = EDGE_CURVE ( 'NONE', #316, #209, #1561, .T. ) ;
#998 = VECTOR ( 'NONE', #137, 1000.000000000000000 ) ;
#999 = CIRCLE ( 'NONE', #1672, 5.000000000000000888 ) ;
#1000 = DIRECTION ( 'NONE',  ( -0.000000000000000000, 1.000000000000000000, -0.000000000000000000 ) ) ;
#1001 = DIRECTION ( 'NONE',  ( -0.7071067811865520136, 0.7071067811865431318, -3.914641379322901534E-31 ) ) ;
#1002 = CARTESIAN_POINT ( 'NONE',  ( -12.50000000000001066, 0.9999999999999592548, -32.80509697000005787 ) ) ;
#1003 = EDGE_CURVE ( 'NONE', #1592, #2118, #609, .T. ) ;
#1004 = VERTEX_POINT ( 'NONE', #1869 ) ;
#1005 = ORIENTED_EDGE ( 'NONE', *, *, #59, .T. ) ;
#1006 = EDGE_CURVE ( 'NONE', #1036, #571, #131, .T. ) ;
#1007 = ORIENTED_EDGE ( 'NONE', *, *, #2818, .T. ) ;
#1008 = VERTEX_POINT ( 'NONE', #1554 ) ;
#1009 = FACE_OUTER_BOUND ( 'NONE', #791, .T. ) ;
#1010 = LINE ( 'NONE', #2904, #2310 ) ;
#1011 = EDGE_LOOP ( 'NONE', ( #1526, #1571, #2183, #358 ) ) ;
#1012 = DIRECTION ( 'NONE',  ( 0.000000000000000000, 0.000000000000000000, -1.000000000000000000 ) ) ;
#1013 = CARTESIAN_POINT ( 'NONE',  ( 33.43999999999999773, 56.83717644759730092, 28.78070708224549179 ) ) ;
#1014 = VECTOR ( 'NONE', #404, 1000.000000000000000 ) ;
#1015 = PRODUCT_RELATED_PRODUCT_CATEGORY ( 'part', '', ( #1581 ) ) ;
#1016 = CARTESIAN_POINT ( 'NONE',  ( 22.49999999999999645, 0.000000000000000000, 20.59490303000000466 ) ) ;
#1017 = DIRECTION ( 'NONE',  ( 0.000000000000000000, 0.000000000000000000, -1.000000000000000000 ) ) ;
#1018 = DIRECTION ( 'NONE',  ( -0.7071067811865439090, 0.6644630243886803234, -0.2418447626479700574 ) ) ;
#1019 = VECTOR ( 'NONE', #1966, 1000.000000000000000 ) ;
#1020 = VERTEX_POINT ( 'NONE', #2970 ) ;
#1021 = ORIENTED_EDGE ( 'NONE', *, *, #2938, .F. ) ;
#1022 = ORIENTED_EDGE ( 'NONE', *, *, #2555, .T. ) ;
#1023 = ORIENTED_EDGE ( 'NONE', *, *, #1747, .F. ) ;
#1024 = ADVANCED_FACE ( 'NONE', ( #373 ), #321, .F. ) ;
#1025 = CARTESIAN_POINT ( 'NONE',  ( 33.44000000000002615, 2.999999999999999112, 52.10045900977367239 ) ) ;
#1026 = DIRECTION ( 'NONE',  ( 0.000000000000000000, 1.000000000000000000, 0.000000000000000000 ) ) ;
#1027 = ORIENTED_EDGE ( 'NONE', *, *, #3068, .F. ) ;
#1028 = FACE_OUTER_BOUND ( 'NONE', #737, .T. ) ;
#1029 = DIRECTION ( 'NONE',  ( 0.000000000000000000, 0.000000000000000000, -1.000000000000000000 ) ) ;
#1030 = DIRECTION ( 'NONE',  ( 0.000000000000000000, -0.000000000000000000, 1.000000000000000000 ) ) ;
#1031 = FACE_OUTER_BOUND ( 'NONE', #760, .T. ) ;
#1032 = DIRECTION ( 'NONE',  ( 0.000000000000000000, 0.000000000000000000, 1.000000000000000000 ) ) ;
#1033 = ORIENTED_EDGE ( 'NONE', *, *, #1871, .F. ) ;
#1034 = EDGE_LOOP ( 'NONE', ( #1169, #574, #50, #624 ) ) ;
#1035 = EDGE_LOOP ( 'NONE', ( #352, #1794, #1523, #1241 ) ) ;
#1036 = VERTEX_POINT ( 'NONE', #77 ) ;
#1037 = LINE ( 'NONE', #1805, #2866 ) ;
#1038 = LINE ( 'NONE', #578, #622 ) ;
#1039 = EDGE_CURVE ( 'NONE', #2328, #948, #1955, .T. ) ;
#1040 = VERTEX_POINT ( 'NONE', #840 ) ;
#1041 = AXIS2_PLACEMENT_3D ( 'NONE', #739, #2669, #971 ) ;
#1042 = DIRECTION ( 'NONE',  ( 0.000000000000000000, -0.7071067811865543451, -0.7071067811865408004 ) ) ;
#1043 = DIRECTION ( 'NONE',  ( 0.000000000000000000, -0.3420201433256641055, -0.9396926207859099822 ) ) ;
#1044 = EDGE_CURVE ( 'NONE', #879, #1839, #1037, .T. ) ;
#1045 = VECTOR ( 'NONE', #2435, 1000.000000000000114 ) ;
#1046 = VECTOR ( 'NONE', #2822, 1000.000000000000227 ) ;
#1047 = CARTESIAN_POINT ( 'NONE',  ( 10.00000000000000533, 1.000000000000000888, 30.19490303000009845 ) ) ;
#1048 = DIRECTION ( 'NONE',  ( 0.7071067811865431318, -0.7071067811865520136, 0.000000000000000000 ) ) ;
#1049 = VECTOR ( 'NONE', #2655, 1000.000000000000000 ) ;
#1050 = CIRCLE ( 'NONE', #1203, 4.500000000000005329 ) ;
#1051 = CYLINDRICAL_SURFACE ( 'NONE', #199, 1.600000000000000755 ) ;
#1052 = EDGE_CURVE ( 'NONE', #2054, #2724, #1989, .T. ) ;
#1053 = PRESENTATION_LAYER_ASSIGNMENT (  '', '', ( #2569 ) ) ;
#1054 = VERTEX_POINT ( 'NONE', #2277 ) ;
#1055 = CARTESIAN_POINT ( 'NONE',  ( 17.50000000000001066, 3.000000000000002665, 12.19490303000005049 ) ) ;
#1056 = ORIENTED_EDGE ( 'NONE', *, *, #2238, .F. ) ;
#1057 = AXIS2_PLACEMENT_3D ( 'NONE', #1204, #542, #528 ) ;
#1058 = ORIENTED_EDGE ( 'NONE', *, *, #2191, .T. ) ;
#1059 = DIRECTION ( 'NONE',  ( 0.000000000000000000, 0.000000000000000000, -1.000000000000000000 ) ) ;
#1060 = CARTESIAN_POINT ( 'NONE',  ( -12.50000000000001066, 3.000000000000000000, -34.80509697000007208 ) ) ;
#1061 = ORIENTED_EDGE ( 'NONE', *, *, #660, .F. ) ;
#1062 = DIRECTION ( 'NONE',  ( -1.000000000000000000, -0.000000000000000000, -0.000000000000000000 ) ) ;
#1063 = LINE ( 'NONE', #595, #194 ) ;
#1064 = FACE_OUTER_BOUND ( 'NONE', #2508, .T. ) ;
#1065 = DIRECTION ( 'NONE',  ( -0.7071067811865457964, -0.06987804917595059895, 0.7036455487270319997 ) ) ;
#1066 = EDGE_CURVE ( 'NONE', #1741, #1551, #3020, .T. ) ;
#1067 = DIRECTION ( 'NONE',  ( 0.000000000000000000, -0.9396926207859104263, 0.3420201433256631063 ) ) ;
#1068 = VECTOR ( 'NONE', #2842, 1000.000000000000000 ) ;
#1069 = ORIENTED_EDGE ( 'NONE', *, *, #570, .F. ) ;
#1070 = LINE ( 'NONE', #1800, #1584 ) ;
#1071 = CIRCLE ( 'NONE', #1635, 1.600000000000011191 ) ;
#1072 = VERTEX_POINT ( 'NONE', #2039 ) ;
#1073 = EDGE_CURVE ( 'NONE', #1888, #1741, #2562, .T. ) ;
#1074 = AXIS2_PLACEMENT_3D ( 'NONE', #2862, #710, #424 ) ;
#1075 = ORIENTED_EDGE ( 'NONE', *, *, #3118, .T. ) ;
#1076 = ORIENTED_EDGE ( 'NONE', *, *, #1383, .F. ) ;
#1077 = DIRECTION ( 'NONE',  ( 0.000000000000000000, 1.000000000000000000, 0.000000000000000000 ) ) ;
#1078 = DIRECTION ( 'NONE',  ( -0.000000000000000000, 1.000000000000000000, -0.000000000000000000 ) ) ;
#1079 = EDGE_CURVE ( 'NONE', #464, #1293, #1524, .T. ) ;
#1080 = ORIENTED_EDGE ( 'NONE', *, *, #708, .F. ) ;
#1081 = CARTESIAN_POINT ( 'NONE',  ( 22.50000000000001421, 4.000000000000022204, -41.40509697000000244 ) ) ;
#1082 = DIRECTION ( 'NONE',  ( 0.000000000000000000, 0.000000000000000000, -1.000000000000000000 ) ) ;
#1083 = CARTESIAN_POINT ( 'NONE',  ( 22.49999999999999645, 3.000000000000000000, 22.19490303000000608 ) ) ;
#1084 = DIRECTION ( 'NONE',  ( 0.7071067811865469066, -0.7071067811865482389, 0.000000000000000000 ) ) ;
#1085 = DIRECTION ( 'NONE',  ( 0.000000000000000000, 0.000000000000000000, 1.000000000000000000 ) ) ;
#1086 = ADVANCED_FACE ( 'NONE', ( #2021 ), #245, .T. ) ;
#1087 = ORIENTED_EDGE ( 'NONE', *, *, #884, .T. ) ;
#1088 = CARTESIAN_POINT ( 'NONE',  ( 33.44000000000001194, 5.000000000000037303, -26.92421699422481396 ) ) ;
#1089 = ORIENTED_EDGE ( 'NONE', *, *, #1802, .T. ) ;
#1090 = VERTEX_POINT ( 'NONE', #2226 ) ;
#1091 = ORIENTED_EDGE ( 'NONE', *, *, #1514, .T. ) ;
#1092 = DIRECTION ( 'NONE',  ( 0.000000000000000000, 0.000000000000000000, 1.000000000000000000 ) ) ;
#1093 = CARTESIAN_POINT ( 'NONE',  ( 5.000000000000006217, 0.000000000000000000, 30.19490303000009845 ) ) ;
#1094 = EDGE_CURVE ( 'NONE', #428, #2488, #2410, .T. ) ;
#1095 = ORIENTED_EDGE ( 'NONE', *, *, #1825, .T. ) ;
#1096 = LINE ( 'NONE', #1765, #298 ) ;
#1097 = LINE ( 'NONE', #135, #2409 ) ;
#1098 = PLANE ( 'NONE',  #2431 ) ;
#1099 = DIRECTION ( 'NONE',  ( -3.710101128811936151E-31, -0.7071067811865431318, -0.7071067811865520136 ) ) ;
#1100 = PLANE ( 'NONE',  #2162 ) ;
#1101 = AXIS2_PLACEMENT_3D ( 'NONE', #2480, #2278, #374 ) ;
#1102 = EDGE_LOOP ( 'NONE', ( #1154, #564, #173, #2805 ) ) ;
#1103 = DIRECTION ( 'NONE',  ( -0.7071067811865566766, 0.6644630243886676668, -0.2418447626479682810 ) ) ;
#1104 = VECTOR ( 'NONE', #16, 1000.000000000000000 ) ;
#1105 = EDGE_LOOP ( 'NONE', ( #1410, #2037, #2492, #2122 ) ) ;
#1106 = CIRCLE ( 'NONE', #803, 50.72474820842916898 ) ;
#1107 = ORIENTED_EDGE ( 'NONE', *, *, #847, .F. ) ;
#1108 = ORIENTED_EDGE ( 'NONE', *, *, #164, .T. ) ;
#1109 = CONICAL_SURFACE ( 'NONE', #1313, 6.999999999999988454, 0.7853981633974469467 ) ;
#1110 = EDGE_CURVE ( 'NONE', #1450, #1880, #1540, .T. ) ;
#1111 = LINE ( 'NONE', #1793, #573 ) ;
#1112 = ORIENTED_EDGE ( 'NONE', *, *, #2721, .F. ) ;
#1113 = DIRECTION ( 'NONE',  ( -1.000000000000000000, -4.460235026360965719E-17, 1.623392787426892972E-17 ) ) ;
#1114 = DIRECTION ( 'NONE',  ( 0.000000000000000000, 0.000000000000000000, -1.000000000000000000 ) ) ;
#1115 = CARTESIAN_POINT ( 'NONE',  ( 30.44000000000000838, 4.999999999999982236, -26.92421699422481396 ) ) ;
#1116 = PLANE ( 'NONE',  #501 ) ;
#1117 = DIRECTION ( 'NONE',  ( -0.000000000000000000, 1.000000000000000000, -0.000000000000000000 ) ) ;
#1118 = ADVANCED_FACE ( 'NONE', ( #792 ), #1760, .T. ) ;
#1119 = ORIENTED_EDGE ( 'NONE', *, *, #2682, .F. ) ;
#1120 = FACE_BOUND ( 'NONE', #852, .T. ) ;
#1121 = ORIENTED_EDGE ( 'NONE', *, *, #1612, .F. ) ;
#1122 = AXIS2_PLACEMENT_3D ( 'NONE', #877, #655, #1138 ) ;
#1123 = VERTEX_POINT ( 'NONE', #2986 ) ;
#1124 = ORIENTED_EDGE ( 'NONE', *, *, #1845, .F. ) ;
#1125 = CARTESIAN_POINT ( 'NONE',  ( -12.50000000000001066, 79.47875521999580428, 17.19490303000005227 ) ) ;
#1126 = VECTOR ( 'NONE', #1135, 1000.000000000000000 ) ;
#1127 = ADVANCED_FACE ( 'NONE', ( #826 ), #2885, .F. ) ;
#1128 = VERTEX_POINT ( 'NONE', #10 ) ;
#1129 = LINE ( 'NONE', #2090, #1721 ) ;
#1130 = CARTESIAN_POINT ( 'NONE',  ( 31.44000000000002260, 5.999999999999998224, -26.92421699422481396 ) ) ;
#1131 = EDGE_CURVE ( 'NONE', #101, #1538, #1508, .T. ) ;
#1132 =( LENGTH_UNIT ( ) NAMED_UNIT ( * ) SI_UNIT ( .MILLI., .METRE. ) );
#1133 = PLANE ( 'NONE',  #2870 ) ;
#1134 = ORIENTED_EDGE ( 'NONE', *, *, #2555, .F. ) ;
#1135 = DIRECTION ( 'NONE',  ( -1.000000000000000000, 0.000000000000000000, 0.000000000000000000 ) ) ;
#1136 = EDGE_LOOP ( 'NONE', ( #1075, #2242, #579, #1925 ) ) ;
#1137 = ORIENTED_EDGE ( 'NONE', *, *, #2575, .T. ) ;
#1138 = DIRECTION ( 'NONE',  ( 0.000000000000000000, 0.000000000000000000, -1.000000000000000000 ) ) ;
#1139 = VERTEX_POINT ( 'NONE', #686 ) ;
#1140 = LINE ( 'NONE', #3087, #100 ) ;
#1141 = DIRECTION ( 'NONE',  ( -0.7071067811865515695, -0.6644630243886725518, 0.2418447626479694468 ) ) ;
#1142 = ADVANCED_FACE ( 'NONE', ( #2411 ), #1438, .T. ) ;
#1143 = CARTESIAN_POINT ( 'NONE',  ( -30.44000000000001194, 32.01123077225841485, -39.42801807735639841 ) ) ;
#1144 = DIRECTION ( 'NONE',  ( 0.000000000000000000, -1.000000000000000000, 0.000000000000000000 ) ) ;
#1145 = CARTESIAN_POINT ( 'NONE',  ( -26.94000000000000483, 17.09569809055325607, 46.97004447360944823 ) ) ;
#1146 = EDGE_CURVE ( 'NONE', #2054, #1139, #717, .T. ) ;
#1147 = ORIENTED_EDGE ( 'NONE', *, *, #2919, .T. ) ;
#1148 = CARTESIAN_POINT ( 'NONE',  ( -26.94000000000000483, 59.31595971334868267, 32.66730373245645325 ) ) ;
#1149 = DIRECTION ( 'NONE',  ( 0.000000000000000000, -1.000000000000000000, 0.000000000000000000 ) ) ;
#1150 = CONICAL_SURFACE ( 'NONE', #2507, 3.600000000000002309, 0.7853981633974391752 ) ;
#1151 = PLANE ( 'NONE',  #1255 ) ;
#1152 = EDGE_CURVE ( 'NONE', #731, #15, #145, .T. ) ;
#1153 = VECTOR ( 'NONE', #49, 1000.000000000000000 ) ;
#1154 = ORIENTED_EDGE ( 'NONE', *, *, #1281, .T. ) ;
#1155 = AXIS2_PLACEMENT_3D ( 'NONE', #204, #912, #233 ) ;
#1156 = CARTESIAN_POINT ( 'NONE',  ( 30.44000000000001194, 4.999999999999983125, -43.11509697000000330 ) ) ;
#1157 = VECTOR ( 'NONE', #1284, 1000.000000000000000 ) ;
#1158 = ORIENTED_EDGE ( 'NONE', *, *, #210, .F. ) ;
#1159 = CARTESIAN_POINT ( 'NONE',  ( -32.44000000000005457, 5.999999999999998224, -26.92421699422481396 ) ) ;
#1160 = CARTESIAN_POINT ( 'NONE',  ( 10.00000000000000711, 1.000000000000014655, 17.19490303000005227 ) ) ;
#1161 = FACE_OUTER_BOUND ( 'NONE', #3026, .T. ) ;
#1162 = CARTESIAN_POINT ( 'NONE',  ( 12.50000000000001066, 3.000000000000000000, -34.80509697000007208 ) ) ;
#1163 = LINE ( 'NONE', #3077, #1999 ) ;
#1164 = ADVANCED_FACE ( 'NONE', ( #1406 ), #2146, .F. ) ;
#1165 = VERTEX_POINT ( 'NONE', #237 ) ;
#1166 = LINE ( 'NONE', #1681, #1640 ) ;
#1167 = CARTESIAN_POINT ( 'NONE',  ( 22.50000000000001421, 60.00000000000000000, -37.80509696999999392 ) ) ;
#1168 = CARTESIAN_POINT ( 'NONE',  ( -33.44000000000001194, 5.000000000000039080, -49.61509697000001040 ) ) ;
#1169 = ORIENTED_EDGE ( 'NONE', *, *, #1772, .F. ) ;
#1170 = LINE ( 'NONE', #2136, #1325 ) ;
#1171 = VECTOR ( 'NONE', #3000, 1000.000000000000000 ) ;
#1172 = VERTEX_POINT ( 'NONE', #251 ) ;
#1173 = FACE_OUTER_BOUND ( 'NONE', #2950, .T. ) ;
#1174 = VECTOR ( 'NONE', #915, 1000.000000000000000 ) ;
#1175 = DIRECTION ( 'NONE',  ( 0.000000000000000000, 0.000000000000000000, 1.000000000000000000 ) ) ;
#1176 = AXIS2_PLACEMENT_3D ( 'NONE', #1995, #105, #83 ) ;
#1177 = CARTESIAN_POINT ( 'NONE',  ( -22.49999999999999289, 5.000000000000000000, -37.80509697000000102 ) ) ;
#1178 = CARTESIAN_POINT ( 'NONE',  ( -12.50000000000001066, 0.000000000000000000, 12.19490303000005049 ) ) ;
#1179 = EDGE_CURVE ( 'NONE', #1008, #1656, #2613, .T. ) ;
#1180 = CARTESIAN_POINT ( 'NONE',  ( -4.999999999999993783, 1.000000000000000888, 35.19490303000009845 ) ) ;
#1181 = FACE_OUTER_BOUND ( 'NONE', #1617, .T. ) ;
#1182 = DIRECTION ( 'NONE',  ( -9.637352644315380771E-17, 0.000000000000000000, 1.000000000000000000 ) ) ;
#1183 = ADVANCED_FACE ( 'NONE', ( #1912 ), #3071, .T. ) ;
#1184 = ORIENTED_EDGE ( 'NONE', *, *, #2512, .F. ) ;
#1185 = EDGE_LOOP ( 'NONE', ( #626, #2430, #2352, #1500, #812, #238, #2190 ) ) ;
#1186 = CARTESIAN_POINT ( 'NONE',  ( 26.94000000000000128, 56.83717644759728671, 28.78070708224549534 ) ) ;
#1187 = CARTESIAN_POINT ( 'NONE',  ( 19.50000000000002487, 3.000000000000000000, -27.80509697000005787 ) ) ;
#1188 = EDGE_CURVE ( 'NONE', #2803, #2303, #2588, .T. ) ;
#1189 = VERTEX_POINT ( 'NONE', #3097 ) ;
#1190 = CARTESIAN_POINT ( 'NONE',  ( -22.49999999999999289, 5.000000000000000000, -41.40509697000000244 ) ) ;
#1191 = LINE ( 'NONE', #896, #599 ) ;
#1192 = CARTESIAN_POINT ( 'NONE',  ( -33.44000000000001194, 50.02024515273897975, 30.51797308079036597 ) ) ;
#1193 = CARTESIAN_POINT ( 'NONE',  ( -22.49999999999999289, 5.000000000000000000, -37.80509697000000102 ) ) ;
#1194 = CARTESIAN_POINT ( 'NONE',  ( -9.999999999999994671, 1.000000000000000888, 30.19490303000009845 ) ) ;
#1195 = CIRCLE ( 'NONE', #192, 4.600000000000006750 ) ;
#1196 = EDGE_LOOP ( 'NONE', ( #1822, #2476 ) ) ;
#1197 = ORIENTED_EDGE ( 'NONE', *, *, #1579, .T. ) ;
#1198 = VECTOR ( 'NONE', #2625, 1000.000000000000000 ) ;
#1199 = AXIS2_PLACEMENT_3D ( 'NONE', #1778, #306, #2479 ) ;
#1200 = EDGE_LOOP ( 'NONE', ( #1687, #1851, #2965, #794 ) ) ;
#1201 = EDGE_CURVE ( 'NONE', #989, #489, #2644, .T. ) ;
#1202 = AXIS2_PLACEMENT_3D ( 'NONE', #3109, #430, #1448 ) ;
#1203 = AXIS2_PLACEMENT_3D ( 'NONE', #486, #208, #2160 ) ;
#1204 = CARTESIAN_POINT ( 'NONE',  ( -12.50000000000001066, 3.000000000000002665, 12.19490303000005049 ) ) ;
#1205 = CARTESIAN_POINT ( 'NONE',  ( 32.44000000000005457, 50.81082503159339581, 22.55713245588457028 ) ) ;
#1206 = CIRCLE ( 'NONE', #2012, 1.600000000000004086 ) ;
#1207 = DIRECTION ( 'NONE',  ( 0.000000000000000000, 0.000000000000000000, -1.000000000000000000 ) ) ;
#1208 = CONICAL_SURFACE ( 'NONE', #1622, 3.500000000000003109, 0.7853981633974466137 ) ;
#1209 = DIRECTION ( 'NONE',  ( 0.000000000000000000, 0.000000000000000000, -1.000000000000000000 ) ) ;
#1210 = CARTESIAN_POINT ( 'NONE',  ( 32.44000000000004036, 50.02024515273897975, 30.51797308079036597 ) ) ;
#1211 = DIRECTION ( 'NONE',  ( 0.000000000000000000, 0.000000000000000000, -1.000000000000000000 ) ) ;
#1212 = DIRECTION ( 'NONE',  ( -5.536138930465331605E-31, 0.000000000000000000, 1.000000000000000000 ) ) ;
#1213 = EDGE_CURVE ( 'NONE', #2128, #3128, #2351, .T. ) ;
#1214 = ORIENTED_EDGE ( 'NONE', *, *, #79, .T. ) ;
#1215 = ORIENTED_EDGE ( 'NONE', *, *, #490, .T. ) ;
#1216 = ORIENTED_EDGE ( 'NONE', *, *, #2397, .F. ) ;
#1217 = LINE ( 'NONE', #2180, #1104 ) ;
#1218 = LINE ( 'NONE', #2194, #902 ) ;
#1219 = VECTOR ( 'NONE', #1654, 1000.000000000000114 ) ;
#1220 = EDGE_CURVE ( 'NONE', #1774, #320, #1424, .T. ) ;
#1221 = AXIS2_PLACEMENT_3D ( 'NONE', #835, #1550, #872 ) ;
#1222 = ORIENTED_EDGE ( 'NONE', *, *, #2735, .F. ) ;
#1223 = DIRECTION ( 'NONE',  ( 0.000000000000000000, 0.000000000000000000, -1.000000000000000000 ) ) ;
#1224 = DIRECTION ( 'NONE',  ( 0.000000000000000000, -1.000000000000000000, 0.000000000000000000 ) ) ;
#1225 = VECTOR ( 'NONE', #220, 1000.000000000000114 ) ;
#1226 = DIRECTION ( 'NONE',  ( 0.000000000000000000, 0.000000000000000000, 1.000000000000000000 ) ) ;
#1227 = DIRECTION ( 'NONE',  ( -0.7071067811865469066, -0.7071067811865482389, 0.000000000000000000 ) ) ;
#1228 = CARTESIAN_POINT ( 'NONE',  ( 22.49999999999999645, 3.000000000000000000, 26.79490302999999685 ) ) ;
#1229 = EDGE_LOOP ( 'NONE', ( #1632, #2415, #13, #384 ) ) ;
#1230 = EDGE_LOOP ( 'NONE', ( #2934, #2743, #3012, #2631 ) ) ;
#1231 = DIRECTION ( 'NONE',  ( 8.659560562354913137E-17, -0.7071067811865489050, 0.7071067811865460184 ) ) ;
#1232 = DIRECTION ( 'NONE',  ( 0.000000000000000000, -0.9396926207859103153, 0.3420201433256638279 ) ) ;
#1233 = VERTEX_POINT ( 'NONE', #2632 ) ;
#1234 = CARTESIAN_POINT ( 'NONE',  ( 26.94000000000001194, 5.000000000000039080, -49.61509697000000330 ) ) ;
#1235 = EDGE_CURVE ( 'NONE', #808, #607, #1050, .T. ) ;
#1236 = DIRECTION ( 'NONE',  ( -0.000000000000000000, -1.000000000000000000, -0.000000000000000000 ) ) ;
#1237 = CARTESIAN_POINT ( 'NONE',  ( -17.50000000000001066, 79.47875521999580428, 0.000000000000000000 ) ) ;
#1238 = DIRECTION ( 'NONE',  ( 0.000000000000000000, -1.000000000000000000, 0.000000000000000000 ) ) ;
#1239 = EDGE_CURVE ( 'NONE', #2085, #1375, #699, .T. ) ;
#1240 = CARTESIAN_POINT ( 'NONE',  ( -30.44000000000000128, 56.59809349824033120, 28.12383207751072334 ) ) ;
#1241 = ORIENTED_EDGE ( 'NONE', *, *, #2758, .T. ) ;
#1242 = ADVANCED_FACE ( 'NONE', ( #3126 ), #1151, .F. ) ;
#1243 = VECTOR ( 'NONE', #2471, 1000.000000000000000 ) ;
#1244 = VERTEX_POINT ( 'NONE', #1668 ) ;
#1245 = ORIENTED_EDGE ( 'NONE', *, *, #1579, .F. ) ;
#1246 = FACE_OUTER_BOUND ( 'NONE', #2999, .T. ) ;
#1247 = VECTOR ( 'NONE', #132, 1000.000000000000000 ) ;
#1248 = FACE_OUTER_BOUND ( 'NONE', #2578, .T. ) ;
#1249 = ADVANCED_FACE ( 'NONE', ( #2384 ), #223, .T. ) ;
#1250 = VECTOR ( 'NONE', #765, 1000.000000000000114 ) ;
#1251 = EDGE_LOOP ( 'NONE', ( #2414, #407, #864, #2291 ) ) ;
#1252 = CARTESIAN_POINT ( 'NONE',  ( 26.94000000000001194, 5.999999999999999112, -43.11509697000000330 ) ) ;
#1253 = DIRECTION ( 'NONE',  ( 0.000000000000000000, -1.000000000000000000, 0.000000000000000000 ) ) ;
#1254 = VECTOR ( 'NONE', #1597, 1000.000000000000000 ) ;
#1255 = AXIS2_PLACEMENT_3D ( 'NONE', #1168, #2116, #932 ) ;
#1256 = EDGE_CURVE ( 'NONE', #907, #789, #2961, .T. ) ;
#1257 = CIRCLE ( 'NONE', #248, 5.000000000000000888 ) ;
#1258 = CARTESIAN_POINT ( 'NONE',  ( 22.49999999999999645, 3.999999999999995559, 22.19490303000000608 ) ) ;
#1259 = CYLINDRICAL_SURFACE ( 'NONE', #2112, 3.600000000000002309 ) ;
#1260 = DIRECTION ( 'NONE',  ( -1.000000000000000000, -0.000000000000000000, 1.309225264888156377E-16 ) ) ;
#1261 = EDGE_CURVE ( 'NONE', #3019, #2033, #2814, .T. ) ;
#1262 = ORIENTED_EDGE ( 'NONE', *, *, #594, .F. ) ;
#1263 = EDGE_LOOP ( 'NONE', ( #1790, #965, #2254, #790 ) ) ;
#1264 = ORIENTED_EDGE ( 'NONE', *, *, #1729, .T. ) ;
#1265 = DIRECTION ( 'NONE',  ( -0.000000000000000000, -1.000000000000000000, -0.000000000000000000 ) ) ;
#1266 = CARTESIAN_POINT ( 'NONE',  ( 33.44000000000001194, 60.00000000000000000, -49.61509697000000330 ) ) ;
#1267 = ORIENTED_EDGE ( 'NONE', *, *, #557, .F. ) ;
#1268 = DIRECTION ( 'NONE',  ( 0.000000000000000000, 0.000000000000000000, -1.000000000000000000 ) ) ;
#1269 = CARTESIAN_POINT ( 'NONE',  ( 10.00000000000000888, 0.000000000000000000, 0.000000000000000000 ) ) ;
#1270 = VECTOR ( 'NONE', #355, 1000.000000000000114 ) ;
#1271 = CARTESIAN_POINT ( 'NONE',  ( -26.94000000000000128, 59.06030737921410889, 34.88870911735391189 ) ) ;
#1272 = PLANE ( 'NONE',  #2461 ) ;
#1273 = CARTESIAN_POINT ( 'NONE',  ( 33.44000000000001194, 55.72474820842921162, -26.92421699422481041 ) ) ;
#1274 = VECTOR ( 'NONE', #174, 1000.000000000000114 ) ;
#1275 = ORIENTED_EDGE ( 'NONE', *, *, #2532, .F. ) ;
#1276 = EDGE_LOOP ( 'NONE', ( #1803, #2787, #300, #2231 ) ) ;
#1277 = EDGE_CURVE ( 'NONE', #209, #539, #2457, .T. ) ;
#1278 = ORIENTED_EDGE ( 'NONE', *, *, #1179, .T. ) ;
#1279 = ORIENTED_EDGE ( 'NONE', *, *, #2397, .T. ) ;
#1280 = DIRECTION ( 'NONE',  ( -1.230269320361879336E-16, 0.3420201433256633283, 0.9396926207859103153 ) ) ;
#1281 = EDGE_CURVE ( 'NONE', #2840, #509, #85, .T. ) ;
#1282 = DIRECTION ( 'NONE',  ( 8.659560562354853972E-17, -0.7071067811865539010, 0.7071067811865411334 ) ) ;
#1283 = VERTEX_POINT ( 'NONE', #1228 ) ;
#1284 = DIRECTION ( 'NONE',  ( 1.000000000000000000, -0.000000000000000000, -0.000000000000000000 ) ) ;
#1285 = ADVANCED_FACE ( 'NONE', ( #2220 ), #1051, .F. ) ;
#1286 = FACE_OUTER_BOUND ( 'NONE', #1543, .T. ) ;
#1287 = FACE_BOUND ( 'NONE', #560, .T. ) ;
#1288 = DIRECTION ( 'NONE',  ( 0.000000000000000000, 1.000000000000000000, 0.000000000000000000 ) ) ;
#1289 = LINE ( 'NONE', #758, #2368 ) ;
#1290 = EDGE_CURVE ( 'NONE', #540, #46, #754, .T. ) ;
#1291 = ORIENTED_EDGE ( 'NONE', *, *, #3056, .F. ) ;
#1292 = DIRECTION ( 'NONE',  ( 1.309225264888156377E-16, 7.645025128284134586E-17, -1.000000000000000000 ) ) ;
#1293 = VERTEX_POINT ( 'NONE', #1468 ) ;
#1294 = ORIENTED_EDGE ( 'NONE', *, *, #3089, .F. ) ;
#1295 = ORIENTED_EDGE ( 'NONE', *, *, #1585, .F. ) ;
#1296 = DIRECTION ( 'NONE',  ( -1.367950388909796794E-16, 0.000000000000000000, 1.000000000000000000 ) ) ;
#1297 = LINE ( 'NONE', #1779, #2429 ) ;
#1298 = EDGE_CURVE ( 'NONE', #2303, #907, #1959, .T. ) ;
#1299 = ORIENTED_EDGE ( 'NONE', *, *, #2308, .T. ) ;
#1300 = AXIS2_PLACEMENT_3D ( 'NONE', #2928, #1494, #52 ) ;
#1301 = LINE ( 'NONE', #1081, #1873 ) ;
#1302 = FACE_OUTER_BOUND ( 'NONE', #809, .T. ) ;
#1303 = CONICAL_SURFACE ( 'NONE', #2109, 5.500000000000039968, 0.7853981633974488341 ) ;
#1304 = VECTOR ( 'NONE', #1212, 1000.000000000000000 ) ;
#1305 = DIRECTION ( 'NONE',  ( 1.000000000000000000, 8.431447495865712410E-33, -1.387778780781445676E-16 ) ) ;
#1306 = CARTESIAN_POINT ( 'NONE',  ( -26.94000000000000128, 59.06030737921410889, 34.88870911735391189 ) ) ;
#1307 = AXIS2_PLACEMENT_3D ( 'NONE', #1389, #175, #222 ) ;
#1308 = DIRECTION ( 'NONE',  ( -1.000000000000000000, 0.000000000000000000, 0.000000000000000000 ) ) ;
#1309 = AXIS2_PLACEMENT_3D ( 'NONE', #1510, #6, #2423 ) ;
#1310 = CARTESIAN_POINT ( 'NONE',  ( -22.49999999999998934, 4.000000000000037303, 18.59490302999999400 ) ) ;
#1311 = EDGE_LOOP ( 'NONE', ( #1625, #1137, #287, #541 ) ) ;
#1312 = EDGE_CURVE ( 'NONE', #1880, #789, #506, .T. ) ;
#1313 = AXIS2_PLACEMENT_3D ( 'NONE', #2483, #1319, #338 ) ;
#1314 = VERTEX_POINT ( 'NONE', #986 ) ;
#1315 = VERTEX_POINT ( 'NONE', #314 ) ;
#1316 = DIRECTION ( 'NONE',  ( -0.000000000000000000, -1.000000000000000000, -0.000000000000000000 ) ) ;
#1317 = CARTESIAN_POINT ( 'NONE',  ( 22.50000000000001421, 5.000000000000000000, -37.80509696999999392 ) ) ;
#1318 = ORIENTED_EDGE ( 'NONE', *, *, #983, .T. ) ;
#1319 = DIRECTION ( 'NONE',  ( 1.000000000000000000, 0.000000000000000000, 0.000000000000000000 ) ) ;
#1320 = FACE_OUTER_BOUND ( 'NONE', #2576, .T. ) ;
#1321 = EDGE_CURVE ( 'NONE', #1072, #316, #2466, .T. ) ;
#1322 = CARTESIAN_POINT ( 'NONE',  ( 30.44000000000000838, 55.72474820842921162, -26.92421699422481041 ) ) ;
#1323 = LINE ( 'NONE', #123, #1411 ) ;
#1324 = DIRECTION ( 'NONE',  ( 1.000000000000000000, -0.000000000000000000, -0.000000000000000000 ) ) ;
#1325 = VECTOR ( 'NONE', #3066, 1000.000000000000000 ) ;
#1326 = ORIENTED_EDGE ( 'NONE', *, *, #1542, .T. ) ;
#1327 = DIRECTION ( 'NONE',  ( 1.230269320361879336E-16, 0.3420201433256633283, 0.9396926207859103153 ) ) ;
#1328 = CIRCLE ( 'NONE', #1477, 3.600000000000002309 ) ;
#1329 = EDGE_LOOP ( 'NONE', ( #227, #434, #904, #444, #685, #576, #1872 ) ) ;
#1330 = EDGE_CURVE ( 'NONE', #1442, #2801, #1984, .T. ) ;
#1331 = ORIENTED_EDGE ( 'NONE', *, *, #2161, .F. ) ;
#1332 = EDGE_LOOP ( 'NONE', ( #2445, #1780, #891, #3111 ) ) ;
#1333 = DIRECTION ( 'NONE',  ( 0.000000000000000000, 1.000000000000000000, 0.000000000000000000 ) ) ;
#1334 = CARTESIAN_POINT ( 'NONE',  ( -17.50000000000001066, 0.9999999999999592548, 12.19490303000005049 ) ) ;
#1335 = ORIENTED_EDGE ( 'NONE', *, *, #2818, .F. ) ;
#1336 = DIRECTION ( 'NONE',  ( -5.536138930465331605E-31, 0.000000000000000000, 1.000000000000000000 ) ) ;
#1337 = DIRECTION ( 'NONE',  ( -1.309225264888156377E-16, 0.000000000000000000, 1.000000000000000000 ) ) ;
#1338 = EDGE_CURVE ( 'NONE', #1172, #130, #1289, .T. ) ;
#1339 = CARTESIAN_POINT ( 'NONE',  ( -26.94000000000001194, 3.000000000000002665, -43.11509697000000330 ) ) ;
#1340 = DIRECTION ( 'NONE',  ( -0.000000000000000000, -1.000000000000000000, -0.000000000000000000 ) ) ;
#1341 = CARTESIAN_POINT ( 'NONE',  ( -33.44000000000001194, 55.72474820842921162, -26.92421699422481041 ) ) ;
#1342 = EDGE_CURVE ( 'NONE', #112, #1899, #1106, .T. ) ;
#1343 = DIRECTION ( 'NONE',  ( 0.000000000000000000, 0.000000000000000000, -1.000000000000000000 ) ) ;
#1344 = EDGE_LOOP ( 'NONE', ( #2208, #2369, #888, #1594 ) ) ;
#1345 = ORIENTED_EDGE ( 'NONE', *, *, #161, .T. ) ;
#1346 = ORIENTED_EDGE ( 'NONE', *, *, #959, .T. ) ;
#1347 = LINE ( 'NONE', #2074, #874 ) ;
#1348 = EDGE_LOOP ( 'NONE', ( #3099, #2951 ) ) ;
#1349 = CARTESIAN_POINT ( 'NONE',  ( 17.50000000000001066, 0.9999999999999592548, -27.80509697000005787 ) ) ;
#1350 = DIRECTION ( 'NONE',  ( 1.000000000000000000, 0.000000000000000000, 0.000000000000000000 ) ) ;
#1351 = EDGE_CURVE ( 'NONE', #1395, #1072, #2948, .T. ) ;
#1352 = AXIS2_PLACEMENT_3D ( 'NONE', #1860, #3092, #943 ) ;
#1353 = CARTESIAN_POINT ( 'NONE',  ( -22.49999999999999289, 3.000000000000000000, -33.20509697000000671 ) ) ;
#1354 = LINE ( 'NONE', #2785, #1254 ) ;
#1355 = DIRECTION ( 'NONE',  ( 0.000000000000000000, 0.000000000000000000, 1.000000000000000000 ) ) ;
#1356 = AXIS2_PLACEMENT_3D ( 'NONE', #1266, #2182, #2681 ) ;
#1357 = EDGE_LOOP ( 'NONE', ( #2894, #2388, #1089, #1005 ) ) ;
#1358 = CARTESIAN_POINT ( 'NONE',  ( -33.44000000000001194, 32.01123077225842906, -39.42801807735640551 ) ) ;
#1359 = AXIS2_PLACEMENT_3D ( 'NONE', #1609, #1583, #2536 ) ;
#1360 = ORIENTED_EDGE ( 'NONE', *, *, #2285, .F. ) ;
#1361 = EDGE_CURVE ( 'NONE', #2373, #62, #553, .T. ) ;
#1362 = AXIS2_PLACEMENT_3D ( 'NONE', #3119, #1678, #1878 ) ;
#1363 = VECTOR ( 'NONE', #1485, 1000.000000000000114 ) ;
#1364 = ORIENTED_EDGE ( 'NONE', *, *, #142, .F. ) ;
#1365 = DIRECTION ( 'NONE',  ( 0.000000000000000000, -1.000000000000000000, 0.000000000000000000 ) ) ;
#1366 = ORIENTED_EDGE ( 'NONE', *, *, #2609, .F. ) ;
#1367 = DIRECTION ( 'NONE',  ( 0.000000000000000000, 1.000000000000000000, 7.645025128284134586E-17 ) ) ;
#1368 = DIRECTION ( 'NONE',  ( 1.309225264888156377E-16, 7.645025128284134586E-17, -1.000000000000000000 ) ) ;
#1369 = DIRECTION ( 'NONE',  ( -0.000000000000000000, 1.000000000000000000, -0.000000000000000000 ) ) ;
#1370 = CARTESIAN_POINT ( 'NONE',  ( -19.50000000000002842, 3.000000000000000000, -1.079547091440741222E-29 ) ) ;
#1371 = FACE_OUTER_BOUND ( 'NONE', #2827, .T. ) ;
#1372 = VERTEX_POINT ( 'NONE', #279 ) ;
#1373 = LINE ( 'NONE', #648, #2533 ) ;
#1374 = ORIENTED_EDGE ( 'NONE', *, *, #1963, .F. ) ;
#1375 = VERTEX_POINT ( 'NONE', #1002 ) ;
#1376 = ADVANCED_FACE ( 'NONE', ( #1754 ), #1532, .T. ) ;
#1377 = CARTESIAN_POINT ( 'NONE',  ( -31.44000000000000128, 57.77686906838319203, 28.43868693891983668 ) ) ;
#1378 = CONICAL_SURFACE ( 'NONE', #2337, 3.600000000000005862, 0.7853981633974387311 ) ;
#1379 = ORIENTED_EDGE ( 'NONE', *, *, #2699, .F. ) ;
#1380 = ADVANCED_FACE ( 'NONE', ( #2251 ), #2659, .F. ) ;
#1381 = CARTESIAN_POINT ( 'NONE',  ( 0.000000000000000000, 3.000000000000000000, -46.61509696999999619 ) ) ;
#1382 = CARTESIAN_POINT ( 'NONE',  ( 26.93999999999999773, 15.89862758891343120, 43.68112030085875119 ) ) ;
#1383 = EDGE_CURVE ( 'NONE', #784, #2838, #774, .T. ) ;
#1384 = LINE ( 'NONE', #1143, #2680 ) ;
#1385 = FACE_OUTER_BOUND ( 'NONE', #2482, .T. ) ;
#1386 = LINE ( 'NONE', #2108, #846 ) ;
#1387 = ORIENTED_EDGE ( 'NONE', *, *, #2011, .F. ) ;
#1388 = LINE ( 'NONE', #474, #60 ) ;
#1389 = CARTESIAN_POINT ( 'NONE',  ( 12.00000000000001066, 3.000000000000000000, 1.156482317317846679E-15 ) ) ;
#1390 = DIRECTION ( 'NONE',  ( 0.000000000000000000, 0.000000000000000000, -1.000000000000000000 ) ) ;
#1391 = EDGE_CURVE ( 'NONE', #525, #784, #555, .T. ) ;
#1392 = ORIENTED_EDGE ( 'NONE', *, *, #2590, .F. ) ;
#1393 = ORIENTED_EDGE ( 'NONE', *, *, #2782, .F. ) ;
#1394 = DIRECTION ( 'NONE',  ( 0.000000000000000000, 0.000000000000000000, -1.000000000000000000 ) ) ;
#1395 = VERTEX_POINT ( 'NONE', #598 ) ;
#1396 = DIRECTION ( 'NONE',  ( 1.309225264888156377E-16, -7.645025128284134586E-17, 1.000000000000000000 ) ) ;
#1397 = LINE ( 'NONE', #450, #38 ) ;
#1398 = ADVANCED_FACE ( 'NONE', ( #1549 ), #1133, .T. ) ;
#1399 = DIRECTION ( 'NONE',  ( -1.000000000000000000, 0.000000000000000000, 0.000000000000000000 ) ) ;
#1400 = DIRECTION ( 'NONE',  ( -0.7071067811865431318, 0.7071067811865520136, 0.000000000000000000 ) ) ;
#1401 = DIRECTION ( 'NONE',  ( 0.000000000000000000, -1.000000000000000000, 0.000000000000000000 ) ) ;
#1402 = ORIENTED_EDGE ( 'NONE', *, *, #1979, .T. ) ;
#1403 = DIRECTION ( 'NONE',  ( 0.000000000000000000, -1.000000000000000000, 0.000000000000000000 ) ) ;
#1404 = ORIENTED_EDGE ( 'NONE', *, *, #724, .T. ) ;
#1405 = CONICAL_SURFACE ( 'NONE', #1352, 49.72474820842920451, 0.7853981633974482790 ) ;
#1406 = FACE_OUTER_BOUND ( 'NONE', #1311, .T. ) ;
#1407 = CIRCLE ( 'NONE', #2203, 5.500000000000039968 ) ;
#1408 = AXIS2_PLACEMENT_3D ( 'NONE', #946, #442, #1696 ) ;
#1409 = VERTEX_POINT ( 'NONE', #124 ) ;
#1410 = ORIENTED_EDGE ( 'NONE', *, *, #2170, .T. ) ;
#1411 = VECTOR ( 'NONE', #1084, 999.9999999999998863 ) ;
#1412 = AXIS2_PLACEMENT_3D ( 'NONE', #2201, #1968, #1032 ) ;
#1413 = CARTESIAN_POINT ( 'NONE',  ( -22.49999999999999289, 5.000000000000000000, -37.80509697000000102 ) ) ;
#1414 = VECTOR ( 'NONE', #2142, 1000.000000000000000 ) ;
#1415 = EDGE_LOOP ( 'NONE', ( #108, #1345, #2677, #372 ) ) ;
#1416 = CARTESIAN_POINT ( 'NONE',  ( 31.44000000000000128, 57.77686906838319203, 28.43868693891983668 ) ) ;
#1417 = FACE_OUTER_BOUND ( 'NONE', #3069, .T. ) ;
#1418 = LINE ( 'NONE', #454, #221 ) ;
#1419 = PRESENTATION_STYLE_ASSIGNMENT (( #2597 ) ) ;
#1420 = EDGE_CURVE ( 'NONE', #2838, #1591, #2617, .T. ) ;
#1421 = CARTESIAN_POINT ( 'NONE',  ( 22.49999999999999645, 0.000000000000000000, 23.79490303000000395 ) ) ;
#1422 = DIRECTION ( 'NONE',  ( 0.000000000000000000, 0.000000000000000000, -1.000000000000000000 ) ) ;
#1423 = CARTESIAN_POINT ( 'NONE',  ( 33.44000000000001194, 0.000000000000000000, -43.11509697000000330 ) ) ;
#1424 = LINE ( 'NONE', #1194, #2065 ) ;
#1425 = ORIENTED_EDGE ( 'NONE', *, *, #1079, .T. ) ;
#1426 = ORIENTED_EDGE ( 'NONE', *, *, #1811, .F. ) ;
#1427 = ADVANCED_FACE ( 'NONE', ( #107 ), #2738, .F. ) ;
#1428 = AXIS2_PLACEMENT_3D ( 'NONE', #2088, #936, #689 ) ;
#1429 = EDGE_LOOP ( 'NONE', ( #1147, #703, #2339, #1684 ) ) ;
#1430 = DIRECTION ( 'NONE',  ( 0.000000000000000000, 0.000000000000000000, -1.000000000000000000 ) ) ;
#1431 = VECTOR ( 'NONE', #2736, 1000.000000000000000 ) ;
#1432 = CARTESIAN_POINT ( 'NONE',  ( 12.50000000000001066, 0.9999999999999592548, -32.80509697000005787 ) ) ;
#1433 = ORIENTED_EDGE ( 'NONE', *, *, #1991, .T. ) ;
#1434 = LINE ( 'NONE', #2582, #148 ) ;
#1435 = DIRECTION ( 'NONE',  ( -0.000000000000000000, 1.000000000000000000, -0.000000000000000000 ) ) ;
#1436 = LINE ( 'NONE', #2802, #677 ) ;
#1437 = ORIENTED_EDGE ( 'NONE', *, *, #334, .F. ) ;
#1438 = PLANE ( 'NONE',  #705 ) ;
#1439 = ADVANCED_FACE ( 'NONE', ( #342 ), #1100, .T. ) ;
#1440 = EDGE_LOOP ( 'NONE', ( #1027, #351, #1890, #1674, #1472, #3084, #889, #2241 ) ) ;
#1441 = ADVANCED_FACE ( 'NONE', ( #1371 ), #94, .F. ) ;
#1442 = VERTEX_POINT ( 'NONE', #2270 ) ;
#1443 = CARTESIAN_POINT ( 'NONE',  ( 33.44000000000001194, 5.000000000000039080, -43.11509697000000330 ) ) ;
#1444 = CARTESIAN_POINT ( 'NONE',  ( 12.50000000000001066, 3.000000000000000000, 19.19490303000006293 ) ) ;
#1445 = CARTESIAN_POINT ( 'NONE',  ( 22.50000000000001421, 0.000000000000000000, -37.80509696999999392 ) ) ;
#1446 = DIRECTION ( 'NONE',  ( -9.637352644315377074E-17, 0.000000000000000000, 1.000000000000000000 ) ) ;
#1447 = DIRECTION ( 'NONE',  ( -5.536138930465331605E-31, 0.000000000000000000, 1.000000000000000000 ) ) ;
#1448 = DIRECTION ( 'NONE',  ( 0.000000000000000000, -0.9396926207859104263, 0.3420201433256631063 ) ) ;
#1449 = CARTESIAN_POINT ( 'NONE',  ( -12.50000000000001066, 0.000000000000000000, -27.80509697000005787 ) ) ;
#1450 = VERTEX_POINT ( 'NONE', #1832 ) ;
#1451 = ORIENTED_EDGE ( 'NONE', *, *, #769, .T. ) ;
#1452 = EDGE_CURVE ( 'NONE', #2082, #1040, #999, .T. ) ;
#1453 = VECTOR ( 'NONE', #2390, 1000.000000000000000 ) ;
#1454 = AXIS2_PLACEMENT_3D ( 'NONE', #2244, #1792, #561 ) ;
#1455 = ORIENTED_EDGE ( 'NONE', *, *, #1201, .F. ) ;
#1456 = AXIS2_PLACEMENT_3D ( 'NONE', #870, #3031, #2317 ) ;
#1457 = AXIS2_PLACEMENT_3D ( 'NONE', #1341, #1324, #2080 ) ;
#1458 = CYLINDRICAL_SURFACE ( 'NONE', #993, 5.000000000000000888 ) ;
#1459 = CARTESIAN_POINT ( 'NONE',  ( -22.49999999999998934, 5.000000000000000000, 22.19490302999999898 ) ) ;
#1460 = CIRCLE ( 'NONE', #2516, 4.500000000000010658 ) ;
#1461 = ORIENTED_EDGE ( 'NONE', *, *, #463, .F. ) ;
#1462 = FACE_OUTER_BOUND ( 'NONE', #1263, .T. ) ;
#1463 = VECTOR ( 'NONE', #1840, 1000.000000000000000 ) ;
#1464 = CARTESIAN_POINT ( 'NONE',  ( 22.49999999999999645, 5.000000000000000000, 22.19490303000000608 ) ) ;
#1465 =( BOUNDED_CURVE ( )  B_SPLINE_CURVE ( 3, ( #1580, #941, #643, #2626 ),
 .UNSPECIFIED., .F., .T. ) 
 B_SPLINE_CURVE_WITH_KNOTS ( ( 4, 4 ),
 ( 4.712388980384690562, 6.283185307179586232 ),
 .UNSPECIFIED. ) 
 CURVE ( )  GEOMETRIC_REPRESENTATION_ITEM ( )  RATIONAL_B_SPLINE_CURVE ( ( 1.000000000000000000, 0.8047378541243652705, 0.8047378541243652705, 1.000000000000000000 ) ) 
 REPRESENTATION_ITEM ( '' )  );
#1466 = DIRECTION ( 'NONE',  ( 0.000000000000000000, 0.000000000000000000, 1.000000000000000000 ) ) ;
#1467 = FACE_OUTER_BOUND ( 'NONE', #2195, .T. ) ;
#1468 = CARTESIAN_POINT ( 'NONE',  ( 10.00000000000000533, 1.387778780781443151E-14, 17.19490303000005227 ) ) ;
#1469 = ORIENTED_EDGE ( 'NONE', *, *, #473, .T. ) ;
#1470 = ORIENTED_EDGE ( 'NONE', *, *, #1901, .T. ) ;
#1471 = ADVANCED_FACE ( 'NONE', ( #619 ), #2978, .T. ) ;
#1472 = ORIENTED_EDGE ( 'NONE', *, *, #224, .F. ) ;
#1473 = CARTESIAN_POINT ( 'NONE',  ( -12.50000000000001066, 0.9999999999999592548, 17.19490303000005227 ) ) ;
#1474 = DIRECTION ( 'NONE',  ( 0.000000000000000000, 0.000000000000000000, -1.000000000000000000 ) ) ;
#1475 = AXIS2_PLACEMENT_3D ( 'NONE', #2050, #3013, #1820 ) ;
#1476 = EDGE_CURVE ( 'NONE', #539, #1008, #3075, .T. ) ;
#1477 = AXIS2_PLACEMENT_3D ( 'NONE', #1258, #2654, #2687 ) ;
#1478 = VERTEX_POINT ( 'NONE', #645 ) ;
#1479 = LINE ( 'NONE', #995, #2662 ) ;
#1480 = DIRECTION ( 'NONE',  ( -0.000000000000000000, 0.9396926207859104263, -0.3420201433256631063 ) ) ;
#1481 = CONICAL_SURFACE ( 'NONE', #2940, 6.999999999999985789, 0.7853981633974513876 ) ;
#1482 = EDGE_CURVE ( 'NONE', #2295, #526, #2286, .T. ) ;
#1483 = CARTESIAN_POINT ( 'NONE',  ( 26.94000000000001194, 6.000000000000000000, -48.61509697000003882 ) ) ;
#1484 = DIRECTION ( 'NONE',  ( 0.000000000000000000, 0.000000000000000000, -1.000000000000000000 ) ) ;
#1485 = DIRECTION ( 'NONE',  ( 1.230269320361879336E-16, -0.3420201433256633283, -0.9396926207859103153 ) ) ;
#1486 = EDGE_LOOP ( 'NONE', ( #1426, #1911, #1374, #1080 ) ) ;
#1487 = ORIENTED_EDGE ( 'NONE', *, *, #1970, .F. ) ;
#1488 = ORIENTED_EDGE ( 'NONE', *, *, #1110, .F. ) ;
#1489 = VERTEX_POINT ( 'NONE', #2520 ) ;
#1490 = CARTESIAN_POINT ( 'NONE',  ( 33.44000000000000483, 50.71200254673659913, 23.55223753399775077 ) ) ;
#1491 = CARTESIAN_POINT ( 'NONE',  ( -30.44000000000000128, 56.83717644759730092, 28.78070708224549179 ) ) ;
#1492 = ORIENTED_EDGE ( 'NONE', *, *, #2475, .T. ) ;
#1493 = CARTESIAN_POINT ( 'NONE',  ( -30.43999999999999773, 3.000000000000002665, 48.37583680610799064 ) ) ;
#1494 = DIRECTION ( 'NONE',  ( 0.000000000000000000, -1.000000000000000000, 0.000000000000000000 ) ) ;
#1495 = EDGE_CURVE ( 'NONE', #95, #2478, #3124, .T. ) ;
#1496 = DIRECTION ( 'NONE',  ( 1.000000000000000000, 0.000000000000000000, -5.246875334141536319E-31 ) ) ;
#1497 = FACE_BOUND ( 'NONE', #2342, .T. ) ;
#1498 = CARTESIAN_POINT ( 'NONE',  ( 22.49999999999999645, 5.000000000000000000, 22.19490303000000608 ) ) ;
#1499 = EDGE_CURVE ( 'NONE', #2118, #914, #350, .T. ) ;
#1500 = ORIENTED_EDGE ( 'NONE', *, *, #72, .T. ) ;
#1501 = AXIS2_PLACEMENT_3D ( 'NONE', #390, #1350, #1545 ) ;
#1502 = VERTEX_POINT ( 'NONE', #2772 ) ;
#1503 = ORIENTED_EDGE ( 'NONE', *, *, #365, .F. ) ;
#1504 = DIRECTION ( 'NONE',  ( 0.000000000000000000, 0.000000000000000000, -1.000000000000000000 ) ) ;
#1505 = AXIS2_PLACEMENT_3D ( 'NONE', #3073, #466, #2091 ) ;
#1506 = CARTESIAN_POINT ( 'NONE',  ( -26.94000000000000128, 56.83717644759729382, 28.78070708224549179 ) ) ;
#1507 = VECTOR ( 'NONE', #2145, 1000.000000000000000 ) ;
#1508 = CIRCLE ( 'NONE', #855, 5.000000000000000888 ) ;
#1509 = ORIENTED_EDGE ( 'NONE', *, *, #1213, .T. ) ;
#1510 = CARTESIAN_POINT ( 'NONE',  ( 22.49999999999999645, 60.00000000000000000, 22.19490303000000608 ) ) ;
#1511 = LINE ( 'NONE', #1269, #1243 ) ;
#1512 = AXIS2_PLACEMENT_3D ( 'NONE', #894, #663, #2392 ) ;
#1513 = AXIS2_PLACEMENT_3D ( 'NONE', #584, #1308, #1799 ) ;
#1514 = EDGE_CURVE ( 'NONE', #110, #2835, #393, .T. ) ;
#1515 = CONICAL_SURFACE ( 'NONE', #2920, 5.500000000000039968, 0.7853981633974488341 ) ;
#1516 = DIRECTION ( 'NONE',  ( 0.000000000000000000, 0.000000000000000000, -1.000000000000000000 ) ) ;
#1517 = CARTESIAN_POINT ( 'NONE',  ( -33.44000000000000483, 56.59809349824038804, 28.12383207751071268 ) ) ;
#1518 = DIRECTION ( 'NONE',  ( -0.000000000000000000, 1.000000000000000000, -0.000000000000000000 ) ) ;
#1519 = ORIENTED_EDGE ( 'NONE', *, *, #2011, .T. ) ;
#1520 = PRODUCT_DEFINITION_FORMATION_WITH_SPECIFIED_SOURCE ( 'ANY', '', #1581, .NOT_KNOWN. ) ;
#1521 = ADVANCED_FACE ( 'NONE', ( #883 ), #1844, .F. ) ;
#1522 = ORIENTED_EDGE ( 'NONE', *, *, #24, .T. ) ;
#1523 = ORIENTED_EDGE ( 'NONE', *, *, #1845, .T. ) ;
#1524 = LINE ( 'NONE', #114, #1669 ) ;
#1525 = DIRECTION ( 'NONE',  ( 0.000000000000000000, -1.000000000000000000, 0.000000000000000000 ) ) ;
#1526 = ORIENTED_EDGE ( 'NONE', *, *, #252, .F. ) ;
#1527 = DIRECTION ( 'NONE',  ( 0.000000000000000000, 0.000000000000000000, 1.000000000000000000 ) ) ;
#1528 = DIRECTION ( 'NONE',  ( 0.000000000000000000, 1.000000000000000000, 0.000000000000000000 ) ) ;
#1529 = VECTOR ( 'NONE', #2527, 1000.000000000000000 ) ;
#1530 = DIRECTION ( 'NONE',  ( 0.000000000000000000, -1.000000000000000000, 0.000000000000000000 ) ) ;
#1531 = CARTESIAN_POINT ( 'NONE',  ( -32.44000000000005457, 50.81082503159339581, 22.55713245588457383 ) ) ;
#1532 = PLANE ( 'NONE',  #2566 ) ;
#1533 = VECTOR ( 'NONE', #2323, 1000.000000000000000 ) ;
#1534 = ORIENTED_EDGE ( 'NONE', *, *, #2823, .F. ) ;
#1535 = LINE ( 'NONE', #1088, #370 ) ;
#1536 = ORIENTED_EDGE ( 'NONE', *, *, #2749, .F. ) ;
#1537 = ADVANCED_FACE ( 'NONE', ( #382 ), #2301, .T. ) ;
#1538 = VERTEX_POINT ( 'NONE', #1662 ) ;
#1539 = ORIENTED_EDGE ( 'NONE', *, *, #819, .T. ) ;
#1540 = LINE ( 'NONE', #63, #2206 ) ;
#1541 = FACE_OUTER_BOUND ( 'NONE', #2276, .T. ) ;
#1542 = EDGE_CURVE ( 'NONE', #91, #2085, #2641, .T. ) ;
#1543 = EDGE_LOOP ( 'NONE', ( #2714, #498, #2348, #2521 ) ) ;
#1544 = CARTESIAN_POINT ( 'NONE',  ( -32.44000000000005457, 50.81082503159339581, 22.55713245588457028 ) ) ;
#1545 = DIRECTION ( 'NONE',  ( 0.000000000000000000, 0.000000000000000000, 1.000000000000000000 ) ) ;
#1546 = ADVANCED_FACE ( 'NONE', ( #426 ), #1879, .F. ) ;
#1547 = LINE ( 'NONE', #1047, #1431 ) ;
#1548 = CARTESIAN_POINT ( 'NONE',  ( 22.49999999999999645, 5.000000000000000000, 25.79490303000000750 ) ) ;
#1549 = FACE_OUTER_BOUND ( 'NONE', #1035, .T. ) ;
#1550 = DIRECTION ( 'NONE',  ( 0.000000000000000000, -1.000000000000000000, 0.000000000000000000 ) ) ;
#1551 = VERTEX_POINT ( 'NONE', #1629 ) ;
#1552 = ORIENTED_EDGE ( 'NONE', *, *, #1006, .T. ) ;
#1553 = ADVANCED_FACE ( 'NONE', ( #2611 ), #929, .T. ) ;
#1554 = CARTESIAN_POINT ( 'NONE',  ( -31.44000000000002260, 50.81082503159339581, 22.55713245588457028 ) ) ;
#1555 = CARTESIAN_POINT ( 'NONE',  ( 26.94000000000000128, 60.00000000000000000, 34.54668897402824967 ) ) ;
#1556 = ORIENTED_EDGE ( 'NONE', *, *, #1825, .F. ) ;
#1557 = VECTOR ( 'NONE', #1236, 1000.000000000000000 ) ;
#1558 = CARTESIAN_POINT ( 'NONE',  ( -22.49999999999998934, 0.000000000000000000, 22.19490302999999898 ) ) ;
#1559 = CARTESIAN_POINT ( 'NONE',  ( -26.93999999999999773, -2.305430028023220740E-15, 56.38490302999999670 ) ) ;
#1560 = VECTOR ( 'NONE', #243, 1000.000000000000000 ) ;
#1561 = CIRCLE ( 'NONE', #651, 6.999999999999985789 ) ;
#1562 = FACE_OUTER_BOUND ( 'NONE', #1276, .T. ) ;
#1563 = CARTESIAN_POINT ( 'NONE',  ( -33.43999999999999062, 0.000000000000000000, 53.51972340011916174 ) ) ;
#1564 = AXIS2_PLACEMENT_3D ( 'NONE', #2486, #2014, #2300 ) ;
#1565 = VECTOR ( 'NONE', #266, 999.9999999999998863 ) ;
#1566 = CARTESIAN_POINT ( 'NONE',  ( 33.44000000000002615, 18.12175852053024272, 49.78912233596717130 ) ) ;
#1567 = VECTOR ( 'NONE', #580, 1000.000000000000000 ) ;
#1568 = LINE ( 'NONE', #396, #1533 ) ;
#1569 = EDGE_LOOP ( 'NONE', ( #1734, #323, #2722, #1056 ) ) ;
#1570 = VECTOR ( 'NONE', #1657, 1000.000000000000000 ) ;
#1571 = ORIENTED_EDGE ( 'NONE', *, *, #1039, .T. ) ;
#1572 = ORIENTED_EDGE ( 'NONE', *, *, #2127, .T. ) ;
#1573 = DIRECTION ( 'NONE',  ( 1.000000000000000000, 0.000000000000000000, -1.309225264888156377E-16 ) ) ;
#1574 = DIRECTION ( 'NONE',  ( 0.000000000000000000, -1.000000000000000000, 0.000000000000000000 ) ) ;
#1575 = EDGE_CURVE ( 'NONE', #1314, #2795, #725, .T. ) ;
#1576 = ORIENTED_EDGE ( 'NONE', *, *, #884, .F. ) ;
#1577 = FACE_OUTER_BOUND ( 'NONE', #2635, .T. ) ;
#1578 = FACE_OUTER_BOUND ( 'NONE', #2221, .T. ) ;
#1579 = EDGE_CURVE ( 'NONE', #1293, #1489, #438, .T. ) ;
#1580 = CARTESIAN_POINT ( 'NONE',  ( 33.43999999999999773, 0.000000000000000000, 49.46774750890658368 ) ) ;
#1581 = PRODUCT ( 'Staender', 'Staender', '', ( #2567 ) ) ;
#1582 = LINE ( 'NONE', #2250, #1816 ) ;
#1583 = DIRECTION ( 'NONE',  ( 1.000000000000000000, 0.000000000000000000, -1.309225264888156377E-16 ) ) ;
#1584 = VECTOR ( 'NONE', #140, 1000.000000000000000 ) ;
#1585 = EDGE_CURVE ( 'NONE', #1450, #1774, #1163, .T. ) ;
#1586 = VERTEX_POINT ( 'NONE', #2583 ) ;
#1587 = CARTESIAN_POINT ( 'NONE',  ( -22.49999999999999289, 3.000000000000000000, -37.80509697000000102 ) ) ;
#1588 = EDGE_LOOP ( 'NONE', ( #477, #3112 ) ) ;
#1589 = AXIS2_PLACEMENT_3D ( 'NONE', #1322, #832, #2784 ) ;
#1590 = PRODUCT_DEFINITION ( 'UNKNOWN', '', #1520, #1697 ) ;
#1591 = VERTEX_POINT ( 'NONE', #1421 ) ;
#1592 = VERTEX_POINT ( 'NONE', #2380 ) ;
#1593 = CARTESIAN_POINT ( 'NONE',  ( 30.44000000000000128, 56.83717644759728671, 28.78070708224549534 ) ) ;
#1594 = ORIENTED_EDGE ( 'NONE', *, *, #2875, .F. ) ;
#1595 = CYLINDRICAL_SURFACE ( 'NONE', #3067, 3.500000000000003109 ) ;
#1596 = PLANE ( 'NONE',  #2537 ) ;
#1597 = DIRECTION ( 'NONE',  ( 1.309225264888156377E-16, 0.000000000000000000, 1.000000000000000000 ) ) ;
#1598 = EDGE_CURVE ( 'NONE', #1538, #2803, #218, .T. ) ;
#1599 = CARTESIAN_POINT ( 'NONE',  ( 17.50000000000001066, 0.000000000000000000, 0.000000000000000000 ) ) ;
#1600 = ORIENTED_EDGE ( 'NONE', *, *, #2636, .F. ) ;
#1601 = LINE ( 'NONE', #1055, #771 ) ;
#1602 = ORIENTED_EDGE ( 'NONE', *, *, #530, .T. ) ;
#1603 = CARTESIAN_POINT ( 'NONE',  ( 26.94000000000000128, 59.06030737921411600, 34.88870911735390479 ) ) ;
#1604 = ORIENTED_EDGE ( 'NONE', *, *, #1664, .F. ) ;
#1605 = CARTESIAN_POINT ( 'NONE',  ( 4.082971482100940008E-29, 1.387778780781445676E-14, 17.19490303000005227 ) ) ;
#1606 = DIRECTION ( 'NONE',  ( -0.7071067811865492381, -0.7071067811865457964, -1.466346973958296805E-16 ) ) ;
#1607 = CIRCLE ( 'NONE', #1501, 8.000000000000000000 ) ;
#1608 = CARTESIAN_POINT ( 'NONE',  ( -4.999999999999993783, 1.000000000000000888, 35.19490303000009845 ) ) ;
#1609 = CARTESIAN_POINT ( 'NONE',  ( -33.44000000000001194, 60.00000000000000000, -49.61509697000000330 ) ) ;
#1610 = AXIS2_PLACEMENT_3D ( 'NONE', #1930, #1026, #1690 ) ;
#1611 = VECTOR ( 'NONE', #1316, 1000.000000000000000 ) ;
#1612 = EDGE_CURVE ( 'NONE', #2926, #1036, #3107, .T. ) ;
#1613 = ORIENTED_EDGE ( 'NONE', *, *, #1330, .F. ) ;
#1614 = AXIS2_PLACEMENT_3D ( 'NONE', #801, #23, #1484 ) ;
#1615 = CARTESIAN_POINT ( 'NONE',  ( -31.44000000000000128, 41.87824147946974307, -15.24243336193891629 ) ) ;
#1616 = VECTOR ( 'NONE', #1018, 1000.000000000000114 ) ;
#1617 = EDGE_LOOP ( 'NONE', ( #1087, #1534, #745, #3062 ) ) ;
#1618 = VECTOR ( 'NONE', #970, 1000.000000000000000 ) ;
#1619 = EDGE_CURVE ( 'NONE', #207, #230, #1191, .T. ) ;
#1620 = ORIENTED_EDGE ( 'NONE', *, *, #2326, .T. ) ;
#1621 = ORIENTED_EDGE ( 'NONE', *, *, #1585, .T. ) ;
#1622 = AXIS2_PLACEMENT_3D ( 'NONE', #2420, #2648, #1699 ) ;
#1623 = DIRECTION ( 'NONE',  ( 0.000000000000000000, 1.000000000000000000, 0.000000000000000000 ) ) ;
#1624 = EDGE_CURVE ( 'NONE', #2490, #2789, #86, .T. ) ;
#1625 = ORIENTED_EDGE ( 'NONE', *, *, #2036, .F. ) ;
#1626 = CARTESIAN_POINT ( 'NONE',  ( 28.99025253169416416, 2.999999999999998668, 52.10045900977367950 ) ) ;
#1627 = CARTESIAN_POINT ( 'NONE',  ( -22.49999999999998934, 4.000000000000037303, 18.59490302999999400 ) ) ;
#1628 = LINE ( 'NONE', #3106, #862 ) ;
#1629 = CARTESIAN_POINT ( 'NONE',  ( -22.49999999999999289, 0.000000000000000000, -39.40509696999999534 ) ) ;
#1630 = VERTEX_POINT ( 'NONE', #2143 ) ;
#1631 = LINE ( 'NONE', #1180, #1274 ) ;
#1632 = ORIENTED_EDGE ( 'NONE', *, *, #2765, .T. ) ;
#1633 = DIRECTION ( 'NONE',  ( 0.000000000000000000, -1.000000000000000000, -7.645025128284134586E-17 ) ) ;
#1634 = VECTOR ( 'NONE', #1292, 1000.000000000000000 ) ;
#1635 = AXIS2_PLACEMENT_3D ( 'NONE', #2440, #727, #1226 ) ;
#1636 = ORIENTED_EDGE ( 'NONE', *, *, #254, .T. ) ;
#1637 = EDGE_LOOP ( 'NONE', ( #1294, #2089, #160, #1184 ) ) ;
#1638 = EDGE_CURVE ( 'NONE', #2560, #62, #1386, .T. ) ;
#1639 = DIRECTION ( 'NONE',  ( 0.7071067811865565655, -0.6644630243886675558, 0.2418447626479687251 ) ) ;
#1640 = VECTOR ( 'NONE', #2394, 1000.000000000000000 ) ;
#1641 = VERTEX_POINT ( 'NONE', #2094 ) ;
#1642 = LINE ( 'NONE', #641, #1463 ) ;
#1643 = ADVANCED_FACE ( 'NONE', ( #3058 ), #1405, .F. ) ;
#1644 = CARTESIAN_POINT ( 'NONE',  ( 1.007132632493459984E-29, 3.000000000000000000, 19.19490303000006648 ) ) ;
#1645 = DIRECTION ( 'NONE',  ( 0.000000000000000000, 0.000000000000000000, 1.000000000000000000 ) ) ;
#1646 = CARTESIAN_POINT ( 'NONE',  ( -22.49999999999998934, 3.000000000000000000, 17.59490302999997624 ) ) ;
#1647 = DIRECTION ( 'NONE',  ( -0.000000000000000000, 1.000000000000000000, -0.000000000000000000 ) ) ;
#1648 = ADVANCED_FACE ( 'NONE', ( #1908 ), #1909, .F. ) ;
#1649 = ORIENTED_EDGE ( 'NONE', *, *, #1482, .F. ) ;
#1650 = FACE_OUTER_BOUND ( 'NONE', #3014, .T. ) ;
#1651 = FACE_OUTER_BOUND ( 'NONE', #2016, .T. ) ;
#1652 = CARTESIAN_POINT ( 'NONE',  ( 26.94000000000001194, 0.000000000000000000, -43.11509697000000330 ) ) ;
#1653 = ORIENTED_EDGE ( 'NONE', *, *, #161, .F. ) ;
#1654 = DIRECTION ( 'NONE',  ( -1.230269320361879336E-16, -0.3420201433256633283, -0.9396926207859103153 ) ) ;
#1655 = ADVANCED_FACE ( 'NONE', ( #2362 ), #3115, .T. ) ;
#1656 = VERTEX_POINT ( 'NONE', #2864 ) ;
#1657 = DIRECTION ( 'NONE',  ( 1.000000000000000000, -4.928932051820269971E-30, -5.246875334141536319E-31 ) ) ;
#1658 = CARTESIAN_POINT ( 'NONE',  ( 32.44000000000005457, 5.999999999999999112, -43.11509697000000330 ) ) ;
#1659 = EDGE_CURVE ( 'NONE', #2306, #1409, #1195, .T. ) ;
#1660 = CARTESIAN_POINT ( 'NONE',  ( 0.000000000000000000, 0.000000000000000000, 0.000000000000000000 ) ) ;
#1661 = FILL_AREA_STYLE ('',( #695 ) ) ;
#1662 = CARTESIAN_POINT ( 'NONE',  ( -17.50000000000001066, 1.543492942901482892E-15, -27.80509697000081459 ) ) ;
#1663 = VECTOR ( 'NONE', #2881, 1000.000000000000114 ) ;
#1664 = EDGE_CURVE ( 'NONE', #2478, #539, #3120, .T. ) ;
#1665 = FACE_OUTER_BOUND ( 'NONE', #2890, .T. ) ;
#1666 = CARTESIAN_POINT ( 'NONE',  ( 22.50000000000001421, 4.000000000000022204, -34.20509696999998539 ) ) ;
#1667 = AXIS2_PLACEMENT_3D ( 'NONE', #1782, #615, #1337 ) ;
#1668 = CARTESIAN_POINT ( 'NONE',  ( -22.49999999999999289, 5.000000000000000000, -41.40509697000000244 ) ) ;
#1669 = VECTOR ( 'NONE', #1265, 1000.000000000000000 ) ;
#1670 = EDGE_LOOP ( 'NONE', ( #1069, #592, #1758, #1278 ) ) ;
#1671 = CIRCLE ( 'NONE', #2416, 3.500000000000003109 ) ;
#1672 = AXIS2_PLACEMENT_3D ( 'NONE', #2066, #2320, #2800 ) ;
#1673 = AXIS2_PLACEMENT_3D ( 'NONE', #134, #1062, #1993 ) ;
#1674 = ORIENTED_EDGE ( 'NONE', *, *, #280, .T. ) ;
#1675 = DIRECTION ( 'NONE',  ( 0.000000000000000000, 0.000000000000000000, -1.000000000000000000 ) ) ;
#1676 = DIRECTION ( 'NONE',  ( -4.477814127426264904E-17, -0.9396926207859104263, 0.3420201433256631063 ) ) ;
#1677 = DIRECTION ( 'NONE',  ( -0.000000000000000000, -1.000000000000000000, -0.000000000000000000 ) ) ;
#1678 = DIRECTION ( 'NONE',  ( 0.000000000000000000, -1.000000000000000000, 0.000000000000000000 ) ) ;
#1679 = DIRECTION ( 'NONE',  ( 0.000000000000000000, -0.7071067811865489050, -0.7071067811865460184 ) ) ;
#1680 = ADVANCED_FACE ( 'NONE', ( #1692 ), #517, .T. ) ;
#1681 = CARTESIAN_POINT ( 'NONE',  ( 31.44000000000002260, 50.81082503159339581, 22.55713245588457383 ) ) ;
#1682 = DIRECTION ( 'NONE',  ( -1.000000000000000000, 0.000000000000000000, 0.000000000000000000 ) ) ;
#1683 = CARTESIAN_POINT ( 'NONE',  ( -17.50000000000001066, 0.9999999999999592548, 0.000000000000000000 ) ) ;
#1684 = ORIENTED_EDGE ( 'NONE', *, *, #2363, .F. ) ;
#1685 = CONICAL_SURFACE ( 'NONE', #111, 3.600000000000002309, 0.7853981633974461696 ) ;
#1686 = EDGE_CURVE ( 'NONE', #1372, #337, #996, .T. ) ;
#1687 = ORIENTED_EDGE ( 'NONE', *, *, #181, .T. ) ;
#1688 = LINE ( 'NONE', #2638, #2062 ) ;
#1689 = CIRCLE ( 'NONE', #2282, 8.000000000000000000 ) ;
#1690 = DIRECTION ( 'NONE',  ( 0.000000000000000000, -0.000000000000000000, 1.000000000000000000 ) ) ;
#1691 = CYLINDRICAL_SURFACE ( 'NONE', #1309, 1.600000000000000755 ) ;
#1692 = FACE_OUTER_BOUND ( 'NONE', #2693, .T. ) ;
#1693 = EDGE_CURVE ( 'NONE', #509, #876, #493, .T. ) ;
#1694 = CARTESIAN_POINT ( 'NONE',  ( 12.50000000000001066, 0.000000000000000000, 12.19490303000005049 ) ) ;
#1695 = CARTESIAN_POINT ( 'NONE',  ( -33.44000000000001194, 5.999999999999998224, -26.92421699422481396 ) ) ;
#1696 = DIRECTION ( 'NONE',  ( 0.000000000000000000, 0.000000000000000000, -1.000000000000000000 ) ) ;
#1697 = PRODUCT_DEFINITION_CONTEXT ( 'detailed design', #2876, 'design' ) ;
#1698 = ORIENTED_EDGE ( 'NONE', *, *, #457, .T. ) ;
#1699 = DIRECTION ( 'NONE',  ( 0.000000000000000000, 0.000000000000000000, 1.000000000000000000 ) ) ;
#1700 = FACE_OUTER_BOUND ( 'NONE', #2819, .T. ) ;
#1701 = EDGE_LOOP ( 'NONE', ( #698, #2901, #2398, #395 ) ) ;
#1702 = LINE ( 'NONE', #2944, #503 ) ;
#1703 = CARTESIAN_POINT ( 'NONE',  ( -9.999999999999994671, 1.000000000000000888, 30.19490303000009845 ) ) ;
#1704 = CARTESIAN_POINT ( 'NONE',  ( -30.44000000000001194, 4.999999999999984013, -43.11509697000000330 ) ) ;
#1705 = CARTESIAN_POINT ( 'NONE',  ( 30.44000000000001194, 60.00000000000000000, -43.11509697000000330 ) ) ;
#1706 = DIRECTION ( 'NONE',  ( 0.000000000000000000, 0.000000000000000000, -1.000000000000000000 ) ) ;
#1707 = ADVANCED_FACE ( 'NONE', ( #1736 ), #2698, .T. ) ;
#1708 = ORIENTED_EDGE ( 'NONE', *, *, #1094, .T. ) ;
#1709 = EDGE_CURVE ( 'NONE', #1189, #1123, #2406, .T. ) ;
#1710 = CIRCLE ( 'NONE', #291, 7.000000000000040856 ) ;
#1711 = AXIS2_PLACEMENT_3D ( 'NONE', #2872, #431, #2131 ) ;
#1712 = ORIENTED_EDGE ( 'NONE', *, *, #1261, .F. ) ;
#1713 = AXIS2_PLACEMENT_3D ( 'NONE', #54, #1001, #2473 ) ;
#1714 = VECTOR ( 'NONE', #2619, 1000.000000000000114 ) ;
#1715 = CARTESIAN_POINT ( 'NONE',  ( 32.44000000000005457, 5.999999999999998224, -26.92421699422481396 ) ) ;
#1716 = LINE ( 'NONE', #513, #1153 ) ;
#1717 = EDGE_CURVE ( 'NONE', #1020, #1293, #1511, .T. ) ;
#1718 = CIRCLE ( 'NONE', #1870, 6.499999999999999112 ) ;
#1719 = ORIENTED_EDGE ( 'NONE', *, *, #2595, .T. ) ;
#1720 = DIRECTION ( 'NONE',  ( 0.000000000000000000, -1.000000000000000000, 0.000000000000000000 ) ) ;
#1721 = VECTOR ( 'NONE', #3054, 1000.000000000000000 ) ;
#1722 = FACE_OUTER_BOUND ( 'NONE', #1756, .T. ) ;
#1723 = CARTESIAN_POINT ( 'NONE',  ( 12.50000000000001066, 3.000000000000002665, -27.80509697000005787 ) ) ;
#1724 = FACE_BOUND ( 'NONE', #2874, .T. ) ;
#1725 = DIRECTION ( 'NONE',  ( 0.000000000000000000, 0.7071067811865531239, 0.7071067811865419106 ) ) ;
#1726 = ORIENTED_EDGE ( 'NONE', *, *, #1277, .T. ) ;
#1727 = EDGE_LOOP ( 'NONE', ( #1061, #1433, #2918, #2051 ) ) ;
#1728 = EDGE_LOOP ( 'NONE', ( #1279, #1987, #3036, #2135 ) ) ;
#1729 = EDGE_CURVE ( 'NONE', #571, #2085, #2104, .T. ) ;
#1730 = DIRECTION ( 'NONE',  ( 0.000000000000000000, -1.000000000000000000, 0.000000000000000000 ) ) ;
#1731 = FACE_BOUND ( 'NONE', #2572, .T. ) ;
#1732 = CIRCLE ( 'NONE', #968, 5.000000000000000888 ) ;
#1733 = AXIS2_PLACEMENT_3D ( 'NONE', #458, #1403, #667 ) ;
#1734 = ORIENTED_EDGE ( 'NONE', *, *, #732, .F. ) ;
#1735 = DIRECTION ( 'NONE',  ( 1.000000000000000000, 5.791302902052174006E-33, -1.387778780781445676E-16 ) ) ;
#1736 = FACE_OUTER_BOUND ( 'NONE', #2905, .T. ) ;
#1737 = VECTOR ( 'NONE', #800, 1000.000000000000000 ) ;
#1738 = CARTESIAN_POINT ( 'NONE',  ( 33.44000000000000483, 56.83717644759730803, 28.78070708224548824 ) ) ;
#1739 = CARTESIAN_POINT ( 'NONE',  ( -32.44000000000005457, 5.999999999999998224, -26.92421699422481396 ) ) ;
#1740 = DIRECTION ( 'NONE',  ( 1.309225264888156377E-16, -7.645025128284134586E-17, 1.000000000000000000 ) ) ;
#1741 = VERTEX_POINT ( 'NONE', #2958 ) ;
#1742 = ORIENTED_EDGE ( 'NONE', *, *, #2532, .T. ) ;
#1743 = ORIENTED_EDGE ( 'NONE', *, *, #254, .F. ) ;
#1744 = ORIENTED_EDGE ( 'NONE', *, *, #2925, .F. ) ;
#1745 = CARTESIAN_POINT ( 'NONE',  ( 12.50000000000001066, 79.47875521999580428, -27.80509697000005787 ) ) ;
#1746 = LINE ( 'NONE', #766, #2656 ) ;
#1747 = EDGE_CURVE ( 'NONE', #337, #2373, #3015, .T. ) ;
#1748 = ORIENTED_EDGE ( 'NONE', *, *, #1495, .F. ) ;
#1749 = CARTESIAN_POINT ( 'NONE',  ( -26.94000000000001194, 4.999999999999984013, -43.11509697000000330 ) ) ;
#1750 = CARTESIAN_POINT ( 'NONE',  ( -30.44000000000001194, 60.00000000000000000, -49.61509697000000330 ) ) ;
#1751 = ADVANCED_FACE ( 'NONE', ( #2716 ), #1150, .T. ) ;
#1752 = LINE ( 'NONE', #504, #1019 ) ;
#1753 = CARTESIAN_POINT ( 'NONE',  ( -9.999999999999994671, 2.775557561562891351E-14, 30.19490303000009845 ) ) ;
#1754 = FACE_OUTER_BOUND ( 'NONE', #988, .T. ) ;
#1755 = ADVANCED_FACE ( 'NONE', ( #1722 ), #7, .F. ) ;
#1756 = EDGE_LOOP ( 'NONE', ( #1957, #58, #281, #994 ) ) ;
#1757 = VECTOR ( 'NONE', #1480, 1000.000000000000000 ) ;
#1758 = ORIENTED_EDGE ( 'NONE', *, *, #2614, .T. ) ;
#1759 = ORIENTED_EDGE ( 'NONE', *, *, #2073, .F. ) ;
#1760 = PLANE ( 'NONE',  #1913 ) ;
#1761 = CIRCLE ( 'NONE', #400, 4.599999999999992539 ) ;
#1762 = CARTESIAN_POINT ( 'NONE',  ( -12.50000000000001066, 3.000000000000000000, -27.80509697000005787 ) ) ;
#1763 = AXIS2_PLACEMENT_3D ( 'NONE', #2598, #2347, #483 ) ;
#1764 = ORIENTED_EDGE ( 'NONE', *, *, #2028, .T. ) ;
#1765 = CARTESIAN_POINT ( 'NONE',  ( -30.44000000000000483, 3.000000000000000000, 3.985281706319549363E-15 ) ) ;
#1766 = DIRECTION ( 'NONE',  ( 0.000000000000000000, 0.9396926207859106484, -0.3420201433256624401 ) ) ;
#1767 = VECTOR ( 'NONE', #1400, 1000.000000000000000 ) ;
#1768 = VECTOR ( 'NONE', #1895, 1000.000000000000000 ) ;
#1769 = AXIS2_PLACEMENT_3D ( 'NONE', #1942, #271, #2665 ) ;
#1770 = DIRECTION ( 'NONE',  ( -0.7071067811865470176, 0.6644630243886766596, -0.2418447626479713619 ) ) ;
#1771 = FACE_OUTER_BOUND ( 'NONE', #1727, .T. ) ;
#1772 = EDGE_CURVE ( 'NONE', #540, #44, #1934, .T. ) ;
#1773 = DIRECTION ( 'NONE',  ( -0.000000000000000000, 1.000000000000000000, -0.000000000000000000 ) ) ;
#1774 = VERTEX_POINT ( 'NONE', #1703 ) ;
#1775 = EDGE_CURVE ( 'NONE', #509, #731, #1980, .T. ) ;
#1776 = ORIENTED_EDGE ( 'NONE', *, *, #1693, .T. ) ;
#1777 = ORIENTED_EDGE ( 'NONE', *, *, #1499, .F. ) ;
#1778 = CARTESIAN_POINT ( 'NONE',  ( -22.49999999999999289, 5.000000000000000000, -37.80509697000000102 ) ) ;
#1779 = CARTESIAN_POINT ( 'NONE',  ( -30.44000000000000128, 84.82594567533885765, 18.59362818960191177 ) ) ;
#1780 = ORIENTED_EDGE ( 'NONE', *, *, #935, .T. ) ;
#1781 = CARTESIAN_POINT ( 'NONE',  ( 5.000000000000006217, 79.47875521999581849, 30.19490303000009845 ) ) ;
#1782 = CARTESIAN_POINT ( 'NONE',  ( 33.44000000000001194, 60.00000000000000000, -49.61509697000000330 ) ) ;
#1783 = AXIS2_PLACEMENT_3D ( 'NONE', #2121, #1838, #2577 ) ;
#1784 = DIRECTION ( 'NONE',  ( -9.637352644315377074E-17, 0.000000000000000000, 1.000000000000000000 ) ) ;
#1785 = LINE ( 'NONE', #2737, #998 ) ;
#1786 = DIRECTION ( 'NONE',  ( 4.746482975071844201E-17, -0.9396926207859104263, 0.3420201433256633283 ) ) ;
#1787 = VECTOR ( 'NONE', #2113, 1000.000000000000000 ) ;
#1788 = EDGE_CURVE ( 'NONE', #2488, #1128, #2652, .T. ) ;
#1789 = DIRECTION ( 'NONE',  ( 0.000000000000000000, 0.000000000000000000, 1.000000000000000000 ) ) ;
#1790 = ORIENTED_EDGE ( 'NONE', *, *, #935, .F. ) ;
#1791 = ORIENTED_EDGE ( 'NONE', *, *, #2073, .T. ) ;
#1792 = DIRECTION ( 'NONE',  ( 9.999599198124134461E-31, -0.7071067811865455743, 0.7071067811865495711 ) ) ;
#1793 = CARTESIAN_POINT ( 'NONE',  ( 10.00000000000000533, 3.000000000000000000, 19.19490303000006648 ) ) ;
#1794 = ORIENTED_EDGE ( 'NONE', *, *, #2271, .T. ) ;
#1795 = CARTESIAN_POINT ( 'NONE',  ( 22.50000000000001421, 60.00000000000000000, -37.80509696999999392 ) ) ;
#1796 = LINE ( 'NONE', #1559, #747 ) ;
#1797 = DIRECTION ( 'NONE',  ( 0.000000000000000000, -1.000000000000000000, 0.000000000000000000 ) ) ;
#1798 = CARTESIAN_POINT ( 'NONE',  ( -9.999999999999992895, 79.47875521999580428, 17.19490303000005227 ) ) ;
#1799 = DIRECTION ( 'NONE',  ( 0.000000000000000000, 8.673617379884035472E-16, -1.000000000000000000 ) ) ;
#1800 = CARTESIAN_POINT ( 'NONE',  ( -33.44000000000001194, 50.81082503159339581, 22.55713245588457028 ) ) ;
#1801 = VERTEX_POINT ( 'NONE', #21 ) ;
#1802 = EDGE_CURVE ( 'NONE', #2303, #2490, #2439, .T. ) ;
#1803 = ORIENTED_EDGE ( 'NONE', *, *, #2173, .F. ) ;
#1804 = ORIENTED_EDGE ( 'NONE', *, *, #2765, .F. ) ;
#1805 = CARTESIAN_POINT ( 'NONE',  ( 33.44000000000000483, 56.83717644759731513, 28.78070708224550600 ) ) ;
#1806 = EDGE_CURVE ( 'NONE', #348, #284, #2807, .T. ) ;
#1807 = DIRECTION ( 'NONE',  ( -1.000000000000000000, -0.000000000000000000, -0.000000000000000000 ) ) ;
#1808 = ORIENTED_EDGE ( 'NONE', *, *, #487, .T. ) ;
#1809 = VECTOR ( 'NONE', #2405, 1000.000000000000000 ) ;
#1810 = DIRECTION ( 'NONE',  ( 0.000000000000000000, -1.000000000000000000, 0.000000000000000000 ) ) ;
#1811 = EDGE_CURVE ( 'NONE', #2054, #718, #275, .T. ) ;
#1812 = DIRECTION ( 'NONE',  ( 0.000000000000000000, 0.000000000000000000, -1.000000000000000000 ) ) ;
#1813 = AXIS2_PLACEMENT_3D ( 'NONE', #707, #2152, #1918 ) ;
#1814 = LINE ( 'NONE', #2718, #2230 ) ;
#1815 = CARTESIAN_POINT ( 'NONE',  ( 26.94000000000000128, 59.06030737921411600, 34.88870911735390479 ) ) ;
#1816 = VECTOR ( 'NONE', #583, 1000.000000000000000 ) ;
#1817 = VECTOR ( 'NONE', #1435, 1000.000000000000000 ) ;
#1818 = DIRECTION ( 'NONE',  ( 1.304085479583592209E-16, 0.3420201433256631063, 0.9396926207859104263 ) ) ;
#1819 = AXIS2_PLACEMENT_3D ( 'NONE', #1894, #1859, #2154 ) ;
#1820 = DIRECTION ( 'NONE',  ( 0.000000000000000000, 0.000000000000000000, -1.000000000000000000 ) ) ;
#1821 = ORIENTED_EDGE ( 'NONE', *, *, #2161, .T. ) ;
#1822 = ORIENTED_EDGE ( 'NONE', *, *, #2609, .T. ) ;
#1823 = ORIENTED_EDGE ( 'NONE', *, *, #1351, .F. ) ;
#1824 = DIRECTION ( 'NONE',  ( -1.000000000000000000, 0.000000000000000000, 5.246875334141536319E-31 ) ) ;
#1825 = EDGE_CURVE ( 'NONE', #2204, #1314, #2156, .T. ) ;
#1826 = ORIENTED_EDGE ( 'NONE', *, *, #868, .F. ) ;
#1827 = PLANE ( 'NONE',  #2873 ) ;
#1828 = CARTESIAN_POINT ( 'NONE',  ( 12.50000000000001066, 79.47875521999580428, 12.19490303000005049 ) ) ;
#1829 = EDGE_CURVE ( 'NONE', #1977, #1551, #2704, .T. ) ;
#1830 = FACE_OUTER_BOUND ( 'NONE', #2256, .T. ) ;
#1831 = PLANE ( 'NONE',  #604 ) ;
#1832 = CARTESIAN_POINT ( 'NONE',  ( -9.999999999999992895, 0.9999999999999592548, 17.19490303000005227 ) ) ;
#1833 = VECTOR ( 'NONE', #620, 1000.000000000000114 ) ;
#1834 = DIRECTION ( 'NONE',  ( -0.7071067811865469066, 0.7071067811865482389, 0.000000000000000000 ) ) ;
#1835 = AXIS2_PLACEMENT_3D ( 'NONE', #2249, #1030, #122 ) ;
#1836 = EDGE_LOOP ( 'NONE', ( #1487, #488, #2506, #157 ) ) ;
#1837 = ORIENTED_EDGE ( 'NONE', *, *, #2266, .F. ) ;
#1838 = DIRECTION ( 'NONE',  ( 0.000000000000000000, 0.9396926207859103153, -0.3420201433256638279 ) ) ;
#1839 = VERTEX_POINT ( 'NONE', #1013 ) ;
#1840 = DIRECTION ( 'NONE',  ( -1.000000000000000000, -4.460235026360965719E-17, 1.623392787426892972E-17 ) ) ;
#1841 = PLANE ( 'NONE',  #448 ) ;
#1842 = ADVANCED_FACE ( 'NONE', ( #2043 ), #1595, .F. ) ;
#1843 = CARTESIAN_POINT ( 'NONE',  ( -26.93999999999999773, 0.000000000000000000, 56.38490302999999670 ) ) ;
#1844 = PLANE ( 'NONE',  #1359 ) ;
#1845 = EDGE_CURVE ( 'NONE', #2889, #1090, #1796, .T. ) ;
#1846 = EDGE_LOOP ( 'NONE', ( #2324, #1215, #1988, #2252 ) ) ;
#1847 = DIRECTION ( 'NONE',  ( 0.000000000000000000, 0.000000000000000000, -1.000000000000000000 ) ) ;
#1848 = ORIENTED_EDGE ( 'NONE', *, *, #1003, .F. ) ;
#1849 = EDGE_CURVE ( 'NONE', #130, #1801, #2359, .T. ) ;
#1850 = ORIENTED_EDGE ( 'NONE', *, *, #2133, .T. ) ;
#1851 = ORIENTED_EDGE ( 'NONE', *, *, #2875, .T. ) ;
#1852 = LINE ( 'NONE', #2558, #1014 ) ;
#1853 = EDGE_CURVE ( 'NONE', #1592, #2560, #1607, .T. ) ;
#1854 = VERTEX_POINT ( 'NONE', #814 ) ;
#1855 = LINE ( 'NONE', #1381, #759 ) ;
#1856 = DIRECTION ( 'NONE',  ( 9.637352644315380771E-17, 0.000000000000000000, -1.000000000000000000 ) ) ;
#1857 = VECTOR ( 'NONE', #2393, 1000.000000000000000 ) ;
#1858 = CARTESIAN_POINT ( 'NONE',  ( -33.43999999999999773, 0.000000000000000000, 49.46774750890658368 ) ) ;
#1859 = DIRECTION ( 'NONE',  ( 0.000000000000000000, -1.000000000000000000, 0.000000000000000000 ) ) ;
#1860 = CARTESIAN_POINT ( 'NONE',  ( 32.44000000000005457, 55.72474820842921162, -26.92421699422481041 ) ) ;
#1861 = AXIS2_PLACEMENT_3D ( 'NONE', #1459, #2639, #3 ) ;
#1862 = AXIS2_PLACEMENT_3D ( 'NONE', #1898, #1633, #975 ) ;
#1863 = ADVANCED_FACE ( 'NONE', ( #1302 ), #867, .F. ) ;
#1864 = ORIENTED_EDGE ( 'NONE', *, *, #665, .T. ) ;
#1865 = VECTOR ( 'NONE', #155, 1000.000000000000114 ) ;
#1866 = FACE_OUTER_BOUND ( 'NONE', #1415, .T. ) ;
#1867 = AXIS2_PLACEMENT_3D ( 'NONE', #521, #55, #1950 ) ;
#1868 = ORIENTED_EDGE ( 'NONE', *, *, #422, .F. ) ;
#1869 = CARTESIAN_POINT ( 'NONE',  ( 30.43999999999999773, 2.999999999999999112, 48.37583680610798353 ) ) ;
#1870 = AXIS2_PLACEMENT_3D ( 'NONE', #2895, #66, #51 ) ;
#1871 = EDGE_CURVE ( 'NONE', #489, #1630, #398, .T. ) ;
#1872 = ORIENTED_EDGE ( 'NONE', *, *, #922, .F. ) ;
#1873 = VECTOR ( 'NONE', #1042, 1000.000000000000114 ) ;
#1874 = CARTESIAN_POINT ( 'NONE',  ( -12.50000000000001066, 3.000000000000000000, 12.19490303000005049 ) ) ;
#1875 = ORIENTED_EDGE ( 'NONE', *, *, #2436, .F. ) ;
#1876 = CARTESIAN_POINT ( 'NONE',  ( 26.94000000000001194, 0.000000000000000000, -49.61509697000000330 ) ) ;
#1877 = CARTESIAN_POINT ( 'NONE',  ( -26.94000000000001194, 60.00000000000000000, -46.61509696999999619 ) ) ;
#1878 = DIRECTION ( 'NONE',  ( 0.000000000000000000, 0.000000000000000000, -1.000000000000000000 ) ) ;
#1879 = CYLINDRICAL_SURFACE ( 'NONE', #1155, 5.000000000000000000 ) ;
#1880 = VERTEX_POINT ( 'NONE', #2975 ) ;
#1881 = DIRECTION ( 'NONE',  ( -0.7071067811865487940, -0.6644630243886748833, 0.2418447626479710844 ) ) ;
#1882 = CARTESIAN_POINT ( 'NONE',  ( 22.50000000000001421, 5.000000000000000000, -41.40509697000000244 ) ) ;
#1883 = CARTESIAN_POINT ( 'NONE',  ( -26.94000000000001194, 4.999999999999984013, -46.61509696999999619 ) ) ;
#1884 = CIRCLE ( 'NONE', #2983, 3.599999999999999201 ) ;
#1885 = ADVANCED_FACE ( 'NONE', ( #1578 ), #795, .T. ) ;
#1886 = AXIS2_PLACEMENT_3D ( 'NONE', #2485, #2976, #136 ) ;
#1887 = ORIENTED_EDGE ( 'NONE', *, *, #1624, .F. ) ;
#1888 = VERTEX_POINT ( 'NONE', #2531 ) ;
#1889 = FACE_OUTER_BOUND ( 'NONE', #2601, .T. ) ;
#1890 = ORIENTED_EDGE ( 'NONE', *, *, #2758, .F. ) ;
#1891 = DIRECTION ( 'NONE',  ( -1.040834085586084059E-15, 0.000000000000000000, -1.000000000000000000 ) ) ;
#1892 = FACE_OUTER_BOUND ( 'NONE', #1344, .T. ) ;
#1893 = ADVANCED_FACE ( 'NONE', ( #2500 ), #1303, .T. ) ;
#1894 = CARTESIAN_POINT ( 'NONE',  ( -22.49999999999999289, 3.999999999999999112, -37.80509697000000102 ) ) ;
#1895 = DIRECTION ( 'NONE',  ( -0.7071067811865431318, -0.7071067811865520136, 0.000000000000000000 ) ) ;
#1896 = DIRECTION ( 'NONE',  ( 0.000000000000000000, 1.000000000000000000, 0.000000000000000000 ) ) ;
#1897 = PLANE ( 'NONE',  #1202 ) ;
#1898 = CARTESIAN_POINT ( 'NONE',  ( -33.44000000000001194, 5.999999999999998224, -26.92421699422481396 ) ) ;
#1899 = VERTEX_POINT ( 'NONE', #2993 ) ;
#1900 = EDGE_LOOP ( 'NONE', ( #1868, #2691, #666, #479 ) ) ;
#1901 = EDGE_CURVE ( 'NONE', #15, #876, #1063, .T. ) ;
#1902 = ORIENTED_EDGE ( 'NONE', *, *, #1612, .T. ) ;
#1903 = ADVANCED_FACE ( 'NONE', ( #3043 ), #2767, .F. ) ;
#1904 = CARTESIAN_POINT ( 'NONE',  ( -22.49999999999999289, 3.999999999999999112, -37.80509697000000102 ) ) ;
#1905 = PLANE ( 'NONE',  #2205 ) ;
#1906 = DIRECTION ( 'NONE',  ( 0.000000000000000000, 0.000000000000000000, 1.000000000000000000 ) ) ;
#1907 = CARTESIAN_POINT ( 'NONE',  ( 26.94000000000001194, 3.000000000000002665, -43.11509697000000330 ) ) ;
#1908 = FACE_OUTER_BOUND ( 'NONE', #447, .T. ) ;
#1909 = CONICAL_SURFACE ( 'NONE', #1952, 49.72474820842920451, 0.7853981633974482790 ) ;
#1910 = LINE ( 'NONE', #2869, #1126 ) ;
#1911 = ORIENTED_EDGE ( 'NONE', *, *, #1146, .T. ) ;
#1912 = FACE_OUTER_BOUND ( 'NONE', #2395, .T. ) ;
#1913 = AXIS2_PLACEMENT_3D ( 'NONE', #335, #2494, #2258 ) ;
#1914 = VERTEX_POINT ( 'NONE', #2026 ) ;
#1915 = VECTOR ( 'NONE', #1396, 1000.000000000000000 ) ;
#1916 = ORIENTED_EDGE ( 'NONE', *, *, #1619, .T. ) ;
#1917 = DIRECTION ( 'NONE',  ( -0.000000000000000000, -1.000000000000000000, -0.000000000000000000 ) ) ;
#1918 = DIRECTION ( 'NONE',  ( 0.000000000000000000, 0.000000000000000000, -1.000000000000000000 ) ) ;
#1919 = EDGE_CURVE ( 'NONE', #2082, #415, #2265, .T. ) ;
#1920 = CARTESIAN_POINT ( 'NONE',  ( -9.999999999999992895, 1.387778780781448200E-14, 17.19490303000005227 ) ) ;
#1921 = CARTESIAN_POINT ( 'NONE',  ( -17.50000000000001066, 3.000000000000002665, -27.80509697000005787 ) ) ;
#1922 = LINE ( 'NONE', #1704, #116 ) ;
#1923 = CARTESIAN_POINT ( 'NONE',  ( 33.44000000000001194, 5.000000000000039080, -49.61509697000000330 ) ) ;
#1924 = CARTESIAN_POINT ( 'NONE',  ( 31.44000000000002260, 5.999999999999998224, -26.92421699422481396 ) ) ;
#1925 = ORIENTED_EDGE ( 'NONE', *, *, #1933, .F. ) ;
#1926 = CIRCLE ( 'NONE', #166, 49.72474820842920451 ) ;
#1927 = ORIENTED_EDGE ( 'NONE', *, *, #1452, .F. ) ;
#1928 = DIRECTION ( 'NONE',  ( -0.7071067811865517916, 0.06987804917595125120, -0.7036455487270258935 ) ) ;
#1929 = AXIS2_PLACEMENT_3D ( 'NONE', #1192, #3094, #2600 ) ;
#1930 = CARTESIAN_POINT ( 'NONE',  ( -22.49999999999999289, 5.000000000000000000, -37.80509697000000102 ) ) ;
#1931 = ORIENTED_EDGE ( 'NONE', *, *, #2867, .T. ) ;
#1932 = CARTESIAN_POINT ( 'NONE',  ( -22.49999999999998934, 5.000000000000000000, 18.59490302999999400 ) ) ;
#1933 = EDGE_CURVE ( 'NONE', #1054, #1502, #1407, .T. ) ;
#1934 = LINE ( 'NONE', #2185, #545 ) ;
#1935 = DIRECTION ( 'NONE',  ( -1.040834085586084257E-15, 0.000000000000000000, -1.000000000000000000 ) ) ;
#1936 = FACE_OUTER_BOUND ( 'NONE', #402, .T. ) ;
#1937 = ADVANCED_FACE ( 'NONE', ( #1320 ), #2748, .F. ) ;
#1938 = DIRECTION ( 'NONE',  ( 0.000000000000000000, 0.000000000000000000, -1.000000000000000000 ) ) ;
#1939 = ORIENTED_EDGE ( 'NONE', *, *, #1717, .T. ) ;
#1940 = EDGE_CURVE ( 'NONE', #1586, #2921, #1097, .T. ) ;
#1941 = ORIENTED_EDGE ( 'NONE', *, *, #2302, .T. ) ;
#1942 = CARTESIAN_POINT ( 'NONE',  ( 26.93999999999999773, 15.89862758891343120, 43.68112030085875119 ) ) ;
#1943 = PLANE ( 'NONE',  #949 ) ;
#1944 = ADVANCED_FACE ( 'NONE', ( #2077 ), #1841, .F. ) ;
#1945 = ORIENTED_EDGE ( 'NONE', *, *, #282, .T. ) ;
#1946 = DIRECTION ( 'NONE',  ( 0.000000000000000000, 0.000000000000000000, -1.000000000000000000 ) ) ;
#1947 = CARTESIAN_POINT ( 'NONE',  ( -17.50000000000001066, 79.47875521999580428, 12.19490303000005049 ) ) ;
#1948 = CARTESIAN_POINT ( 'NONE',  ( -17.50000000000001066, 0.9999999999999596989, -27.80509697000005787 ) ) ;
#1949 = DIRECTION ( 'NONE',  ( 0.000000000000000000, -0.000000000000000000, -1.000000000000000000 ) ) ;
#1950 = DIRECTION ( 'NONE',  ( 0.000000000000000000, 0.000000000000000000, -1.000000000000000000 ) ) ;
#1951 = ADVANCED_FACE ( 'NONE', ( #1286 ), #2248, .T. ) ;
#1952 = AXIS2_PLACEMENT_3D ( 'NONE', #2155, #681, #2817 ) ;
#1953 = ORIENTED_EDGE ( 'NONE', *, *, #303, .F. ) ;
#1954 = CIRCLE ( 'NONE', #3117, 5.500000000000039080 ) ;
#1955 = CIRCLE ( 'NONE', #2810, 1.600000000000011191 ) ;
#1956 = ORIENTED_EDGE ( 'NONE', *, *, #2198, .F. ) ;
#1957 = ORIENTED_EDGE ( 'NONE', *, *, #1638, .T. ) ;
#1958 = AXIS2_PLACEMENT_3D ( 'NONE', #313, #1238, #974 ) ;
#1959 = CIRCLE ( 'NONE', #2413, 5.000000000000000000 ) ;
#1960 = DIRECTION ( 'NONE',  ( 4.477814127426264904E-17, -0.9396926207859104263, 0.3420201433256631063 ) ) ;
#1961 = CARTESIAN_POINT ( 'NONE',  ( 26.94000000000000128, 57.77686906838319203, 28.43868693891983668 ) ) ;
#1962 = ORIENTED_EDGE ( 'NONE', *, *, #2823, .T. ) ;
#1963 = EDGE_CURVE ( 'NONE', #527, #1139, #436, .T. ) ;
#1964 = DIRECTION ( 'NONE',  ( 0.000000000000000000, 0.000000000000000000, 1.000000000000000000 ) ) ;
#1965 = DIRECTION ( 'NONE',  ( 0.000000000000000000, 0.3420201433256631618, 0.9396926207859104263 ) ) ;
#1966 = DIRECTION ( 'NONE',  ( 1.000000000000000000, 0.000000000000000000, -5.246875334141536319E-31 ) ) ;
#1967 = CARTESIAN_POINT ( 'NONE',  ( -26.94000000000000483, 59.31595971334868267, 32.66730373245645325 ) ) ;
#1968 = DIRECTION ( 'NONE',  ( 0.000000000000000000, 1.000000000000000000, 0.000000000000000000 ) ) ;
#1969 = ORIENTED_EDGE ( 'NONE', *, *, #433, .F. ) ;
#1970 = EDGE_CURVE ( 'NONE', #525, #1591, #3103, .T. ) ;
#1971 = ORIENTED_EDGE ( 'NONE', *, *, #2661, .F. ) ;
#1972 = ORIENTED_EDGE ( 'NONE', *, *, #693, .T. ) ;
#1973 = CARTESIAN_POINT ( 'NONE',  ( 33.44000000000000483, 56.59809349824038804, 28.12383207751070557 ) ) ;
#1974 = LINE ( 'NONE', #286, #851 ) ;
#1975 = VECTOR ( 'NONE', #2273, 999.9999999999998863 ) ;
#1976 = CIRCLE ( 'NONE', #3044, 3.600000000000002309 ) ;
#1977 = VERTEX_POINT ( 'NONE', #2829 ) ;
#1978 = LINE ( 'NONE', #2232, #1618 ) ;
#1979 = EDGE_CURVE ( 'NONE', #236, #2128, #2564, .T. ) ;
#1980 = LINE ( 'NONE', #2907, #2653 ) ;
#1981 = CONICAL_SURFACE ( 'NONE', #1589, 50.72474820842922583, 0.7853981633974482790 ) ;
#1982 = DIRECTION ( 'NONE',  ( -1.000000000000000000, 0.000000000000000000, 0.000000000000000000 ) ) ;
#1983 = LINE ( 'NONE', #1739, #2565 ) ;
#1984 = LINE ( 'NONE', #2689, #2007 ) ;
#1985 =( BOUNDED_CURVE ( )  B_SPLINE_CURVE ( 3, ( #260, #2697, #19, #1493 ),
 .UNSPECIFIED., .F., .T. ) 
 B_SPLINE_CURVE_WITH_KNOTS ( ( 4, 4 ),
 ( 2.121865958007847196E-15, 1.570796326794896780 ),
 .UNSPECIFIED. ) 
 CURVE ( )  GEOMETRIC_REPRESENTATION_ITEM ( )  RATIONAL_B_SPLINE_CURVE ( ( 1.000000000000000000, 0.8047378541243654926, 0.8047378541243654926, 1.000000000000000000 ) ) 
 REPRESENTATION_ITEM ( '' )  );
#1986 = ORIENTED_EDGE ( 'NONE', *, *, #3009, .F. ) ;
#1987 = ORIENTED_EDGE ( 'NONE', *, *, #2436, .T. ) ;
#1988 = ORIENTED_EDGE ( 'NONE', *, *, #1686, .F. ) ;
#1989 = LINE ( 'NONE', #577, #1046 ) ;
#1990 = DIRECTION ( 'NONE',  ( 0.000000000000000000, -0.9396926207859103153, 0.3420201433256638279 ) ) ;
#1991 = EDGE_CURVE ( 'NONE', #284, #2603, #692, .T. ) ;
#1992 = VERTEX_POINT ( 'NONE', #1658 ) ;
#1993 = DIRECTION ( 'NONE',  ( 0.000000000000000000, 0.000000000000000000, 1.000000000000000000 ) ) ;
#1994 = DIRECTION ( 'NONE',  ( -0.000000000000000000, 1.000000000000000000, -0.000000000000000000 ) ) ;
#1995 = CARTESIAN_POINT ( 'NONE',  ( 22.50000000000001421, 5.000000000000000000, -37.80509696999999392 ) ) ;
#1996 = LINE ( 'NONE', #1753, #704 ) ;
#1997 = CARTESIAN_POINT ( 'NONE',  ( -30.44000000000000838, 55.72474820842921162, -26.92421699422481041 ) ) ;
#1998 = VERTEX_POINT ( 'NONE', #926 ) ;
#1999 = VECTOR ( 'NONE', #1446, 1000.000000000000000 ) ;
#2000 = VERTEX_POINT ( 'NONE', #909 ) ;
#2001 = ORIENTED_EDGE ( 'NONE', *, *, #2371, .T. ) ;
#2002 = CARTESIAN_POINT ( 'NONE',  ( -22.49999999999998934, 5.000000000000000000, 22.19490302999999898 ) ) ;
#2003 = VECTOR ( 'NONE', #1282, 1000.000000000000114 ) ;
#2004 = VECTOR ( 'NONE', #901, 1000.000000000000000 ) ;
#2005 = DIRECTION ( 'NONE',  ( 0.000000000000000000, 0.000000000000000000, 1.000000000000000000 ) ) ;
#2006 = AXIS2_PLACEMENT_3D ( 'NONE', #2947, #2688, #1949 ) ;
#2007 = VECTOR ( 'NONE', #328, 1000.000000000000000 ) ;
#2008 = ORIENTED_EDGE ( 'NONE', *, *, #616, .T. ) ;
#2009 = FACE_OUTER_BOUND ( 'NONE', #1701, .T. ) ;
#2010 = DIRECTION ( 'NONE',  ( 0.000000000000000000, 1.000000000000000000, 0.000000000000000000 ) ) ;
#2011 = EDGE_CURVE ( 'NONE', #914, #1992, #1397, .T. ) ;
#2012 = AXIS2_PLACEMENT_3D ( 'NONE', #1445, #1720, #2668 ) ;
#2013 = FACE_OUTER_BOUND ( 'NONE', #635, .T. ) ;
#2014 = DIRECTION ( 'NONE',  ( -0.000000000000000000, -1.000000000000000000, -7.645025128284134586E-17 ) ) ;
#2015 = CARTESIAN_POINT ( 'NONE',  ( 30.44000000000001194, 32.01123077225842906, -39.42801807735640551 ) ) ;
#2016 = EDGE_LOOP ( 'NONE', ( #2163, #1759, #3049, #1743 ) ) ;
#2017 = LINE ( 'NONE', #2753, #215 ) ;
#2018 = ORIENTED_EDGE ( 'NONE', *, *, #2841, .T. ) ;
#2019 = ORIENTED_EDGE ( 'NONE', *, *, #2403, .F. ) ;
#2020 = ORIENTED_EDGE ( 'NONE', *, *, #1338, .F. ) ;
#2021 = FACE_OUTER_BOUND ( 'NONE', #1637, .T. ) ;
#2022 = CARTESIAN_POINT ( 'NONE',  ( 31.44000000000002260, 55.72474820842921162, -26.92421699422481041 ) ) ;
#2023 = ORIENTED_EDGE ( 'NONE', *, *, #2645, .F. ) ;
#2024 = CARTESIAN_POINT ( 'NONE',  ( -17.50000000000001066, 0.9999999999999592548, 0.000000000000000000 ) ) ;
#2025 = AXIS2_PLACEMENT_3D ( 'NONE', #89, #126, #1789 ) ;
#2026 = CARTESIAN_POINT ( 'NONE',  ( 10.00000000000000533, 1.000000000000000888, 30.19490303000009845 ) ) ;
#2027 = AXIS2_PLACEMENT_3D ( 'NONE', #440, #1896, #2129 ) ;
#2028 = EDGE_CURVE ( 'NONE', #808, #2373, #954, .T. ) ;
#2029 = PLANE ( 'NONE',  #1835 ) ;
#2030 = CARTESIAN_POINT ( 'NONE',  ( -30.44000000000000128, 56.59809349824033120, 28.12383207751072334 ) ) ;
#2031 = DIRECTION ( 'NONE',  ( -4.746482975071843584E-17, 0.9396926207859104263, -0.3420201433256633838 ) ) ;
#2032 = ADVANCED_FACE ( 'NONE', ( #1417 ), #1905, .T. ) ;
#2033 = VERTEX_POINT ( 'NONE', #423 ) ;
#2034 = FACE_OUTER_BOUND ( 'NONE', #5, .T. ) ;
#2035 = ORIENTED_EDGE ( 'NONE', *, *, #1094, .F. ) ;
#2036 = EDGE_CURVE ( 'NONE', #1123, #3019, #2124, .T. ) ;
#2037 = ORIENTED_EDGE ( 'NONE', *, *, #235, .F. ) ;
#2038 = EDGE_LOOP ( 'NONE', ( #65, #2542, #1850, #652 ) ) ;
#2039 = CARTESIAN_POINT ( 'NONE',  ( -30.44000000000000838, 4.999999999999982236, -26.92421699422481396 ) ) ;
#2040 = DIRECTION ( 'NONE',  ( 0.000000000000000000, 0.000000000000000000, -1.000000000000000000 ) ) ;
#2041 = ORIENTED_EDGE ( 'NONE', *, *, #819, .F. ) ;
#2042 = DIRECTION ( 'NONE',  ( -5.536138930465331605E-31, 0.000000000000000000, 1.000000000000000000 ) ) ;
#2043 = FACE_OUTER_BOUND ( 'NONE', #2038, .T. ) ;
#2044 = EDGE_CURVE ( 'NONE', #1998, #571, #2103, .T. ) ;
#2045 = DIRECTION ( 'NONE',  ( 0.000000000000000000, 0.000000000000000000, -1.000000000000000000 ) ) ;
#2046 = CARTESIAN_POINT ( 'NONE',  ( -30.44000000000000128, 50.71200254673659202, 23.55223753399780762 ) ) ;
#2047 = DIRECTION ( 'NONE',  ( -7.709882115452479153E-16, 0.3420201433256632173, 0.9396926207859104263 ) ) ;
#2048 = EDGE_CURVE ( 'NONE', #1899, #879, #1710, .T. ) ;
#2049 = ORIENTED_EDGE ( 'NONE', *, *, #1152, .F. ) ;
#2050 = CARTESIAN_POINT ( 'NONE',  ( 26.94000000000001194, 60.00000000000000000, -43.11509697000000330 ) ) ;
#2051 = ORIENTED_EDGE ( 'NONE', *, *, #2165, .F. ) ;
#2052 = ADVANCED_FACE ( 'NONE', ( #197 ), #3088, .F. ) ;
#2053 = ORIENTED_EDGE ( 'NONE', *, *, #587, .F. ) ;
#2054 = VERTEX_POINT ( 'NONE', #3055 ) ;
#2055 = DIRECTION ( 'NONE',  ( 1.000000000000000000, -0.000000000000000000, 1.309225264888156377E-16 ) ) ;
#2056 = CARTESIAN_POINT ( 'NONE',  ( -26.94000000000001194, 60.00000000000000000, -49.61509697000000330 ) ) ;
#2057 = AXIS2_PLACEMENT_3D ( 'NONE', #845, #3028, #2797 ) ;
#2058 = ORIENTED_EDGE ( 'NONE', *, *, #1351, .T. ) ;
#2059 = AXIS2_PLACEMENT_3D ( 'NONE', #1093, #1078, #3023 ) ;
#2060 = CARTESIAN_POINT ( 'NONE',  ( 22.49999999999999645, 5.000000000000000000, 22.19490303000000608 ) ) ;
#2061 = DIRECTION ( 'NONE',  ( 1.230269320361879089E-16, -0.3420201433256633283, -0.9396926207859103153 ) ) ;
#2062 = VECTOR ( 'NONE', #1928, 1000.000000000000000 ) ;
#2063 = DIRECTION ( 'NONE',  ( -1.309225264888156377E-16, 0.000000000000000000, 1.000000000000000000 ) ) ;
#2064 = DIRECTION ( 'NONE',  ( 0.000000000000000000, 0.4226182617407060471, -0.9063077870366468280 ) ) ;
#2065 = VECTOR ( 'NONE', #188, 1000.000000000000114 ) ;
#2066 = CARTESIAN_POINT ( 'NONE',  ( -4.999999999999993783, 0.000000000000000000, 30.19490303000009845 ) ) ;
#2067 = CIRCLE ( 'NONE', #153, 3.599999999999999201 ) ;
#2068 = VERTEX_POINT ( 'NONE', #2140 ) ;
#2069 = DIRECTION ( 'NONE',  ( -0.000000000000000000, 1.000000000000000000, -0.000000000000000000 ) ) ;
#2070 = ORIENTED_EDGE ( 'NONE', *, *, #590, .T. ) ;
#2071 = ORIENTED_EDGE ( 'NONE', *, *, #1802, .F. ) ;
#2072 = VERTEX_POINT ( 'NONE', #2357 ) ;
#2073 = EDGE_CURVE ( 'NONE', #1914, #464, #893, .T. ) ;
#2074 = CARTESIAN_POINT ( 'NONE',  ( 33.44000000000002615, 59.06030737921410889, 34.88870911735390479 ) ) ;
#2075 = ORIENTED_EDGE ( 'NONE', *, *, #1256, .T. ) ;
#2076 = CARTESIAN_POINT ( 'NONE',  ( -32.44000000000005457, 5.999999999999999112, -43.11509697000000330 ) ) ;
#2077 = FACE_OUTER_BOUND ( 'NONE', #638, .T. ) ;
#2078 = ADVANCED_FACE ( 'NONE', ( #1892 ), #548, .F. ) ;
#2079 = CARTESIAN_POINT ( 'NONE',  ( 31.44000000000002260, 5.999999999999999112, -43.11509697000000330 ) ) ;
#2080 = DIRECTION ( 'NONE',  ( 0.000000000000000000, 0.000000000000000000, -1.000000000000000000 ) ) ;
#2081 = AXIS2_PLACEMENT_3D ( 'NONE', #2022, #1807, #2005 ) ;
#2082 = VERTEX_POINT ( 'NONE', #2859 ) ;
#2083 = CARTESIAN_POINT ( 'NONE',  ( 0.000000000000000000, 3.000000000000000000, 0.000000000000000000 ) ) ;
#2084 = CONICAL_SURFACE ( 'NONE', #2385, 7.000000000000016875, 0.7853981633974416177 ) ;
#2085 = VERTEX_POINT ( 'NONE', #1432 ) ;
#2086 = ORIENTED_EDGE ( 'NONE', *, *, #824, .T. ) ;
#2087 = ORIENTED_EDGE ( 'NONE', *, *, #2849, .F. ) ;
#2088 = CARTESIAN_POINT ( 'NONE',  ( -22.49999999999999289, 5.000000000000000000, -37.80509697000000102 ) ) ;
#2089 = ORIENTED_EDGE ( 'NONE', *, *, #2266, .T. ) ;
#2090 = CARTESIAN_POINT ( 'NONE',  ( 4.314083075427408311E-29, 0.000000000000000000, -32.80509697000005787 ) ) ;
#2091 = DIRECTION ( 'NONE',  ( -1.000000000000000000, -8.431447495865712410E-33, 1.387778780781445676E-16 ) ) ;
#2092 = ADVANCED_FACE ( 'NONE', ( #659 ), #853, .T. ) ;
#2093 = DIRECTION ( 'NONE',  ( -0.000000000000000000, -1.000000000000000000, -0.000000000000000000 ) ) ;
#2094 = CARTESIAN_POINT ( 'NONE',  ( -22.49999999999998934, 3.000000000000000000, 26.79490303000001816 ) ) ;
#2095 = ORIENTED_EDGE ( 'NONE', *, *, #1775, .F. ) ;
#2096 = CARTESIAN_POINT ( 'NONE',  ( -22.49999999999999289, 3.999999999999999112, -34.20509696999999960 ) ) ;
#2097 = VERTEX_POINT ( 'NONE', #1627 ) ;
#2098 = ORIENTED_EDGE ( 'NONE', *, *, #1919, .T. ) ;
#2099 = ORIENTED_EDGE ( 'NONE', *, *, #2198, .T. ) ;
#2100 = CARTESIAN_POINT ( 'NONE',  ( -33.43999999999999773, 50.02024515273897975, 30.51797308079036597 ) ) ;
#2101 = ORIENTED_EDGE ( 'NONE', *, *, #1044, .F. ) ;
#2102 = CARTESIAN_POINT ( 'NONE',  ( 26.93999999999999773, 59.31595971334868267, 32.66730373245643904 ) ) ;
#2103 = LINE ( 'NONE', #1187, #650 ) ;
#2104 = CIRCLE ( 'NONE', #2607, 5.000000000000000888 ) ;
#2105 = CARTESIAN_POINT ( 'NONE',  ( -26.94000000000001194, 6.000000000000000000, -48.61509697000003882 ) ) ;
#2106 = DIRECTION ( 'NONE',  ( 0.000000000000000000, -0.7071067811865520136, 0.7071067811865431318 ) ) ;
#2107 = ADVANCED_FACE ( 'NONE', ( #2879, #721 ), #543, .T. ) ;
#2108 = CARTESIAN_POINT ( 'NONE',  ( 31.44000000000000838, 57.53778611902626494, 27.78181193418505401 ) ) ;
#2109 = AXIS2_PLACEMENT_3D ( 'NONE', #881, #378, #1082 ) ;
#2110 = AXIS2_PLACEMENT_3D ( 'NONE', #2509, #98, #354 ) ;
#2111 = VERTEX_POINT ( 'NONE', #2227 ) ;
#2112 = AXIS2_PLACEMENT_3D ( 'NONE', #2455, #294, #2671 ) ;
#2113 = DIRECTION ( 'NONE',  ( -0.000000000000000000, -1.000000000000000000, -0.000000000000000000 ) ) ;
#2114 = AXIS2_PLACEMENT_3D ( 'NONE', #3011, #3046, #412 ) ;
#2115 = ORIENTED_EDGE ( 'NONE', *, *, #463, .T. ) ;
#2116 = DIRECTION ( 'NONE',  ( 0.7071067811865492381, -0.7071067811865457964, -1.466346973958296805E-16 ) ) ;
#2117 = COLOUR_RGB ( '',0.7921568627450980005, 0.8196078431372548767, 0.9333333333333333481 ) ;
#2118 = VERTEX_POINT ( 'NONE', #1205 ) ;
#2119 = EDGE_LOOP ( 'NONE', ( #2071, #87, #1216, #1887 ) ) ;
#2120 = VECTOR ( 'NONE', #938, 1000.000000000000000 ) ;
#2121 = CARTESIAN_POINT ( 'NONE',  ( -26.94000000000000128, 56.83717644759729382, 28.78070708224549179 ) ) ;
#2122 = ORIENTED_EDGE ( 'NONE', *, *, #515, .F. ) ;
#2123 = FACE_OUTER_BOUND ( 'NONE', #1136, .T. ) ;
#2124 = LINE ( 'NONE', #180, #1198 ) ;
#2125 = SURFACE_SIDE_STYLE ('',( #911 ) ) ;
#2126 = DIRECTION ( 'NONE',  ( 0.000000000000000000, 0.000000000000000000, -1.000000000000000000 ) ) ;
#2127 = EDGE_CURVE ( 'NONE', #621, #977, #1010, .T. ) ;
#2128 = VERTEX_POINT ( 'NONE', #782 ) ;
#2129 = DIRECTION ( 'NONE',  ( 0.000000000000000000, 0.000000000000000000, 1.000000000000000000 ) ) ;
#2130 = EDGE_LOOP ( 'NONE', ( #2675, #919 ) ) ;
#2131 = DIRECTION ( 'NONE',  ( 0.000000000000000000, -0.3420201433256643275, -0.9396926207859099822 ) ) ;
#2132 = CIRCLE ( 'NONE', #315, 7.000000000000013323 ) ;
#2133 = EDGE_CURVE ( 'NONE', #1395, #2068, #1974, .T. ) ;
#2134 = CIRCLE ( 'NONE', #1733, 4.599999999999992539 ) ;
#2135 = ORIENTED_EDGE ( 'NONE', *, *, #762, .F. ) ;
#2136 = CARTESIAN_POINT ( 'NONE',  ( -9.999999999999992895, 0.9999999999999592548, 17.19490303000005227 ) ) ;
#2137 = ADVANCED_FACE ( 'NONE', ( #2941 ), #1943, .F. ) ;
#2138 = VERTEX_POINT ( 'NONE', #1444 ) ;
#2139 = DIRECTION ( 'NONE',  ( 0.000000000000000000, -0.9063077870366446076, -0.4226182617407109321 ) ) ;
#2140 = CARTESIAN_POINT ( 'NONE',  ( -30.44000000000001194, 3.000000000000002665, -43.11509697000000330 ) ) ;
#2141 =( NAMED_UNIT ( * ) SI_UNIT ( $, .STERADIAN. ) SOLID_ANGLE_UNIT ( ) );
#2142 = DIRECTION ( 'NONE',  ( 5.536138930465331605E-31, 0.000000000000000000, -1.000000000000000000 ) ) ;
#2143 = CARTESIAN_POINT ( 'NONE',  ( -22.49999999999999289, 3.999999999999999112, -41.40509697000000244 ) ) ;
#2144 = DIRECTION ( 'NONE',  ( -4.477814127426265521E-17, -0.9396926207859104263, 0.3420201433256631063 ) ) ;
#2145 = DIRECTION ( 'NONE',  ( 1.000000000000000000, 0.000000000000000000, 0.000000000000000000 ) ) ;
#2146 = CYLINDRICAL_SURFACE ( 'NONE', #2657, 1.600000000000000755 ) ;
#2147 = ORIENTED_EDGE ( 'NONE', *, *, #551, .F. ) ;
#2148 = ORIENTED_EDGE ( 'NONE', *, *, #693, .F. ) ;
#2149 = EDGE_CURVE ( 'NONE', #1839, #2469, #2963, .T. ) ;
#2150 = ORIENTED_EDGE ( 'NONE', *, *, #292, .F. ) ;
#2151 = DIRECTION ( 'NONE',  ( 0.000000000000000000, 0.9396926207859106484, -0.3420201433256624401 ) ) ;
#2152 = DIRECTION ( 'NONE',  ( 0.000000000000000000, -1.000000000000000000, 0.000000000000000000 ) ) ;
#2153 = EDGE_LOOP ( 'NONE', ( #139, #778, #1451, #2086, #603, #767, #2099, #2967, #1404, #1941, #2605, #3018 ) ) ;
#2154 = DIRECTION ( 'NONE',  ( 0.000000000000000000, 0.000000000000000000, -1.000000000000000000 ) ) ;
#2155 = CARTESIAN_POINT ( 'NONE',  ( -31.44000000000002260, 55.72474820842921162, -26.92421699422481041 ) ) ;
#2156 = CIRCLE ( 'NONE', #2559, 3.500000000000000888 ) ;
#2157 = CARTESIAN_POINT ( 'NONE',  ( -26.94000000000000483, 2.999999999999999112, 52.10045900977368660 ) ) ;
#2158 = ORIENTED_EDGE ( 'NONE', *, *, #1321, .T. ) ;
#2159 = CIRCLE ( 'NONE', #799, 3.600000000000005862 ) ;
#2160 = DIRECTION ( 'NONE',  ( 2.312964634635739900E-15, 0.3420201433256626622, 0.9396926207859105373 ) ) ;
#2161 = EDGE_CURVE ( 'NONE', #2889, #2111, #992, .T. ) ;
#2162 = AXIS2_PLACEMENT_3D ( 'NONE', #364, #2031, #834 ) ;
#2163 = ORIENTED_EDGE ( 'NONE', *, *, #2628, .T. ) ;
#2164 = VECTOR ( 'NONE', #928, 1000.000000000000000 ) ;
#2165 = EDGE_CURVE ( 'NONE', #348, #207, #1218, .T. ) ;
#2166 = AXIS2_PLACEMENT_3D ( 'NONE', #924, #1367, #2828 ) ;
#2167 = ORIENTED_EDGE ( 'NONE', *, *, #2919, .F. ) ;
#2168 = DIRECTION ( 'NONE',  ( 1.309225264888156377E-16, 0.000000000000000000, -1.000000000000000000 ) ) ;
#2169 = PLANE ( 'NONE',  #1610 ) ;
#2170 = EDGE_CURVE ( 'NONE', #1139, #2335, #1746, .T. ) ;
#2171 = FACE_OUTER_BOUND ( 'NONE', #1836, .T. ) ;
#2172 = CARTESIAN_POINT ( 'NONE',  ( -22.49999999999998934, 4.000000000000037303, 22.19490302999999898 ) ) ;
#2173 = EDGE_CURVE ( 'NONE', #1375, #101, #1716, .T. ) ;
#2174 = LINE ( 'NONE', #2929, #726 ) ;
#2175 = DIRECTION ( 'NONE',  ( 0.000000000000000000, -0.7071067811865469066, 0.7071067811865482389 ) ) ;
#2176 = CARTESIAN_POINT ( 'NONE',  ( -22.49999999999999289, 5.000000000000000000, -34.20509696999999960 ) ) ;
#2177 = EDGE_LOOP ( 'NONE', ( #2984, #2179, #2871, #1823 ) ) ;
#2178 = ADVANCED_FACE ( 'NONE', ( #1248, #1731 ), #2169, .T. ) ;
#2179 = ORIENTED_EDGE ( 'NONE', *, *, #2855, .F. ) ;
#2180 = CARTESIAN_POINT ( 'NONE',  ( -4.999999999999993783, 3.000000000000002665, 35.19490303000009845 ) ) ;
#2181 = AXIS2_PLACEMENT_3D ( 'NONE', #1237, #264, #1447 ) ;
#2182 = DIRECTION ( 'NONE',  ( 0.000000000000000000, -0.000000000000000000, 1.000000000000000000 ) ) ;
#2183 = ORIENTED_EDGE ( 'NONE', *, *, #2363, .T. ) ;
#2184 = CARTESIAN_POINT ( 'NONE',  ( -26.94000000000001194, 3.000000000000002665, -46.61509696999999619 ) ) ;
#2185 = CARTESIAN_POINT ( 'NONE',  ( 22.50000000000001421, 5.000000000000000000, -34.20509696999998539 ) ) ;
#2186 = ADVANCED_FACE ( 'NONE', ( #307 ), #991, .F. ) ;
#2187 = CARTESIAN_POINT ( 'NONE',  ( 32.44000000000004036, 57.53778611902626494, 27.78181193418505401 ) ) ;
#2188 = CYLINDRICAL_SURFACE ( 'NONE', #1614, 3.600000000000002309 ) ;
#2189 = CARTESIAN_POINT ( 'NONE',  ( -12.50000000000001066, 3.000000000000000000, 19.19490303000006648 ) ) ;
#2190 = ORIENTED_EDGE ( 'NONE', *, *, #224, .T. ) ;
#2191 = EDGE_CURVE ( 'NONE', #1, #621, #2760, .T. ) ;
#2192 = EDGE_LOOP ( 'NONE', ( #2739, #2147 ) ) ;
#2193 = DIRECTION ( 'NONE',  ( 0.000000000000000000, -0.3420201433256638279, -0.9396926207859102043 ) ) ;
#2194 = CARTESIAN_POINT ( 'NONE',  ( 22.49999999999999645, 5.000000000000000000, 18.59490303000000111 ) ) ;
#2195 = EDGE_LOOP ( 'NONE', ( #647, #2746, #1121, #1262 ) ) ;
#2196 = LINE ( 'NONE', #2470, #3122 ) ;
#2197 = CARTESIAN_POINT ( 'NONE',  ( -26.94000000000000128, 56.83717644759729382, 28.78070708224549179 ) ) ;
#2198 = EDGE_CURVE ( 'NONE', #2801, #1586, #1954, .T. ) ;
#2199 = PLANE ( 'NONE',  #375 ) ;
#2200 = FACE_BOUND ( 'NONE', #2192, .T. ) ;
#2201 = CARTESIAN_POINT ( 'NONE',  ( 22.50000000000001421, 5.000000000000000000, -37.80509696999999392 ) ) ;
#2202 = AXIS2_PLACEMENT_3D ( 'NONE', #2685, #785, #566 ) ;
#2203 = AXIS2_PLACEMENT_3D ( 'NONE', #2281, #830, #360 ) ;
#2204 = VERTEX_POINT ( 'NONE', #1491 ) ;
#2205 = AXIS2_PLACEMENT_3D ( 'NONE', #1644, #678, #940 ) ;
#2206 = VECTOR ( 'NONE', #2953, 1000.000000000000000 ) ;
#2207 = EDGE_CURVE ( 'NONE', #3086, #2111, #735, .T. ) ;
#2208 = ORIENTED_EDGE ( 'NONE', *, *, #422, .T. ) ;
#2209 = ORIENTED_EDGE ( 'NONE', *, *, #762, .T. ) ;
#2210 = AXIS2_PLACEMENT_3D ( 'NONE', #757, #550, #37 ) ;
#2211 = AXIS2_PLACEMENT_3D ( 'NONE', #138, #3032, #871 ) ;
#2212 = FACE_OUTER_BOUND ( 'NONE', #225, .T. ) ;
#2213 = DIRECTION ( 'NONE',  ( -1.000000000000000000, 0.000000000000000000, 1.414156880428223686E-30 ) ) ;
#2214 = CONICAL_SURFACE ( 'NONE', #1673, 50.72474820842916898, 0.7853981633974482790 ) ;
#2215 = ORIENTED_EDGE ( 'NONE', *, *, #1806, .F. ) ;
#2216 = CARTESIAN_POINT ( 'NONE',  ( 33.44000000000001194, 5.000000000000039080, -49.61509697000001040 ) ) ;
#2217 = CARTESIAN_POINT ( 'NONE',  ( -22.49999999999998934, 5.000000000000000000, 25.79490303000000040 ) ) ;
#2218 = DIRECTION ( 'NONE',  ( -0.7071067811865469066, 0.7071067811865481278, 0.000000000000000000 ) ) ;
#2219 = CARTESIAN_POINT ( 'NONE',  ( 12.50000000000001066, 3.000000000000000000, -27.80509697000005787 ) ) ;
#2220 = FACE_OUTER_BOUND ( 'NONE', #3002, .T. ) ;
#2221 = EDGE_LOOP ( 'NONE', ( #73, #1956, #825, #2497 ) ) ;
#2222 = PRODUCT_DEFINITION_SHAPE ( 'NONE', 'NONE',  #1590 ) ;
#2223 = ADVANCED_FACE ( 'NONE', ( #1700 ), #600, .T. ) ;
#2224 = ORIENTED_EDGE ( 'NONE', *, *, #1970, .T. ) ;
#2225 = ORIENTED_EDGE ( 'NONE', *, *, #317, .T. ) ;
#2226 = CARTESIAN_POINT ( 'NONE',  ( -26.93999999999999773, 0.000000000000000000, 56.38490302999999670 ) ) ;
#2227 = CARTESIAN_POINT ( 'NONE',  ( -33.44000000000000483, 56.83717644759729382, 28.78070708224549179 ) ) ;
#2228 = CONICAL_SURFACE ( 'NONE', #2674, 7.000000000000040856, 0.7853981633974491672 ) ;
#2229 = EDGE_CURVE ( 'NONE', #329, #621, #2421, .T. ) ;
#2230 = VECTOR ( 'NONE', #2501, 1000.000000000000000 ) ;
#2231 = ORIENTED_EDGE ( 'NONE', *, *, #1131, .F. ) ;
#2232 = CARTESIAN_POINT ( 'NONE',  ( 12.50000000000001066, 1.387778780781445676E-14, 17.19490303000005227 ) ) ;
#2233 = CARTESIAN_POINT ( 'NONE',  ( 12.50000000000001066, 0.9999999999999592548, -27.80509697000005787 ) ) ;
#2234 = EDGE_CURVE ( 'NONE', #1315, #2469, #272, .T. ) ;
#2235 = DIRECTION ( 'NONE',  ( -1.000000000000000000, 0.000000000000000000, 5.246875334141536319E-31 ) ) ;
#2236 = DIRECTION ( 'NONE',  ( 1.000000000000000000, 0.000000000000000000, -1.309225264888156377E-16 ) ) ;
#2237 = CARTESIAN_POINT ( 'NONE',  ( 32.44000000000004746, 41.87824147946974307, -15.24243336193892517 ) ) ;
#2238 = EDGE_CURVE ( 'NONE', #2239, #1020, #244, .T. ) ;
#2239 = VERTEX_POINT ( 'NONE', #863 ) ;
#2240 = ORIENTED_EDGE ( 'NONE', *, *, #2541, .T. ) ;
#2241 = ORIENTED_EDGE ( 'NONE', *, *, #1152, .T. ) ;
#2242 = ORIENTED_EDGE ( 'NONE', *, *, #164, .F. ) ;
#2243 = EDGE_CURVE ( 'NONE', #784, #525, #2459, .T. ) ;
#2244 = CARTESIAN_POINT ( 'NONE',  ( 0.000000000000000000, 1.000000000000000888, 35.19490303000009845 ) ) ;
#2245 = CARTESIAN_POINT ( 'NONE',  ( 0.000000000000000000, 1.000000000000000888, 35.19490303000009845 ) ) ;
#2246 = ORIENTED_EDGE ( 'NONE', *, *, #385, .T. ) ;
#2247 = DIRECTION ( 'NONE',  ( 0.000000000000000000, 1.000000000000000000, 0.000000000000000000 ) ) ;
#2248 = CYLINDRICAL_SURFACE ( 'NONE', #2861, 6.499999999999999112 ) ;
#2249 = CARTESIAN_POINT ( 'NONE',  ( 33.44000000000001194, 60.00000000000000000, -46.61509696999999619 ) ) ;
#2250 = CARTESIAN_POINT ( 'NONE',  ( 22.50000000000001421, 60.00000000000000000, -36.20509696999999250 ) ) ;
#2251 = FACE_OUTER_BOUND ( 'NONE', #2732, .T. ) ;
#2252 = ORIENTED_EDGE ( 'NONE', *, *, #983, .F. ) ;
#2253 = FACE_BOUND ( 'NONE', #1196, .T. ) ;
#2254 = ORIENTED_EDGE ( 'NONE', *, *, #1066, .T. ) ;
#2255 = AXIS2_PLACEMENT_3D ( 'NONE', #713, #1401, #2126 ) ;
#2256 = EDGE_LOOP ( 'NONE', ( #1509, #2824, #491, #640 ) ) ;
#2257 = ORIENTED_EDGE ( 'NONE', *, *, #629, .F. ) ;
#2258 = DIRECTION ( 'NONE',  ( -1.309225264888156377E-16, -7.645025128284134586E-17, 1.000000000000000000 ) ) ;
#2259 = VECTOR ( 'NONE', #1856, 1000.000000000000000 ) ;
#2260 = DIRECTION ( 'NONE',  ( -4.477814127426265521E-17, 0.9396926207859104263, -0.3420201433256631063 ) ) ;
#2261 = EDGE_CURVE ( 'NONE', #3051, #719, #1761, .T. ) ;
#2262 = VECTOR ( 'NONE', #3082, 1000.000000000000000 ) ;
#2263 = EDGE_LOOP ( 'NONE', ( #2292, #1275, #1804, #2678 ) ) ;
#2264 = LINE ( 'NONE', #102, #203 ) ;
#2265 = LINE ( 'NONE', #152, #88 ) ;
#2266 = EDGE_CURVE ( 'NONE', #1128, #1641, #562, .T. ) ;
#2267 = AXIS2_PLACEMENT_3D ( 'NONE', #2060, #2247, #2733 ) ;
#2268 = FACE_OUTER_BOUND ( 'NONE', #1486, .T. ) ;
#2269 = LINE ( 'NONE', #833, #1865 ) ;
#2270 = CARTESIAN_POINT ( 'NONE',  ( -26.94000000000000128, 59.65797985667435910, 33.60699635324240120 ) ) ;
#2271 = EDGE_CURVE ( 'NONE', #2469, #2889, #1347, .T. ) ;
#2272 = EDGE_LOOP ( 'NONE', ( #3001, #2215, #744, #1007 ) ) ;
#2273 = DIRECTION ( 'NONE',  ( 0.000000000000000000, -0.7071067811865525687, -0.7071067811865425767 ) ) ;
#2274 = ORIENTED_EDGE ( 'NONE', *, *, #939, .F. ) ;
#2275 = EDGE_LOOP ( 'NONE', ( #1764, #1023, #937, #113 ) ) ;
#2276 = EDGE_LOOP ( 'NONE', ( #1107, #1335, #1916, #1291 ) ) ;
#2277 = CARTESIAN_POINT ( 'NONE',  ( -26.94000000000001194, 6.000000000000000000, -48.61509697000003882 ) ) ;
#2278 = DIRECTION ( 'NONE',  ( 0.000000000000000000, 1.000000000000000000, 0.000000000000000000 ) ) ;
#2279 = ORIENTED_EDGE ( 'NONE', *, *, #1499, .T. ) ;
#2280 = DIRECTION ( 'NONE',  ( 0.000000000000000000, 0.000000000000000000, -1.000000000000000000 ) ) ;
#2281 = CARTESIAN_POINT ( 'NONE',  ( -26.94000000000001194, 5.999999999999999112, -43.11509697000000330 ) ) ;
#2282 = AXIS2_PLACEMENT_3D ( 'NONE', #1210, #1982, #1466 ) ;
#2283 = CARTESIAN_POINT ( 'NONE',  ( -9.999999999999991118, 79.47875521999580428, 0.000000000000000000 ) ) ;
#2284 = DIRECTION ( 'NONE',  ( -9.637352644315380771E-17, 0.000000000000000000, 1.000000000000000000 ) ) ;
#2285 = EDGE_CURVE ( 'NONE', #822, #672, #2761, .T. ) ;
#2286 = LINE ( 'NONE', #632, #43 ) ;
#2287 = AXIS2_PLACEMENT_3D ( 'NONE', #2547, #391, #596 ) ;
#2288 = ORIENTED_EDGE ( 'NONE', *, *, #2048, .T. ) ;
#2289 = CARTESIAN_POINT ( 'NONE',  ( 12.50000000000001066, 0.9999999999999592548, 12.19490303000005049 ) ) ;
#2290 = ORIENTED_EDGE ( 'NONE', *, *, #1290, .F. ) ;
#2291 = ORIENTED_EDGE ( 'NONE', *, *, #2376, .F. ) ;
#2292 = ORIENTED_EDGE ( 'NONE', *, *, #1220, .T. ) ;
#2293 = LINE ( 'NONE', #1025, #2004 ) ;
#2294 = DIRECTION ( 'NONE',  ( -1.000000000000000000, -5.791302902052174006E-33, 1.387778780781445676E-16 ) ) ;
#2295 = VERTEX_POINT ( 'NONE', #99 ) ;
#2296 = CARTESIAN_POINT ( 'NONE',  ( -26.94000000000000128, 84.82594567533885765, 18.59362818960191177 ) ) ;
#2297 = CARTESIAN_POINT ( 'NONE',  ( -33.44000000000001194, 55.72474820842921162, -26.92421699422481041 ) ) ;
#2298 = EDGE_CURVE ( 'NONE', #329, #1914, #1732, .T. ) ;
#2299 = CYLINDRICAL_SURFACE ( 'NONE', #1886, 5.000000000000000888 ) ;
#2300 = DIRECTION ( 'NONE',  ( 0.000000000000000000, 0.000000000000000000, -1.000000000000000000 ) ) ;
#2301 = CYLINDRICAL_SURFACE ( 'NONE', #2211, 3.600000000000002309 ) ;
#2302 = EDGE_CURVE ( 'NONE', #2560, #808, #115, .T. ) ;
#2303 = VERTEX_POINT ( 'NONE', #1334 ) ;
#2304 = PLANE ( 'NONE',  #467 ) ;
#2305 = ORIENTED_EDGE ( 'NONE', *, *, #2341, .F. ) ;
#2306 = VERTEX_POINT ( 'NONE', #336 ) ;
#2307 = DIRECTION ( 'NONE',  ( -0.000000000000000000, 1.000000000000000000, -0.000000000000000000 ) ) ;
#2308 = EDGE_CURVE ( 'NONE', #2138, #80, #1111, .T. ) ;
#2309 = ORIENTED_EDGE ( 'NONE', *, *, #2173, .T. ) ;
#2310 = VECTOR ( 'NONE', #2213, 1000.000000000000000 ) ;
#2311 = LINE ( 'NONE', #2514, #1567 ) ;
#2312 = DIRECTION ( 'NONE',  ( 0.000000000000000000, -0.9396926207859103153, 0.3420201433256638279 ) ) ;
#2313 = AXIS2_PLACEMENT_3D ( 'NONE', #187, #1149, #1017 ) ;
#2314 = AXIS2_PLACEMENT_3D ( 'NONE', #1652, #2900, #1390 ) ;
#2315 = CARTESIAN_POINT ( 'NONE',  ( 22.49999999999999645, 60.00000000000000000, 22.19490303000000608 ) ) ;
#2316 = EDGE_CURVE ( 'NONE', #332, #329, #2777, .T. ) ;
#2317 = DIRECTION ( 'NONE',  ( 0.000000000000000000, 0.000000000000000000, 1.000000000000000000 ) ) ;
#2318 = CIRCLE ( 'NONE', #1362, 4.600000000000020961 ) ;
#2319 = AXIS2_PLACEMENT_3D ( 'NONE', #156, #1786, #2047 ) ;
#2320 = DIRECTION ( 'NONE',  ( -0.000000000000000000, 1.000000000000000000, -0.000000000000000000 ) ) ;
#2321 = VECTOR ( 'NONE', #2139, 1000.000000000000000 ) ;
#2322 = ORIENTED_EDGE ( 'NONE', *, *, #59, .F. ) ;
#2323 = DIRECTION ( 'NONE',  ( 0.000000000000000000, -1.000000000000000000, 0.000000000000000000 ) ) ;
#2324 = ORIENTED_EDGE ( 'NONE', *, *, #1575, .F. ) ;
#2325 = ORIENTED_EDGE ( 'NONE', *, *, #2790, .T. ) ;
#2326 = EDGE_CURVE ( 'NONE', #2072, #2204, #1297, .T. ) ;
#2327 = CARTESIAN_POINT ( 'NONE',  ( 12.50000000000001066, 3.000000000000000000, 12.19490303000005049 ) ) ;
#2328 = VERTEX_POINT ( 'NONE', #78 ) ;
#2329 = DIRECTION ( 'NONE',  ( 0.000000000000000000, -1.000000000000000000, 0.000000000000000000 ) ) ;
#2330 = CARTESIAN_POINT ( 'NONE',  ( 22.49999999999999645, 60.00000000000000000, 23.79490303000000395 ) ) ;
#2331 = DIRECTION ( 'NONE',  ( 0.000000000000000000, 0.000000000000000000, -1.000000000000000000 ) ) ;
#2332 = DIRECTION ( 'NONE',  ( 8.659560562354850274E-17, -0.7071067811865543451, 0.7071067811865408004 ) ) ;
#2333 = CARTESIAN_POINT ( 'NONE',  ( -22.49999999999998934, 5.000000000000000000, 22.19490302999999898 ) ) ;
#2334 = VECTOR ( 'NONE', #2496, 1000.000000000000000 ) ;
#2335 = VERTEX_POINT ( 'NONE', #793 ) ;
#2336 = DIRECTION ( 'NONE',  ( 0.000000000000000000, -0.9063077870366437194, -0.4226182617407128195 ) ) ;
#2337 = AXIS2_PLACEMENT_3D ( 'NONE', #3123, #206, #2642 ) ;
#2338 = ORIENTED_EDGE ( 'NONE', *, *, #1179, .F. ) ;
#2339 = ORIENTED_EDGE ( 'NONE', *, *, #551, .T. ) ;
#2340 = CARTESIAN_POINT ( 'NONE',  ( -22.49999999999998934, 5.000000000000000000, 25.79490303000000040 ) ) ;
#2341 = EDGE_CURVE ( 'NONE', #2295, #1375, #841, .T. ) ;
#2342 = EDGE_LOOP ( 'NONE', ( #1267, #2556 ) ) ;
#2343 = LINE ( 'NONE', #1159, #1915 ) ;
#2344 = CARTESIAN_POINT ( 'NONE',  ( 22.49999999999999645, 5.000000000000000000, 25.79490303000000750 ) ) ;
#2345 = LINE ( 'NONE', #2105, #3095 ) ;
#2346 = CYLINDRICAL_SURFACE ( 'NONE', #3029, 6.499999999999999112 ) ;
#2347 = DIRECTION ( 'NONE',  ( -5.246875334141536319E-31, 0.000000000000000000, -1.000000000000000000 ) ) ;
#2348 = ORIENTED_EDGE ( 'NONE', *, *, #2234, .F. ) ;
#2349 = CARTESIAN_POINT ( 'NONE',  ( 22.50000000000001421, 5.000000000000000000, -41.40509697000000244 ) ) ;
#2350 = CARTESIAN_POINT ( 'NONE',  ( 30.44000000000000128, 56.59809349824034541, 28.12383207751071623 ) ) ;
#2351 = LINE ( 'NONE', #1924, #1714 ) ;
#2352 = ORIENTED_EDGE ( 'NONE', *, *, #1849, .T. ) ;
#2353 = ORIENTED_EDGE ( 'NONE', *, *, #490, .F. ) ;
#2354 = DIRECTION ( 'NONE',  ( 0.000000000000000000, 0.000000000000000000, -1.000000000000000000 ) ) ;
#2355 = ORIENTED_EDGE ( 'NONE', *, *, #511, .T. ) ;
#2356 = CARTESIAN_POINT ( 'NONE',  ( 30.43999999999999417, 2.999999999999998668, 50.55766997829938703 ) ) ;
#2357 = CARTESIAN_POINT ( 'NONE',  ( -30.43999999999999773, 3.000000000000002665, 48.37583680610799064 ) ) ;
#2358 = EDGE_CURVE ( 'NONE', #2128, #1592, #2633, .T. ) ;
#2359 = CIRCLE ( 'NONE', #2057, 7.000000000000033751 ) ;
#2360 = PLANE ( 'NONE',  #1074 ) ;
#2361 = FACE_OUTER_BOUND ( 'NONE', #2447, .T. ) ;
#2362 = FACE_OUTER_BOUND ( 'NONE', #2692, .T. ) ;
#2363 = EDGE_CURVE ( 'NONE', #948, #273, #1038, .T. ) ;
#2364 = AXIS2_PLACEMENT_3D ( 'NONE', #2679, #2939, #781 ) ;
#2365 = ORIENTED_EDGE ( 'NONE', *, *, #1659, .F. ) ;
#2366 = VECTOR ( 'NONE', #1048, 1000.000000000000000 ) ;
#2367 = DIRECTION ( 'NONE',  ( 1.000000000000000000, -0.000000000000000000, -0.000000000000000000 ) ) ;
#2368 = VECTOR ( 'NONE', #2720, 1000.000000000000000 ) ;
#2369 = ORIENTED_EDGE ( 'NONE', *, *, #563, .F. ) ;
#2370 = CARTESIAN_POINT ( 'NONE',  ( 4.314083075427408311E-29, 0.9999999999999592548, -32.80509697000005787 ) ) ;
#2371 = EDGE_CURVE ( 'NONE', #586, #2295, #2730, .T. ) ;
#2372 = AXIS2_PLACEMENT_3D ( 'NONE', #2627, #2832, #644 ) ;
#2373 = VERTEX_POINT ( 'NONE', #1593 ) ;
#2374 = CONICAL_SURFACE ( 'NONE', #2571, 7.000000000000016875, 0.7853981633974416177 ) ;
#2375 = DIRECTION ( 'NONE',  ( 0.000000000000000000, 0.000000000000000000, 1.000000000000000000 ) ) ;
#2376 = EDGE_CURVE ( 'NONE', #2757, #606, #1926, .T. ) ;
#2377 = ORIENTED_EDGE ( 'NONE', *, *, #2628, .F. ) ;
#2378 = LINE ( 'NONE', #2076, #2417 ) ;
#2379 = CARTESIAN_POINT ( 'NONE',  ( 31.44000000000000128, 57.77686906838319203, 28.43868693891983668 ) ) ;
#2380 = CARTESIAN_POINT ( 'NONE',  ( 31.44000000000002260, 50.81082503159339581, 22.55713245588457028 ) ) ;
#2381 = ADVANCED_FACE ( 'NONE', ( #1541 ), #1685, .T. ) ;
#2382 = CARTESIAN_POINT ( 'NONE',  ( -32.44000000000005457, 5.999999999999998224, -26.92421699422481396 ) ) ;
#2383 = DIRECTION ( 'NONE',  ( 0.000000000000000000, 0.000000000000000000, 1.000000000000000000 ) ) ;
#2384 = FACE_OUTER_BOUND ( 'NONE', #253, .T. ) ;
#2385 = AXIS2_PLACEMENT_3D ( 'NONE', #1723, #1000, #973 ) ;
#2386 = ADVANCED_FACE ( 'NONE', ( #591 ), #2511, .T. ) ;
#2387 = ORIENTED_EDGE ( 'NONE', *, *, #1619, .F. ) ;
#2388 = ORIENTED_EDGE ( 'NONE', *, *, #1188, .T. ) ;
#2389 = CARTESIAN_POINT ( 'NONE',  ( 12.50000000000001066, 0.000000000000000000, -27.80509697000005787 ) ) ;
#2390 = DIRECTION ( 'NONE',  ( -1.309225264888156377E-16, -7.645025128284134586E-17, 1.000000000000000000 ) ) ;
#2391 = ORIENTED_EDGE ( 'NONE', *, *, #2703, .T. ) ;
#2392 = DIRECTION ( 'NONE',  ( 0.000000000000000000, 0.000000000000000000, -1.000000000000000000 ) ) ;
#2393 = DIRECTION ( 'NONE',  ( 1.000000000000000000, -4.928932051820269971E-30, -5.246875334141536319E-31 ) ) ;
#2394 = DIRECTION ( 'NONE',  ( -0.7071067811865517916, -0.06987804917595125120, 0.7036455487270258935 ) ) ;
#2395 = EDGE_LOOP ( 'NONE', ( #144, #1744, #649, #1331 ) ) ;
#2396 = DIRECTION ( 'NONE',  ( -1.000000000000000000, 0.000000000000000000, 0.000000000000000000 ) ) ;
#2397 = EDGE_CURVE ( 'NONE', #2789, #907, #3085, .T. ) ;
#2398 = ORIENTED_EDGE ( 'NONE', *, *, #276, .F. ) ;
#2399 = EDGE_CURVE ( 'NONE', #1244, #989, #1884, .T. ) ;
#2400 = ORIENTED_EDGE ( 'NONE', *, *, #104, .F. ) ;
#2401 = DIRECTION ( 'NONE',  ( 0.000000000000000000, 0.000000000000000000, -1.000000000000000000 ) ) ;
#2402 = DIRECTION ( 'NONE',  ( 0.000000000000000000, 0.3420201433256629953, 0.9396926207859104263 ) ) ;
#2403 = EDGE_CURVE ( 'NONE', #2926, #2138, #2132, .T. ) ;
#2404 = DIRECTION ( 'NONE',  ( 0.000000000000000000, 1.000000000000000000, 0.000000000000000000 ) ) ;
#2405 = DIRECTION ( 'NONE',  ( -0.000000000000000000, 1.000000000000000000, -0.000000000000000000 ) ) ;
#2406 = CIRCLE ( 'NONE', #2755, 1.600000000000000755 ) ;
#2407 = FACE_OUTER_BOUND ( 'NONE', #934, .T. ) ;
#2408 = CARTESIAN_POINT ( 'NONE',  ( 12.00000000000000888, 3.000000000000000000, 19.19490303000006648 ) ) ;
#2409 = VECTOR ( 'NONE', #2061, 1000.000000000000114 ) ;
#2410 = CIRCLE ( 'NONE', #903, 3.600000000000002309 ) ;
#2411 = FACE_OUTER_BOUND ( 'NONE', #76, .T. ) ;
#2412 = CIRCLE ( 'NONE', #349, 8.000000000000000000 ) ;
#2413 = AXIS2_PLACEMENT_3D ( 'NONE', #40, #1773, #297 ) ;
#2414 = ORIENTED_EDGE ( 'NONE', *, *, #104, .T. ) ;
#2415 = ORIENTED_EDGE ( 'NONE', *, *, #2127, .F. ) ;
#2416 = AXIS2_PLACEMENT_3D ( 'NONE', #1749, #2404, #1223 ) ;
#2417 = VECTOR ( 'NONE', #408, 1000.000000000000000 ) ;
#2418 = ORIENTED_EDGE ( 'NONE', *, *, #1003, .T. ) ;
#2419 = ADVANCED_FACE ( 'NONE', ( #1889 ), #722, .F. ) ;
#2420 = CARTESIAN_POINT ( 'NONE',  ( -26.94000000000001194, 4.999999999999984013, -43.11509697000000330 ) ) ;
#2421 = LINE ( 'NONE', #979, #1045 ) ;
#2422 = EDGE_LOOP ( 'NONE', ( #2707, #1613, #2150, #2856 ) ) ;
#2423 = DIRECTION ( 'NONE',  ( 0.000000000000000000, 0.000000000000000000, -1.000000000000000000 ) ) ;
#2424 = DIRECTION ( 'NONE',  ( 0.000000000000000000, 1.000000000000000000, 0.000000000000000000 ) ) ;
#2425 = DIRECTION ( 'NONE',  ( -0.000000000000000000, 1.000000000000000000, -0.000000000000000000 ) ) ;
#2426 = DIRECTION ( 'NONE',  ( -1.367950388909798519E-16, 0.000000000000000000, -1.000000000000000000 ) ) ;
#2427 = CARTESIAN_POINT ( 'NONE',  ( -12.50000000000001066, 0.9999999999999596989, 17.19490303000005227 ) ) ;
#2428 = ADVANCED_FACE ( 'NONE', ( #162 ), #432, .T. ) ;
#2429 = VECTOR ( 'NONE', #2260, 1000.000000000000000 ) ;
#2430 = ORIENTED_EDGE ( 'NONE', *, *, #2443, .T. ) ;
#2431 = AXIS2_PLACEMENT_3D ( 'NONE', #582, #3030, #1305 ) ;
#2432 = ORIENTED_EDGE ( 'NONE', *, *, #14, .F. ) ;
#2433 = DIRECTION ( 'NONE',  ( 0.000000000000000000, 0.000000000000000000, 1.000000000000000000 ) ) ;
#2434 = AXIS2_PLACEMENT_3D ( 'NONE', #1083, #1797, #2045 ) ;
#2435 = DIRECTION ( 'NONE',  ( 0.000000000000000000, 0.7071067811865495711, 0.7071067811865455743 ) ) ;
#2436 = EDGE_CURVE ( 'NONE', #907, #1450, #1170, .T. ) ;
#2437 = ORIENTED_EDGE ( 'NONE', *, *, #2285, .T. ) ;
#2438 = CARTESIAN_POINT ( 'NONE',  ( -22.49999999999999289, 3.999999999999999112, -34.20509696999999960 ) ) ;
#2439 = LINE ( 'NONE', #1947, #2908 ) ;
#2440 = CARTESIAN_POINT ( 'NONE',  ( 22.50000000000001421, 5.000000000000000000, -37.80509696999999392 ) ) ;
#2441 = CARTESIAN_POINT ( 'NONE',  ( -32.44000000000004036, 50.02024515273897975, 30.51797308079036597 ) ) ;
#2442 = DIRECTION ( 'NONE',  ( -0.000000000000000000, -1.000000000000000000, -0.000000000000000000 ) ) ;
#2443 = EDGE_CURVE ( 'NONE', #2111, #130, #920, .T. ) ;
#2444 = ORIENTED_EDGE ( 'NONE', *, *, #1290, .T. ) ;
#2445 = ORIENTED_EDGE ( 'NONE', *, *, #14, .T. ) ;
#2446 = ORIENTED_EDGE ( 'NONE', *, *, #385, .F. ) ;
#2447 = EDGE_LOOP ( 'NONE', ( #1033, #309, #1366, #29 ) ) ;
#2448 = CYLINDRICAL_SURFACE ( 'NONE', #1769, 3.500000000000000888 ) ;
#2449 = CARTESIAN_POINT ( 'NONE',  ( -33.44000000000000483, 57.77686906838318492, 28.43868693891983668 ) ) ;
#2450 = ORIENTED_EDGE ( 'NONE', *, *, #2341, .T. ) ;
#2451 = DIRECTION ( 'NONE',  ( 0.000000000000000000, 0.000000000000000000, -1.000000000000000000 ) ) ;
#2452 = ADVANCED_FACE ( 'NONE', ( #2604 ), #3052, .F. ) ;
#2453 = CARTESIAN_POINT ( 'NONE',  ( 26.94000000000001194, 5.000000000000039080, -43.11509697000000330 ) ) ;
#2454 = CARTESIAN_POINT ( 'NONE',  ( 26.94000000000001194, 4.999999999999984013, -43.11509697000000330 ) ) ;
#2455 = CARTESIAN_POINT ( 'NONE',  ( 22.49999999999999645, 5.000000000000000000, 22.19490303000000608 ) ) ;
#2456 = EDGE_CURVE ( 'NONE', #2000, #44, #2780, .T. ) ;
#2457 = LINE ( 'NONE', #1240, #1616 ) ;
#2458 = VECTOR ( 'NONE', #456, 1000.000000000000000 ) ;
#2459 = CIRCLE ( 'NONE', #1101, 1.600000000000000755 ) ;
#2460 = ORIENTED_EDGE ( 'NONE', *, *, #1239, .T. ) ;
#2461 = AXIS2_PLACEMENT_3D ( 'NONE', #568, #2175, #9 ) ;
#2462 = VECTOR ( 'NONE', #2396, 1000.000000000000000 ) ;
#2463 = VERTEX_POINT ( 'NONE', #639 ) ;
#2464 = ORIENTED_EDGE ( 'NONE', *, *, #2044, .F. ) ;
#2465 = CONICAL_SURFACE ( 'NONE', #1819, 3.599999999999999201, 0.7853981633974463916 ) ;
#2466 = CIRCLE ( 'NONE', #2710, 50.72474820842921872 ) ;
#2467 = DIRECTION ( 'NONE',  ( 1.000000000000000000, -0.000000000000000000, -0.000000000000000000 ) ) ;
#2468 = AXIS2_PLACEMENT_3D ( 'NONE', #2389, #2593, #1891 ) ;
#2469 = VERTEX_POINT ( 'NONE', #1603 ) ;
#2470 = CARTESIAN_POINT ( 'NONE',  ( 26.94000000000000128, 58.03424694923710803, 32.06963125499618172 ) ) ;
#2471 = DIRECTION ( 'NONE',  ( 9.637352644315380771E-17, 5.551115123125579324E-17, -1.000000000000000000 ) ) ;
#2472 = PLANE ( 'NONE',  #2181 ) ;
#2473 = DIRECTION ( 'NONE',  ( 5.536138930465331605E-31, 0.000000000000000000, -1.000000000000000000 ) ) ;
#2474 = DIRECTION ( 'NONE',  ( 0.000000000000000000, 0.000000000000000000, 1.000000000000000000 ) ) ;
#2475 = EDGE_CURVE ( 'NONE', #2111, #226, #1852, .T. ) ;
#2476 = ORIENTED_EDGE ( 'NONE', *, *, #2261, .T. ) ;
#2477 = EDGE_LOOP ( 'NONE', ( #3050, #2353, #1393, #2023 ) ) ;
#2478 = VERTEX_POINT ( 'NONE', #1377 ) ;
#2479 = DIRECTION ( 'NONE',  ( 0.000000000000000000, 0.000000000000000000, 1.000000000000000000 ) ) ;
#2480 = CARTESIAN_POINT ( 'NONE',  ( 22.49999999999999645, 5.000000000000000000, 22.19490303000000608 ) ) ;
#2481 = AXIS2_PLACEMENT_3D ( 'NONE', #1615, #1881, #2836 ) ;
#2482 = EDGE_LOOP ( 'NONE', ( #1971, #1108, #1360, #1969 ) ) ;
#2483 = CARTESIAN_POINT ( 'NONE',  ( 30.43999999999999417, 50.02024515273897975, 30.51797308079036597 ) ) ;
#2484 = DIRECTION ( 'NONE',  ( 0.000000000000000000, 0.3420201433256634949, 0.9396926207859103153 ) ) ;
#2485 = CARTESIAN_POINT ( 'NONE',  ( -12.50000000000001066, 79.47875521999580428, -27.80509697000005787 ) ) ;
#2486 = CARTESIAN_POINT ( 'NONE',  ( -26.94000000000001194, 5.999999999999999112, -43.11509697000000330 ) ) ;
#2487 = DIRECTION ( 'NONE',  ( -1.230269320361879336E-16, 0.3420201433256633283, 0.9396926207859103153 ) ) ;
#2488 = VERTEX_POINT ( 'NONE', #2340 ) ;
#2489 = FACE_BOUND ( 'NONE', #18, .T. ) ;
#2490 = VERTEX_POINT ( 'NONE', #177 ) ;
#2491 = EDGE_CURVE ( 'NONE', #789, #2936, #921, .T. ) ;
#2492 = ORIENTED_EDGE ( 'NONE', *, *, #2914, .F. ) ;
#2493 = ORIENTED_EDGE ( 'NONE', *, *, #2860, .F. ) ;
#2494 = DIRECTION ( 'NONE',  ( -0.7071067811865483499, 0.7071067811865467956, -3.851771518480442278E-17 ) ) ;
#2495 = EDGE_CURVE ( 'NONE', #2478, #2204, #673, .T. ) ;
#2496 = DIRECTION ( 'NONE',  ( 1.000000000000000000, 0.000000000000000000, -1.414156880428223686E-30 ) ) ;
#2497 = ORIENTED_EDGE ( 'NONE', *, *, #2149, .F. ) ;
#2498 = DIRECTION ( 'NONE',  ( 0.000000000000000000, 0.000000000000000000, -1.000000000000000000 ) ) ;
#2499 = ADVANCED_FACE ( 'NONE', ( #418 ), #2228, .T. ) ;
#2500 = FACE_OUTER_BOUND ( 'NONE', #859, .T. ) ;
#2501 = DIRECTION ( 'NONE',  ( 1.000000000000000000, 0.000000000000000000, 0.000000000000000000 ) ) ;
#2502 = DIRECTION ( 'NONE',  ( -1.000000000000000000, 0.000000000000000000, 5.246875334141536319E-31 ) ) ;
#2503 = DIRECTION ( 'NONE',  ( 0.000000000000000000, -1.000000000000000000, 0.000000000000000000 ) ) ;
#2504 = EDGE_CURVE ( 'NONE', #3128, #1478, #191, .T. ) ;
#2505 = DIRECTION ( 'NONE',  ( 0.000000000000000000, 0.000000000000000000, -1.000000000000000000 ) ) ;
#2506 = ORIENTED_EDGE ( 'NONE', *, *, #1383, .T. ) ;
#2507 = AXIS2_PLACEMENT_3D ( 'NONE', #2172, #533, #1209 ) ;
#2508 = EDGE_LOOP ( 'NONE', ( #1326, #2460, #2309, #369 ) ) ;
#2509 = CARTESIAN_POINT ( 'NONE',  ( -22.49999999999998934, 4.000000000000037303, 22.19490302999999898 ) ) ;
#2510 = AXIS2_PLACEMENT_3D ( 'NONE', #2845, #2812, #1175 ) ;
#2511 = CYLINDRICAL_SURFACE ( 'NONE', #518, 3.600000000000005862 ) ;
#2512 = EDGE_CURVE ( 'NONE', #2097, #333, #2788, .T. ) ;
#2513 = EDGE_LOOP ( 'NONE', ( #2391, #2622, #2647, #2956 ) ) ;
#2514 = CARTESIAN_POINT ( 'NONE',  ( -22.49999999999998934, 60.00000000000000000, 20.59490302999999756 ) ) ;
#2515 = CARTESIAN_POINT ( 'NONE',  ( 26.94000000000000128, 57.77686906838319203, 28.43868693891983668 ) ) ;
#2516 = AXIS2_PLACEMENT_3D ( 'NONE', #1252, #324, #2498 ) ;
#2517 = CIRCLE ( 'NONE', #2468, 5.000000000000000888 ) ;
#2518 = DIRECTION ( 'NONE',  ( 0.000000000000000000, 1.000000000000000000, 0.000000000000000000 ) ) ;
#2519 = DIRECTION ( 'NONE',  ( 0.000000000000000000, 0.4226182617407197029, -0.9063077870366404998 ) ) ;
#2520 = CARTESIAN_POINT ( 'NONE',  ( 12.50000000000001066, 1.387778780781439522E-14, 17.19490303000005227 ) ) ;
#2521 = ORIENTED_EDGE ( 'NONE', *, *, #3059, .F. ) ;
#2522 = CARTESIAN_POINT ( 'NONE',  ( 22.50000000000001421, 0.000000000000000000, -37.80509696999999392 ) ) ;
#2523 = ORIENTED_EDGE ( 'NONE', *, *, #1686, .T. ) ;
#2524 = ADVANCED_FACE ( 'NONE', ( #572 ), #2773, .F. ) ;
#2525 = EDGE_LOOP ( 'NONE', ( #1636, #1058, #1572, #1742, #1945, #2949, #74, #127, #2001, #3125, #439, #2774, #885, #1299 ) ) ;
#2526 = DIRECTION ( 'NONE',  ( 5.536138930465331605E-31, 0.000000000000000000, -1.000000000000000000 ) ) ;
#2527 = DIRECTION ( 'NONE',  ( -0.000000000000000000, 1.000000000000000000, -0.000000000000000000 ) ) ;
#2528 = EDGE_LOOP ( 'NONE', ( #2450, #733, #319, #1649 ) ) ;
#2529 = CYLINDRICAL_SURFACE ( 'NONE', #410, 3.499999999999999112 ) ;
#2530 = CIRCLE ( 'NONE', #2933, 4.599999999999992539 ) ;
#2531 = CARTESIAN_POINT ( 'NONE',  ( -22.49999999999999289, 5.000000000000000000, -36.20509696999999960 ) ) ;
#2532 = EDGE_CURVE ( 'NONE', #977, #320, #3090, .T. ) ;
#2533 = VECTOR ( 'NONE', #2144, 1000.000000000000000 ) ;
#2534 = FACE_OUTER_BOUND ( 'NONE', #2130, .T. ) ;
#2535 = FACE_OUTER_BOUND ( 'NONE', #2637, .T. ) ;
#2536 = DIRECTION ( 'NONE',  ( -1.309225264888156377E-16, 0.000000000000000000, -1.000000000000000000 ) ) ;
#2537 = AXIS2_PLACEMENT_3D ( 'NONE', #2283, #816, #1784 ) ;
#2538 = ORIENTED_EDGE ( 'NONE', *, *, #2541, .F. ) ;
#2539 = PLANE ( 'NONE',  #2988 ) ;
#2540 = ORIENTED_EDGE ( 'NONE', *, *, #2358, .T. ) ;
#2541 = EDGE_CURVE ( 'NONE', #112, #914, #1535, .T. ) ;
#2542 = ORIENTED_EDGE ( 'NONE', *, *, #515, .T. ) ;
#2543 = DIRECTION ( 'NONE',  ( 0.000000000000000000, 0.000000000000000000, -1.000000000000000000 ) ) ;
#2544 = VERTEX_POINT ( 'NONE', #158 ) ;
#2545 = CARTESIAN_POINT ( 'NONE',  ( 5.000000000000006217, 3.000000000000000000, 37.19490303000008424 ) ) ;
#2546 = DIRECTION ( 'NONE',  ( 0.000000000000000000, -1.000000000000000000, 0.000000000000000000 ) ) ;
#2547 = CARTESIAN_POINT ( 'NONE',  ( 4.314083075427408311E-29, 79.47875521999580428, -32.80509697000005787 ) ) ;
#2548 = CARTESIAN_POINT ( 'NONE',  ( -32.44000000000004746, 57.77686906838319203, 28.43868693891983668 ) ) ;
#2549 = CARTESIAN_POINT ( 'NONE',  ( 22.49999999999999645, 0.000000000000000000, 22.19490303000000608 ) ) ;
#2550 = APPLICATION_CONTEXT ( 'automotive_design' ) ;
#2551 = ADVANCED_FACE ( 'NONE', ( #2253, #2489, #1120, #2740, #634, #2034 ), #2539, .F. ) ;
#2552 = EDGE_LOOP ( 'NONE', ( #671, #1986, #2400, #176 ) ) ;
#2553 = FACE_OUTER_BOUND ( 'NONE', #2775, .T. ) ;
#2554 = ORIENTED_EDGE ( 'NONE', *, *, #1514, .F. ) ;
#2555 = EDGE_CURVE ( 'NONE', #2239, #1040, #109, .T. ) ;
#2556 = ORIENTED_EDGE ( 'NONE', *, *, #1829, .F. ) ;
#2557 = ORIENTED_EDGE ( 'NONE', *, *, #895, .T. ) ;
#2558 = CARTESIAN_POINT ( 'NONE',  ( -33.43999999999999773, 56.83717644759729382, 28.78070708224549179 ) ) ;
#2559 = AXIS2_PLACEMENT_3D ( 'NONE', #2197, #35, #1965 ) ;
#2560 = VERTEX_POINT ( 'NONE', #2723 ) ;
#2561 = VECTOR ( 'NONE', #229, 1000.000000000000000 ) ;
#2562 = CIRCLE ( 'NONE', #1199, 1.599999999999997202 ) ;
#2563 = LINE ( 'NONE', #2102, #2321 ) ;
#2564 = LINE ( 'NONE', #1130, #1453 ) ;
#2565 = VECTOR ( 'NONE', #1227, 999.9999999999998863 ) ;
#2566 = AXIS2_PLACEMENT_3D ( 'NONE', #2237, #2931, #2487 ) ;
#2567 = PRODUCT_CONTEXT ( 'NONE', #2550, 'mechanical' ) ;
#2568 =( NAMED_UNIT ( * ) SI_UNIT ( $, .STERADIAN. ) SOLID_ANGLE_UNIT ( ) );
#2569 = STYLED_ITEM ( 'NONE', ( #1419 ), #366 ) ;
#2570 = CARTESIAN_POINT ( 'NONE',  ( -12.50000000000001066, 3.000000000000002665, -27.80509697000005787 ) ) ;
#2571 = AXIS2_PLACEMENT_3D ( 'NONE', #285, #2903, #2433 ) ;
#2572 = EDGE_LOOP ( 'NONE', ( #2432, #683 ) ) ;
#2573 = CARTESIAN_POINT ( 'NONE',  ( 17.50000000000001066, 79.47875521999580428, -27.80509697000005787 ) ) ;
#2574 = EDGE_LOOP ( 'NONE', ( #2075, #304, #1488, #1875 ) ) ;
#2575 = EDGE_CURVE ( 'NONE', #1123, #1189, #262, .T. ) ;
#2576 = EDGE_LOOP ( 'NONE', ( #2418, #2279, #401, #2540 ) ) ;
#2577 = DIRECTION ( 'NONE',  ( 0.000000000000000000, 0.3420201433256631618, 0.9396926207859104263 ) ) ;
#2578 = EDGE_LOOP ( 'NONE', ( #3040, #2621 ) ) ;
#2579 = DIRECTION ( 'NONE',  ( -1.000000000000000000, 0.000000000000000000, -5.536138930465331605E-31 ) ) ;
#2580 = DIRECTION ( 'NONE',  ( -0.000000000000000000, -1.000000000000000000, -0.000000000000000000 ) ) ;
#2581 = CYLINDRICAL_SURFACE ( 'NONE', #117, 1.600000000000000755 ) ;
#2582 = CARTESIAN_POINT ( 'NONE',  ( 30.44000000000001194, 4.999999999999983125, -43.11509697000000330 ) ) ;
#2583 = CARTESIAN_POINT ( 'NONE',  ( 32.44000000000004036, 57.77686906838319203, 28.43868693891983668 ) ) ;
#2584 = EDGE_LOOP ( 'NONE', ( #1119, #2985, #45, #344 ) ) ;
#2585 = CARTESIAN_POINT ( 'NONE',  ( -12.50000000000001066, 1.387778780781451829E-14, 17.19490303000005227 ) ) ;
#2586 = AXIS2_PLACEMENT_3D ( 'NONE', #22, #984, #2909 ) ;
#2587 = DIRECTION ( 'NONE',  ( 5.536138930465331605E-31, 5.551115123125707514E-17, -1.000000000000000000 ) ) ;
#2588 = LINE ( 'NONE', #1683, #1304 ) ;
#2589 = ORIENTED_EDGE ( 'NONE', *, *, #1338, .T. ) ;
#2590 = EDGE_CURVE ( 'NONE', #110, #1036, #1601, .T. ) ;
#2591 = DIRECTION ( 'NONE',  ( 1.000000000000000000, 0.000000000000000000, 0.000000000000000000 ) ) ;
#2592 = ADVANCED_FACE ( 'NONE', ( #2553 ), #2304, .T. ) ;
#2593 = DIRECTION ( 'NONE',  ( -0.000000000000000000, 1.000000000000000000, -0.000000000000000000 ) ) ;
#2594 = DIRECTION ( 'NONE',  ( 1.000000000000000000, -0.000000000000000000, 1.309225264888156377E-16 ) ) ;
#2595 = EDGE_CURVE ( 'NONE', #1165, #1036, #674, .T. ) ;
#2596 = SHAPE_DEFINITION_REPRESENTATION ( #2222, #469 ) ;
#2597 = SURFACE_STYLE_USAGE ( .BOTH. , #2125 ) ;
#2598 = CARTESIAN_POINT ( 'NONE',  ( 4.082971482100940008E-29, 79.47875521999580428, 17.19490303000005227 ) ) ;
#2599 = ORIENTED_EDGE ( 'NONE', *, *, #1261, .T. ) ;
#2600 = DIRECTION ( 'NONE',  ( 0.000000000000000000, 0.000000000000000000, -1.000000000000000000 ) ) ;
#2601 = EDGE_LOOP ( 'NONE', ( #916, #1556, #2741, #1748 ) ) ;
#2602 = CARTESIAN_POINT ( 'NONE',  ( -22.49999999999998934, 60.00000000000000000, 22.19490302999999898 ) ) ;
#2603 = VERTEX_POINT ( 'NONE', #3048 ) ;
#2604 = FACE_OUTER_BOUND ( 'NONE', #1332, .T. ) ;
#2605 = ORIENTED_EDGE ( 'NONE', *, *, #1235, .T. ) ;
#2606 = CARTESIAN_POINT ( 'NONE',  ( -32.44000000000005457, 57.77686906838319203, 28.43868693891984734 ) ) ;
#2607 = AXIS2_PLACEMENT_3D ( 'NONE', #2233, #1994, #2896 ) ;
#2608 = DIRECTION ( 'NONE',  ( -0.7071067811865425767, -0.7071067811865525687, 0.000000000000000000 ) ) ;
#2609 = EDGE_CURVE ( 'NONE', #719, #3051, #2530, .T. ) ;
#2610 = APPLICATION_PROTOCOL_DEFINITION ( 'draft international standard', 'automotive_design', 1998, #2876 ) ;
#2611 = FACE_OUTER_BOUND ( 'NONE', #1728, .T. ) ;
#2612 = CIRCLE ( 'NONE', #1564, 4.500000000000010658 ) ;
#2613 = CIRCLE ( 'NONE', #1408, 49.72474820842920451 ) ;
#2614 = EDGE_CURVE ( 'NONE', #606, #1008, #1070, .T. ) ;
#2615 = VECTOR ( 'NONE', #1340, 1000.000000000000000 ) ;
#2616 = CYLINDRICAL_SURFACE ( 'NONE', #1929, 8.000000000000000000 ) ;
#2617 = CIRCLE ( 'NONE', #149, 1.600000000000000755 ) ;
#2618 = LINE ( 'NONE', #1923, #1507 ) ;
#2619 = DIRECTION ( 'NONE',  ( -0.7071067811865469066, -0.7071067811865481278, 0.000000000000000000 ) ) ;
#2620 = VECTOR ( 'NONE', #2106, 1000.000000000000000 ) ;
#2621 = ORIENTED_EDGE ( 'NONE', *, *, #2721, .T. ) ;
#2622 = ORIENTED_EDGE ( 'NONE', *, *, #239, .F. ) ;
#2623 = ORIENTED_EDGE ( 'NONE', *, *, #2962, .F. ) ;
#2624 = DIRECTION ( 'NONE',  ( 1.230269320361879336E-16, 0.3420201433256633283, 0.9396926207859103153 ) ) ;
#2625 = DIRECTION ( 'NONE',  ( -0.000000000000000000, -1.000000000000000000, -0.000000000000000000 ) ) ;
#2626 = CARTESIAN_POINT ( 'NONE',  ( 26.93999999999999773, 0.000000000000000000, 56.38490302999999670 ) ) ;
#2627 = CARTESIAN_POINT ( 'NONE',  ( -31.44000000000002260, 5.999999999999998224, -26.92421699422481396 ) ) ;
#2628 = EDGE_CURVE ( 'NONE', #80, #464, #2017, .T. ) ;
#2629 = CARTESIAN_POINT ( 'NONE',  ( 22.50000000000001421, 3.000000000000000000, -37.80509696999999392 ) ) ;
#2630 = FACE_OUTER_BOUND ( 'NONE', #2263, .T. ) ;
#2631 = ORIENTED_EDGE ( 'NONE', *, *, #997, .F. ) ;
#2632 = CARTESIAN_POINT ( 'NONE',  ( 30.44000000000000128, 50.71200254673659202, 23.55223753399780762 ) ) ;
#2633 = CIRCLE ( 'NONE', #2081, 49.72474820842921162 ) ;
#2634 = AXIS2_PLACEMENT_3D ( 'NONE', #2522, #898, #1422 ) ;
#2635 = EDGE_LOOP ( 'NONE', ( #1620, #1095, #556, #1602 ) ) ;
#2636 = EDGE_CURVE ( 'NONE', #2138, #1165, #346, .T. ) ;
#2637 = EDGE_LOOP ( 'NONE', ( #2776, #2444 ) ) ;
#2638 = CARTESIAN_POINT ( 'NONE',  ( -30.44000000000000128, 50.71200254673659202, 23.55223753399780762 ) ) ;
#2639 = DIRECTION ( 'NONE',  ( 0.000000000000000000, 1.000000000000000000, 0.000000000000000000 ) ) ;
#2640 = DIRECTION ( 'NONE',  ( -0.000000000000000000, 1.000000000000000000, -0.000000000000000000 ) ) ;
#2641 = LINE ( 'NONE', #664, #1817 ) ;
#2642 = DIRECTION ( 'NONE',  ( 0.000000000000000000, 0.000000000000000000, -1.000000000000000000 ) ) ;
#2643 = DIRECTION ( 'NONE',  ( 0.000000000000000000, 0.000000000000000000, -1.000000000000000000 ) ) ;
#2644 = LINE ( 'NONE', #2176, #2763 ) ;
#2645 = EDGE_CURVE ( 'NONE', #607, #95, #2980, .T. ) ;
#2646 = ORIENTED_EDGE ( 'NONE', *, *, #1256, .F. ) ;
#2647 = ORIENTED_EDGE ( 'NONE', *, *, #1638, .F. ) ;
#2648 = DIRECTION ( 'NONE',  ( 0.000000000000000000, 1.000000000000000000, 0.000000000000000000 ) ) ;
#2649 = CARTESIAN_POINT ( 'NONE',  ( 22.50000000000001421, 4.000000000000022204, -37.80509696999999392 ) ) ;
#2650 = ORIENTED_EDGE ( 'NONE', *, *, #1110, .T. ) ;
#2651 = DIRECTION ( 'NONE',  ( -4.477814127426265521E-17, -0.9396926207859104263, 0.3420201433256631063 ) ) ;
#2652 = LINE ( 'NONE', #2217, #947 ) ;
#2653 = VECTOR ( 'NONE', #1253, 1000.000000000000000 ) ;
#2654 = DIRECTION ( 'NONE',  ( -0.000000000000000000, 1.000000000000000000, -0.000000000000000000 ) ) ;
#2655 = DIRECTION ( 'NONE',  ( 0.000000000000000000, 1.000000000000000000, 0.000000000000000000 ) ) ;
#2656 = VECTOR ( 'NONE', #2695, 1000.000000000000114 ) ;
#2657 = AXIS2_PLACEMENT_3D ( 'NONE', #2602, #3110, #460 ) ;
#2658 = DIRECTION ( 'NONE',  ( -0.000000000000000000, -1.000000000000000000, -0.000000000000000000 ) ) ;
#2659 = CONICAL_SURFACE ( 'NONE', #605, 6.999999999999988454, 0.7853981633974446153 ) ;
#2660 = ORIENTED_EDGE ( 'NONE', *, *, #2371, .F. ) ;
#2661 = EDGE_CURVE ( 'NONE', #2544, #3064, #1568, .T. ) ;
#2662 = VECTOR ( 'NONE', #2651, 1000.000000000000000 ) ;
#2663 = VECTOR ( 'NONE', #196, 1000.000000000000000 ) ;
#2664 = ORIENTED_EDGE ( 'NONE', *, *, #2962, .T. ) ;
#2665 = DIRECTION ( 'NONE',  ( 0.000000000000000000, -0.3420201433256631618, -0.9396926207859104263 ) ) ;
#2666 = DIRECTION ( 'NONE',  ( 0.000000000000000000, 0.3420201433256638279, 0.9396926207859102043 ) ) ;
#2667 = ORIENTED_EDGE ( 'NONE', *, *, #2636, .T. ) ;
#2668 = DIRECTION ( 'NONE',  ( 0.000000000000000000, 0.000000000000000000, -1.000000000000000000 ) ) ;
#2669 = DIRECTION ( 'NONE',  ( 0.7071067811865439090, -0.6644630243886794352, 0.2418447626479727497 ) ) ;
#2670 = PLANE ( 'NONE',  #2888 ) ;
#2671 = DIRECTION ( 'NONE',  ( 0.000000000000000000, 0.000000000000000000, -1.000000000000000000 ) ) ;
#2672 = DIRECTION ( 'NONE',  ( -1.000000000000000000, 0.000000000000000000, -1.309225264888156377E-16 ) ) ;
#2673 = EDGE_LOOP ( 'NONE', ( #96, #2754 ) ) ;
#2674 = AXIS2_PLACEMENT_3D ( 'NONE', #2100, #2591, #2354 ) ;
#2675 = ORIENTED_EDGE ( 'NONE', *, *, #1806, .T. ) ;
#2676 = EDGE_CURVE ( 'NONE', #273, #1854, #775, .T. ) ;
#2677 = ORIENTED_EDGE ( 'NONE', *, *, #769, .F. ) ;
#2678 = ORIENTED_EDGE ( 'NONE', *, *, #487, .F. ) ;
#2679 = CARTESIAN_POINT ( 'NONE',  ( 22.49999999999999645, 0.000000000000000000, 22.19490303000000608 ) ) ;
#2680 = VECTOR ( 'NONE', #694, 1000.000000000000114 ) ;
#2681 = DIRECTION ( 'NONE',  ( 1.000000000000000000, 0.000000000000000000, -0.000000000000000000 ) ) ;
#2682 = EDGE_CURVE ( 'NONE', #489, #3051, #3081, .T. ) ;
#2683 = ORIENTED_EDGE ( 'NONE', *, *, #2512, .T. ) ;
#2684 = LINE ( 'NONE', #2216, #2709 ) ;
#2685 = CARTESIAN_POINT ( 'NONE',  ( 26.94000000000001194, 60.00000000000000000, -43.11509697000000330 ) ) ;
#2686 = ADVANCED_FACE ( 'NONE', ( #1665 ), #429, .T. ) ;
#2687 = DIRECTION ( 'NONE',  ( 0.000000000000000000, 0.000000000000000000, -1.000000000000000000 ) ) ;
#2688 = DIRECTION ( 'NONE',  ( 0.000000000000000000, -1.000000000000000000, 0.000000000000000000 ) ) ;
#2689 = CARTESIAN_POINT ( 'NONE',  ( 33.44000000000002615, 59.65797985667435910, 33.60699635324238699 ) ) ;
#2690 = ORIENTED_EDGE ( 'NONE', *, *, #2243, .F. ) ;
#2691 = ORIENTED_EDGE ( 'NONE', *, *, #2504, .F. ) ;
#2692 = EDGE_LOOP ( 'NONE', ( #2981, #2778, #1536, #2387 ) ) ;
#2693 = EDGE_LOOP ( 'NONE', ( #820, #2979, #150, #2257, #728, #2058, #2158 ) ) ;
#2694 = DIRECTION ( 'NONE',  ( 0.000000000000000000, -1.000000000000000000, 0.000000000000000000 ) ) ;
#2695 = DIRECTION ( 'NONE',  ( 0.000000000000000000, 0.7071067811865481278, -0.7071067811865469066 ) ) ;
#2696 = ORIENTED_EDGE ( 'NONE', *, *, #2595, .F. ) ;
#2697 = CARTESIAN_POINT ( 'NONE',  ( -28.99025253169417127, 3.000000000000002665, 52.10045900977367239 ) ) ;
#2698 = CYLINDRICAL_SURFACE ( 'NONE', #2202, 6.499999999999999112 ) ;
#2699 = EDGE_CURVE ( 'NONE', #571, #2835, #234, .T. ) ;
#2700 = CARTESIAN_POINT ( 'NONE',  ( -22.49999999999998934, 4.000000000000037303, 22.19490302999999898 ) ) ;
#2701 = PLANE ( 'NONE',  #1713 ) ;
#2702 = DIRECTION ( 'NONE',  ( 0.000000000000000000, 0.000000000000000000, -1.000000000000000000 ) ) ;
#2703 = EDGE_CURVE ( 'NONE', #1592, #1233, #1166, .T. ) ;
#2704 = CIRCLE ( 'NONE', #1300, 1.599999999999997202 ) ;
#2705 = VECTOR ( 'NONE', #2526, 1000.000000000000000 ) ;
#2706 = ORIENTED_EDGE ( 'NONE', *, *, #2229, .T. ) ;
#2707 = ORIENTED_EDGE ( 'NONE', *, *, #231, .T. ) ;
#2708 = ORIENTED_EDGE ( 'NONE', *, *, #276, .T. ) ;
#2709 = VECTOR ( 'NONE', #723, 1000.000000000000000 ) ;
#2710 = AXIS2_PLACEMENT_3D ( 'NONE', #1997, #1260, #2913 ) ;
#2711 = CARTESIAN_POINT ( 'NONE',  ( -22.49999999999999289, 5.000000000000000000, -34.20509696999999960 ) ) ;
#2712 = DIRECTION ( 'NONE',  ( -1.230269320361879089E-16, 0.3420201433256633283, 0.9396926207859103153 ) ) ;
#2713 = CIRCLE ( 'NONE', #2166, 5.500000000000039968 ) ;
#2714 = ORIENTED_EDGE ( 'NONE', *, *, #457, .F. ) ;
#2715 = DIRECTION ( 'NONE',  ( 1.309225264888156377E-16, 0.000000000000000000, 1.000000000000000000 ) ) ;
#2716 = FACE_OUTER_BOUND ( 'NONE', #26, .T. ) ;
#2717 = ADVANCED_FACE ( 'NONE', ( #2630 ), #3093, .F. ) ;
#2718 = CARTESIAN_POINT ( 'NONE',  ( 26.94000000000001194, 6.000000000000000000, -47.61509697000001040 ) ) ;
#2719 = FACE_OUTER_BOUND ( 'NONE', #1102, .T. ) ;
#2720 = DIRECTION ( 'NONE',  ( -0.7071067811865493491, -0.6644630243886738841, 0.2418447626479721391 ) ) ;
#2721 = EDGE_CURVE ( 'NONE', #989, #1244, #168, .T. ) ;
#2722 = ORIENTED_EDGE ( 'NONE', *, *, #2742, .F. ) ;
#2723 = CARTESIAN_POINT ( 'NONE',  ( 31.44000000000000838, 57.53778611902626494, 27.78181193418505401 ) ) ;
#2724 = VERTEX_POINT ( 'NONE', #3108 ) ;
#2725 = ADVANCED_FACE ( 'NONE', ( #1866 ), #2616, .T. ) ;
#2726 = ORIENTED_EDGE ( 'NONE', *, *, #1342, .F. ) ;
#2727 = EDGE_LOOP ( 'NONE', ( #28, #413, #2646, #75 ) ) ;
#2728 = CARTESIAN_POINT ( 'NONE',  ( 22.50000000000001421, 5.000000000000000000, -37.80509696999999392 ) ) ;
#2729 = DIRECTION ( 'NONE',  ( -1.000000000000000000, -0.000000000000000000, -0.000000000000000000 ) ) ;
#2730 = CIRCLE ( 'NONE', #3042, 7.000000000000016875 ) ;
#2731 = VECTOR ( 'NONE', #2336, 1000.000000000000114 ) ;
#2732 = EDGE_LOOP ( 'NONE', ( #2706, #687, #887, #2792 ) ) ;
#2733 = DIRECTION ( 'NONE',  ( 0.000000000000000000, 0.000000000000000000, 1.000000000000000000 ) ) ;
#2734 = DIRECTION ( 'NONE',  ( 9.637352644315378306E-17, 5.551115123125579324E-17, -1.000000000000000000 ) ) ;
#2735 = EDGE_CURVE ( 'NONE', #46, #2000, #2850, .T. ) ;
#2736 = DIRECTION ( 'NONE',  ( 0.7071067811865445751, 0.7071067811865504593, 0.000000000000000000 ) ) ;
#2737 = CARTESIAN_POINT ( 'NONE',  ( -11.99999999999997868, 3.000000000000000000, -1.156482317317843129E-15 ) ) ;
#2738 = CYLINDRICAL_SURFACE ( 'NONE', #1457, 49.72474820842920451 ) ;
#2739 = ORIENTED_EDGE ( 'NONE', *, *, #2676, .F. ) ;
#2740 = FACE_BOUND ( 'NONE', #1588, .T. ) ;
#2741 = ORIENTED_EDGE ( 'NONE', *, *, #2495, .F. ) ;
#2742 = EDGE_CURVE ( 'NONE', #1020, #1914, #1388, .T. ) ;
#2743 = ORIENTED_EDGE ( 'NONE', *, *, #1476, .F. ) ;
#2744 = CARTESIAN_POINT ( 'NONE',  ( -33.44000000000001194, 50.81082503159339581, 22.55713245588457028 ) ) ;
#2745 = DIRECTION ( 'NONE',  ( 0.000000000000000000, 0.000000000000000000, -1.000000000000000000 ) ) ;
#2746 = ORIENTED_EDGE ( 'NONE', *, *, #1006, .F. ) ;
#2747 = FACE_OUTER_BOUND ( 'NONE', #1429, .T. ) ;
#2748 = CYLINDRICAL_SURFACE ( 'NONE', #143, 49.72474820842920451 ) ;
#2749 = EDGE_CURVE ( 'NONE', #230, #1283, #2134, .T. ) ;
#2750 = LINE ( 'NONE', #326, #1737 ) ;
#2751 = CARTESIAN_POINT ( 'NONE',  ( 22.50000000000001421, 5.000000000000000000, -37.80509696999999392 ) ) ;
#2752 = DIRECTION ( 'NONE',  ( 0.000000000000000000, 1.000000000000000000, 0.000000000000000000 ) ) ;
#2753 = CARTESIAN_POINT ( 'NONE',  ( 7.999999999999927169, -1.000000000000045963, 15.19490303000007181 ) ) ;
#2754 = ORIENTED_EDGE ( 'NONE', *, *, #895, .F. ) ;
#2755 = AXIS2_PLACEMENT_3D ( 'NONE', #290, #1528, #311 ) ;
#2756 = ORIENTED_EDGE ( 'NONE', *, *, #1342, .T. ) ;
#2757 = VERTEX_POINT ( 'NONE', #2382 ) ;
#2758 = EDGE_CURVE ( 'NONE', #1090, #1315, #1436, .T. ) ;
#2759 = CARTESIAN_POINT ( 'NONE',  ( 17.50000000000001066, 0.9999999999999592548, -27.80509697000005787 ) ) ;
#2760 = CIRCLE ( 'NONE', #2911, 6.999999999999982236 ) ;
#2761 = LINE ( 'NONE', #2056, #1529 ) ;
#2762 = VECTOR ( 'NONE', #2519, 1000.000000000000114 ) ;
#2763 = VECTOR ( 'NONE', #2839, 1000.000000000000000 ) ;
#2764 = ORIENTED_EDGE ( 'NONE', *, *, #2243, .T. ) ;
#2765 = EDGE_CURVE ( 'NONE', #332, #977, #1631, .T. ) ;
#2766 = DIRECTION ( 'NONE',  ( 0.000000000000000000, 0.000000000000000000, -1.000000000000000000 ) ) ;
#2767 = PLANE ( 'NONE',  #1667 ) ;
#2768 = CIRCLE ( 'NONE', #3024, 3.600000000000002309 ) ;
#2769 = EDGE_CURVE ( 'NONE', #2373, #1004, #1373, .T. ) ;
#2770 = DIRECTION ( 'NONE',  ( 0.000000000000000000, -0.000000000000000000, 1.000000000000000000 ) ) ;
#2771 = CARTESIAN_POINT ( 'NONE',  ( 22.49999999999999645, 3.999999999999995559, 18.59490303000000111 ) ) ;
#2772 = CARTESIAN_POINT ( 'NONE',  ( -32.44000000000005457, 5.999999999999999112, -43.11509697000000330 ) ) ;
#2773 = CYLINDRICAL_SURFACE ( 'NONE', #1475, 3.500000000000003109 ) ;
#2774 = ORIENTED_EDGE ( 'NONE', *, *, #594, .T. ) ;
#2775 = EDGE_LOOP ( 'NONE', ( #1492, #259, #2589, #653 ) ) ;
#2776 = ORIENTED_EDGE ( 'NONE', *, *, #3021, .T. ) ;
#2777 = LINE ( 'NONE', #2245, #2334 ) ;
#2778 = ORIENTED_EDGE ( 'NONE', *, *, #847, .T. ) ;
#2779 = DIRECTION ( 'NONE',  ( 0.000000000000000000, -0.3420201433256633283, -0.9396926207859104263 ) ) ;
#2780 = CIRCLE ( 'NONE', #1122, 3.600000000000005862 ) ;
#2781 = DIRECTION ( 'NONE',  ( 0.000000000000000000, 0.000000000000000000, -1.000000000000000000 ) ) ;
#2782 = EDGE_CURVE ( 'NONE', #95, #1314, #944, .T. ) ;
#2783 = CIRCLE ( 'NONE', #823, 3.500000000000003109 ) ;
#2784 = DIRECTION ( 'NONE',  ( 0.000000000000000000, 0.000000000000000000, 1.000000000000000000 ) ) ;
#2785 = CARTESIAN_POINT ( 'NONE',  ( -33.44000000000001194, 0.000000000000000000, -49.61509697000000330 ) ) ;
#2786 = DIRECTION ( 'NONE',  ( 0.000000000000000000, 0.000000000000000000, -1.000000000000000000 ) ) ;
#2787 = ORIENTED_EDGE ( 'NONE', *, *, #495, .T. ) ;
#2788 = LINE ( 'NONE', #1310, #1833 ) ;
#2789 = VERTEX_POINT ( 'NONE', #2585 ) ;
#2790 = EDGE_CURVE ( 'NONE', #731, #822, #1910, .T. ) ;
#2791 = ORIENTED_EDGE ( 'NONE', *, *, #959, .F. ) ;
#2792 = ORIENTED_EDGE ( 'NONE', *, *, #2298, .F. ) ;
#2793 = DIRECTION ( 'NONE',  ( 0.000000000000000000, -1.000000000000000000, 0.000000000000000000 ) ) ;
#2794 = ADVANCED_FACE ( 'NONE', ( #715 ), #697, .F. ) ;
#2795 = VERTEX_POINT ( 'NONE', #2157 ) ;
#2796 = CARTESIAN_POINT ( 'NONE',  ( 30.43999999999999773, 2.999999999999999112, 48.37583680610798353 ) ) ;
#2797 = DIRECTION ( 'NONE',  ( 0.000000000000000000, 1.982541115402055841E-15, -1.000000000000000000 ) ) ;
#2798 = CARTESIAN_POINT ( 'NONE',  ( -30.74761184457488028, 0.000000000000000000, 56.38490302999998960 ) ) ;
#2799 = ADVANCED_FACE ( 'NONE', ( #1650 ), #1378, .T. ) ;
#2800 = DIRECTION ( 'NONE',  ( 8.673617379884033500E-16, 0.000000000000000000, -1.000000000000000000 ) ) ;
#2801 = VERTEX_POINT ( 'NONE', #2946 ) ;
#2802 = CARTESIAN_POINT ( 'NONE',  ( 33.43999999999999773, 0.000000000000000000, 56.38490302999999670 ) ) ;
#2803 = VERTEX_POINT ( 'NONE', #1948 ) ;
#2804 = ORIENTED_EDGE ( 'NONE', *, *, #1624, .T. ) ;
#2805 = ORIENTED_EDGE ( 'NONE', *, *, #714, .F. ) ;
#2806 = CARTESIAN_POINT ( 'NONE',  ( -31.44000000000000128, 57.77686906838319203, 28.43868693891983668 ) ) ;
#2807 = CIRCLE ( 'NONE', #2858, 3.600000000000002309 ) ;
#2808 = ORIENTED_EDGE ( 'NONE', *, *, #1044, .T. ) ;
#2809 = VECTOR ( 'NONE', #2580, 1000.000000000000000 ) ;
#2810 = AXIS2_PLACEMENT_3D ( 'NONE', #2728, #1333, #1092 ) ;
#2811 = LINE ( 'NONE', #420, #2663 ) ;
#2812 = DIRECTION ( 'NONE',  ( 0.000000000000000000, 1.000000000000000000, 0.000000000000000000 ) ) ;
#2813 = VECTOR ( 'NONE', #1065, 1000.000000000000000 ) ;
#2814 = CIRCLE ( 'NONE', #1867, 1.600000000000000755 ) ;
#2815 = CARTESIAN_POINT ( 'NONE',  ( -33.44000000000001194, 0.000000000000000000, -43.11509697000000330 ) ) ;
#2816 = AXIS2_PLACEMENT_3D ( 'NONE', #289, #516, #2451 ) ;
#2817 = DIRECTION ( 'NONE',  ( 0.000000000000000000, 0.000000000000000000, -1.000000000000000000 ) ) ;
#2818 = EDGE_CURVE ( 'NONE', #207, #2603, #1328, .T. ) ;
#2819 = EDGE_LOOP ( 'NONE', ( #1437, #61, #1864, #2365 ) ) ;
#2820 = DIRECTION ( 'NONE',  ( 0.000000000000000000, 0.000000000000000000, 1.000000000000000000 ) ) ;
#2821 = FACE_OUTER_BOUND ( 'NONE', #1011, .T. ) ;
#2822 = DIRECTION ( 'NONE',  ( 0.000000000000000000, 0.7071067811865505703, -0.7071067811865444641 ) ) ;
#2823 = EDGE_CURVE ( 'NONE', #2921, #2118, #1689, .T. ) ;
#2824 = ORIENTED_EDGE ( 'NONE', *, *, #972, .F. ) ;
#2825 = CARTESIAN_POINT ( 'NONE',  ( -33.44000000000000483, 56.59809349824038094, 28.12383207751072689 ) ) ;
#2826 = ADVANCED_FACE ( 'NONE', ( #960 ), #2199, .T. ) ;
#2827 = EDGE_LOOP ( 'NONE', ( #2708, #2942, #2305, #2660 ) ) ;
#2828 = DIRECTION ( 'NONE',  ( 0.000000000000000000, 0.000000000000000000, -1.000000000000000000 ) ) ;
#2829 = CARTESIAN_POINT ( 'NONE',  ( -22.49999999999999289, 0.000000000000000000, -36.20509696999999960 ) ) ;
#2830 = AXIS2_PLACEMENT_3D ( 'NONE', #2289, #2069, #2505 ) ;
#2831 =( NAMED_UNIT ( * ) PLANE_ANGLE_UNIT ( ) SI_UNIT ( $, .RADIAN. ) );
#2832 = DIRECTION ( 'NONE',  ( 0.7071067811865483499, 0.7071067811865467956, -3.851771518480442278E-17 ) ) ;
#2833 = DIRECTION ( 'NONE',  ( -0.7071067811865489050, -0.6644630243886752163, 0.2418447626479692802 ) ) ;
#2834 = VECTOR ( 'NONE', #1770, 1000.000000000000000 ) ;
#2835 = VERTEX_POINT ( 'NONE', #484 ) ;
#2836 = DIRECTION ( 'NONE',  ( -1.230269320361879336E-16, -0.3420201433256633283, -0.9396926207859103153 ) ) ;
#2837 = CIRCLE ( 'NONE', #2434, 4.599999999999992539 ) ;
#2838 = VERTEX_POINT ( 'NONE', #1016 ) ;
#2839 = DIRECTION ( 'NONE',  ( -0.000000000000000000, -1.000000000000000000, -0.000000000000000000 ) ) ;
#2840 = VERTEX_POINT ( 'NONE', #1483 ) ;
#2841 = EDGE_CURVE ( 'NONE', #1072, #1656, #2174, .T. ) ;
#2842 = DIRECTION ( 'NONE',  ( -0.000000000000000000, 1.000000000000000000, -0.000000000000000000 ) ) ;
#2843 = ORIENTED_EDGE ( 'NONE', *, *, #1146, .F. ) ;
#2844 = CARTESIAN_POINT ( 'NONE',  ( -26.94000000000001194, 0.000000000000000000, -49.61509697000000330 ) ) ;
#2845 = CARTESIAN_POINT ( 'NONE',  ( 26.94000000000001194, 4.999999999999984013, -43.11509697000000330 ) ) ;
#2846 = CYLINDRICAL_SURFACE ( 'NONE', #927, 3.599999999999999201 ) ;
#2847 = LINE ( 'NONE', #1370, #1414 ) ;
#2848 = CARTESIAN_POINT ( 'NONE',  ( 4.082971482100940008E-29, 1.387778780781445676E-14, 17.19490303000005227 ) ) ;
#2849 = EDGE_CURVE ( 'NONE', #1489, #110, #2935, .T. ) ;
#2850 = LINE ( 'NONE', #2349, #1787 ) ;
#2851 = DIRECTION ( 'NONE',  ( 0.000000000000000000, 1.000000000000000000, 0.000000000000000000 ) ) ;
#2852 = DIRECTION ( 'NONE',  ( -0.000000000000000000, 1.000000000000000000, -0.000000000000000000 ) ) ;
#2853 = ORIENTED_EDGE ( 'NONE', *, *, #1788, .F. ) ;
#2854 = ORIENTED_EDGE ( 'NONE', *, *, #815, .T. ) ;
#2855 = EDGE_CURVE ( 'NONE', #1656, #2463, #53, .T. ) ;
#2856 = ORIENTED_EDGE ( 'NONE', *, *, #2271, .F. ) ;
#2857 = DIRECTION ( 'NONE',  ( -0.000000000000000000, 1.000000000000000000, -0.000000000000000000 ) ) ;
#2858 = AXIS2_PLACEMENT_3D ( 'NONE', #1464, #2424, #261 ) ;
#2859 = CARTESIAN_POINT ( 'NONE',  ( -9.999999999999994671, -1.676153828511561991E-15, 30.19490303000231179 ) ) ;
#2860 = EDGE_CURVE ( 'NONE', #464, #1165, #1752, .T. ) ;
#2861 = AXIS2_PLACEMENT_3D ( 'NONE', #1382, #1676, #409 ) ;
#2862 = CARTESIAN_POINT ( 'NONE',  ( -33.44000000000001194, 6.000000000000000000, -47.61509697000001040 ) ) ;
#2863 = DIRECTION ( 'NONE',  ( 0.000000000000000000, -1.000000000000000000, 0.000000000000000000 ) ) ;
#2864 = CARTESIAN_POINT ( 'NONE',  ( -31.44000000000002260, 5.999999999999998224, -26.92421699422481396 ) ) ;
#2865 = CLOSED_SHELL ( 'NONE', ( #2799, #1655, #1086, #361, #128, #2686, #3098, #121, #1285, #2452, #688, #3079, #2551, #125, #1439, #1937, #1903, #2186, #1521, #1398, #1951, #865, #427, #1707, #1427, #1127, #2998, #2994, #1680, #41, #831, #690, #1842, #2524, #451, #32, #537, #1164, #2107, #1471, #2178, #2428, #263, #2386, #2982, #1537, #2897, #1142, #2137, #3033, #1553, #2882, #3039, #743, #682, #523, #2943, #913, #1546, #1863, #670, #1441, #861, #202, #2826, #2887, #92, #147, #2717, #837, #1024, #2032, #1380, #20, #2092, #1751, #2381, #2223, #1249, #2725, #1118, #3016, #2078, #646, #3104, #1755, #842, #918, #394, #2977, #1648, #2419, #3063, #2794, #1944, #1643, #1893, #27, #169, #1376, #736, #1885, #1242, #2052, #612, #1183, #2499, #2592 ) ) ;
#2866 = VECTOR ( 'NONE', #1280, 1000.000000000000114 ) ;
#2867 = EDGE_CURVE ( 'NONE', #2097, #1128, #1976, .T. ) ;
#2868 =( GEOMETRIC_REPRESENTATION_CONTEXT ( 3 ) GLOBAL_UNCERTAINTY_ASSIGNED_CONTEXT ( ( #461 ) ) GLOBAL_UNIT_ASSIGNED_CONTEXT ( ( #1132, #711, #2568 ) ) REPRESENTATION_CONTEXT ( 'NONE', 'WORKASPACE' ) );
#2869 = CARTESIAN_POINT ( 'NONE',  ( 33.44000000000001194, 0.000000000000000000, -49.61509697000000330 ) ) ;
#2870 = AXIS2_PLACEMENT_3D ( 'NONE', #1566, #1818, #1067 ) ;
#2871 = ORIENTED_EDGE ( 'NONE', *, *, #2841, .F. ) ;
#2872 = CARTESIAN_POINT ( 'NONE',  ( -26.94000000000000128, 57.77686906838318492, 28.43868693891983668 ) ) ;
#2873 = AXIS2_PLACEMENT_3D ( 'NONE', #2024, #2974, #2042 ) ;
#2874 = EDGE_LOOP ( 'NONE', ( #1134, #3053, #1939, #1197, #159, #1091, #1539, #3101, #613, #2322, #2804, #2209, #873, #897 ) ) ;
#2875 = EDGE_CURVE ( 'NONE', #1478, #2054, #925, .T. ) ;
#2876 = APPLICATION_CONTEXT ( 'automotive_design' ) ;
#2877 = ORIENTED_EDGE ( 'NONE', *, *, #922, .T. ) ;
#2878 = CARTESIAN_POINT ( 'NONE',  ( 22.50000000000001421, 4.000000000000022204, -37.80509696999999392 ) ) ;
#2879 = FACE_OUTER_BOUND ( 'NONE', #633, .T. ) ;
#2880 = CARTESIAN_POINT ( 'NONE',  ( -22.49999999999999289, 60.00000000000000000, -37.80509697000000102 ) ) ;
#2881 = DIRECTION ( 'NONE',  ( -1.230269320361879336E-16, -0.3420201433256633283, -0.9396926207859103153 ) ) ;
#2882 = ADVANCED_FACE ( 'NONE', ( #249 ), #2472, .F. ) ;
#2883 = DIRECTION ( 'NONE',  ( -0.7071067811865460184, 0.7071067811865489050, 0.000000000000000000 ) ) ;
#2884 = DIRECTION ( 'NONE',  ( -0.000000000000000000, -1.000000000000000000, -0.000000000000000000 ) ) ;
#2885 = PLANE ( 'NONE',  #1862 ) ;
#2886 = VECTOR ( 'NONE', #2712, 1000.000000000000114 ) ;
#2887 = ADVANCED_FACE ( 'NONE', ( #2407 ), #2084, .F. ) ;
#2888 = AXIS2_PLACEMENT_3D ( 'NONE', #2898, #740, #2235 ) ;
#2889 = VERTEX_POINT ( 'NONE', #1271 ) ;
#2890 = EDGE_LOOP ( 'NONE', ( #2290, #193, #763, #1222 ) ) ;
#2891 = ORIENTED_EDGE ( 'NONE', *, *, #3056, .T. ) ;
#2892 = FACE_OUTER_BOUND ( 'NONE', #2727, .T. ) ;
#2893 = DIRECTION ( 'NONE',  ( -0.000000000000000000, -1.000000000000000000, -0.000000000000000000 ) ) ;
#2894 = ORIENTED_EDGE ( 'NONE', *, *, #1598, .T. ) ;
#2895 = CARTESIAN_POINT ( 'NONE',  ( -26.94000000000001194, 0.000000000000000000, -43.11509697000000330 ) ) ;
#2896 = DIRECTION ( 'NONE',  ( 0.000000000000000000, 0.000000000000000000, -1.000000000000000000 ) ) ;
#2897 = ADVANCED_FACE ( 'NONE', ( #36 ), #2670, .T. ) ;
#2898 = CARTESIAN_POINT ( 'NONE',  ( 4.082971482100940008E-29, 79.47875521999580428, 17.19490303000005227 ) ) ;
#2899 = PLANE ( 'NONE',  #2210 ) ;
#2900 = DIRECTION ( 'NONE',  ( 0.000000000000000000, -1.000000000000000000, 0.000000000000000000 ) ) ;
#2901 = ORIENTED_EDGE ( 'NONE', *, *, #1188, .F. ) ;
#2902 = EDGE_LOOP ( 'NONE', ( #2240, #1777, #1576, #2726 ) ) ;
#2903 = DIRECTION ( 'NONE',  ( -0.000000000000000000, 1.000000000000000000, -0.000000000000000000 ) ) ;
#2904 = CARTESIAN_POINT ( 'NONE',  ( 5.259942803673520885E-29, 3.000000000000000000, 37.19490303000008424 ) ) ;
#2905 = EDGE_LOOP ( 'NONE', ( #2095, #1776, #702, #2049 ) ) ;
#2906 = CARTESIAN_POINT ( 'NONE',  ( -31.44000000000000838, 57.53778611902626494, 27.78181193418505757 ) ) ;
#2907 = CARTESIAN_POINT ( 'NONE',  ( 26.94000000000001194, 60.00000000000000000, -49.61509697000000330 ) ) ;
#2908 = VECTOR ( 'NONE', #1224, 1000.000000000000000 ) ;
#2909 = DIRECTION ( 'NONE',  ( 0.000000000000000000, 0.3420201433256627732, 0.9396926207859104263 ) ) ;
#2910 = CARTESIAN_POINT ( 'NONE',  ( -33.44000000000001194, 55.72474820842921162, -26.92421699422481041 ) ) ;
#2911 = AXIS2_PLACEMENT_3D ( 'NONE', #2954, #481, #967 ) ;
#2912 = CIRCLE ( 'NONE', #347, 50.72474820842922583 ) ;
#2913 = DIRECTION ( 'NONE',  ( -1.367950388909797040E-16, 0.000000000000000000, -1.000000000000000000 ) ) ;
#2914 = EDGE_CURVE ( 'NONE', #1395, #2463, #1922, .T. ) ;
#2915 = CIRCLE ( 'NONE', #1958, 6.499999999999999112 ) ;
#2916 = VECTOR ( 'NONE', #1740, 1000.000000000000000 ) ;
#2917 = ORIENTED_EDGE ( 'NONE', *, *, #2308, .F. ) ;
#2918 = ORIENTED_EDGE ( 'NONE', *, *, #417, .T. ) ;
#2919 = EDGE_CURVE ( 'NONE', #948, #2328, #1071, .T. ) ;
#2920 = AXIS2_PLACEMENT_3D ( 'NONE', #435, #2329, #1675 ) ;
#2921 = VERTEX_POINT ( 'NONE', #2187 ) ;
#2922 = ORIENTED_EDGE ( 'NONE', *, *, #1849, .F. ) ;
#2923 = LINE ( 'NONE', #1490, #1250 ) ;
#2924 = DIRECTION ( 'NONE',  ( 1.414156880428223686E-30, -0.000000000000000000, 1.000000000000000000 ) ) ;
#2925 = EDGE_CURVE ( 'NONE', #226, #1442, #267, .T. ) ;
#2926 = VERTEX_POINT ( 'NONE', #756 ) ;
#2927 = CARTESIAN_POINT ( 'NONE',  ( -4.999999999999993783, 79.47875521999580428, 30.19490303000009845 ) ) ;
#2928 = CARTESIAN_POINT ( 'NONE',  ( -22.49999999999999289, 0.000000000000000000, -37.80509697000000102 ) ) ;
#2929 = CARTESIAN_POINT ( 'NONE',  ( -30.44000000000000838, 4.999999999999982236, -26.92421699422481396 ) ) ;
#2930 = DIRECTION ( 'NONE',  ( 1.000000000000000000, 0.000000000000000000, 0.000000000000000000 ) ) ;
#2931 = DIRECTION ( 'NONE',  ( 0.7071067811865493491, 0.6644630243886745502, -0.2418447626479708068 ) ) ;
#2932 = ORIENTED_EDGE ( 'NONE', *, *, #1391, .F. ) ;
#2933 = AXIS2_PLACEMENT_3D ( 'NONE', #1587, #383, #1343 ) ;
#2934 = ORIENTED_EDGE ( 'NONE', *, *, #950, .T. ) ;
#2935 = CIRCLE ( 'NONE', #268, 5.000000000000000000 ) ;
#2936 = VERTEX_POINT ( 'NONE', #277 ) ;
#2937 = ORIENTED_EDGE ( 'NONE', *, *, #2316, .T. ) ;
#2938 = EDGE_CURVE ( 'NONE', #1839, #1586, #772, .T. ) ;
#2939 = DIRECTION ( 'NONE',  ( 0.000000000000000000, -1.000000000000000000, 0.000000000000000000 ) ) ;
#2940 = AXIS2_PLACEMENT_3D ( 'NONE', #411, #1399, #1906 ) ;
#2941 = FACE_OUTER_BOUND ( 'NONE', #843, .T. ) ;
#2942 = ORIENTED_EDGE ( 'NONE', *, *, #495, .F. ) ;
#2943 = ADVANCED_FACE ( 'NONE', ( #1562 ), #2299, .F. ) ;
#2944 = CARTESIAN_POINT ( 'NONE',  ( 33.44000000000000483, 56.59809349824038804, 28.12383207751070557 ) ) ;
#2945 = DIRECTION ( 'NONE',  ( -0.000000000000000000, -1.000000000000000000, -0.000000000000000000 ) ) ;
#2946 = CARTESIAN_POINT ( 'NONE',  ( 26.94000000000000128, 59.65797985667435199, 33.60699635324237278 ) ) ;
#2947 = CARTESIAN_POINT ( 'NONE',  ( 0.000000000000000000, 0.000000000000000000, 0.000000000000000000 ) ) ;
#2948 = LINE ( 'NONE', #788, #2916 ) ;
#2949 = ORIENTED_EDGE ( 'NONE', *, *, #1312, .T. ) ;
#2950 = EDGE_LOOP ( 'NONE', ( #386, #1552, #475, #2554 ) ) ;
#2951 = ORIENTED_EDGE ( 'NONE', *, *, #2575, .F. ) ;
#2952 = ORIENTED_EDGE ( 'NONE', *, *, #950, .F. ) ;
#2953 = DIRECTION ( 'NONE',  ( -0.5773502691896259531, 0.5773502691896292838, 0.5773502691896220673 ) ) ;
#2954 = CARTESIAN_POINT ( 'NONE',  ( 5.000000000000006217, 3.000000000000000000, 30.19490303000009845 ) ) ;
#2955 = EDGE_CURVE ( 'NONE', #2068, #527, #2783, .T. ) ;
#2956 = ORIENTED_EDGE ( 'NONE', *, *, #1853, .F. ) ;
#2957 = DIRECTION ( 'NONE',  ( 0.000000000000000000, 1.000000000000000000, 0.000000000000000000 ) ) ;
#2958 = CARTESIAN_POINT ( 'NONE',  ( -22.49999999999999289, 5.000000000000000000, -39.40509696999999534 ) ) ;
#2959 = PLANE ( 'NONE',  #522 ) ;
#2960 = FACE_BOUND ( 'NONE', #2673, .T. ) ;
#2961 = LINE ( 'NONE', #2427, #654 ) ;
#2962 = EDGE_CURVE ( 'NONE', #2335, #2724, #1814, .T. ) ;
#2963 = CIRCLE ( 'NONE', #345, 6.499999999999998224 ) ;
#2964 = AXIS2_PLACEMENT_3D ( 'NONE', #2, #1730, #746 ) ;
#2965 = ORIENTED_EDGE ( 'NONE', *, *, #1811, .T. ) ;
#2966 = AXIS2_PLACEMENT_3D ( 'NONE', #1498, #2752, #1355 ) ;
#2967 = ORIENTED_EDGE ( 'NONE', *, *, #1940, .T. ) ;
#2968 = EDGE_LOOP ( 'NONE', ( #1455, #750, #637, #2854 ) ) ;
#2969 = MECHANICAL_DESIGN_GEOMETRIC_PRESENTATION_REPRESENTATION (  '', ( #2569 ), #2868 ) ;
#2970 = CARTESIAN_POINT ( 'NONE',  ( 10.00000000000000533, -1.676153828511561991E-15, 30.19490303000231179 ) ) ;
#2971 = CARTESIAN_POINT ( 'NONE',  ( -32.44000000000005457, 55.72474820842921162, -26.92421699422481041 ) ) ;
#2972 = CIRCLE ( 'NONE', #2267, 3.600000000000002309 ) ;
#2973 = ORIENTED_EDGE ( 'NONE', *, *, #636, .F. ) ;
#2974 = DIRECTION ( 'NONE',  ( -0.7071067811865520136, -0.7071067811865431318, -3.914641379322901534E-31 ) ) ;
#2975 = CARTESIAN_POINT ( 'NONE',  ( -11.99999999999998046, 3.000000000000000000, 19.19490303000006648 ) ) ;
#2976 = DIRECTION ( 'NONE',  ( 0.000000000000000000, 1.000000000000000000, 0.000000000000000000 ) ) ;
#2977 = ADVANCED_FACE ( 'NONE', ( #340 ), #1098, .T. ) ;
#2978 = CYLINDRICAL_SURFACE ( 'NONE', #299, 3.600000000000002309 ) ;
#2979 = ORIENTED_EDGE ( 'NONE', *, *, #3113, .T. ) ;
#2980 = LINE ( 'NONE', #330, #318 ) ;
#2981 = ORIENTED_EDGE ( 'NONE', *, *, #417, .F. ) ;
#2982 = ADVANCED_FACE ( 'NONE', ( #2534, #1287 ), #2959, .T. ) ;
#2983 = AXIS2_PLACEMENT_3D ( 'NONE', #1413, #1623, #2375 ) ;
#2984 = ORIENTED_EDGE ( 'NONE', *, *, #2914, .T. ) ;
#2985 = ORIENTED_EDGE ( 'NONE', *, *, #815, .F. ) ;
#2986 = CARTESIAN_POINT ( 'NONE',  ( -22.49999999999998934, 5.000000000000000000, 23.79490302999999685 ) ) ;
#2987 = CARTESIAN_POINT ( 'NONE',  ( 22.49999999999999645, 3.999999999999995559, 22.19490303000000608 ) ) ;
#2988 = AXIS2_PLACEMENT_3D ( 'NONE', #2083, #854, #368 ) ;
#2989 = EDGE_CURVE ( 'NONE', #1914, #1, #1547, .T. ) ;
#2990 = AXIS2_PLACEMENT_3D ( 'NONE', #414, #186, #2820 ) ;
#2991 = ORIENTED_EDGE ( 'NONE', *, *, #2769, .T. ) ;
#2992 = CARTESIAN_POINT ( 'NONE',  ( -26.94000000000001194, 5.000000000000039080, -49.61509697000000330 ) ) ;
#2993 = CARTESIAN_POINT ( 'NONE',  ( 33.44000000000000483, 50.71200254673659913, 23.55223753399775077 ) ) ;
#2994 = ADVANCED_FACE ( 'NONE', ( #2268 ), #2029, .T. ) ;
#2995 = PLANE ( 'NONE',  #2287 ) ;
#2996 = LINE ( 'NONE', #1815, #295 ) ;
#2997 = DIRECTION ( 'NONE',  ( 0.000000000000000000, 0.000000000000000000, -1.000000000000000000 ) ) ;
#2998 = ADVANCED_FACE ( 'NONE', ( #379 ), #362, .T. ) ;
#2999 = EDGE_LOOP ( 'NONE', ( #1124, #1821, #657, #969 ) ) ;
#3000 = DIRECTION ( 'NONE',  ( -1.000000000000000000, 1.328316047210935102E-29, 1.414156880428223686E-30 ) ) ;
#3001 = ORIENTED_EDGE ( 'NONE', *, *, #1991, .F. ) ;
#3002 = EDGE_LOOP ( 'NONE', ( #129, #964, #2599, #2053 ) ) ;
#3003 = ORIENTED_EDGE ( 'NONE', *, *, #708, .T. ) ;
#3004 = DIRECTION ( 'NONE',  ( 0.000000000000000000, 0.000000000000000000, 1.000000000000000000 ) ) ;
#3005 = CARTESIAN_POINT ( 'NONE',  ( 5.000000000000006217, 1.000000000000000888, 30.19490303000009845 ) ) ;
#3006 = ORIENTED_EDGE ( 'NONE', *, *, #1717, .F. ) ;
#3007 = FACE_OUTER_BOUND ( 'NONE', #1569, .T. ) ;
#3008 = DIRECTION ( 'NONE',  ( 4.477814127426265521E-17, -0.9396926207859104263, 0.3420201433256631063 ) ) ;
#3009 = EDGE_CURVE ( 'NONE', #828, #2544, #2750, .T. ) ;
#3010 = FACE_OUTER_BOUND ( 'NONE', #2528, .T. ) ;
#3011 = CARTESIAN_POINT ( 'NONE',  ( 32.44000000000005457, 55.72474820842921162, -26.92421699422481041 ) ) ;
#3012 = ORIENTED_EDGE ( 'NONE', *, *, #1277, .F. ) ;
#3013 = DIRECTION ( 'NONE',  ( 0.000000000000000000, -1.000000000000000000, 0.000000000000000000 ) ) ;
#3014 = EDGE_LOOP ( 'NONE', ( #2274, #47, #1826, #190 ) ) ;
#3015 = CIRCLE ( 'NONE', #288, 3.499999999999997335 ) ;
#3016 = ADVANCED_FACE ( 'NONE', ( #1830 ), #1981, .F. ) ;
#3017 = AXIS2_PLACEMENT_3D ( 'NONE', #2649, #494, #1474 ) ;
#3018 = ORIENTED_EDGE ( 'NONE', *, *, #2645, .T. ) ;
#3019 = VERTEX_POINT ( 'NONE', #630 ) ;
#3020 = LINE ( 'NONE', #669, #1611 ) ;
#3021 = EDGE_CURVE ( 'NONE', #46, #540, #679, .T. ) ;
#3022 = VECTOR ( 'NONE', #1917, 1000.000000000000000 ) ;
#3023 = DIRECTION ( 'NONE',  ( -8.673617379884033500E-16, 0.000000000000000000, -1.000000000000000000 ) ) ;
#3024 = AXIS2_PLACEMENT_3D ( 'NONE', #614, #2957, #1527 ) ;
#3025 = VECTOR ( 'NONE', #25, 1000.000000000000000 ) ;
#3026 = EDGE_LOOP ( 'NONE', ( #1112, #575, #3047, #933 ) ) ;
#3027 = DIRECTION ( 'NONE',  ( 0.000000000000000000, 0.000000000000000000, -1.000000000000000000 ) ) ;
#3028 = DIRECTION ( 'NONE',  ( -1.000000000000000000, -0.000000000000000000, 1.309225264888156377E-16 ) ) ;
#3029 = AXIS2_PLACEMENT_3D ( 'NONE', #183, #1144, #1012 ) ;
#3030 = DIRECTION ( 'NONE',  ( -1.257754715706440979E-16, 0.4226182617407167608, -0.9063077870366418320 ) ) ;
#3031 = DIRECTION ( 'NONE',  ( -1.000000000000000000, 0.000000000000000000, -1.309225264888156377E-16 ) ) ;
#3032 = DIRECTION ( 'NONE',  ( -0.000000000000000000, -1.000000000000000000, -0.000000000000000000 ) ) ;
#3033 = ADVANCED_FACE ( 'NONE', ( #2013 ), #1596, .F. ) ;
#3034 =( GEOMETRIC_REPRESENTATION_CONTEXT ( 3 ) GLOBAL_UNCERTAINTY_ASSIGNED_CONTEXT ( ( #963 ) ) GLOBAL_UNIT_ASSIGNED_CONTEXT ( ( #170, #2831, #2141 ) ) REPRESENTATION_CONTEXT ( 'NONE', 'WORKASPACE' ) );
#3035 = CARTESIAN_POINT ( 'NONE',  ( 12.50000000000001066, 3.000000000000000000, 19.19490303000006293 ) ) ;
#3036 = ORIENTED_EDGE ( 'NONE', *, *, #210, .T. ) ;
#3037 = ORIENTED_EDGE ( 'NONE', *, *, #1220, .F. ) ;
#3038 = DIRECTION ( 'NONE',  ( -0.000000000000000000, -1.000000000000000000, -0.000000000000000000 ) ) ;
#3039 = ADVANCED_FACE ( 'NONE', ( #1064 ), #2995, .F. ) ;
#3040 = ORIENTED_EDGE ( 'NONE', *, *, #2399, .T. ) ;
#3041 = LINE ( 'NONE', #691, #2120 ) ;
#3042 = AXIS2_PLACEMENT_3D ( 'NONE', #1762, #1574, #625 ) ;
#3043 = FACE_OUTER_BOUND ( 'NONE', #514, .T. ) ;
#3044 = AXIS2_PLACEMENT_3D ( 'NONE', #2700, #8, #534 ) ;
#3045 = CARTESIAN_POINT ( 'NONE',  ( 22.50000000000001421, 0.000000000000000000, -39.40509696999999534 ) ) ;
#3046 = DIRECTION ( 'NONE',  ( 1.000000000000000000, 0.000000000000000000, 0.000000000000000000 ) ) ;
#3047 = ORIENTED_EDGE ( 'NONE', *, *, #1871, .T. ) ;
#3048 = CARTESIAN_POINT ( 'NONE',  ( 22.49999999999999645, 3.999999999999995559, 25.79490303000000750 ) ) ;
#3049 = ORIENTED_EDGE ( 'NONE', *, *, #2989, .T. ) ;
#3050 = ORIENTED_EDGE ( 'NONE', *, *, #783, .T. ) ;
#3051 = VERTEX_POINT ( 'NONE', #1353 ) ;
#3052 = CYLINDRICAL_SURFACE ( 'NONE', #11, 1.599999999999997202 ) ;
#3053 = ORIENTED_EDGE ( 'NONE', *, *, #2238, .T. ) ;
#3054 = DIRECTION ( 'NONE',  ( 1.000000000000000000, -4.928932051820269971E-30, -5.246875334141536319E-31 ) ) ;
#3055 = CARTESIAN_POINT ( 'NONE',  ( 26.94000000000001194, 4.999999999999984013, -46.61509696999999619 ) ) ;
#3056 = EDGE_CURVE ( 'NONE', #1283, #230, #2837, .T. ) ;
#3057 = DIRECTION ( 'NONE',  ( 1.309225264888156377E-16, -0.000000000000000000, -1.000000000000000000 ) ) ;
#3058 = FACE_OUTER_BOUND ( 'NONE', #2902, .T. ) ;
#3059 = EDGE_CURVE ( 'NONE', #761, #1315, #1465, .T. ) ;
#3060 = ORIENTED_EDGE ( 'NONE', *, *, #2749, .T. ) ;
#3061 = DIRECTION ( 'NONE',  ( -0.000000000000000000, -1.000000000000000000, -0.000000000000000000 ) ) ;
#3062 = ORIENTED_EDGE ( 'NONE', *, *, #2048, .F. ) ;
#3063 = ADVANCED_FACE ( 'NONE', ( #848 ), #1481, .T. ) ;
#3064 = VERTEX_POINT ( 'NONE', #2815 ) ;
#3065 = VERTEX_POINT ( 'NONE', #910 ) ;
#3066 = DIRECTION ( 'NONE',  ( 1.000000000000000000, 0.000000000000000000, -5.246875334141536319E-31 ) ) ;
#3067 = AXIS2_PLACEMENT_3D ( 'NONE', #581, #2546, #2781 ) ;
#3068 = EDGE_CURVE ( 'NONE', #761, #15, #1418, .T. ) ;
#3069 = EDGE_LOOP ( 'NONE', ( #2667, #2493, #2377, #2917 ) ) ;
#3070 = VECTOR ( 'NONE', #1141, 1000.000000000000000 ) ;
#3071 = CONICAL_SURFACE ( 'NONE', #1711, 5.500000000000038192, 0.7853981633974420618 ) ;
#3072 = CARTESIAN_POINT ( 'NONE',  ( 17.50000000000001066, 79.47875521999580428, 0.000000000000000000 ) ) ;
#3073 = CARTESIAN_POINT ( 'NONE',  ( 33.44000000000002615, 59.06030737921410889, 34.88870911735390479 ) ) ;
#3074 = CIRCLE ( 'NONE', #198, 7.000000000000016875 ) ;
#3075 = CIRCLE ( 'NONE', #1513, 8.000000000000000000 ) ;
#3076 = FACE_OUTER_BOUND ( 'NONE', #3127, .T. ) ;
#3077 = CARTESIAN_POINT ( 'NONE',  ( -9.999999999999991118, 1.000000000000000888, 0.000000000000000000 ) ) ;
#3078 = AXIS2_PLACEMENT_3D ( 'NONE', #1558, #565, #2280 ) ;
#3079 = ADVANCED_FACE ( 'NONE', ( #3076 ), #2581, .F. ) ;
#3080 = ORIENTED_EDGE ( 'NONE', *, *, #1693, .F. ) ;
#3081 = LINE ( 'NONE', #2096, #1225 ) ;
#3082 = DIRECTION ( 'NONE',  ( 1.000000000000000000, -0.000000000000000000, -0.000000000000000000 ) ) ;
#3083 = CARTESIAN_POINT ( 'NONE',  ( -33.44000000000001194, 50.02024515273897975, 30.51797308079036597 ) ) ;
#3084 = ORIENTED_EDGE ( 'NONE', *, *, #433, .T. ) ;
#3085 = LINE ( 'NONE', #1125, #1068 ) ;
#3086 = VERTEX_POINT ( 'NONE', #1858 ) ;
#3087 = CARTESIAN_POINT ( 'NONE',  ( -33.44000000000001194, 57.53778611902626494, 27.78181193418505757 ) ) ;
#3088 = PLANE ( 'NONE',  #1505 ) ;
#3089 = EDGE_CURVE ( 'NONE', #1128, #2097, #776, .T. ) ;
#3090 = CIRCLE ( 'NONE', #1221, 6.999999999999988454 ) ;
#3091 = CARTESIAN_POINT ( 'NONE',  ( 5.000000000000006217, 1.000000000000000888, 35.19490303000009845 ) ) ;
#3092 = DIRECTION ( 'NONE',  ( 1.000000000000000000, 0.000000000000000000, 0.000000000000000000 ) ) ;
#3093 = CONICAL_SURFACE ( 'NONE', #2990, 6.999999999999988454, 0.7853981633974450594 ) ;
#3094 = DIRECTION ( 'NONE',  ( 1.000000000000000000, -0.000000000000000000, -0.000000000000000000 ) ) ;
#3095 = VECTOR ( 'NONE', #468, 999.9999999999998863 ) ;
#3096 = CARTESIAN_POINT ( 'NONE',  ( 12.00000000000000711, 3.000000000000000000, 30.19490303000009845 ) ) ;
#3097 = CARTESIAN_POINT ( 'NONE',  ( -22.49999999999998934, 5.000000000000000000, 20.59490302999999756 ) ) ;
#3098 = ADVANCED_FACE ( 'NONE', ( #1161 ), #2846, .T. ) ;
#3099 = ORIENTED_EDGE ( 'NONE', *, *, #1709, .F. ) ;
#3100 = CARTESIAN_POINT ( 'NONE',  ( -22.49999999999999289, 60.00000000000000000, -37.80509697000000102 ) ) ;
#3101 = ORIENTED_EDGE ( 'NONE', *, *, #700, .F. ) ;
#3102 = CARTESIAN_POINT ( 'NONE',  ( -12.50000000000001066, 3.000000000000000000, 19.19490303000005937 ) ) ;
#3103 = LINE ( 'NONE', #2330, #2809 ) ;
#3104 = ADVANCED_FACE ( 'NONE', ( #216 ), #2360, .T. ) ;
#3105 = DIRECTION ( 'NONE',  ( 1.000000000000000000, 0.000000000000000000, 0.000000000000000000 ) ) ;
#3106 = CARTESIAN_POINT ( 'NONE',  ( 22.50000000000001421, 4.000000000000022204, -34.20509696999998539 ) ) ;
#3107 = LINE ( 'NONE', #184, #1768 ) ;
#3108 = CARTESIAN_POINT ( 'NONE',  ( 26.94000000000001194, 6.000000000000000000, -47.61509697000001040 ) ) ;
#3109 = CARTESIAN_POINT ( 'NONE',  ( 33.44000000000002615, 17.09569809055325251, 46.97004447360944113 ) ) ;
#3110 = DIRECTION ( 'NONE',  ( -0.000000000000000000, -1.000000000000000000, -0.000000000000000000 ) ) ;
#3111 = ORIENTED_EDGE ( 'NONE', *, *, #1066, .F. ) ;
#3112 = ORIENTED_EDGE ( 'NONE', *, *, #1659, .T. ) ;
#3113 = EDGE_CURVE ( 'NONE', #209, #2204, #1384, .T. ) ;
#3114 = DIRECTION ( 'NONE',  ( 0.000000000000000000, 0.3420201433256634949, 0.9396926207859103153 ) ) ;
#3115 = CONICAL_SURFACE ( 'NONE', #2255, 3.600000000000002309, 0.7853981633974461696 ) ;
#3116 = DIRECTION ( 'NONE',  ( 0.000000000000000000, 1.000000000000000000, 0.000000000000000000 ) ) ;
#3117 = AXIS2_PLACEMENT_3D ( 'NONE', #1961, #529, #2402 ) ;
#3118 = EDGE_CURVE ( 'NONE', #1054, #672, #2345, .T. ) ;
#3119 = CARTESIAN_POINT ( 'NONE',  ( -22.49999999999998934, 3.000000000000000000, 22.19490302999999898 ) ) ;
#3120 = LINE ( 'NONE', #958, #1663 ) ;
#3121 = AXIS2_PLACEMENT_3D ( 'NONE', #441, #1682, #899 ) ;
#3122 = VECTOR ( 'NONE', #1735, 1000.000000000000000 ) ;
#3123 = CARTESIAN_POINT ( 'NONE',  ( 22.50000000000001421, 4.000000000000022204, -37.80509696999999392 ) ) ;
#3124 = CIRCLE ( 'NONE', #2319, 4.499999999999998224 ) ;
#3125 = ORIENTED_EDGE ( 'NONE', *, *, #1482, .T. ) ;
#3126 = FACE_OUTER_BOUND ( 'NONE', #2552, .T. ) ;
#3127 = EDGE_LOOP ( 'NONE', ( #2764, #2224, #2557, #1076 ) ) ;
#3128 = VERTEX_POINT ( 'NONE', #1115 ) ;
#3129 = ORIENTED_EDGE ( 'NONE', *, *, #1729, .F. ) ;
ENDSEC;
END-ISO-10303-21;
